Produktnavn,Produkt ID,Variantnavn,Variant ID,SKU,Option1,Option2,Option3,Status,Pris
20W Adapter,8191981224072,Default Title,42545062609032,20w-adapter,Default Title,,,deny,189.00
Beskyttelsesglas,8191982403720,Default Title,42545064181896,TEMPERED-GLASS,Default Title,,,continue,149.00
Beskyttelsesglas iPad,14671462302071,Default Title,53484367872375,TEMPERED-GLASS-iPAD,Default Title,,,deny,199.00
Brugt AirPods 2,15008569557367,Rigtig god,55304159428983,AP2G-B-128,Rigtig god,,,continue,699.00
Brugt AirPods 2,15008569557367,Som ny,55304159461751,AP2G-RG-128,Som ny,,,continue,899.00
Brugt AirPods 3,15009011728759,Rigtig god,55304264155511,AP3G-B-128,Rigtig god,,,continue,799.00
Brugt AirPods 3,15009011728759,Som ny,55304264188279,AP3G-RG-128,Som ny,,,continue,999.00
Brugt AirPods Max,15009427718519,Rigtig god,55305656074615,AUTOSKU-00000001,Rigtig god,,,continue,2999.00
Brugt AirPods Max,15009427718519,Som ny,55305656107383,AUTOSKU-00000002,Som ny,,,continue,3299.00
Brugt AirPods Pro 1,15009094599031,Brugt,55304746729847,APP1G-B-128,Brugt,,,continue,1099.00
Brugt AirPods Pro 1,15009094599031,Rigtig god,55304746762615,APP1G-RG-128,Rigtig god,,,continue,1299.00
Brugt AirPods Pro 2 - Lightning,15009095778679,Rigtig god,55304753414519,APP2G-B-128,Rigtig god,,,continue,1299.00
Brugt AirPods Pro 2 - Lightning,15009095778679,Som ny,55304753447287,APP2G-RG-128,Som ny,,,continue,1499.00
Brugt AirPods Pro 2 - USB C,15009240744311,Rigtig god,55305145778551,APP2G-C-B-128,Rigtig god,,,continue,1299.00
Brugt AirPods Pro 2 - USB C,15009240744311,Som ny,55305145811319,APP2G-C-RG-128,Som ny,,,continue,1499.00
"Brugt iPad 10.2"" 7. Gen (2019) Cellular",8391935230088,32GB / Brugbar / Space Grey,42982873923720,3f21a3b03db6818f,32GB,Brugbar,Space Grey,continue,1949.00
"Brugt iPad 10.2"" 7. Gen (2019) Cellular",8391935230088,32GB / Brugbar / Guld,42982873956488,e48b81fcfc7bdcff,32GB,Brugbar,Guld,continue,1949.00
"Brugt iPad 10.2"" 7. Gen (2019) Cellular",8391935230088,32GB / Brugbar / Sølv,53480059928951,92f1416d6f36e6e7,32GB,Brugbar,Sølv,continue,1949.00
"Brugt iPad 10.2"" 7. Gen (2019) Cellular",8391935230088,32GB / Brugt / Space Grey,42982873989256,c6d636e395c0944f,32GB,Brugt,Space Grey,continue,2049.00
"Brugt iPad 10.2"" 7. Gen (2019) Cellular",8391935230088,32GB / Brugt / Guld,42982874022024,1c53b1bd8f1b63c2,32GB,Brugt,Guld,continue,2049.00
"Brugt iPad 10.2"" 7. Gen (2019) Cellular",8391935230088,32GB / Brugt / Sølv,53480059961719,08b70ffdc44d7047,32GB,Brugt,Sølv,continue,2049.00
"Brugt iPad 10.2"" 7. Gen (2019) Cellular",8391935230088,32GB / Rigtig god / Space Grey,42982874054792,5660f6fe68d4e216,32GB,Rigtig god,Space Grey,continue,2149.00
"Brugt iPad 10.2"" 7. Gen (2019) Cellular",8391935230088,32GB / Rigtig god / Guld,42982874087560,8642088d85f6a409,32GB,Rigtig god,Guld,continue,2149.00
"Brugt iPad 10.2"" 7. Gen (2019) Cellular",8391935230088,32GB / Rigtig god / Sølv,53480059994487,244989e82ca34732,32GB,Rigtig god,Sølv,continue,2149.00
"Brugt iPad 10.2"" 7. Gen (2019) Cellular",8391935230088,32GB / Som ny / Space Grey,42982874120328,bbe29a42e2fa52c6,32GB,Som ny,Space Grey,continue,2249.00
"Brugt iPad 10.2"" 7. Gen (2019) Cellular",8391935230088,32GB / Som ny / Guld,42982874153096,9d888a3cd3bd6128,32GB,Som ny,Guld,continue,2249.00
"Brugt iPad 10.2"" 7. Gen (2019) Cellular",8391935230088,32GB / Som ny / Sølv,53480060027255,f3fb9f332e998646,32GB,Som ny,Sølv,continue,2249.00
"Brugt iPad 10.2"" 7. Gen (2019) Cellular",8391935230088,128GB / Brugbar / Space Grey,42982874185864,3cbc3b29c0f4eb8f,128GB,Brugbar,Space Grey,continue,2849.00
"Brugt iPad 10.2"" 7. Gen (2019) Cellular",8391935230088,128GB / Brugbar / Guld,42982874218632,1ba264934c846806,128GB,Brugbar,Guld,continue,2849.00
"Brugt iPad 10.2"" 7. Gen (2019) Cellular",8391935230088,128GB / Brugbar / Sølv,53480060060023,78367d85b0fc203f,128GB,Brugbar,Sølv,continue,2849.00
"Brugt iPad 10.2"" 7. Gen (2019) Cellular",8391935230088,128GB / Brugt / Space Grey,42982874251400,e50d664686fc2d3a,128GB,Brugt,Space Grey,continue,2949.00
"Brugt iPad 10.2"" 7. Gen (2019) Cellular",8391935230088,128GB / Brugt / Guld,42982874284168,5c8c704492dcd31d,128GB,Brugt,Guld,continue,2949.00
"Brugt iPad 10.2"" 7. Gen (2019) Cellular",8391935230088,128GB / Brugt / Sølv,53480060092791,ed05692796bf72eb,128GB,Brugt,Sølv,continue,2949.00
"Brugt iPad 10.2"" 7. Gen (2019) Cellular",8391935230088,128GB / Rigtig god / Space Grey,42982874316936,7d055b70366db42d,128GB,Rigtig god,Space Grey,continue,3049.00
"Brugt iPad 10.2"" 7. Gen (2019) Cellular",8391935230088,128GB / Rigtig god / Guld,42982874349704,8106b1f6edb5a14d,128GB,Rigtig god,Guld,continue,3049.00
"Brugt iPad 10.2"" 7. Gen (2019) Cellular",8391935230088,128GB / Rigtig god / Sølv,53480060125559,257f3257646d0f16,128GB,Rigtig god,Sølv,continue,3049.00
"Brugt iPad 10.2"" 7. Gen (2019) Cellular",8391935230088,128GB / Som ny / Space Grey,42982874382472,b39c034cb8c6d075,128GB,Som ny,Space Grey,continue,3149.00
"Brugt iPad 10.2"" 7. Gen (2019) Cellular",8391935230088,128GB / Som ny / Guld,42982874415240,bfe658a2ad034146,128GB,Som ny,Guld,continue,3149.00
"Brugt iPad 10.2"" 7. Gen (2019) Cellular",8391935230088,128GB / Som ny / Sølv,53480060158327,c8481eaa55247206,128GB,Som ny,Sølv,continue,3149.00
"Brugt iPad 10.2"" 7. Gen (2019) WiFi",8391933296776,32GB / Brugbar / Space Grey,42982871105672,1ee2c7f19ff5bfe3,32GB,Brugbar,Space Grey,continue,1549.00
"Brugt iPad 10.2"" 7. Gen (2019) WiFi",8391933296776,32GB / Brugbar / Guld,42982871138440,1840740a6b78f888,32GB,Brugbar,Guld,continue,1549.00
"Brugt iPad 10.2"" 7. Gen (2019) WiFi",8391933296776,32GB / Brugbar / Sølv,53480062779767,39a9b64aefbef878,32GB,Brugbar,Sølv,continue,1549.00
"Brugt iPad 10.2"" 7. Gen (2019) WiFi",8391933296776,32GB / Brugt / Space Grey,42982871171208,06fcc02fb13b93cc,32GB,Brugt,Space Grey,continue,1649.00
"Brugt iPad 10.2"" 7. Gen (2019) WiFi",8391933296776,32GB / Brugt / Guld,42982871203976,0ca8ff1124aaf8f9,32GB,Brugt,Guld,continue,1649.00
"Brugt iPad 10.2"" 7. Gen (2019) WiFi",8391933296776,32GB / Brugt / Sølv,53480062812535,51c48c8d46462827,32GB,Brugt,Sølv,continue,1649.00
"Brugt iPad 10.2"" 7. Gen (2019) WiFi",8391933296776,32GB / Rigtig god / Space Grey,42982871236744,7c8884b836769c3d,32GB,Rigtig god,Space Grey,continue,1749.00
"Brugt iPad 10.2"" 7. Gen (2019) WiFi",8391933296776,32GB / Rigtig god / Guld,42982871269512,2a159b19cd56d093,32GB,Rigtig god,Guld,continue,1749.00
"Brugt iPad 10.2"" 7. Gen (2019) WiFi",8391933296776,32GB / Rigtig god / Sølv,53480062845303,9fbdc65662b2d6cf,32GB,Rigtig god,Sølv,continue,1749.00
"Brugt iPad 10.2"" 7. Gen (2019) WiFi",8391933296776,32GB / Som ny / Space Grey,42982871302280,296bbe2f758c4bdb,32GB,Som ny,Space Grey,continue,1849.00
"Brugt iPad 10.2"" 7. Gen (2019) WiFi",8391933296776,32GB / Som ny / Guld,42982871335048,22be81c600a52ed8,32GB,Som ny,Guld,continue,1849.00
"Brugt iPad 10.2"" 7. Gen (2019) WiFi",8391933296776,32GB / Som ny / Sølv,53480062878071,d03362d1d12261f2,32GB,Som ny,Sølv,continue,1849.00
"Brugt iPad 10.2"" 7. Gen (2019) WiFi",8391933296776,128GB / Brugbar / Space Grey,42982871367816,40dfedda1f0923f1,128GB,Brugbar,Space Grey,continue,2349.00
"Brugt iPad 10.2"" 7. Gen (2019) WiFi",8391933296776,128GB / Brugbar / Guld,42982871400584,2c19dbb54f431855,128GB,Brugbar,Guld,continue,2349.00
"Brugt iPad 10.2"" 7. Gen (2019) WiFi",8391933296776,128GB / Brugbar / Sølv,53480062910839,690c7f1025589d10,128GB,Brugbar,Sølv,continue,2349.00
"Brugt iPad 10.2"" 7. Gen (2019) WiFi",8391933296776,128GB / Brugt / Space Grey,42982871433352,7d469311c9d9607d,128GB,Brugt,Space Grey,continue,2449.00
"Brugt iPad 10.2"" 7. Gen (2019) WiFi",8391933296776,128GB / Brugt / Guld,42982871466120,29133498c7d6f5d2,128GB,Brugt,Guld,continue,2449.00
"Brugt iPad 10.2"" 7. Gen (2019) WiFi",8391933296776,128GB / Brugt / Sølv,53480062943607,c5ee495cf6d05470,128GB,Brugt,Sølv,continue,2449.00
"Brugt iPad 10.2"" 7. Gen (2019) WiFi",8391933296776,128GB / Rigtig god / Space Grey,42982871498888,8e7a7fdc3173307b,128GB,Rigtig god,Space Grey,continue,2549.00
"Brugt iPad 10.2"" 7. Gen (2019) WiFi",8391933296776,128GB / Rigtig god / Guld,42982871531656,79248a0cbfc91294,128GB,Rigtig god,Guld,continue,2549.00
"Brugt iPad 10.2"" 7. Gen (2019) WiFi",8391933296776,128GB / Rigtig god / Sølv,53480062976375,f998287f06645b02,128GB,Rigtig god,Sølv,continue,2549.00
"Brugt iPad 10.2"" 7. Gen (2019) WiFi",8391933296776,128GB / Som ny / Space Grey,42982871564424,33af0c589bb2544a,128GB,Som ny,Space Grey,continue,2649.00
"Brugt iPad 10.2"" 7. Gen (2019) WiFi",8391933296776,128GB / Som ny / Guld,42982871597192,676f3e0725e735d0,128GB,Som ny,Guld,continue,2649.00
"Brugt iPad 10.2"" 7. Gen (2019) WiFi",8391933296776,128GB / Som ny / Sølv,53480063009143,26d074b936e0f77d,128GB,Som ny,Sølv,continue,2649.00
"Brugt iPad 10.2"" 8. Gen (2020) Cellular",8381915562120,32GB / Brugbar / Space Grey,42952674934920,431f42710ed319cb,32GB,Brugbar,Space Grey,continue,2349.00
"Brugt iPad 10.2"" 8. Gen (2020) Cellular",8381915562120,32GB / Brugbar / Guld,42952674967688,df8e03f4d8ef94b2,32GB,Brugbar,Guld,continue,2349.00
"Brugt iPad 10.2"" 8. Gen (2020) Cellular",8381915562120,32GB / Brugbar / Sølv,53480065696119,dfef6d31cb00d48e,32GB,Brugbar,Sølv,continue,2349.00
"Brugt iPad 10.2"" 8. Gen (2020) Cellular",8381915562120,32GB / Brugt / Space Grey,42952675000456,a6a6cf16433a8ce3,32GB,Brugt,Space Grey,continue,2449.00
"Brugt iPad 10.2"" 8. Gen (2020) Cellular",8381915562120,32GB / Brugt / Guld,42952675033224,b2064be6d122be6b,32GB,Brugt,Guld,continue,2449.00
"Brugt iPad 10.2"" 8. Gen (2020) Cellular",8381915562120,32GB / Brugt / Sølv,53480065728887,aaaf9fb467d2dc95,32GB,Brugt,Sølv,continue,2449.00
"Brugt iPad 10.2"" 8. Gen (2020) Cellular",8381915562120,32GB / Rigtig god / Space Grey,42952675065992,b1fa181bffb92d27,32GB,Rigtig god,Space Grey,continue,2549.00
"Brugt iPad 10.2"" 8. Gen (2020) Cellular",8381915562120,32GB / Rigtig god / Guld,42952675098760,22d902294f53b1ae,32GB,Rigtig god,Guld,continue,2549.00
"Brugt iPad 10.2"" 8. Gen (2020) Cellular",8381915562120,32GB / Rigtig god / Sølv,53480065761655,2d92ca0f99663e18,32GB,Rigtig god,Sølv,continue,2549.00
"Brugt iPad 10.2"" 8. Gen (2020) Cellular",8381915562120,32GB / Som ny / Space Grey,42952675131528,08c20f6ad7cdcdd8,32GB,Som ny,Space Grey,continue,2649.00
"Brugt iPad 10.2"" 8. Gen (2020) Cellular",8381915562120,32GB / Som ny / Guld,42952675164296,eb07e0799b368b49,32GB,Som ny,Guld,continue,2649.00
"Brugt iPad 10.2"" 8. Gen (2020) Cellular",8381915562120,32GB / Som ny / Sølv,53480065794423,b2fb46fe4b1307d2,32GB,Som ny,Sølv,continue,2649.00
"Brugt iPad 10.2"" 8. Gen (2020) Cellular",8381915562120,128GB / Brugbar / Space Grey,42952675197064,18e725f26b592a79,128GB,Brugbar,Space Grey,continue,3149.00
"Brugt iPad 10.2"" 8. Gen (2020) Cellular",8381915562120,128GB / Brugbar / Guld,42952675229832,7a418d9f04836aac,128GB,Brugbar,Guld,continue,3149.00
"Brugt iPad 10.2"" 8. Gen (2020) Cellular",8381915562120,128GB / Brugbar / Sølv,53480065827191,8ea58e80db86ca4e,128GB,Brugbar,Sølv,continue,3149.00
"Brugt iPad 10.2"" 8. Gen (2020) Cellular",8381915562120,128GB / Brugt / Space Grey,42952675262600,2c33d631b19f0eef,128GB,Brugt,Space Grey,continue,3349.00
"Brugt iPad 10.2"" 8. Gen (2020) Cellular",8381915562120,128GB / Brugt / Guld,42952675295368,05b0add4a6397520,128GB,Brugt,Guld,continue,3349.00
"Brugt iPad 10.2"" 8. Gen (2020) Cellular",8381915562120,128GB / Brugt / Sølv,53480065859959,a961d2125e4345cd,128GB,Brugt,Sølv,continue,3349.00
"Brugt iPad 10.2"" 8. Gen (2020) Cellular",8381915562120,128GB / Rigtig god / Space Grey,42952675328136,f77074ac90670854,128GB,Rigtig god,Space Grey,continue,3549.00
"Brugt iPad 10.2"" 8. Gen (2020) Cellular",8381915562120,128GB / Rigtig god / Guld,42952675360904,d6d57214b6881ada,128GB,Rigtig god,Guld,continue,3549.00
"Brugt iPad 10.2"" 8. Gen (2020) Cellular",8381915562120,128GB / Rigtig god / Sølv,53480065892727,342046cfbc2c7afb,128GB,Rigtig god,Sølv,continue,3549.00
"Brugt iPad 10.2"" 8. Gen (2020) Cellular",8381915562120,128GB / Som ny / Space Grey,42952675393672,aa35cddebfe3fff9,128GB,Som ny,Space Grey,continue,3749.00
"Brugt iPad 10.2"" 8. Gen (2020) Cellular",8381915562120,128GB / Som ny / Guld,42952675426440,7be9054be29a6381,128GB,Som ny,Guld,continue,3749.00
"Brugt iPad 10.2"" 8. Gen (2020) Cellular",8381915562120,128GB / Som ny / Sølv,53480065925495,90a7c72c3f5ee8f7,128GB,Som ny,Sølv,continue,3749.00
"Brugt iPad 10.2"" 8. Gen (2020) WiFi",8381881516168,32GB / Brugbar / Space Grey,42952644395144,2f21ada9ca8590ef,32GB,Brugbar,Space Grey,continue,1849.00
"Brugt iPad 10.2"" 8. Gen (2020) WiFi",8381881516168,32GB / Brugbar / Guld,42952671887496,09675f4125ce850c,32GB,Brugbar,Guld,continue,1849.00
"Brugt iPad 10.2"" 8. Gen (2020) WiFi",8381881516168,32GB / Brugbar / Sølv,53480069103991,98456baa36c8da0c,32GB,Brugbar,Sølv,continue,1849.00
"Brugt iPad 10.2"" 8. Gen (2020) WiFi",8381881516168,32GB / Brugt / Space Grey,42952644591752,e7626ae56023e551,32GB,Brugt,Space Grey,continue,1949.00
"Brugt iPad 10.2"" 8. Gen (2020) WiFi",8381881516168,32GB / Brugt / Guld,42952671920264,ee9fcde834ef5b45,32GB,Brugt,Guld,continue,1949.00
"Brugt iPad 10.2"" 8. Gen (2020) WiFi",8381881516168,32GB / Brugt / Sølv,53480069136759,c1da334ff6e321fc,32GB,Brugt,Sølv,continue,1949.00
"Brugt iPad 10.2"" 8. Gen (2020) WiFi",8381881516168,32GB / Rigtig god / Space Grey,42952659828872,1f512792a87e21e0,32GB,Rigtig god,Space Grey,continue,2049.00
"Brugt iPad 10.2"" 8. Gen (2020) WiFi",8381881516168,32GB / Rigtig god / Guld,42952671953032,02b3cc98acb68bbe,32GB,Rigtig god,Guld,continue,2049.00
"Brugt iPad 10.2"" 8. Gen (2020) WiFi",8381881516168,32GB / Rigtig god / Sølv,53480069169527,0234daf707a4de50,32GB,Rigtig god,Sølv,continue,2049.00
"Brugt iPad 10.2"" 8. Gen (2020) WiFi",8381881516168,32GB / Som ny / Space Grey,42952659894408,0777aac3a5ec4605,32GB,Som ny,Space Grey,continue,2149.00
"Brugt iPad 10.2"" 8. Gen (2020) WiFi",8381881516168,32GB / Som ny / Guld,42952671985800,29cf7100adf9994d,32GB,Som ny,Guld,continue,2149.00
"Brugt iPad 10.2"" 8. Gen (2020) WiFi",8381881516168,32GB / Som ny / Sølv,53480069202295,0eca09eb6e1ccb59,32GB,Som ny,Sølv,continue,2149.00
"Brugt iPad 10.2"" 8. Gen (2020) WiFi",8381881516168,128GB / Brugbar / Space Grey,42952644427912,739ee7b6b797435d,128GB,Brugbar,Space Grey,continue,2449.00
"Brugt iPad 10.2"" 8. Gen (2020) WiFi",8381881516168,128GB / Brugbar / Guld,42952672018568,824ac96da51b4b57,128GB,Brugbar,Guld,continue,2449.00
"Brugt iPad 10.2"" 8. Gen (2020) WiFi",8381881516168,128GB / Brugbar / Sølv,53480069235063,7d0273ef0d14cd32,128GB,Brugbar,Sølv,continue,2449.00
"Brugt iPad 10.2"" 8. Gen (2020) WiFi",8381881516168,128GB / Brugt / Space Grey,42952644624520,23b23d9ed3ac43c4,128GB,Brugt,Space Grey,continue,2649.00
"Brugt iPad 10.2"" 8. Gen (2020) WiFi",8381881516168,128GB / Brugt / Guld,42952672051336,6509a7e9d3615fde,128GB,Brugt,Guld,continue,2649.00
"Brugt iPad 10.2"" 8. Gen (2020) WiFi",8381881516168,128GB / Brugt / Sølv,53480069267831,909e4d525087b220,128GB,Brugt,Sølv,continue,2649.00
"Brugt iPad 10.2"" 8. Gen (2020) WiFi",8381881516168,128GB / Rigtig god / Space Grey,42952659959944,33c65277c1430090,128GB,Rigtig god,Space Grey,continue,2849.00
"Brugt iPad 10.2"" 8. Gen (2020) WiFi",8381881516168,128GB / Rigtig god / Guld,42952672084104,0e8943fe86e30910,128GB,Rigtig god,Guld,continue,2849.00
"Brugt iPad 10.2"" 8. Gen (2020) WiFi",8381881516168,128GB / Rigtig god / Sølv,53480069300599,bd24077c07c67d23,128GB,Rigtig god,Sølv,continue,2849.00
"Brugt iPad 10.2"" 8. Gen (2020) WiFi",8381881516168,128GB / Som ny / Space Grey,42952660025480,a8df71e405686333,128GB,Som ny,Space Grey,continue,3049.00
"Brugt iPad 10.2"" 8. Gen (2020) WiFi",8381881516168,128GB / Som ny / Guld,42952672116872,b9ccf0fc75dd4b0f,128GB,Som ny,Guld,continue,3049.00
"Brugt iPad 10.2"" 8. Gen (2020) WiFi",8381881516168,128GB / Som ny / Sølv,53480069333367,AUTOSKU-00000003,128GB,Som ny,Sølv,continue,3049.00
"Brugt iPad 10.2"" 9.Gen (2021) Cellular",14668696191351,64GB / Brugbar / Space Grey,53470948884855,2ad6ebebc4f9cf5a,64GB,Brugbar,Space Grey,continue,2549.00
"Brugt iPad 10.2"" 9.Gen (2021) Cellular",14668696191351,64GB / Brugbar / Sølv,53470948917623,e298abd20ef892eb,64GB,Brugbar,Sølv,continue,2549.00
"Brugt iPad 10.2"" 9.Gen (2021) Cellular",14668696191351,64GB / Brugt / Space Grey,53470948950391,ca12feaadcc7afb0,64GB,Brugt,Space Grey,continue,2749.00
"Brugt iPad 10.2"" 9.Gen (2021) Cellular",14668696191351,64GB / Brugt / Sølv,53470948983159,a604d4e634a784d2,64GB,Brugt,Sølv,continue,2749.00
"Brugt iPad 10.2"" 9.Gen (2021) Cellular",14668696191351,64GB / Rigtig god / Space Grey,53470949015927,ecaba0797289fc70,64GB,Rigtig god,Space Grey,continue,2949.00
"Brugt iPad 10.2"" 9.Gen (2021) Cellular",14668696191351,64GB / Rigtig god / Sølv,53470949048695,a79ea54cf5d6518f,64GB,Rigtig god,Sølv,continue,2949.00
"Brugt iPad 10.2"" 9.Gen (2021) Cellular",14668696191351,64GB / Som ny / Space Grey,53470949081463,d173dc6798e67e0c,64GB,Som ny,Space Grey,continue,3149.00
"Brugt iPad 10.2"" 9.Gen (2021) Cellular",14668696191351,64GB / Som ny / Sølv,53470949114231,8005d3558c315e9f,64GB,Som ny,Sølv,continue,3149.00
"Brugt iPad 10.2"" 9.Gen (2021) Cellular",14668696191351,256GB / Brugbar / Space Grey,53470949409143,afe75bc40339c805,256GB,Brugbar,Space Grey,continue,3149.00
"Brugt iPad 10.2"" 9.Gen (2021) Cellular",14668696191351,256GB / Brugbar / Sølv,53470949441911,a5d818833fae8d9f,256GB,Brugbar,Sølv,continue,3149.00
"Brugt iPad 10.2"" 9.Gen (2021) Cellular",14668696191351,256GB / Brugt / Space Grey,53470949474679,6493bef2f621ac36,256GB,Brugt,Space Grey,continue,3349.00
"Brugt iPad 10.2"" 9.Gen (2021) Cellular",14668696191351,256GB / Brugt / Sølv,53470949507447,138c8f8e82bac73c,256GB,Brugt,Sølv,continue,3349.00
"Brugt iPad 10.2"" 9.Gen (2021) Cellular",14668696191351,256GB / Rigtig god / Space Grey,53470949540215,8ec8b3c43b8fe8af,256GB,Rigtig god,Space Grey,continue,3549.00
"Brugt iPad 10.2"" 9.Gen (2021) Cellular",14668696191351,256GB / Rigtig god / Sølv,53470949572983,a91ecb323fbea560,256GB,Rigtig god,Sølv,continue,3549.00
"Brugt iPad 10.2"" 9.Gen (2021) Cellular",14668696191351,256GB / Som ny / Space Grey,53470949605751,9974a660364d1804,256GB,Som ny,Space Grey,continue,3749.00
"Brugt iPad 10.2"" 9.Gen (2021) Cellular",14668696191351,256GB / Som ny / Sølv,53470949638519,d056d81328684b1e,256GB,Som ny,Sølv,continue,3749.00
"Brugt iPad 10.2"" 9.Gen (2021) WiFi",14668695667063,64GB / Brugbar / Space Grey,53470947311991,0cbd5a7da681c3b8,64GB,Brugbar,Space Grey,continue,1949.00
"Brugt iPad 10.2"" 9.Gen (2021) WiFi",14668695667063,64GB / Brugbar / Sølv,53470947344759,0e69d5a331c4f0f3,64GB,Brugbar,Sølv,continue,1949.00
"Brugt iPad 10.2"" 9.Gen (2021) WiFi",14668695667063,64GB / Brugt / Space Grey,53470947377527,769b3615fa37ce92,64GB,Brugt,Space Grey,continue,2149.00
"Brugt iPad 10.2"" 9.Gen (2021) WiFi",14668695667063,64GB / Brugt / Sølv,53470947410295,b9c0e9b6b5da1bb2,64GB,Brugt,Sølv,continue,2149.00
"Brugt iPad 10.2"" 9.Gen (2021) WiFi",14668695667063,64GB / Rigtig god / Space Grey,53470947443063,d65e7426a48f60a6,64GB,Rigtig god,Space Grey,continue,2349.00
"Brugt iPad 10.2"" 9.Gen (2021) WiFi",14668695667063,64GB / Rigtig god / Sølv,53470947475831,d108a778c772ae50,64GB,Rigtig god,Sølv,continue,2349.00
"Brugt iPad 10.2"" 9.Gen (2021) WiFi",14668695667063,64GB / Som ny / Space Grey,53470947508599,aab46d79f2ef03bf,64GB,Som ny,Space Grey,continue,2549.00
"Brugt iPad 10.2"" 9.Gen (2021) WiFi",14668695667063,64GB / Som ny / Sølv,53470947541367,8f90671c234506b2,64GB,Som ny,Sølv,continue,2549.00
"Brugt iPad 10.2"" 9.Gen (2021) WiFi",14668695667063,256GB / Brugbar / Space Grey,53470947836279,bf17b927b5002101,256GB,Brugbar,Space Grey,continue,2549.00
"Brugt iPad 10.2"" 9.Gen (2021) WiFi",14668695667063,256GB / Brugbar / Sølv,53470947869047,edb9db2f8acccd71,256GB,Brugbar,Sølv,continue,2549.00
"Brugt iPad 10.2"" 9.Gen (2021) WiFi",14668695667063,256GB / Brugt / Space Grey,53470947901815,d0169edf21e7119d,256GB,Brugt,Space Grey,continue,2749.00
"Brugt iPad 10.2"" 9.Gen (2021) WiFi",14668695667063,256GB / Brugt / Sølv,53470947934583,8acd8c9643e8546c,256GB,Brugt,Sølv,continue,2749.00
"Brugt iPad 10.2"" 9.Gen (2021) WiFi",14668695667063,256GB / Rigtig god / Space Grey,53470947967351,c1e88248355cd51a,256GB,Rigtig god,Space Grey,continue,2949.00
"Brugt iPad 10.2"" 9.Gen (2021) WiFi",14668695667063,256GB / Rigtig god / Sølv,53470948000119,f9f8f96189ccd0c9,256GB,Rigtig god,Sølv,continue,2949.00
"Brugt iPad 10.2"" 9.Gen (2021) WiFi",14668695667063,256GB / Som ny / Space Grey,53470948032887,fb03b110d9edaf20,256GB,Som ny,Space Grey,continue,3149.00
"Brugt iPad 10.2"" 9.Gen (2021) WiFi",14668695667063,256GB / Som ny / Sølv,53470948065655,b49a903ae0c4b9e8,256GB,Som ny,Sølv,continue,3149.00
Brugt iPad 10.9” 10. Gen (2022) Cellular,14668696682871,64GB / Rigtig god / Blå,53470953603447,fa19319a82c6f3e8,64GB,Rigtig god,Blå,continue,3449.00
Brugt iPad 10.9” 10. Gen (2022) Cellular,14668696682871,64GB / Rigtig god / Gul,53470953636215,686fc7eb760aed62,64GB,Rigtig god,Gul,continue,3449.00
Brugt iPad 10.9” 10. Gen (2022) Cellular,14668696682871,64GB / Rigtig god / Lyserød,53471798231415,42e2776b498c32ad,64GB,Rigtig god,Lyserød,continue,3449.00
Brugt iPad 10.9” 10. Gen (2022) Cellular,14668696682871,64GB / Rigtig god / Sølv,53471798264183,5c8ae1e8399f8391,64GB,Rigtig god,Sølv,continue,3449.00
Brugt iPad 10.9” 10. Gen (2022) Cellular,14668696682871,64GB / Som ny / Blå,53470953668983,a50dead6542ee7a7,64GB,Som ny,Blå,continue,3649.00
Brugt iPad 10.9” 10. Gen (2022) Cellular,14668696682871,64GB / Som ny / Gul,53470953701751,3b5985da7e70ccc2,64GB,Som ny,Gul,continue,3649.00
Brugt iPad 10.9” 10. Gen (2022) Cellular,14668696682871,64GB / Som ny / Lyserød,53471798296951,3c807b6d692a7cf8,64GB,Som ny,Lyserød,continue,3649.00
Brugt iPad 10.9” 10. Gen (2022) Cellular,14668696682871,64GB / Som ny / Sølv,53471798329719,6e02233d02831407,64GB,Som ny,Sølv,continue,3649.00
Brugt iPad 10.9” 10. Gen (2022) Cellular,14668696682871,256GB / Rigtig god / Blå,53470954127735,77c63eba3bf2788b,256GB,Rigtig god,Blå,continue,4849.00
Brugt iPad 10.9” 10. Gen (2022) Cellular,14668696682871,256GB / Rigtig god / Gul,53470954160503,973ec7b6c7045f2f,256GB,Rigtig god,Gul,continue,4849.00
Brugt iPad 10.9” 10. Gen (2022) Cellular,14668696682871,256GB / Rigtig god / Lyserød,53471798493559,b08a586af44a5183,256GB,Rigtig god,Lyserød,continue,4849.00
Brugt iPad 10.9” 10. Gen (2022) Cellular,14668696682871,256GB / Rigtig god / Sølv,53471798526327,20c8e5bc85131fe2,256GB,Rigtig god,Sølv,continue,4849.00
Brugt iPad 10.9” 10. Gen (2022) Cellular,14668696682871,256GB / Som ny / Blå,53470954193271,fed85738983e2065,256GB,Som ny,Blå,continue,5049.00
Brugt iPad 10.9” 10. Gen (2022) Cellular,14668696682871,256GB / Som ny / Gul,53470954226039,f132aa196a58efa0,256GB,Som ny,Gul,continue,5049.00
Brugt iPad 10.9” 10. Gen (2022) Cellular,14668696682871,256GB / Som ny / Lyserød,53471798559095,b871ec1ebb4896cc,256GB,Som ny,Lyserød,continue,5049.00
Brugt iPad 10.9” 10. Gen (2022) Cellular,14668696682871,256GB / Som ny / Sølv,53471798591863,ea9dab4df9fef9b9,256GB,Som ny,Sølv,continue,5049.00
Brugt iPad 10.9” 10. Gen (2022) WiFi,14668696519031,64GB / Rigtig god / Blå,53470950556023,9ae98a53df1569d0,64GB,Rigtig god,Blå,continue,2849.00
Brugt iPad 10.9” 10. Gen (2022) WiFi,14668696519031,64GB / Rigtig god / Gul,53470950588791,728966d24a0ec980,64GB,Rigtig god,Gul,continue,2849.00
Brugt iPad 10.9” 10. Gen (2022) WiFi,14668696519031,64GB / Rigtig god / Lyserød,53471800197495,40ff28c15add7785,64GB,Rigtig god,Lyserød,continue,2849.00
Brugt iPad 10.9” 10. Gen (2022) WiFi,14668696519031,64GB / Rigtig god / Sølv,53471800230263,36620b6dfaed4068,64GB,Rigtig god,Sølv,continue,2849.00
Brugt iPad 10.9” 10. Gen (2022) WiFi,14668696519031,64GB / Som ny / Blå,53470950621559,ee2de0be0b6c7c9c,64GB,Som ny,Blå,continue,3049.00
Brugt iPad 10.9” 10. Gen (2022) WiFi,14668696519031,64GB / Som ny / Gul,53470950654327,8c4549566ac2a851,64GB,Som ny,Gul,continue,3049.00
Brugt iPad 10.9” 10. Gen (2022) WiFi,14668696519031,64GB / Som ny / Lyserød,53471800263031,7c6fef84b66ba31e,64GB,Som ny,Lyserød,continue,3049.00
Brugt iPad 10.9” 10. Gen (2022) WiFi,14668696519031,64GB / Som ny / Sølv,53471800295799,fc7d0938f32958e2,64GB,Som ny,Sølv,continue,3049.00
Brugt iPad 10.9” 10. Gen (2022) WiFi,14668696519031,256GB / Rigtig god / Blå,53470951080311,09910c4ca7066cb4,256GB,Rigtig god,Blå,continue,4249.00
Brugt iPad 10.9” 10. Gen (2022) WiFi,14668696519031,256GB / Rigtig god / Gul,53470951113079,5702380c58e4d003,256GB,Rigtig god,Gul,continue,4249.00
Brugt iPad 10.9” 10. Gen (2022) WiFi,14668696519031,256GB / Rigtig god / Lyserød,53471800459639,af623a8b5aeba3e3,256GB,Rigtig god,Lyserød,continue,4249.00
Brugt iPad 10.9” 10. Gen (2022) WiFi,14668696519031,256GB / Rigtig god / Sølv,53471800492407,e2caac1df970b964,256GB,Rigtig god,Sølv,continue,4249.00
Brugt iPad 10.9” 10. Gen (2022) WiFi,14668696519031,256GB / Som ny / Blå,53470951145847,50946444739a0df7,256GB,Som ny,Blå,continue,4449.00
Brugt iPad 10.9” 10. Gen (2022) WiFi,14668696519031,256GB / Som ny / Gul,53470951178615,3bd64729ad1e1b72,256GB,Som ny,Gul,continue,4449.00
Brugt iPad 10.9” 10. Gen (2022) WiFi,14668696519031,256GB / Som ny / Lyserød,53471800525175,fba947e67b2d1db1,256GB,Som ny,Lyserød,continue,4449.00
Brugt iPad 10.9” 10. Gen (2022) WiFi,14668696519031,256GB / Som ny / Sølv,53471800557943,664629c5c7e144e9,256GB,Som ny,Sølv,continue,4449.00
"Brugt iPad 9.7"" 5. Gen (2017) Cellular",8391950762120,32GB / Brugt / Space Grey,53471244091767,a0f8e81d38debeb9,32GB,Brugt,Space Grey,continue,1249.00
"Brugt iPad 9.7"" 5. Gen (2017) Cellular",8391950762120,32GB / Brugt / Sølv,53471244124535,40e1bc79672bd38d,32GB,Brugt,Sølv,continue,1249.00
"Brugt iPad 9.7"" 5. Gen (2017) Cellular",8391950762120,32GB / Brugt / Guld,53471244157303,ba60d74686dfcb18,32GB,Brugt,Guld,continue,1249.00
"Brugt iPad 9.7"" 5. Gen (2017) Cellular",8391950762120,32GB / Rigtig god / Space Grey,53471244190071,695947264d8b6032,32GB,Rigtig god,Space Grey,continue,1349.00
"Brugt iPad 9.7"" 5. Gen (2017) Cellular",8391950762120,32GB / Rigtig god / Sølv,53471244222839,c8a8ba1bdd64e9b0,32GB,Rigtig god,Sølv,continue,1349.00
"Brugt iPad 9.7"" 5. Gen (2017) Cellular",8391950762120,32GB / Rigtig god / Guld,53471244255607,ff9e160b9c95e6f3,32GB,Rigtig god,Guld,continue,1349.00
"Brugt iPad 9.7"" 5. Gen (2017) Cellular",8391950762120,32GB / Som ny / Space Grey,53471244288375,5a22c10a5cbbb67d,32GB,Som ny,Space Grey,continue,1449.00
"Brugt iPad 9.7"" 5. Gen (2017) Cellular",8391950762120,32GB / Som ny / Sølv,53471244321143,a7ae3f0a31f2c1c9,32GB,Som ny,Sølv,continue,1449.00
"Brugt iPad 9.7"" 5. Gen (2017) Cellular",8391950762120,32GB / Som ny / Guld,53471244353911,a443edc3abadbb1a,32GB,Som ny,Guld,continue,1449.00
"Brugt iPad 9.7"" 5. Gen (2017) Cellular",8391950762120,128GB / Brugt / Space Grey,42982916620424,f10fe7081ee023a2,128GB,Brugt,Space Grey,continue,1549.00
"Brugt iPad 9.7"" 5. Gen (2017) Cellular",8391950762120,128GB / Brugt / Sølv,42982916653192,7676a8590dbeb0a4,128GB,Brugt,Sølv,continue,1549.00
"Brugt iPad 9.7"" 5. Gen (2017) Cellular",8391950762120,128GB / Brugt / Guld,53471244550519,46e1673e4128578e,128GB,Brugt,Guld,continue,1549.00
"Brugt iPad 9.7"" 5. Gen (2017) Cellular",8391950762120,128GB / Rigtig god / Space Grey,42982916685960,d987f5df125016b0,128GB,Rigtig god,Space Grey,continue,1749.00
"Brugt iPad 9.7"" 5. Gen (2017) Cellular",8391950762120,128GB / Rigtig god / Sølv,42982916718728,d3fdc6fa2742902c,128GB,Rigtig god,Sølv,continue,1749.00
"Brugt iPad 9.7"" 5. Gen (2017) Cellular",8391950762120,128GB / Rigtig god / Guld,53471244583287,5d33749423ace501,128GB,Rigtig god,Guld,continue,1749.00
"Brugt iPad 9.7"" 5. Gen (2017) Cellular",8391950762120,128GB / Som ny / Space Grey,42982916751496,22fb509a31e51424,128GB,Som ny,Space Grey,continue,1949.00
"Brugt iPad 9.7"" 5. Gen (2017) Cellular",8391950762120,128GB / Som ny / Sølv,42982916784264,f39589b0343d8c24,128GB,Som ny,Sølv,continue,1949.00
"Brugt iPad 9.7"" 5. Gen (2017) Cellular",8391950762120,128GB / Som ny / Guld,53471244616055,3373a6b5d44d9fc0,128GB,Som ny,Guld,continue,1949.00
"Brugt iPad 9.7"" 5. Gen (2017) WiFi",8391949320328,32GB / Brugbar / Space Grey,42982911279240,c444f75d4f9dfbd5,32GB,Brugbar,Space Grey,continue,949.00
"Brugt iPad 9.7"" 5. Gen (2017) WiFi",8391949320328,32GB / Brugbar / Guld,42982911312008,fe13e236fefabb66,32GB,Brugbar,Guld,continue,949.00
"Brugt iPad 9.7"" 5. Gen (2017) WiFi",8391949320328,32GB / Brugbar / Sølv,53480050393463,e3ee6c68eddbf5f1,32GB,Brugbar,Sølv,continue,949.00
"Brugt iPad 9.7"" 5. Gen (2017) WiFi",8391949320328,32GB / Brugt / Space Grey,42982911344776,966db57b9baf52ad,32GB,Brugt,Space Grey,continue,1149.00
"Brugt iPad 9.7"" 5. Gen (2017) WiFi",8391949320328,32GB / Brugt / Guld,42982911377544,0056639dd6a1f230,32GB,Brugt,Guld,continue,1149.00
"Brugt iPad 9.7"" 5. Gen (2017) WiFi",8391949320328,32GB / Brugt / Sølv,53480050426231,6e04a0e12665e43d,32GB,Brugt,Sølv,continue,1149.00
"Brugt iPad 9.7"" 5. Gen (2017) WiFi",8391949320328,32GB / Rigtig god / Space Grey,42982911410312,f1be205dae9d25c0,32GB,Rigtig god,Space Grey,continue,1249.00
"Brugt iPad 9.7"" 5. Gen (2017) WiFi",8391949320328,32GB / Rigtig god / Guld,42982911443080,0543fc432cf6a130,32GB,Rigtig god,Guld,continue,1249.00
"Brugt iPad 9.7"" 5. Gen (2017) WiFi",8391949320328,32GB / Rigtig god / Sølv,53480050458999,328b39829c2fb6d0,32GB,Rigtig god,Sølv,continue,1249.00
"Brugt iPad 9.7"" 5. Gen (2017) WiFi",8391949320328,32GB / Som ny / Space Grey,42982911475848,2af6daeff66e1148,32GB,Som ny,Space Grey,continue,1349.00
"Brugt iPad 9.7"" 5. Gen (2017) WiFi",8391949320328,32GB / Som ny / Guld,42982911508616,b133ffde167ec6f3,32GB,Som ny,Guld,continue,1349.00
"Brugt iPad 9.7"" 5. Gen (2017) WiFi",8391949320328,32GB / Som ny / Sølv,53480050491767,12bb1d804eb27f0d,32GB,Som ny,Sølv,continue,1349.00
"Brugt iPad 9.7"" 5. Gen (2017) WiFi",8391949320328,128GB / Brugbar / Space Grey,42982911541384,25ac6bd1da72f449,128GB,Brugbar,Space Grey,continue,1249.00
"Brugt iPad 9.7"" 5. Gen (2017) WiFi",8391949320328,128GB / Brugbar / Guld,42982911574152,24ea963ffd146d88,128GB,Brugbar,Guld,continue,1249.00
"Brugt iPad 9.7"" 5. Gen (2017) WiFi",8391949320328,128GB / Brugbar / Sølv,53480050524535,a0bb5a32e613e430,128GB,Brugbar,Sølv,continue,1249.00
"Brugt iPad 9.7"" 5. Gen (2017) WiFi",8391949320328,128GB / Brugt / Space Grey,42982911606920,13918eb44b1b6d0f,128GB,Brugt,Space Grey,continue,1449.00
"Brugt iPad 9.7"" 5. Gen (2017) WiFi",8391949320328,128GB / Brugt / Guld,42982911639688,315894deaa957f5a,128GB,Brugt,Guld,continue,1449.00
"Brugt iPad 9.7"" 5. Gen (2017) WiFi",8391949320328,128GB / Brugt / Sølv,53480050557303,b8a1526f03987b7b,128GB,Brugt,Sølv,continue,1449.00
"Brugt iPad 9.7"" 5. Gen (2017) WiFi",8391949320328,128GB / Rigtig god / Space Grey,42982911672456,fbe44f402e35e4a0,128GB,Rigtig god,Space Grey,continue,1549.00
"Brugt iPad 9.7"" 5. Gen (2017) WiFi",8391949320328,128GB / Rigtig god / Guld,42982911705224,6dae73e6650bbff7,128GB,Rigtig god,Guld,continue,1549.00
"Brugt iPad 9.7"" 5. Gen (2017) WiFi",8391949320328,128GB / Rigtig god / Sølv,53480050590071,37f24e20247f0f54,128GB,Rigtig god,Sølv,continue,1549.00
"Brugt iPad 9.7"" 5. Gen (2017) WiFi",8391949320328,128GB / Som ny / Space Grey,42982911737992,dd2c940aed291ba5,128GB,Som ny,Space Grey,continue,1649.00
"Brugt iPad 9.7"" 5. Gen (2017) WiFi",8391949320328,128GB / Som ny / Guld,42982911770760,3a324a74158fff31,128GB,Som ny,Guld,continue,1649.00
"Brugt iPad 9.7"" 5. Gen (2017) WiFi",8391949320328,128GB / Som ny / Sølv,53480050622839,5364493a34fb7785,128GB,Som ny,Sølv,continue,1649.00
"Brugt iPad 9.7"" 6. Gen (2018) Cellular",8391946502280,32GB / Brugbar / Space Grey,42982898466952,c2e746609146b62f,32GB,Brugbar,Space Grey,continue,1349.00
"Brugt iPad 9.7"" 6. Gen (2018) Cellular",8391946502280,32GB / Brugbar / Sølv,42982898499720,96fb86c725b0705b,32GB,Brugbar,Sølv,continue,1349.00
"Brugt iPad 9.7"" 6. Gen (2018) Cellular",8391946502280,32GB / Brugbar / Guld,53480053375351,0f5af735882559b8,32GB,Brugbar,Guld,continue,1349.00
"Brugt iPad 9.7"" 6. Gen (2018) Cellular",8391946502280,32GB / Brugt / Space Grey,42982898532488,8fb3b2f133224896,32GB,Brugt,Space Grey,continue,1449.00
"Brugt iPad 9.7"" 6. Gen (2018) Cellular",8391946502280,32GB / Brugt / Sølv,42982898565256,c91f576eab983331,32GB,Brugt,Sølv,continue,1449.00
"Brugt iPad 9.7"" 6. Gen (2018) Cellular",8391946502280,32GB / Brugt / Guld,53480053408119,c59f00d3b4dcee9c,32GB,Brugt,Guld,continue,1449.00
"Brugt iPad 9.7"" 6. Gen (2018) Cellular",8391946502280,32GB / Rigtig god / Space Grey,42982898598024,cff675f65d9725d0,32GB,Rigtig god,Space Grey,continue,1549.00
"Brugt iPad 9.7"" 6. Gen (2018) Cellular",8391946502280,32GB / Rigtig god / Sølv,42982898630792,0dc4a6f15555687c,32GB,Rigtig god,Sølv,continue,1549.00
"Brugt iPad 9.7"" 6. Gen (2018) Cellular",8391946502280,32GB / Rigtig god / Guld,53480053440887,6f644cee9ff04e78,32GB,Rigtig god,Guld,continue,1549.00
"Brugt iPad 9.7"" 6. Gen (2018) Cellular",8391946502280,32GB / Som ny / Space Grey,42982898663560,d5097229b6f6877e,32GB,Som ny,Space Grey,continue,1649.00
"Brugt iPad 9.7"" 6. Gen (2018) Cellular",8391946502280,32GB / Som ny / Sølv,42982898696328,c546a03aaedc20f9,32GB,Som ny,Sølv,continue,1649.00
"Brugt iPad 9.7"" 6. Gen (2018) Cellular",8391946502280,32GB / Som ny / Guld,53480053473655,f9bdff9fc1140c74,32GB,Som ny,Guld,continue,1649.00
"Brugt iPad 9.7"" 6. Gen (2018) Cellular",8391946502280,128GB / Brugbar / Space Grey,42982898729096,428f2098259a2f82,128GB,Brugbar,Space Grey,continue,1749.00
"Brugt iPad 9.7"" 6. Gen (2018) Cellular",8391946502280,128GB / Brugbar / Sølv,42982898761864,a26f871f0b12235d,128GB,Brugbar,Sølv,continue,1749.00
"Brugt iPad 9.7"" 6. Gen (2018) Cellular",8391946502280,128GB / Brugbar / Guld,53480053506423,48c4022d9e0332fc,128GB,Brugbar,Guld,continue,1749.00
"Brugt iPad 9.7"" 6. Gen (2018) Cellular",8391946502280,128GB / Brugt / Space Grey,42982898794632,7d3ffe40dc30385e,128GB,Brugt,Space Grey,continue,1849.00
"Brugt iPad 9.7"" 6. Gen (2018) Cellular",8391946502280,128GB / Brugt / Sølv,42982898827400,a9d6dbf0ff1212a2,128GB,Brugt,Sølv,continue,1849.00
"Brugt iPad 9.7"" 6. Gen (2018) Cellular",8391946502280,128GB / Brugt / Guld,53480053539191,9ab30aadaf9a91a7,128GB,Brugt,Guld,continue,1849.00
"Brugt iPad 9.7"" 6. Gen (2018) Cellular",8391946502280,128GB / Rigtig god / Space Grey,42982898860168,5044a767d3f2a3bf,128GB,Rigtig god,Space Grey,continue,1949.00
"Brugt iPad 9.7"" 6. Gen (2018) Cellular",8391946502280,128GB / Rigtig god / Sølv,42982898892936,890fe6867918dd91,128GB,Rigtig god,Sølv,continue,1949.00
"Brugt iPad 9.7"" 6. Gen (2018) Cellular",8391946502280,128GB / Rigtig god / Guld,53480053571959,3603dbcf6cd4ebf0,128GB,Rigtig god,Guld,continue,1949.00
"Brugt iPad 9.7"" 6. Gen (2018) Cellular",8391946502280,128GB / Som ny / Space Grey,42982898925704,1fae7df167177888,128GB,Som ny,Space Grey,continue,2049.00
"Brugt iPad 9.7"" 6. Gen (2018) Cellular",8391946502280,128GB / Som ny / Sølv,42982898958472,43a2845617912f6c,128GB,Som ny,Sølv,continue,2049.00
"Brugt iPad 9.7"" 6. Gen (2018) Cellular",8391946502280,128GB / Som ny / Guld,53480053604727,d21d28883ce244df,128GB,Som ny,Guld,continue,2049.00
"Brugt iPad 9.7"" 6. Gen (2018) WiFi",8391940964488,32GB / Brugbar / Space Grey,42982884737160,709a7f5b164349ee,32GB,Brugbar,Space Grey,continue,1149.00
"Brugt iPad 9.7"" 6. Gen (2018) WiFi",8391940964488,32GB / Brugbar / Guld,42982884769928,e755285cbefc8125,32GB,Brugbar,Guld,continue,1149.00
"Brugt iPad 9.7"" 6. Gen (2018) WiFi",8391940964488,32GB / Brugbar / Sølv,53480056422775,c90bbae6b338c762,32GB,Brugbar,Sølv,continue,1149.00
"Brugt iPad 9.7"" 6. Gen (2018) WiFi",8391940964488,32GB / Brugt / Space Grey,42982884802696,5c301387ac66bd4b,32GB,Brugt,Space Grey,continue,1249.00
"Brugt iPad 9.7"" 6. Gen (2018) WiFi",8391940964488,32GB / Brugt / Guld,42982884835464,541ffbd4d3d04ae2,32GB,Brugt,Guld,continue,1249.00
"Brugt iPad 9.7"" 6. Gen (2018) WiFi",8391940964488,32GB / Brugt / Sølv,53480056455543,8c6f2354f05078e5,32GB,Brugt,Sølv,continue,1249.00
"Brugt iPad 9.7"" 6. Gen (2018) WiFi",8391940964488,32GB / Rigtig god / Space Grey,42982884868232,08b4df9fe8b22db5,32GB,Rigtig god,Space Grey,continue,1349.00
"Brugt iPad 9.7"" 6. Gen (2018) WiFi",8391940964488,32GB / Rigtig god / Guld,42982884901000,758de236925dd921,32GB,Rigtig god,Guld,continue,1349.00
"Brugt iPad 9.7"" 6. Gen (2018) WiFi",8391940964488,32GB / Rigtig god / Sølv,53480056488311,a564d6a604e1b779,32GB,Rigtig god,Sølv,continue,1349.00
"Brugt iPad 9.7"" 6. Gen (2018) WiFi",8391940964488,32GB / Som ny / Space Grey,42982884933768,b776bd125a21f0ec,32GB,Som ny,Space Grey,continue,1449.00
"Brugt iPad 9.7"" 6. Gen (2018) WiFi",8391940964488,32GB / Som ny / Guld,42982884966536,1ccf7f5a500d59d3,32GB,Som ny,Guld,continue,1449.00
"Brugt iPad 9.7"" 6. Gen (2018) WiFi",8391940964488,32GB / Som ny / Sølv,53480056521079,fc17c04664e88b7c,32GB,Som ny,Sølv,continue,1449.00
"Brugt iPad 9.7"" 6. Gen (2018) WiFi",8391940964488,128GB / Brugbar / Space Grey,42982884999304,201749b5a5d15476,128GB,Brugbar,Space Grey,continue,1649.00
"Brugt iPad 9.7"" 6. Gen (2018) WiFi",8391940964488,128GB / Brugbar / Guld,42982885032072,6a84cf6e9a92dada,128GB,Brugbar,Guld,continue,1649.00
"Brugt iPad 9.7"" 6. Gen (2018) WiFi",8391940964488,128GB / Brugbar / Sølv,53480056553847,fb83048e7606a4d1,128GB,Brugbar,Sølv,continue,1649.00
"Brugt iPad 9.7"" 6. Gen (2018) WiFi",8391940964488,128GB / Brugt / Space Grey,42982885064840,98c5d99a4710a757,128GB,Brugt,Space Grey,continue,1749.00
"Brugt iPad 9.7"" 6. Gen (2018) WiFi",8391940964488,128GB / Brugt / Guld,42982885097608,5a167d66ba7e5ec3,128GB,Brugt,Guld,continue,1749.00
"Brugt iPad 9.7"" 6. Gen (2018) WiFi",8391940964488,128GB / Brugt / Sølv,53480056586615,bfdf2acf070499ee,128GB,Brugt,Sølv,continue,1749.00
"Brugt iPad 9.7"" 6. Gen (2018) WiFi",8391940964488,128GB / Rigtig god / Space Grey,42982885130376,bdb9faced31ccea8,128GB,Rigtig god,Space Grey,continue,1849.00
"Brugt iPad 9.7"" 6. Gen (2018) WiFi",8391940964488,128GB / Rigtig god / Guld,42982885163144,98b43a24918ab52d,128GB,Rigtig god,Guld,continue,1849.00
"Brugt iPad 9.7"" 6. Gen (2018) WiFi",8391940964488,128GB / Rigtig god / Sølv,53480056619383,3790fa3932b32f01,128GB,Rigtig god,Sølv,continue,1849.00
"Brugt iPad 9.7"" 6. Gen (2018) WiFi",8391940964488,128GB / Som ny / Space Grey,42982885195912,b1aaa35f2749567d,128GB,Som ny,Space Grey,continue,1949.00
"Brugt iPad 9.7"" 6. Gen (2018) WiFi",8391940964488,128GB / Som ny / Guld,42982885228680,ea60f96b8e9fd844,128GB,Som ny,Guld,continue,1949.00
"Brugt iPad 9.7"" 6. Gen (2018) WiFi",8391940964488,128GB / Som ny / Sølv,53480056652151,2a06ad3a58723dfc,128GB,Som ny,Sølv,continue,1949.00
"Brugt iPad Air 10.5"" 3.Gen (2019) Cellular",14668724961655,64GB / Brugbar / Space Grey,53471043420535,cc77db94dc1dd307,64GB,Brugbar,Space Grey,continue,2249.00
"Brugt iPad Air 10.5"" 3.Gen (2019) Cellular",14668724961655,64GB / Brugbar / Sølv,53471043453303,746f3aa3f6216042,64GB,Brugbar,Sølv,continue,2249.00
"Brugt iPad Air 10.5"" 3.Gen (2019) Cellular",14668724961655,64GB / Brugbar / Guld,53471713788279,857678f807a1abe4,64GB,Brugbar,Guld,continue,2249.00
"Brugt iPad Air 10.5"" 3.Gen (2019) Cellular",14668724961655,64GB / Brugt / Space Grey,53471043486071,7ea0f1385373dc96,64GB,Brugt,Space Grey,continue,2449.00
"Brugt iPad Air 10.5"" 3.Gen (2019) Cellular",14668724961655,64GB / Brugt / Sølv,53471043518839,cd471476bd0e9154,64GB,Brugt,Sølv,continue,2449.00
"Brugt iPad Air 10.5"" 3.Gen (2019) Cellular",14668724961655,64GB / Brugt / Guld,53471713821047,b38d71dc1aa0092b,64GB,Brugt,Guld,continue,2449.00
"Brugt iPad Air 10.5"" 3.Gen (2019) Cellular",14668724961655,64GB / Rigtig god / Space Grey,53471043551607,04e00f7e427fcf48,64GB,Rigtig god,Space Grey,continue,2649.00
"Brugt iPad Air 10.5"" 3.Gen (2019) Cellular",14668724961655,64GB / Rigtig god / Sølv,53471043584375,1983d0bb8e636cb3,64GB,Rigtig god,Sølv,continue,2649.00
"Brugt iPad Air 10.5"" 3.Gen (2019) Cellular",14668724961655,64GB / Rigtig god / Guld,53471713853815,dc2c18ee0fc6a78f,64GB,Rigtig god,Guld,continue,2649.00
"Brugt iPad Air 10.5"" 3.Gen (2019) Cellular",14668724961655,64GB / Som ny / Space Grey,53471043617143,ae4c0917d32e2e39,64GB,Som ny,Space Grey,continue,2949.00
"Brugt iPad Air 10.5"" 3.Gen (2019) Cellular",14668724961655,64GB / Som ny / Sølv,53471043649911,13e984ec567fe7b9,64GB,Som ny,Sølv,continue,2949.00
"Brugt iPad Air 10.5"" 3.Gen (2019) Cellular",14668724961655,64GB / Som ny / Guld,53471713886583,d8b05f9b9bead7e6,64GB,Som ny,Guld,continue,2949.00
"Brugt iPad Air 10.5"" 3.Gen (2019) Cellular",14668724961655,256GB / Brugbar / Space Grey,53471043944823,a687c5958b6d6d98,256GB,Brugbar,Space Grey,continue,2749.00
"Brugt iPad Air 10.5"" 3.Gen (2019) Cellular",14668724961655,256GB / Brugbar / Sølv,53471043977591,33dffacac4ff2cec,256GB,Brugbar,Sølv,continue,2749.00
"Brugt iPad Air 10.5"" 3.Gen (2019) Cellular",14668724961655,256GB / Brugbar / Guld,53471713919351,b603dd246e2de391,256GB,Brugbar,Guld,continue,2749.00
"Brugt iPad Air 10.5"" 3.Gen (2019) Cellular",14668724961655,256GB / Brugt / Space Grey,53471044010359,0811bdd578affad5,256GB,Brugt,Space Grey,continue,3049.00
"Brugt iPad Air 10.5"" 3.Gen (2019) Cellular",14668724961655,256GB / Brugt / Sølv,53471044043127,2cacd24af3d081c1,256GB,Brugt,Sølv,continue,3049.00
"Brugt iPad Air 10.5"" 3.Gen (2019) Cellular",14668724961655,256GB / Brugt / Guld,53471713952119,82487ae39ba3f782,256GB,Brugt,Guld,continue,3049.00
"Brugt iPad Air 10.5"" 3.Gen (2019) Cellular",14668724961655,256GB / Rigtig god / Space Grey,53471044075895,9084e3426151ed87,256GB,Rigtig god,Space Grey,continue,3249.00
"Brugt iPad Air 10.5"" 3.Gen (2019) Cellular",14668724961655,256GB / Rigtig god / Sølv,53471044108663,f316887110ef3893,256GB,Rigtig god,Sølv,continue,3249.00
"Brugt iPad Air 10.5"" 3.Gen (2019) Cellular",14668724961655,256GB / Rigtig god / Guld,53471713984887,02d0c28456cbf985,256GB,Rigtig god,Guld,continue,3249.00
"Brugt iPad Air 10.5"" 3.Gen (2019) Cellular",14668724961655,256GB / Som ny / Space Grey,53471044141431,517dc0c034d253a0,256GB,Som ny,Space Grey,continue,3649.00
"Brugt iPad Air 10.5"" 3.Gen (2019) Cellular",14668724961655,256GB / Som ny / Sølv,53471044174199,159c8b2434a0ca7c,256GB,Som ny,Sølv,continue,3649.00
"Brugt iPad Air 10.5"" 3.Gen (2019) Cellular",14668724961655,256GB / Som ny / Guld,53471714017655,063112ce08f71816,256GB,Som ny,Guld,continue,3649.00
"Brugt iPad Air 10.5"" 3.Gen (2019) WiFi",14668724797815,64GB / Brugbar / Space Grey,53471042109815,ef9ececacbe9945e,64GB,Brugbar,Space Grey,continue,1749.00
"Brugt iPad Air 10.5"" 3.Gen (2019) WiFi",14668724797815,64GB / Brugbar / Sølv,53471042142583,edb9398af2602436,64GB,Brugbar,Sølv,continue,1749.00
"Brugt iPad Air 10.5"" 3.Gen (2019) WiFi",14668724797815,64GB / Brugbar / Guld,53471720079735,cf6616cf0f0a1fb4,64GB,Brugbar,Guld,continue,1749.00
"Brugt iPad Air 10.5"" 3.Gen (2019) WiFi",14668724797815,64GB / Brugt / Space Grey,53471042175351,245204af3d0f1da6,64GB,Brugt,Space Grey,continue,1949.00
"Brugt iPad Air 10.5"" 3.Gen (2019) WiFi",14668724797815,64GB / Brugt / Sølv,53471042208119,2db14b4515af5510,64GB,Brugt,Sølv,continue,1949.00
"Brugt iPad Air 10.5"" 3.Gen (2019) WiFi",14668724797815,64GB / Brugt / Guld,53471720112503,f9012d41a313289a,64GB,Brugt,Guld,continue,1949.00
"Brugt iPad Air 10.5"" 3.Gen (2019) WiFi",14668724797815,64GB / Rigtig god / Space Grey,53471042240887,feec2c3d8567b6c2,64GB,Rigtig god,Space Grey,continue,2149.00
"Brugt iPad Air 10.5"" 3.Gen (2019) WiFi",14668724797815,64GB / Rigtig god / Sølv,53471042273655,4904ba882410daf6,64GB,Rigtig god,Sølv,continue,2149.00
"Brugt iPad Air 10.5"" 3.Gen (2019) WiFi",14668724797815,64GB / Rigtig god / Guld,53471720145271,0de5f2e35d9ccd92,64GB,Rigtig god,Guld,continue,2149.00
"Brugt iPad Air 10.5"" 3.Gen (2019) WiFi",14668724797815,64GB / Som ny / Space Grey,53471042306423,0c2aaacbea2d918f,64GB,Som ny,Space Grey,continue,2449.00
"Brugt iPad Air 10.5"" 3.Gen (2019) WiFi",14668724797815,64GB / Som ny / Sølv,53471042339191,be3d2f93d0b62eb2,64GB,Som ny,Sølv,continue,2449.00
"Brugt iPad Air 10.5"" 3.Gen (2019) WiFi",14668724797815,64GB / Som ny / Guld,53471720178039,3ef4e9bf8e408ac8,64GB,Som ny,Guld,continue,2449.00
"Brugt iPad Air 10.5"" 3.Gen (2019) WiFi",14668724797815,256GB / Brugbar / Space Grey,53471042634103,a0f5906e79a598d7,256GB,Brugbar,Space Grey,continue,2249.00
"Brugt iPad Air 10.5"" 3.Gen (2019) WiFi",14668724797815,256GB / Brugbar / Sølv,53471042666871,f950c7e131f0970b,256GB,Brugbar,Sølv,continue,2249.00
"Brugt iPad Air 10.5"" 3.Gen (2019) WiFi",14668724797815,256GB / Brugbar / Guld,53471720210807,d4a7ef91ca1e423a,256GB,Brugbar,Guld,continue,2249.00
"Brugt iPad Air 10.5"" 3.Gen (2019) WiFi",14668724797815,256GB / Brugt / Space Grey,53471042699639,404ce4f965e25583,256GB,Brugt,Space Grey,continue,2549.00
"Brugt iPad Air 10.5"" 3.Gen (2019) WiFi",14668724797815,256GB / Brugt / Sølv,53471042732407,2833d68ee03e2184,256GB,Brugt,Sølv,continue,2549.00
"Brugt iPad Air 10.5"" 3.Gen (2019) WiFi",14668724797815,256GB / Brugt / Guld,53471720243575,62bc512034d50e06,256GB,Brugt,Guld,continue,2549.00
"Brugt iPad Air 10.5"" 3.Gen (2019) WiFi",14668724797815,256GB / Rigtig god / Space Grey,53471042765175,ec03b8e601371f93,256GB,Rigtig god,Space Grey,continue,2749.00
"Brugt iPad Air 10.5"" 3.Gen (2019) WiFi",14668724797815,256GB / Rigtig god / Sølv,53471042797943,46bf491aca7887da,256GB,Rigtig god,Sølv,continue,2749.00
"Brugt iPad Air 10.5"" 3.Gen (2019) WiFi",14668724797815,256GB / Rigtig god / Guld,53471720276343,4d4c2c59b693a679,256GB,Rigtig god,Guld,continue,2749.00
"Brugt iPad Air 10.5"" 3.Gen (2019) WiFi",14668724797815,256GB / Som ny / Space Grey,53471042830711,0facaab564f24ac6,256GB,Som ny,Space Grey,continue,3149.00
"Brugt iPad Air 10.5"" 3.Gen (2019) WiFi",14668724797815,256GB / Som ny / Sølv,53471042863479,cea745659005e46f,256GB,Som ny,Sølv,continue,3149.00
"Brugt iPad Air 10.5"" 3.Gen (2019) WiFi",14668724797815,256GB / Som ny / Guld,53471720309111,a9e9778fc71ce16f,256GB,Som ny,Guld,continue,3149.00
Brugt iPad Air 10.9” 4.Gen (2020) Cellular,14668725453175,64GB / Brugbar / Space Grey,53471046533495,c055565b0d1ab388,64GB,Brugbar,Space Grey,continue,3149.00
Brugt iPad Air 10.9” 4.Gen (2020) Cellular,14668725453175,64GB / Brugbar / Sølv,53471046566263,14238c89f5e57af6,64GB,Brugbar,Sølv,continue,3149.00
Brugt iPad Air 10.9” 4.Gen (2020) Cellular,14668725453175,64GB / Brugbar / Rosa Guld,53480111014263,c954a62e2ad12041,64GB,Brugbar,Rosa Guld,continue,3149.00
Brugt iPad Air 10.9” 4.Gen (2020) Cellular,14668725453175,64GB / Brugbar / Grøn,53480111047031,655e9aa7431d66ba,64GB,Brugbar,Grøn,continue,3149.00
Brugt iPad Air 10.9” 4.Gen (2020) Cellular,14668725453175,64GB / Brugbar / Himmelblå,53480111079799,7063e372a8f17585,64GB,Brugbar,Himmelblå,continue,3349.00
Brugt iPad Air 10.9” 4.Gen (2020) Cellular,14668725453175,64GB / Brugt / Space Grey,53471046599031,945cdf0d966d1397,64GB,Brugt,Space Grey,continue,3349.00
Brugt iPad Air 10.9” 4.Gen (2020) Cellular,14668725453175,64GB / Brugt / Sølv,53471046631799,c6906f9eb4c53887,64GB,Brugt,Sølv,continue,3349.00
Brugt iPad Air 10.9” 4.Gen (2020) Cellular,14668725453175,64GB / Brugt / Rosa Guld,53480111112567,0a8c6146c5bbe9ca,64GB,Brugt,Rosa Guld,continue,3349.00
Brugt iPad Air 10.9” 4.Gen (2020) Cellular,14668725453175,64GB / Brugt / Grøn,53480111145335,e29af917e2b1ba34,64GB,Brugt,Grøn,continue,3349.00
Brugt iPad Air 10.9” 4.Gen (2020) Cellular,14668725453175,64GB / Brugt / Himmelblå,53480111178103,f168c8cb25528a09,64GB,Brugt,Himmelblå,continue,3349.00
Brugt iPad Air 10.9” 4.Gen (2020) Cellular,14668725453175,64GB / Rigtig god / Space Grey,53471046664567,d738adf41d6230b3,64GB,Rigtig god,Space Grey,continue,3549.00
Brugt iPad Air 10.9” 4.Gen (2020) Cellular,14668725453175,64GB / Rigtig god / Sølv,53471046697335,157948d27549d6a1,64GB,Rigtig god,Sølv,continue,3549.00
Brugt iPad Air 10.9” 4.Gen (2020) Cellular,14668725453175,64GB / Rigtig god / Rosa Guld,53480111210871,c2761f4c0d9f586e,64GB,Rigtig god,Rosa Guld,continue,3549.00
Brugt iPad Air 10.9” 4.Gen (2020) Cellular,14668725453175,64GB / Rigtig god / Grøn,53480111243639,0502dec4827b9fa0,64GB,Rigtig god,Grøn,continue,3549.00
Brugt iPad Air 10.9” 4.Gen (2020) Cellular,14668725453175,64GB / Rigtig god / Himmelblå,53480111276407,361f168818dff094,64GB,Rigtig god,Himmelblå,continue,3549.00
Brugt iPad Air 10.9” 4.Gen (2020) Cellular,14668725453175,64GB / Som ny / Space Grey,53471046730103,3028ec53689fe23c,64GB,Som ny,Space Grey,continue,3749.00
Brugt iPad Air 10.9” 4.Gen (2020) Cellular,14668725453175,64GB / Som ny / Sølv,53471046762871,eee9398f8d0f9be1,64GB,Som ny,Sølv,continue,3749.00
Brugt iPad Air 10.9” 4.Gen (2020) Cellular,14668725453175,64GB / Som ny / Rosa Guld,53480111309175,52882c4fb9558eaf,64GB,Som ny,Rosa Guld,continue,3749.00
Brugt iPad Air 10.9” 4.Gen (2020) Cellular,14668725453175,64GB / Som ny / Grøn,53480111341943,229e27697eaea95b,64GB,Som ny,Grøn,continue,3749.00
Brugt iPad Air 10.9” 4.Gen (2020) Cellular,14668725453175,64GB / Som ny / Himmelblå,53480111374711,4870683875307ccf,64GB,Som ny,Himmelblå,continue,3749.00
Brugt iPad Air 10.9” 4.Gen (2020) Cellular,14668725453175,256GB / Brugbar / Space Grey,53471047057783,487f128faee49936,256GB,Brugbar,Space Grey,continue,3949.00
Brugt iPad Air 10.9” 4.Gen (2020) Cellular,14668725453175,256GB / Brugbar / Sølv,53471047090551,692c7b0f6e73ee1f,256GB,Brugbar,Sølv,continue,3949.00
Brugt iPad Air 10.9” 4.Gen (2020) Cellular,14668725453175,256GB / Brugbar / Rosa Guld,53480111407479,3a3710a1055db210,256GB,Brugbar,Rosa Guld,continue,3949.00
Brugt iPad Air 10.9” 4.Gen (2020) Cellular,14668725453175,256GB / Brugbar / Grøn,53480111440247,3241f2c7db63c147,256GB,Brugbar,Grøn,continue,3949.00
Brugt iPad Air 10.9” 4.Gen (2020) Cellular,14668725453175,256GB / Brugbar / Himmelblå,53480111473015,87700a66888954a3,256GB,Brugbar,Himmelblå,continue,3949.00
Brugt iPad Air 10.9” 4.Gen (2020) Cellular,14668725453175,256GB / Brugt / Space Grey,53471047123319,402373e435b8071a,256GB,Brugt,Space Grey,continue,4149.00
Brugt iPad Air 10.9” 4.Gen (2020) Cellular,14668725453175,256GB / Brugt / Sølv,53471047156087,b9c710e18753ca7d,256GB,Brugt,Sølv,continue,4149.00
Brugt iPad Air 10.9” 4.Gen (2020) Cellular,14668725453175,256GB / Brugt / Rosa Guld,53480111505783,ec775f9ea5ed6d06,256GB,Brugt,Rosa Guld,continue,4149.00
Brugt iPad Air 10.9” 4.Gen (2020) Cellular,14668725453175,256GB / Brugt / Grøn,53480111538551,c5e7c3fa8986bcd0,256GB,Brugt,Grøn,continue,4149.00
Brugt iPad Air 10.9” 4.Gen (2020) Cellular,14668725453175,256GB / Brugt / Himmelblå,53480111571319,6a0dd13033095bb1,256GB,Brugt,Himmelblå,continue,4149.00
Brugt iPad Air 10.9” 4.Gen (2020) Cellular,14668725453175,256GB / Rigtig god / Space Grey,53471047188855,08afd53c937bd0e5,256GB,Rigtig god,Space Grey,continue,4349.00
Brugt iPad Air 10.9” 4.Gen (2020) Cellular,14668725453175,256GB / Rigtig god / Sølv,53471047221623,c10a606051c9a007,256GB,Rigtig god,Sølv,continue,4349.00
Brugt iPad Air 10.9” 4.Gen (2020) Cellular,14668725453175,256GB / Rigtig god / Rosa Guld,53480111604087,f447b7693e4b7a0a,256GB,Rigtig god,Rosa Guld,continue,4349.00
Brugt iPad Air 10.9” 4.Gen (2020) Cellular,14668725453175,256GB / Rigtig god / Grøn,53480111636855,fb2e1064c54fb232,256GB,Rigtig god,Grøn,continue,4349.00
Brugt iPad Air 10.9” 4.Gen (2020) Cellular,14668725453175,256GB / Rigtig god / Himmelblå,53480111669623,e75368729536041a,256GB,Rigtig god,Himmelblå,continue,4349.00
Brugt iPad Air 10.9” 4.Gen (2020) Cellular,14668725453175,256GB / Som ny / Space Grey,53471047254391,0377a70fab65ebbc,256GB,Som ny,Space Grey,continue,4549.00
Brugt iPad Air 10.9” 4.Gen (2020) Cellular,14668725453175,256GB / Som ny / Sølv,53471047287159,40d97e5c5f361ade,256GB,Som ny,Sølv,continue,4549.00
Brugt iPad Air 10.9” 4.Gen (2020) Cellular,14668725453175,256GB / Som ny / Rosa Guld,53480111702391,4389fd7584f49363,256GB,Som ny,Rosa Guld,continue,4549.00
Brugt iPad Air 10.9” 4.Gen (2020) Cellular,14668725453175,256GB / Som ny / Grøn,53480111735159,a2af69ccd7da4e2f,256GB,Som ny,Grøn,continue,4549.00
Brugt iPad Air 10.9” 4.Gen (2020) Cellular,14668725453175,256GB / Som ny / Himmelblå,53480111767927,a40b1b77a2737173,256GB,Som ny,Himmelblå,continue,4549.00
Brugt iPad Air 10.9” 4.Gen (2020) WiFi,14668725289335,64GB / Brugbar / Space Grey,53471045222775,3c4740e6926a5645,64GB,Brugbar,Space Grey,continue,2549.00
Brugt iPad Air 10.9” 4.Gen (2020) WiFi,14668725289335,64GB / Brugbar / Sølv,53471045255543,48870884f9e79168,64GB,Brugbar,Sølv,continue,2549.00
Brugt iPad Air 10.9” 4.Gen (2020) WiFi,14668725289335,64GB / Brugbar / Rosa Guld,53480129954167,022acd3738ea332c,64GB,Brugbar,Rosa Guld,continue,2549.00
Brugt iPad Air 10.9” 4.Gen (2020) WiFi,14668725289335,64GB / Brugbar / Grøn,53480129986935,dce81cfecd26eefd,64GB,Brugbar,Grøn,continue,2549.00
Brugt iPad Air 10.9” 4.Gen (2020) WiFi,14668725289335,64GB / Brugbar / Himmelblå,53480130019703,9c20627c27c9062b,64GB,Brugbar,Himmelblå,continue,2549.00
Brugt iPad Air 10.9” 4.Gen (2020) WiFi,14668725289335,64GB / Brugt / Space Grey,53471045288311,11c8798fe150d317,64GB,Brugt,Space Grey,continue,2749.00
Brugt iPad Air 10.9” 4.Gen (2020) WiFi,14668725289335,64GB / Brugt / Sølv,53471045321079,3a988c22a06bb8c6,64GB,Brugt,Sølv,continue,2749.00
Brugt iPad Air 10.9” 4.Gen (2020) WiFi,14668725289335,64GB / Brugt / Rosa Guld,53480130052471,afd6790abe498c71,64GB,Brugt,Rosa Guld,continue,2749.00
Brugt iPad Air 10.9” 4.Gen (2020) WiFi,14668725289335,64GB / Brugt / Grøn,53480130085239,075e43506d379073,64GB,Brugt,Grøn,continue,2749.00
Brugt iPad Air 10.9” 4.Gen (2020) WiFi,14668725289335,64GB / Brugt / Himmelblå,53480130118007,3fd778f763f42b40,64GB,Brugt,Himmelblå,continue,2749.00
Brugt iPad Air 10.9” 4.Gen (2020) WiFi,14668725289335,64GB / Rigtig god / Space Grey,53471045353847,1015c92e61c94e34,64GB,Rigtig god,Space Grey,continue,2949.00
Brugt iPad Air 10.9” 4.Gen (2020) WiFi,14668725289335,64GB / Rigtig god / Sølv,53471045386615,71c672c8c24651a3,64GB,Rigtig god,Sølv,continue,2949.00
Brugt iPad Air 10.9” 4.Gen (2020) WiFi,14668725289335,64GB / Rigtig god / Rosa Guld,53480130150775,8ede4e6e554d7233,64GB,Rigtig god,Rosa Guld,continue,2949.00
Brugt iPad Air 10.9” 4.Gen (2020) WiFi,14668725289335,64GB / Rigtig god / Grøn,53480130183543,1536f7add7d0a88b,64GB,Rigtig god,Grøn,continue,2949.00
Brugt iPad Air 10.9” 4.Gen (2020) WiFi,14668725289335,64GB / Rigtig god / Himmelblå,53480130216311,d4768f33afc89d87,64GB,Rigtig god,Himmelblå,continue,2949.00
Brugt iPad Air 10.9” 4.Gen (2020) WiFi,14668725289335,64GB / Som ny / Space Grey,53471045419383,2779d3f33e0bb3c9,64GB,Som ny,Space Grey,continue,3149.00
Brugt iPad Air 10.9” 4.Gen (2020) WiFi,14668725289335,64GB / Som ny / Sølv,53471045452151,11287df96cc9deef,64GB,Som ny,Sølv,continue,3149.00
Brugt iPad Air 10.9” 4.Gen (2020) WiFi,14668725289335,64GB / Som ny / Rosa Guld,53480130249079,7fa44e65a041ca5a,64GB,Som ny,Rosa Guld,continue,3149.00
Brugt iPad Air 10.9” 4.Gen (2020) WiFi,14668725289335,64GB / Som ny / Grøn,53480130281847,d5fcdc927a8afbb5,64GB,Som ny,Grøn,continue,3149.00
Brugt iPad Air 10.9” 4.Gen (2020) WiFi,14668725289335,64GB / Som ny / Himmelblå,53480130314615,06604670eb820f5b,64GB,Som ny,Himmelblå,continue,3149.00
Brugt iPad Air 10.9” 4.Gen (2020) WiFi,14668725289335,256GB / Brugbar / Space Grey,53471045747063,667b45faa14a4594,256GB,Brugbar,Space Grey,continue,3349.00
Brugt iPad Air 10.9” 4.Gen (2020) WiFi,14668725289335,256GB / Brugbar / Sølv,53471045779831,09e6a06bfef082a5,256GB,Brugbar,Sølv,continue,3349.00
Brugt iPad Air 10.9” 4.Gen (2020) WiFi,14668725289335,256GB / Brugbar / Rosa Guld,53480130347383,118e04619f190cd6,256GB,Brugbar,Rosa Guld,continue,3349.00
Brugt iPad Air 10.9” 4.Gen (2020) WiFi,14668725289335,256GB / Brugbar / Grøn,53480130380151,8b656b9e3fed9360,256GB,Brugbar,Grøn,continue,3349.00
Brugt iPad Air 10.9” 4.Gen (2020) WiFi,14668725289335,256GB / Brugbar / Himmelblå,53480130412919,b681ea2370ba058c,256GB,Brugbar,Himmelblå,continue,3349.00
Brugt iPad Air 10.9” 4.Gen (2020) WiFi,14668725289335,256GB / Brugt / Space Grey,53471045812599,f5b18e26f5fc3bc6,256GB,Brugt,Space Grey,continue,3549.00
Brugt iPad Air 10.9” 4.Gen (2020) WiFi,14668725289335,256GB / Brugt / Sølv,53471045845367,d2d1f47d51e6cdea,256GB,Brugt,Sølv,continue,3549.00
Brugt iPad Air 10.9” 4.Gen (2020) WiFi,14668725289335,256GB / Brugt / Rosa Guld,53480130445687,b4c8e26fc21ecd13,256GB,Brugt,Rosa Guld,continue,3549.00
Brugt iPad Air 10.9” 4.Gen (2020) WiFi,14668725289335,256GB / Brugt / Grøn,53480130478455,3d38fdbf32312910,256GB,Brugt,Grøn,continue,3549.00
Brugt iPad Air 10.9” 4.Gen (2020) WiFi,14668725289335,256GB / Brugt / Himmelblå,53480130511223,adfd24de71748b0b,256GB,Brugt,Himmelblå,continue,3549.00
Brugt iPad Air 10.9” 4.Gen (2020) WiFi,14668725289335,256GB / Rigtig god / Space Grey,53471045878135,9f471d38f67b6468,256GB,Rigtig god,Space Grey,continue,3749.00
Brugt iPad Air 10.9” 4.Gen (2020) WiFi,14668725289335,256GB / Rigtig god / Sølv,53471045910903,1ca496d3e863c9d4,256GB,Rigtig god,Sølv,continue,3749.00
Brugt iPad Air 10.9” 4.Gen (2020) WiFi,14668725289335,256GB / Rigtig god / Rosa Guld,53480130543991,ee137aef7559d41f,256GB,Rigtig god,Rosa Guld,continue,3749.00
Brugt iPad Air 10.9” 4.Gen (2020) WiFi,14668725289335,256GB / Rigtig god / Grøn,53480130576759,249ce5ba293764b0,256GB,Rigtig god,Grøn,continue,3749.00
Brugt iPad Air 10.9” 4.Gen (2020) WiFi,14668725289335,256GB / Rigtig god / Himmelblå,53480130609527,5cb917634d43de87,256GB,Rigtig god,Himmelblå,continue,3749.00
Brugt iPad Air 10.9” 4.Gen (2020) WiFi,14668725289335,256GB / Som ny / Space Grey,53471045943671,cf7ab61222d997ff,256GB,Som ny,Space Grey,continue,3949.00
Brugt iPad Air 10.9” 4.Gen (2020) WiFi,14668725289335,256GB / Som ny / Sølv,53471045976439,c8a17aa61b115a67,256GB,Som ny,Sølv,continue,3949.00
Brugt iPad Air 10.9” 4.Gen (2020) WiFi,14668725289335,256GB / Som ny / Rosa Guld,53480130642295,047f49742e50c6ed,256GB,Som ny,Rosa Guld,continue,3949.00
Brugt iPad Air 10.9” 4.Gen (2020) WiFi,14668725289335,256GB / Som ny / Grøn,53480130675063,f85ca1be12f657f8,256GB,Som ny,Grøn,continue,3949.00
Brugt iPad Air 10.9” 4.Gen (2020) WiFi,14668725289335,256GB / Som ny / Himmelblå,53480130707831,925f74ae1bbfbd3e,256GB,Som ny,Himmelblå,continue,3949.00
Brugt iPad Air 10.9” 5.Gen (2022) Cellular,14668726141303,64GB / Brugbar / Space Grey,53471051219319,cdfd17f22108f48f,64GB,Brugbar,Space Grey,continue,3734.00
Brugt iPad Air 10.9” 5.Gen (2022) Cellular,14668726141303,64GB / Brugbar / Stjerneskær,53471051252087,965234d793878945,64GB,Brugbar,Stjerneskær,continue,3734.00
Brugt iPad Air 10.9” 5.Gen (2022) Cellular,14668726141303,64GB / Brugbar / Lyserød,53480118026615,fb3648e39c1dae2c,64GB,Brugbar,Lyserød,continue,3734.00
Brugt iPad Air 10.9” 5.Gen (2022) Cellular,14668726141303,64GB / Brugbar / Lilla,53480118059383,930845470a008bcd,64GB,Brugbar,Lilla,continue,3914.00
Brugt iPad Air 10.9” 5.Gen (2022) Cellular,14668726141303,64GB / Brugbar / Blå,53480118092151,2f92e0c3388df06e,64GB,Brugbar,Blå,continue,3914.00
Brugt iPad Air 10.9” 5.Gen (2022) Cellular,14668726141303,64GB / Brugt / Space Grey,53471051284855,e9664f97c3a28f92,64GB,Brugt,Space Grey,continue,3914.00
Brugt iPad Air 10.9” 5.Gen (2022) Cellular,14668726141303,64GB / Brugt / Stjerneskær,53471051317623,1542baa17fc6f93c,64GB,Brugt,Stjerneskær,continue,3914.00
Brugt iPad Air 10.9” 5.Gen (2022) Cellular,14668726141303,64GB / Brugt / Lyserød,53480118124919,4ab429ef12f6f840,64GB,Brugt,Lyserød,continue,3914.00
Brugt iPad Air 10.9” 5.Gen (2022) Cellular,14668726141303,64GB / Brugt / Lilla,53480118157687,125a8c57ef42ba31,64GB,Brugt,Lilla,continue,3914.00
Brugt iPad Air 10.9” 5.Gen (2022) Cellular,14668726141303,64GB / Brugt / Blå,53480118190455,4c2e09d79810f745,64GB,Brugt,Blå,continue,3914.00
Brugt iPad Air 10.9” 5.Gen (2022) Cellular,14668726141303,64GB / Rigtig god / Space Grey,53471051350391,0a2aea14fa1370da,64GB,Rigtig god,Space Grey,continue,4094.00
Brugt iPad Air 10.9” 5.Gen (2022) Cellular,14668726141303,64GB / Rigtig god / Stjerneskær,53471051383159,4b43622ec0af34c4,64GB,Rigtig god,Stjerneskær,continue,4094.00
Brugt iPad Air 10.9” 5.Gen (2022) Cellular,14668726141303,64GB / Rigtig god / Lyserød,53480118223223,b8e891f89162b018,64GB,Rigtig god,Lyserød,continue,4094.00
Brugt iPad Air 10.9” 5.Gen (2022) Cellular,14668726141303,64GB / Rigtig god / Lilla,53480118255991,b95936c0513151e0,64GB,Rigtig god,Lilla,continue,4094.00
Brugt iPad Air 10.9” 5.Gen (2022) Cellular,14668726141303,64GB / Rigtig god / Blå,53480118288759,d5c3cd169181c977,64GB,Rigtig god,Blå,continue,4094.00
Brugt iPad Air 10.9” 5.Gen (2022) Cellular,14668726141303,64GB / Som ny / Space Grey,53471051415927,0b9c2f79de770560,64GB,Som ny,Space Grey,continue,4274.00
Brugt iPad Air 10.9” 5.Gen (2022) Cellular,14668726141303,64GB / Som ny / Stjerneskær,53471051448695,5bc7ade967cc8a37,64GB,Som ny,Stjerneskær,continue,4274.00
Brugt iPad Air 10.9” 5.Gen (2022) Cellular,14668726141303,64GB / Som ny / Lyserød,53480118321527,4d5df9611f884c2b,64GB,Som ny,Lyserød,continue,4274.00
Brugt iPad Air 10.9” 5.Gen (2022) Cellular,14668726141303,64GB / Som ny / Lilla,53480118354295,f5a6b96792429a5e,64GB,Som ny,Lilla,continue,4274.00
Brugt iPad Air 10.9” 5.Gen (2022) Cellular,14668726141303,64GB / Som ny / Blå,53480118387063,b24518855197edf8,64GB,Som ny,Blå,continue,4274.00
Brugt iPad Air 10.9” 5.Gen (2022) Cellular,14668726141303,256GB / Brugbar / Space Grey,53471051743607,d69185612052878f,256GB,Brugbar,Space Grey,continue,4454.00
Brugt iPad Air 10.9” 5.Gen (2022) Cellular,14668726141303,256GB / Brugbar / Stjerneskær,53471051776375,00edac2da1c1f078,256GB,Brugbar,Stjerneskær,continue,4454.00
Brugt iPad Air 10.9” 5.Gen (2022) Cellular,14668726141303,256GB / Brugbar / Lyserød,53480118419831,66a9d12b2caee9af,256GB,Brugbar,Lyserød,continue,4454.00
Brugt iPad Air 10.9” 5.Gen (2022) Cellular,14668726141303,256GB / Brugbar / Lilla,53480118452599,439054dc6e63842a,256GB,Brugbar,Lilla,continue,4454.00
Brugt iPad Air 10.9” 5.Gen (2022) Cellular,14668726141303,256GB / Brugbar / Blå,53480118485367,0480b5a88afabe0d,256GB,Brugbar,Blå,continue,4454.00
Brugt iPad Air 10.9” 5.Gen (2022) Cellular,14668726141303,256GB / Brugt / Space Grey,53471051809143,993cc5ed6359d361,256GB,Brugt,Space Grey,continue,4634.00
Brugt iPad Air 10.9” 5.Gen (2022) Cellular,14668726141303,256GB / Brugt / Stjerneskær,53471051841911,d5446e3950096bd5,256GB,Brugt,Stjerneskær,continue,4634.00
Brugt iPad Air 10.9” 5.Gen (2022) Cellular,14668726141303,256GB / Brugt / Lyserød,53480118518135,0490b40780bd1946,256GB,Brugt,Lyserød,continue,4634.00
Brugt iPad Air 10.9” 5.Gen (2022) Cellular,14668726141303,256GB / Brugt / Lilla,53480118550903,2b23b0a2802bdba7,256GB,Brugt,Lilla,continue,4634.00
Brugt iPad Air 10.9” 5.Gen (2022) Cellular,14668726141303,256GB / Brugt / Blå,53480118583671,43e6a58906807754,256GB,Brugt,Blå,continue,4634.00
Brugt iPad Air 10.9” 5.Gen (2022) Cellular,14668726141303,256GB / Rigtig god / Space Grey,53471051874679,140644fddf0002d3,256GB,Rigtig god,Space Grey,continue,4814.00
Brugt iPad Air 10.9” 5.Gen (2022) Cellular,14668726141303,256GB / Rigtig god / Stjerneskær,53471051907447,24d0817b345eccb7,256GB,Rigtig god,Stjerneskær,continue,4814.00
Brugt iPad Air 10.9” 5.Gen (2022) Cellular,14668726141303,256GB / Rigtig god / Lyserød,53480118616439,d9a0cecbe098b720,256GB,Rigtig god,Lyserød,continue,4814.00
Brugt iPad Air 10.9” 5.Gen (2022) Cellular,14668726141303,256GB / Rigtig god / Lilla,53480118649207,37b2465a29471003,256GB,Rigtig god,Lilla,continue,4814.00
Brugt iPad Air 10.9” 5.Gen (2022) Cellular,14668726141303,256GB / Rigtig god / Blå,53480118681975,24c482178572ea9f,256GB,Rigtig god,Blå,continue,4814.00
Brugt iPad Air 10.9” 5.Gen (2022) Cellular,14668726141303,256GB / Som ny / Space Grey,53471051940215,8c48e6b341466658,256GB,Som ny,Space Grey,continue,4994.00
Brugt iPad Air 10.9” 5.Gen (2022) Cellular,14668726141303,256GB / Som ny / Stjerneskær,53471051972983,45f8d32dff188a7d,256GB,Som ny,Stjerneskær,continue,4994.00
Brugt iPad Air 10.9” 5.Gen (2022) Cellular,14668726141303,256GB / Som ny / Lyserød,53480118714743,b7bceee5af950c2b,256GB,Som ny,Lyserød,continue,4994.00
Brugt iPad Air 10.9” 5.Gen (2022) Cellular,14668726141303,256GB / Som ny / Lilla,53480118747511,270d6f7c7f77cd14,256GB,Som ny,Lilla,continue,4994.00
Brugt iPad Air 10.9” 5.Gen (2022) Cellular,14668726141303,256GB / Som ny / Blå,53480118780279,769ff4ae459baa36,256GB,Som ny,Blå,continue,4994.00
Brugt iPad Air 10.9” 5.Gen (2022) WiFi,14668725813623,64GB / Brugbar / Space Grey,53471050236279,b49e0f6b14d473fc,64GB,Brugbar,Space Grey,continue,3194.00
Brugt iPad Air 10.9” 5.Gen (2022) WiFi,14668725813623,64GB / Brugbar / Stjerneskær,53471050269047,235a9b124e330dd9,64GB,Brugbar,Stjerneskær,continue,3194.00
Brugt iPad Air 10.9” 5.Gen (2022) WiFi,14668725813623,64GB / Brugbar / Lyserød,53480122548599,565009dabed6dad3,64GB,Brugbar,Lyserød,continue,3194.00
Brugt iPad Air 10.9” 5.Gen (2022) WiFi,14668725813623,64GB / Brugbar / Lilla,53480122581367,dcca5cb2c8b39933,64GB,Brugbar,Lilla,continue,3194.00
Brugt iPad Air 10.9” 5.Gen (2022) WiFi,14668725813623,64GB / Brugbar / Blå,53480122614135,611aba6af5621a62,64GB,Brugbar,Blå,continue,3194.00
Brugt iPad Air 10.9” 5.Gen (2022) WiFi,14668725813623,64GB / Brugt / Space Grey,53471050301815,3ac5dad4b6c893fc,64GB,Brugt,Space Grey,continue,3374.00
Brugt iPad Air 10.9” 5.Gen (2022) WiFi,14668725813623,64GB / Brugt / Stjerneskær,53471050334583,005582492bfe5d92,64GB,Brugt,Stjerneskær,continue,3374.00
Brugt iPad Air 10.9” 5.Gen (2022) WiFi,14668725813623,64GB / Brugt / Lyserød,53480122646903,97e2b808205574a3,64GB,Brugt,Lyserød,continue,3374.00
Brugt iPad Air 10.9” 5.Gen (2022) WiFi,14668725813623,64GB / Brugt / Lilla,53480122679671,03d5d5cac87cb070,64GB,Brugt,Lilla,continue,3374.00
Brugt iPad Air 10.9” 5.Gen (2022) WiFi,14668725813623,64GB / Brugt / Blå,53480122712439,3c6634f29173a733,64GB,Brugt,Blå,continue,3374.00
Brugt iPad Air 10.9” 5.Gen (2022) WiFi,14668725813623,64GB / Rigtig god / Space Grey,53471050367351,ceff023bd7bb96b3,64GB,Rigtig god,Space Grey,continue,3554.00
Brugt iPad Air 10.9” 5.Gen (2022) WiFi,14668725813623,64GB / Rigtig god / Stjerneskær,53471050400119,e8f3616b48ea84aa,64GB,Rigtig god,Stjerneskær,continue,3554.00
Brugt iPad Air 10.9” 5.Gen (2022) WiFi,14668725813623,64GB / Rigtig god / Lyserød,53480122745207,0c3151289d828b61,64GB,Rigtig god,Lyserød,continue,3554.00
Brugt iPad Air 10.9” 5.Gen (2022) WiFi,14668725813623,64GB / Rigtig god / Lilla,53480122777975,777238221bd0c4ed,64GB,Rigtig god,Lilla,continue,3554.00
Brugt iPad Air 10.9” 5.Gen (2022) WiFi,14668725813623,64GB / Rigtig god / Blå,53480122810743,0426814b14dd3c1f,64GB,Rigtig god,Blå,continue,3554.00
Brugt iPad Air 10.9” 5.Gen (2022) WiFi,14668725813623,64GB / Som ny / Space Grey,53471050432887,60569ed755e236b6,64GB,Som ny,Space Grey,continue,3734.00
Brugt iPad Air 10.9” 5.Gen (2022) WiFi,14668725813623,64GB / Som ny / Stjerneskær,53471050465655,3ff7f2bbe89e8333,64GB,Som ny,Stjerneskær,continue,3734.00
Brugt iPad Air 10.9” 5.Gen (2022) WiFi,14668725813623,64GB / Som ny / Lyserød,53480122843511,d05ff62b2ea330d1,64GB,Som ny,Lyserød,continue,3734.00
Brugt iPad Air 10.9” 5.Gen (2022) WiFi,14668725813623,64GB / Som ny / Lilla,53480122876279,7d7b7adc2ba948b7,64GB,Som ny,Lilla,continue,3734.00
Brugt iPad Air 10.9” 5.Gen (2022) WiFi,14668725813623,64GB / Som ny / Blå,53480122909047,c21d477d5156780c,64GB,Som ny,Blå,continue,3734.00
Brugt iPad Air 10.9” 5.Gen (2022) WiFi,14668725813623,256GB / Brugbar / Space Grey,53471050760567,5c539c86b8c4dd18,256GB,Brugbar,Space Grey,continue,3914.00
Brugt iPad Air 10.9” 5.Gen (2022) WiFi,14668725813623,256GB / Brugbar / Stjerneskær,53471050793335,704eae7de81e861c,256GB,Brugbar,Stjerneskær,continue,3914.00
Brugt iPad Air 10.9” 5.Gen (2022) WiFi,14668725813623,256GB / Brugbar / Lyserød,53480122941815,f217384d8ae8217d,256GB,Brugbar,Lyserød,continue,3914.00
Brugt iPad Air 10.9” 5.Gen (2022) WiFi,14668725813623,256GB / Brugbar / Lilla,53480122974583,176d9a0dad3d763f,256GB,Brugbar,Lilla,continue,3914.00
Brugt iPad Air 10.9” 5.Gen (2022) WiFi,14668725813623,256GB / Brugbar / Blå,53480123007351,8ee5b1fa5c190e0c,256GB,Brugbar,Blå,continue,3914.00
Brugt iPad Air 10.9” 5.Gen (2022) WiFi,14668725813623,256GB / Brugt / Space Grey,53471050826103,f389e1f3cb0484ba,256GB,Brugt,Space Grey,continue,4094.00
Brugt iPad Air 10.9” 5.Gen (2022) WiFi,14668725813623,256GB / Brugt / Stjerneskær,53471050858871,f335a10e616051ae,256GB,Brugt,Stjerneskær,continue,4094.00
Brugt iPad Air 10.9” 5.Gen (2022) WiFi,14668725813623,256GB / Brugt / Lyserød,53480123040119,9a4145b964b0b63d,256GB,Brugt,Lyserød,continue,4094.00
Brugt iPad Air 10.9” 5.Gen (2022) WiFi,14668725813623,256GB / Brugt / Lilla,53480123072887,126a5774a80bbb0b,256GB,Brugt,Lilla,continue,4094.00
Brugt iPad Air 10.9” 5.Gen (2022) WiFi,14668725813623,256GB / Brugt / Blå,53480123105655,6a1fe7efef589d6c,256GB,Brugt,Blå,continue,4094.00
Brugt iPad Air 10.9” 5.Gen (2022) WiFi,14668725813623,256GB / Rigtig god / Space Grey,53471050891639,e494d19b3f8c51ad,256GB,Rigtig god,Space Grey,continue,4274.00
Brugt iPad Air 10.9” 5.Gen (2022) WiFi,14668725813623,256GB / Rigtig god / Stjerneskær,53471050924407,0e8847d0a3751e9b,256GB,Rigtig god,Stjerneskær,continue,4274.00
Brugt iPad Air 10.9” 5.Gen (2022) WiFi,14668725813623,256GB / Rigtig god / Lyserød,53480123138423,1f664eeee6ad8a0b,256GB,Rigtig god,Lyserød,continue,4274.00
Brugt iPad Air 10.9” 5.Gen (2022) WiFi,14668725813623,256GB / Rigtig god / Lilla,53480123171191,93e175491ed24808,256GB,Rigtig god,Lilla,continue,4274.00
Brugt iPad Air 10.9” 5.Gen (2022) WiFi,14668725813623,256GB / Rigtig god / Blå,53480123203959,15bebbbe5aad8575,256GB,Rigtig god,Blå,continue,4274.00
Brugt iPad Air 10.9” 5.Gen (2022) WiFi,14668725813623,256GB / Som ny / Space Grey,53471050957175,74f5050d53757e31,256GB,Som ny,Space Grey,continue,4454.00
Brugt iPad Air 10.9” 5.Gen (2022) WiFi,14668725813623,256GB / Som ny / Stjerneskær,53471050989943,93d8fb390c56a37a,256GB,Som ny,Stjerneskær,continue,4454.00
Brugt iPad Air 10.9” 5.Gen (2022) WiFi,14668725813623,256GB / Som ny / Lyserød,53480123236727,48a6d5889b2584bc,256GB,Som ny,Lyserød,continue,4454.00
Brugt iPad Air 10.9” 5.Gen (2022) WiFi,14668725813623,256GB / Som ny / Lilla,53480123269495,2ec1f4dc3672058b,256GB,Som ny,Lilla,continue,4454.00
Brugt iPad Air 10.9” 5.Gen (2022) WiFi,14668725813623,256GB / Som ny / Blå,53480123302263,48f86394318a970a,256GB,Som ny,Blå,continue,4454.00
"Brugt iPad Air 11"" 6.Gen (2024) Cellular",14668726927735,128GB / Brugbar / Space grey,53471055937911,b70789036a3695b4,128GB,Brugbar,Space grey,continue,5295.00
"Brugt iPad Air 11"" 6.Gen (2024) Cellular",14668726927735,128GB / Brugbar / Lilla,53471055970679,3d43c83a761d5416,128GB,Brugbar,Lilla,continue,5295.00
"Brugt iPad Air 11"" 6.Gen (2024) Cellular",14668726927735,128GB / Brugbar / Blå,53480138768759,38f836b3320c7c01,128GB,Brugbar,Blå,continue,5295.00
"Brugt iPad Air 11"" 6.Gen (2024) Cellular",14668726927735,128GB / Brugbar / Stjerneskær,53480138801527,69cd3d3a9da97be1,128GB,Brugbar,Stjerneskær,continue,5295.00
"Brugt iPad Air 11"" 6.Gen (2024) Cellular",14668726927735,128GB / Brugt / Space grey,53471056003447,c0a6761545f77ffd,128GB,Brugt,Space grey,continue,4795.00
"Brugt iPad Air 11"" 6.Gen (2024) Cellular",14668726927735,128GB / Brugt / Lilla,53471056036215,3bb56b840a19509c,128GB,Brugt,Lilla,continue,4795.00
"Brugt iPad Air 11"" 6.Gen (2024) Cellular",14668726927735,128GB / Brugt / Blå,53480138834295,0a507eece6fc375a,128GB,Brugt,Blå,continue,4795.00
"Brugt iPad Air 11"" 6.Gen (2024) Cellular",14668726927735,128GB / Brugt / Stjerneskær,53480138867063,8b3591fc61740490,128GB,Brugt,Stjerneskær,continue,4795.00
"Brugt iPad Air 11"" 6.Gen (2024) Cellular",14668726927735,128GB / Rigtig god / Space grey,53471056068983,dca5f1eaeb0b9e2b,128GB,Rigtig god,Space grey,continue,2449.00
"Brugt iPad Air 11"" 6.Gen (2024) Cellular",14668726927735,128GB / Rigtig god / Lilla,53471056101751,d431de12cfefa1b5,128GB,Rigtig god,Lilla,continue,2449.00
"Brugt iPad Air 11"" 6.Gen (2024) Cellular",14668726927735,128GB / Rigtig god / Blå,53480138899831,7a7d4df13c33ec19,128GB,Rigtig god,Blå,continue,2449.00
"Brugt iPad Air 11"" 6.Gen (2024) Cellular",14668726927735,128GB / Rigtig god / Stjerneskær,53480138932599,00e9e18369fa6862,128GB,Rigtig god,Stjerneskær,continue,2449.00
"Brugt iPad Air 11"" 6.Gen (2024) Cellular",14668726927735,128GB / Som ny / Space grey,53471056134519,4c828f15cf2046d6,128GB,Som ny,Space grey,continue,2449.00
"Brugt iPad Air 11"" 6.Gen (2024) Cellular",14668726927735,128GB / Som ny / Lilla,53471056167287,a69ac4463fd50a34,128GB,Som ny,Lilla,continue,2449.00
"Brugt iPad Air 11"" 6.Gen (2024) Cellular",14668726927735,128GB / Som ny / Blå,53480138965367,dd4e425989f284ab,128GB,Som ny,Blå,continue,2449.00
"Brugt iPad Air 11"" 6.Gen (2024) Cellular",14668726927735,128GB / Som ny / Stjerneskær,53480138998135,fc8016f0cdf95ba0,128GB,Som ny,Stjerneskær,continue,2449.00
"Brugt iPad Air 11"" 6.Gen (2024) Cellular",14668726927735,256GB / Brugbar / Space grey,53471056200055,2899ed465a1116a2,256GB,Brugbar,Space grey,continue,2449.00
"Brugt iPad Air 11"" 6.Gen (2024) Cellular",14668726927735,256GB / Brugbar / Lilla,53471056232823,cec56b1870c0fd26,256GB,Brugbar,Lilla,continue,2449.00
"Brugt iPad Air 11"" 6.Gen (2024) Cellular",14668726927735,256GB / Brugbar / Blå,53480139030903,63454247e3ad00c4,256GB,Brugbar,Blå,continue,2449.00
"Brugt iPad Air 11"" 6.Gen (2024) Cellular",14668726927735,256GB / Brugbar / Stjerneskær,53480139063671,627dced5f531491b,256GB,Brugbar,Stjerneskær,continue,2449.00
"Brugt iPad Air 11"" 6.Gen (2024) Cellular",14668726927735,256GB / Brugt / Space grey,53471056265591,690ee2af2766c103,256GB,Brugt,Space grey,continue,2449.00
"Brugt iPad Air 11"" 6.Gen (2024) Cellular",14668726927735,256GB / Brugt / Lilla,53471056298359,52205f34e298e13d,256GB,Brugt,Lilla,continue,2449.00
"Brugt iPad Air 11"" 6.Gen (2024) Cellular",14668726927735,256GB / Brugt / Blå,53480139096439,ce872013cb519ff4,256GB,Brugt,Blå,continue,2449.00
"Brugt iPad Air 11"" 6.Gen (2024) Cellular",14668726927735,256GB / Brugt / Stjerneskær,53480139129207,0a3a543283f4adc3,256GB,Brugt,Stjerneskær,continue,2449.00
"Brugt iPad Air 11"" 6.Gen (2024) Cellular",14668726927735,256GB / Rigtig god / Space grey,53471056331127,048f1a6a1ba94f40,256GB,Rigtig god,Space grey,continue,2449.00
"Brugt iPad Air 11"" 6.Gen (2024) Cellular",14668726927735,256GB / Rigtig god / Lilla,53471056363895,fe4c46da816555e2,256GB,Rigtig god,Lilla,continue,2449.00
"Brugt iPad Air 11"" 6.Gen (2024) Cellular",14668726927735,256GB / Rigtig god / Blå,53480139161975,3d54c6c3dd3e48f3,256GB,Rigtig god,Blå,continue,2449.00
"Brugt iPad Air 11"" 6.Gen (2024) Cellular",14668726927735,256GB / Rigtig god / Stjerneskær,53480139194743,1f16a45d09d314c3,256GB,Rigtig god,Stjerneskær,continue,2449.00
"Brugt iPad Air 11"" 6.Gen (2024) Cellular",14668726927735,256GB / Som ny / Space grey,53471056396663,e545635a9175d301,256GB,Som ny,Space grey,continue,2449.00
"Brugt iPad Air 11"" 6.Gen (2024) Cellular",14668726927735,256GB / Som ny / Lilla,53471056429431,2c3d2366bfa459f2,256GB,Som ny,Lilla,continue,2449.00
"Brugt iPad Air 11"" 6.Gen (2024) Cellular",14668726927735,256GB / Som ny / Blå,53480139227511,1cf0bba71260eba1,256GB,Som ny,Blå,continue,2449.00
"Brugt iPad Air 11"" 6.Gen (2024) Cellular",14668726927735,256GB / Som ny / Stjerneskær,53480139260279,d4ef1fc1d3597234,256GB,Som ny,Stjerneskær,continue,2449.00
"Brugt iPad Air 11"" 6.Gen (2024) Cellular",14668726927735,512GB / Brugbar / Space grey,53471055675767,8dd626afdd87e55a,512GB,Brugbar,Space grey,continue,2449.00
"Brugt iPad Air 11"" 6.Gen (2024) Cellular",14668726927735,512GB / Brugbar / Lilla,53471055708535,841d586e5fd52df8,512GB,Brugbar,Lilla,continue,2449.00
"Brugt iPad Air 11"" 6.Gen (2024) Cellular",14668726927735,512GB / Brugbar / Blå,53480139293047,aacffe9e103dfa6f,512GB,Brugbar,Blå,continue,2449.00
"Brugt iPad Air 11"" 6.Gen (2024) Cellular",14668726927735,512GB / Brugbar / Stjerneskær,53480139325815,631299dcc1bca00b,512GB,Brugbar,Stjerneskær,continue,2449.00
"Brugt iPad Air 11"" 6.Gen (2024) Cellular",14668726927735,512GB / Brugt / Space grey,53471055741303,fda8029f2b7e910d,512GB,Brugt,Space grey,continue,2449.00
"Brugt iPad Air 11"" 6.Gen (2024) Cellular",14668726927735,512GB / Brugt / Lilla,53471055774071,ae51ef20a5d98b58,512GB,Brugt,Lilla,continue,2449.00
"Brugt iPad Air 11"" 6.Gen (2024) Cellular",14668726927735,512GB / Brugt / Blå,53480139358583,630ce55a55444c93,512GB,Brugt,Blå,continue,2449.00
"Brugt iPad Air 11"" 6.Gen (2024) Cellular",14668726927735,512GB / Brugt / Stjerneskær,53480139391351,ecc86c6371a31aae,512GB,Brugt,Stjerneskær,continue,2449.00
"Brugt iPad Air 11"" 6.Gen (2024) Cellular",14668726927735,512GB / Rigtig god / Space grey,53471055806839,b65cbc25ff06ff26,512GB,Rigtig god,Space grey,continue,2449.00
"Brugt iPad Air 11"" 6.Gen (2024) Cellular",14668726927735,512GB / Rigtig god / Lilla,53471055839607,5b0ebb49c914540c,512GB,Rigtig god,Lilla,continue,2449.00
"Brugt iPad Air 11"" 6.Gen (2024) Cellular",14668726927735,512GB / Rigtig god / Blå,53480139424119,ab02d763218ab1ce,512GB,Rigtig god,Blå,continue,2449.00
"Brugt iPad Air 11"" 6.Gen (2024) Cellular",14668726927735,512GB / Rigtig god / Stjerneskær,53480139456887,07f45259aab01dda,512GB,Rigtig god,Stjerneskær,continue,2449.00
"Brugt iPad Air 11"" 6.Gen (2024) Cellular",14668726927735,512GB / Som ny / Space grey,53471055872375,7dfb30e8d1652f9d,512GB,Som ny,Space grey,continue,2449.00
"Brugt iPad Air 11"" 6.Gen (2024) Cellular",14668726927735,512GB / Som ny / Lilla,53471055905143,f0eb6eb7cd34e171,512GB,Som ny,Lilla,continue,2449.00
"Brugt iPad Air 11"" 6.Gen (2024) Cellular",14668726927735,512GB / Som ny / Blå,53480139489655,83e527dfa68aa514,512GB,Som ny,Blå,continue,2449.00
"Brugt iPad Air 11"" 6.Gen (2024) Cellular",14668726927735,512GB / Som ny / Stjerneskær,53480139522423,71808871c2a8a087,512GB,Som ny,Stjerneskær,continue,2449.00
"Brugt iPad Air 11"" 6.Gen (2024) Cellular",14668726927735,1024GB / Brugbar / Space grey,53480139555191,3bacdc1aa625491b,1024GB,Brugbar,Space grey,continue,2449.00
"Brugt iPad Air 11"" 6.Gen (2024) Cellular",14668726927735,1024GB / Brugbar / Lilla,53480139587959,bb6a37da879f5bb4,1024GB,Brugbar,Lilla,continue,2449.00
"Brugt iPad Air 11"" 6.Gen (2024) Cellular",14668726927735,1024GB / Brugbar / Blå,53480139620727,7c237066176dd06d,1024GB,Brugbar,Blå,continue,2449.00
"Brugt iPad Air 11"" 6.Gen (2024) Cellular",14668726927735,1024GB / Brugbar / Stjerneskær,53480139653495,571da3f1ea18defa,1024GB,Brugbar,Stjerneskær,continue,2449.00
"Brugt iPad Air 11"" 6.Gen (2024) Cellular",14668726927735,1024GB / Brugt / Space grey,53480139686263,05f6e303d4d22329,1024GB,Brugt,Space grey,continue,2449.00
"Brugt iPad Air 11"" 6.Gen (2024) Cellular",14668726927735,1024GB / Brugt / Lilla,53480139719031,7c07c313cb866092,1024GB,Brugt,Lilla,continue,2449.00
"Brugt iPad Air 11"" 6.Gen (2024) Cellular",14668726927735,1024GB / Brugt / Blå,53480139751799,06eeaf3a0b882040,1024GB,Brugt,Blå,continue,2449.00
"Brugt iPad Air 11"" 6.Gen (2024) Cellular",14668726927735,1024GB / Brugt / Stjerneskær,53480139784567,c1986b3945c78f7b,1024GB,Brugt,Stjerneskær,continue,2449.00
"Brugt iPad Air 11"" 6.Gen (2024) Cellular",14668726927735,1024GB / Rigtig god / Space grey,53480139817335,c5cc23792f56ebbd,1024GB,Rigtig god,Space grey,continue,2449.00
"Brugt iPad Air 11"" 6.Gen (2024) Cellular",14668726927735,1024GB / Rigtig god / Lilla,53480139850103,685382e0128b2818,1024GB,Rigtig god,Lilla,continue,2449.00
"Brugt iPad Air 11"" 6.Gen (2024) Cellular",14668726927735,1024GB / Rigtig god / Blå,53480139882871,151ae5b8ea82f52e,1024GB,Rigtig god,Blå,continue,2449.00
"Brugt iPad Air 11"" 6.Gen (2024) Cellular",14668726927735,1024GB / Rigtig god / Stjerneskær,53480139915639,4c28d886f5df3ba6,1024GB,Rigtig god,Stjerneskær,continue,2449.00
"Brugt iPad Air 11"" 6.Gen (2024) Cellular",14668726927735,1024GB / Som ny / Space grey,53480139948407,c008baf6c02326e3,1024GB,Som ny,Space grey,continue,2449.00
"Brugt iPad Air 11"" 6.Gen (2024) Cellular",14668726927735,1024GB / Som ny / Lilla,53480139981175,e2ef3376d8d44af2,1024GB,Som ny,Lilla,continue,2449.00
"Brugt iPad Air 11"" 6.Gen (2024) Cellular",14668726927735,1024GB / Som ny / Blå,53480140013943,187ef71c3ad0baac,1024GB,Som ny,Blå,continue,2449.00
"Brugt iPad Air 11"" 6.Gen (2024) Cellular",14668726927735,1024GB / Som ny / Stjerneskær,53480140046711,4df7007613033ffa,1024GB,Som ny,Stjerneskær,continue,2449.00
"Brugt iPad Air 11"" 6.Gen (2024) WiFi",14668726632823,128GB / Brugbar / Space grey,53480142668151,74c3dbf37363c675,128GB,Brugbar,Space grey,continue,2449.00
"Brugt iPad Air 11"" 6.Gen (2024) WiFi",14668726632823,128GB / Brugbar / Blå,53471053414775,d25009db758b8054,128GB,Brugbar,Blå,continue,2449.00
"Brugt iPad Air 11"" 6.Gen (2024) WiFi",14668726632823,128GB / Brugbar / Lilla,53471053447543,ca6db3a811445252,128GB,Brugbar,Lilla,continue,2449.00
"Brugt iPad Air 11"" 6.Gen (2024) WiFi",14668726632823,128GB / Brugbar / Stjerneskær,53480142700919,a3b9ceeef1cdf9cf,128GB,Brugbar,Stjerneskær,continue,2449.00
"Brugt iPad Air 11"" 6.Gen (2024) WiFi",14668726632823,128GB / Brugt / Space grey,53480142733687,c2ddda631b9a5f79,128GB,Brugt,Space grey,continue,2449.00
"Brugt iPad Air 11"" 6.Gen (2024) WiFi",14668726632823,128GB / Brugt / Blå,53471053480311,32dcbf27b66f75ac,128GB,Brugt,Blå,continue,2449.00
"Brugt iPad Air 11"" 6.Gen (2024) WiFi",14668726632823,128GB / Brugt / Lilla,53471053513079,10a0e1a601ae5292,128GB,Brugt,Lilla,continue,2449.00
"Brugt iPad Air 11"" 6.Gen (2024) WiFi",14668726632823,128GB / Brugt / Stjerneskær,53480142766455,8f225a86e0952ce5,128GB,Brugt,Stjerneskær,continue,2449.00
"Brugt iPad Air 11"" 6.Gen (2024) WiFi",14668726632823,128GB / Rigtig god / Space grey,53480142799223,7cda2e3746b9b39b,128GB,Rigtig god,Space grey,continue,2449.00
"Brugt iPad Air 11"" 6.Gen (2024) WiFi",14668726632823,128GB / Rigtig god / Blå,53471053545847,57fb0012480016b5,128GB,Rigtig god,Blå,continue,2449.00
"Brugt iPad Air 11"" 6.Gen (2024) WiFi",14668726632823,128GB / Rigtig god / Lilla,53471053578615,06e9fd25ef023ba2,128GB,Rigtig god,Lilla,continue,2449.00
"Brugt iPad Air 11"" 6.Gen (2024) WiFi",14668726632823,128GB / Rigtig god / Stjerneskær,53480142831991,1d7b3b2f17e0c0d8,128GB,Rigtig god,Stjerneskær,continue,2449.00
"Brugt iPad Air 11"" 6.Gen (2024) WiFi",14668726632823,128GB / Som ny / Space grey,53480142864759,f8d07c8b208cf8ce,128GB,Som ny,Space grey,continue,2449.00
"Brugt iPad Air 11"" 6.Gen (2024) WiFi",14668726632823,128GB / Som ny / Blå,53471053611383,745c7c5f16710a47,128GB,Som ny,Blå,continue,2449.00
"Brugt iPad Air 11"" 6.Gen (2024) WiFi",14668726632823,128GB / Som ny / Lilla,53471053644151,a847d00f6bb6af5e,128GB,Som ny,Lilla,continue,2449.00
"Brugt iPad Air 11"" 6.Gen (2024) WiFi",14668726632823,128GB / Som ny / Stjerneskær,53480142897527,bcd77a03469cf888,128GB,Som ny,Stjerneskær,continue,2449.00
"Brugt iPad Air 11"" 6.Gen (2024) WiFi",14668726632823,256GB / Brugbar / Space grey,53480142930295,0175ae0a88b7e9b8,256GB,Brugbar,Space grey,continue,2449.00
"Brugt iPad Air 11"" 6.Gen (2024) WiFi",14668726632823,256GB / Brugbar / Blå,53471053676919,e453b2bb0e7590e0,256GB,Brugbar,Blå,continue,2449.00
"Brugt iPad Air 11"" 6.Gen (2024) WiFi",14668726632823,256GB / Brugbar / Lilla,53471053709687,052b5606417f8502,256GB,Brugbar,Lilla,continue,2449.00
"Brugt iPad Air 11"" 6.Gen (2024) WiFi",14668726632823,256GB / Brugbar / Stjerneskær,53480142963063,da5ea6b6f4fb3b69,256GB,Brugbar,Stjerneskær,continue,2449.00
"Brugt iPad Air 11"" 6.Gen (2024) WiFi",14668726632823,256GB / Brugt / Space grey,53480142995831,b7ff62de877281d6,256GB,Brugt,Space grey,continue,2449.00
"Brugt iPad Air 11"" 6.Gen (2024) WiFi",14668726632823,256GB / Brugt / Blå,53471053742455,1097c44fff1f287c,256GB,Brugt,Blå,continue,2449.00
"Brugt iPad Air 11"" 6.Gen (2024) WiFi",14668726632823,256GB / Brugt / Lilla,53471053775223,b9f4799fda966d90,256GB,Brugt,Lilla,continue,2449.00
"Brugt iPad Air 11"" 6.Gen (2024) WiFi",14668726632823,256GB / Brugt / Stjerneskær,53480143028599,dc9dea55e5bd70c2,256GB,Brugt,Stjerneskær,continue,2449.00
"Brugt iPad Air 11"" 6.Gen (2024) WiFi",14668726632823,256GB / Rigtig god / Space grey,53480143061367,b706f303c3e17c9c,256GB,Rigtig god,Space grey,continue,2449.00
"Brugt iPad Air 11"" 6.Gen (2024) WiFi",14668726632823,256GB / Rigtig god / Blå,53471053807991,6731bd23303c1ee9,256GB,Rigtig god,Blå,continue,2449.00
"Brugt iPad Air 11"" 6.Gen (2024) WiFi",14668726632823,256GB / Rigtig god / Lilla,53471053840759,85498535c0b85b8b,256GB,Rigtig god,Lilla,continue,2449.00
"Brugt iPad Air 11"" 6.Gen (2024) WiFi",14668726632823,256GB / Rigtig god / Stjerneskær,53480143094135,ad6ff553431ed5cf,256GB,Rigtig god,Stjerneskær,continue,2449.00
"Brugt iPad Air 11"" 6.Gen (2024) WiFi",14668726632823,256GB / Som ny / Space grey,53480143126903,ea91e13687041e7f,256GB,Som ny,Space grey,continue,2449.00
"Brugt iPad Air 11"" 6.Gen (2024) WiFi",14668726632823,256GB / Som ny / Blå,53471053873527,cdcd997a44fcfd2f,256GB,Som ny,Blå,continue,2449.00
"Brugt iPad Air 11"" 6.Gen (2024) WiFi",14668726632823,256GB / Som ny / Lilla,53471053906295,26579a52bfeff455,256GB,Som ny,Lilla,continue,2449.00
"Brugt iPad Air 11"" 6.Gen (2024) WiFi",14668726632823,256GB / Som ny / Stjerneskær,53480143159671,44963420d2cc70d0,256GB,Som ny,Stjerneskær,continue,2449.00
"Brugt iPad Air 11"" 6.Gen (2024) WiFi",14668726632823,512GB / Brugbar / Space grey,53480143192439,b94e1cfa9cf553b1,512GB,Brugbar,Space grey,continue,2449.00
"Brugt iPad Air 11"" 6.Gen (2024) WiFi",14668726632823,512GB / Brugbar / Blå,53471053152631,506e61b88923b20e,512GB,Brugbar,Blå,continue,2449.00
"Brugt iPad Air 11"" 6.Gen (2024) WiFi",14668726632823,512GB / Brugbar / Lilla,53471053185399,c893a74c39b08e78,512GB,Brugbar,Lilla,continue,2449.00
"Brugt iPad Air 11"" 6.Gen (2024) WiFi",14668726632823,512GB / Brugbar / Stjerneskær,53480143225207,3e61dcc22aa0e70f,512GB,Brugbar,Stjerneskær,continue,2449.00
"Brugt iPad Air 11"" 6.Gen (2024) WiFi",14668726632823,512GB / Brugt / Space grey,53480143257975,f598c1b0f2ba6673,512GB,Brugt,Space grey,continue,2449.00
"Brugt iPad Air 11"" 6.Gen (2024) WiFi",14668726632823,512GB / Brugt / Blå,53471053218167,d0b99181f21a2355,512GB,Brugt,Blå,continue,2449.00
"Brugt iPad Air 11"" 6.Gen (2024) WiFi",14668726632823,512GB / Brugt / Lilla,53471053250935,28b50708adbc9874,512GB,Brugt,Lilla,continue,2449.00
"Brugt iPad Air 11"" 6.Gen (2024) WiFi",14668726632823,512GB / Brugt / Stjerneskær,53480143290743,7f608dc5a3e5a3d4,512GB,Brugt,Stjerneskær,continue,2449.00
"Brugt iPad Air 11"" 6.Gen (2024) WiFi",14668726632823,512GB / Rigtig god / Space grey,53480143323511,89f15b8733af2c05,512GB,Rigtig god,Space grey,continue,2449.00
"Brugt iPad Air 11"" 6.Gen (2024) WiFi",14668726632823,512GB / Rigtig god / Blå,53471053283703,efbee4d13bd2488b,512GB,Rigtig god,Blå,continue,2449.00
"Brugt iPad Air 11"" 6.Gen (2024) WiFi",14668726632823,512GB / Rigtig god / Lilla,53471053316471,285d53c37637bf33,512GB,Rigtig god,Lilla,continue,2449.00
"Brugt iPad Air 11"" 6.Gen (2024) WiFi",14668726632823,512GB / Rigtig god / Stjerneskær,53480143356279,209b799f98603521,512GB,Rigtig god,Stjerneskær,continue,2449.00
"Brugt iPad Air 11"" 6.Gen (2024) WiFi",14668726632823,512GB / Som ny / Space grey,53480143389047,d21e903743d6ab6a,512GB,Som ny,Space grey,continue,2449.00
"Brugt iPad Air 11"" 6.Gen (2024) WiFi",14668726632823,512GB / Som ny / Blå,53471053349239,069b6e690545c706,512GB,Som ny,Blå,continue,2449.00
"Brugt iPad Air 11"" 6.Gen (2024) WiFi",14668726632823,512GB / Som ny / Lilla,53471053382007,87bd703bc359d01f,512GB,Som ny,Lilla,continue,2449.00
"Brugt iPad Air 11"" 6.Gen (2024) WiFi",14668726632823,512GB / Som ny / Stjerneskær,53480143421815,0ac2105913036768,512GB,Som ny,Stjerneskær,continue,2449.00
"Brugt iPad Air 11"" 6.Gen (2024) WiFi",14668726632823,1024GB / Brugbar / Space grey,53480143454583,15a51a4e191fefae,1024GB,Brugbar,Space grey,continue,2449.00
"Brugt iPad Air 11"" 6.Gen (2024) WiFi",14668726632823,1024GB / Brugbar / Blå,53480143487351,e1a9e555d6a2f813,1024GB,Brugbar,Blå,continue,2449.00
"Brugt iPad Air 11"" 6.Gen (2024) WiFi",14668726632823,1024GB / Brugbar / Lilla,53480143520119,31644174d23f319b,1024GB,Brugbar,Lilla,continue,2449.00
"Brugt iPad Air 11"" 6.Gen (2024) WiFi",14668726632823,1024GB / Brugbar / Stjerneskær,53480143552887,3d837e1bf2bde663,1024GB,Brugbar,Stjerneskær,continue,2449.00
"Brugt iPad Air 11"" 6.Gen (2024) WiFi",14668726632823,1024GB / Brugt / Space grey,53480143585655,0a0174c4684dfefa,1024GB,Brugt,Space grey,continue,2449.00
"Brugt iPad Air 11"" 6.Gen (2024) WiFi",14668726632823,1024GB / Brugt / Blå,53480143618423,713f944dc3dcd8a5,1024GB,Brugt,Blå,continue,2449.00
"Brugt iPad Air 11"" 6.Gen (2024) WiFi",14668726632823,1024GB / Brugt / Lilla,53480143651191,f89eba7c8a1954b3,1024GB,Brugt,Lilla,continue,2449.00
"Brugt iPad Air 11"" 6.Gen (2024) WiFi",14668726632823,1024GB / Brugt / Stjerneskær,53480143683959,2d7e6cda83bceea8,1024GB,Brugt,Stjerneskær,continue,2449.00
"Brugt iPad Air 11"" 6.Gen (2024) WiFi",14668726632823,1024GB / Rigtig god / Space grey,53480143716727,5211935b545142e4,1024GB,Rigtig god,Space grey,continue,2449.00
"Brugt iPad Air 11"" 6.Gen (2024) WiFi",14668726632823,1024GB / Rigtig god / Blå,53480143749495,90f570de7c29c71c,1024GB,Rigtig god,Blå,continue,2449.00
"Brugt iPad Air 11"" 6.Gen (2024) WiFi",14668726632823,1024GB / Rigtig god / Lilla,53480143782263,c44cd8e91f64ac0c,1024GB,Rigtig god,Lilla,continue,2449.00
"Brugt iPad Air 11"" 6.Gen (2024) WiFi",14668726632823,1024GB / Rigtig god / Stjerneskær,53480143815031,8f9b86e35d27ece2,1024GB,Rigtig god,Stjerneskær,continue,2449.00
"Brugt iPad Air 11"" 6.Gen (2024) WiFi",14668726632823,1024GB / Som ny / Space grey,53480143847799,91cb4f35b69fc7ce,1024GB,Som ny,Space grey,continue,2449.00
"Brugt iPad Air 11"" 6.Gen (2024) WiFi",14668726632823,1024GB / Som ny / Blå,53480143880567,4027456600ee6fbf,1024GB,Som ny,Blå,continue,2449.00
"Brugt iPad Air 11"" 6.Gen (2024) WiFi",14668726632823,1024GB / Som ny / Lilla,53480143913335,005a2a6feb74dd1c,1024GB,Som ny,Lilla,continue,2449.00
"Brugt iPad Air 11"" 6.Gen (2024) WiFi",14668726632823,1024GB / Som ny / Stjerneskær,53480143946103,b70539a8be70855f,1024GB,Som ny,Stjerneskær,continue,2449.00
"Brugt iPad Air 13"" 6.Gen (2024) Cellular",14671999041911,128GB / Brugbar / Space grey,53486432256375,AUTOSKU-00000004,128GB,Brugbar,Space grey,continue,5295.00
"Brugt iPad Air 13"" 6.Gen (2024) Cellular",14671999041911,128GB / Brugbar / Lilla,53486432289143,AUTOSKU-00000005,128GB,Brugbar,Lilla,continue,5295.00
"Brugt iPad Air 13"" 6.Gen (2024) Cellular",14671999041911,128GB / Brugbar / Blå,53486432321911,AUTOSKU-00000006,128GB,Brugbar,Blå,continue,5295.00
"Brugt iPad Air 13"" 6.Gen (2024) Cellular",14671999041911,128GB / Brugbar / Stjerneskær,53486432354679,AUTOSKU-00000007,128GB,Brugbar,Stjerneskær,continue,5295.00
"Brugt iPad Air 13"" 6.Gen (2024) Cellular",14671999041911,128GB / Brugt / Space grey,53486432387447,AUTOSKU-00000008,128GB,Brugt,Space grey,continue,4795.00
"Brugt iPad Air 13"" 6.Gen (2024) Cellular",14671999041911,128GB / Brugt / Lilla,53486432420215,AUTOSKU-00000009,128GB,Brugt,Lilla,continue,4795.00
"Brugt iPad Air 13"" 6.Gen (2024) Cellular",14671999041911,128GB / Brugt / Blå,53486432452983,AUTOSKU-0000000A,128GB,Brugt,Blå,continue,4795.00
"Brugt iPad Air 13"" 6.Gen (2024) Cellular",14671999041911,128GB / Brugt / Stjerneskær,53486432485751,AUTOSKU-0000000B,128GB,Brugt,Stjerneskær,continue,4795.00
"Brugt iPad Air 13"" 6.Gen (2024) Cellular",14671999041911,128GB / Rigtig god / Space grey,53486432518519,AUTOSKU-0000000C,128GB,Rigtig god,Space grey,continue,2449.00
"Brugt iPad Air 13"" 6.Gen (2024) Cellular",14671999041911,128GB / Rigtig god / Lilla,53486432551287,AUTOSKU-0000000D,128GB,Rigtig god,Lilla,continue,2449.00
"Brugt iPad Air 13"" 6.Gen (2024) Cellular",14671999041911,128GB / Rigtig god / Blå,53486432584055,AUTOSKU-0000000E,128GB,Rigtig god,Blå,continue,2449.00
"Brugt iPad Air 13"" 6.Gen (2024) Cellular",14671999041911,128GB / Rigtig god / Stjerneskær,53486432616823,AUTOSKU-0000000F,128GB,Rigtig god,Stjerneskær,continue,2449.00
"Brugt iPad Air 13"" 6.Gen (2024) Cellular",14671999041911,128GB / Som ny / Space grey,53486432649591,AUTOSKU-0000000G,128GB,Som ny,Space grey,continue,2449.00
"Brugt iPad Air 13"" 6.Gen (2024) Cellular",14671999041911,128GB / Som ny / Lilla,53486432682359,AUTOSKU-0000000H,128GB,Som ny,Lilla,continue,2449.00
"Brugt iPad Air 13"" 6.Gen (2024) Cellular",14671999041911,128GB / Som ny / Blå,53486432715127,AUTOSKU-0000000I,128GB,Som ny,Blå,continue,2449.00
"Brugt iPad Air 13"" 6.Gen (2024) Cellular",14671999041911,128GB / Som ny / Stjerneskær,53486432747895,AUTOSKU-0000000J,128GB,Som ny,Stjerneskær,continue,2449.00
"Brugt iPad Air 13"" 6.Gen (2024) Cellular",14671999041911,256GB / Brugbar / Space grey,53486432780663,AUTOSKU-0000000K,256GB,Brugbar,Space grey,continue,2449.00
"Brugt iPad Air 13"" 6.Gen (2024) Cellular",14671999041911,256GB / Brugbar / Lilla,53486432813431,AUTOSKU-0000000L,256GB,Brugbar,Lilla,continue,2449.00
"Brugt iPad Air 13"" 6.Gen (2024) Cellular",14671999041911,256GB / Brugbar / Blå,53486432846199,AUTOSKU-0000000M,256GB,Brugbar,Blå,continue,2449.00
"Brugt iPad Air 13"" 6.Gen (2024) Cellular",14671999041911,256GB / Brugbar / Stjerneskær,53486432878967,AUTOSKU-0000000N,256GB,Brugbar,Stjerneskær,continue,2449.00
"Brugt iPad Air 13"" 6.Gen (2024) Cellular",14671999041911,256GB / Brugt / Space grey,53486432911735,AUTOSKU-0000000O,256GB,Brugt,Space grey,continue,2449.00
"Brugt iPad Air 13"" 6.Gen (2024) Cellular",14671999041911,256GB / Brugt / Lilla,53486432944503,AUTOSKU-0000000P,256GB,Brugt,Lilla,continue,2449.00
"Brugt iPad Air 13"" 6.Gen (2024) Cellular",14671999041911,256GB / Brugt / Blå,53486432977271,AUTOSKU-0000000Q,256GB,Brugt,Blå,continue,2449.00
"Brugt iPad Air 13"" 6.Gen (2024) Cellular",14671999041911,256GB / Brugt / Stjerneskær,53486433010039,AUTOSKU-0000000R,256GB,Brugt,Stjerneskær,continue,2449.00
"Brugt iPad Air 13"" 6.Gen (2024) Cellular",14671999041911,256GB / Rigtig god / Space grey,53486433042807,AUTOSKU-0000000S,256GB,Rigtig god,Space grey,continue,2449.00
"Brugt iPad Air 13"" 6.Gen (2024) Cellular",14671999041911,256GB / Rigtig god / Lilla,53486433075575,AUTOSKU-0000000T,256GB,Rigtig god,Lilla,continue,2449.00
"Brugt iPad Air 13"" 6.Gen (2024) Cellular",14671999041911,256GB / Rigtig god / Blå,53486433108343,AUTOSKU-0000000U,256GB,Rigtig god,Blå,continue,2449.00
"Brugt iPad Air 13"" 6.Gen (2024) Cellular",14671999041911,256GB / Rigtig god / Stjerneskær,53486433141111,AUTOSKU-0000000V,256GB,Rigtig god,Stjerneskær,continue,2449.00
"Brugt iPad Air 13"" 6.Gen (2024) Cellular",14671999041911,256GB / Som ny / Space grey,53486433173879,AUTOSKU-0000000W,256GB,Som ny,Space grey,continue,2449.00
"Brugt iPad Air 13"" 6.Gen (2024) Cellular",14671999041911,256GB / Som ny / Lilla,53486433206647,AUTOSKU-0000000X,256GB,Som ny,Lilla,continue,2449.00
"Brugt iPad Air 13"" 6.Gen (2024) Cellular",14671999041911,256GB / Som ny / Blå,53486433239415,AUTOSKU-0000000Y,256GB,Som ny,Blå,continue,2449.00
"Brugt iPad Air 13"" 6.Gen (2024) Cellular",14671999041911,256GB / Som ny / Stjerneskær,53486433272183,AUTOSKU-0000000Z,256GB,Som ny,Stjerneskær,continue,2449.00
"Brugt iPad Air 13"" 6.Gen (2024) Cellular",14671999041911,512GB / Brugbar / Space grey,53486433304951,AUTOSKU-00000010,512GB,Brugbar,Space grey,continue,2449.00
"Brugt iPad Air 13"" 6.Gen (2024) Cellular",14671999041911,512GB / Brugbar / Lilla,53486433337719,AUTOSKU-00000011,512GB,Brugbar,Lilla,continue,2449.00
"Brugt iPad Air 13"" 6.Gen (2024) Cellular",14671999041911,512GB / Brugbar / Blå,53486433370487,AUTOSKU-00000012,512GB,Brugbar,Blå,continue,2449.00
"Brugt iPad Air 13"" 6.Gen (2024) Cellular",14671999041911,512GB / Brugbar / Stjerneskær,53486433403255,AUTOSKU-00000013,512GB,Brugbar,Stjerneskær,continue,2449.00
"Brugt iPad Air 13"" 6.Gen (2024) Cellular",14671999041911,512GB / Brugt / Space grey,53486433436023,AUTOSKU-00000014,512GB,Brugt,Space grey,continue,2449.00
"Brugt iPad Air 13"" 6.Gen (2024) Cellular",14671999041911,512GB / Brugt / Lilla,53486433468791,AUTOSKU-00000015,512GB,Brugt,Lilla,continue,2449.00
"Brugt iPad Air 13"" 6.Gen (2024) Cellular",14671999041911,512GB / Brugt / Blå,53486433501559,AUTOSKU-00000016,512GB,Brugt,Blå,continue,2449.00
"Brugt iPad Air 13"" 6.Gen (2024) Cellular",14671999041911,512GB / Brugt / Stjerneskær,53486433534327,AUTOSKU-00000017,512GB,Brugt,Stjerneskær,continue,2449.00
"Brugt iPad Air 13"" 6.Gen (2024) Cellular",14671999041911,512GB / Rigtig god / Space grey,53486433567095,AUTOSKU-00000018,512GB,Rigtig god,Space grey,continue,2449.00
"Brugt iPad Air 13"" 6.Gen (2024) Cellular",14671999041911,512GB / Rigtig god / Lilla,53486433599863,AUTOSKU-00000019,512GB,Rigtig god,Lilla,continue,2449.00
"Brugt iPad Air 13"" 6.Gen (2024) Cellular",14671999041911,512GB / Rigtig god / Blå,53486433632631,AUTOSKU-0000001A,512GB,Rigtig god,Blå,continue,2449.00
"Brugt iPad Air 13"" 6.Gen (2024) Cellular",14671999041911,512GB / Rigtig god / Stjerneskær,53486433665399,AUTOSKU-0000001B,512GB,Rigtig god,Stjerneskær,continue,2449.00
"Brugt iPad Air 13"" 6.Gen (2024) Cellular",14671999041911,512GB / Som ny / Space grey,53486433698167,AUTOSKU-0000001C,512GB,Som ny,Space grey,continue,2449.00
"Brugt iPad Air 13"" 6.Gen (2024) Cellular",14671999041911,512GB / Som ny / Lilla,53486433730935,AUTOSKU-0000001D,512GB,Som ny,Lilla,continue,2449.00
"Brugt iPad Air 13"" 6.Gen (2024) Cellular",14671999041911,512GB / Som ny / Blå,53486433763703,AUTOSKU-0000001E,512GB,Som ny,Blå,continue,2449.00
"Brugt iPad Air 13"" 6.Gen (2024) Cellular",14671999041911,512GB / Som ny / Stjerneskær,53486433796471,AUTOSKU-0000001F,512GB,Som ny,Stjerneskær,continue,2449.00
"Brugt iPad Air 13"" 6.Gen (2024) Cellular",14671999041911,1024GB / Brugbar / Space grey,53486433829239,AUTOSKU-0000001G,1024GB,Brugbar,Space grey,continue,2449.00
"Brugt iPad Air 13"" 6.Gen (2024) Cellular",14671999041911,1024GB / Brugbar / Lilla,53486433862007,AUTOSKU-0000001H,1024GB,Brugbar,Lilla,continue,2449.00
"Brugt iPad Air 13"" 6.Gen (2024) Cellular",14671999041911,1024GB / Brugbar / Blå,53486433894775,AUTOSKU-0000001I,1024GB,Brugbar,Blå,continue,2449.00
"Brugt iPad Air 13"" 6.Gen (2024) Cellular",14671999041911,1024GB / Brugbar / Stjerneskær,53486433927543,AUTOSKU-0000001J,1024GB,Brugbar,Stjerneskær,continue,2449.00
"Brugt iPad Air 13"" 6.Gen (2024) Cellular",14671999041911,1024GB / Brugt / Space grey,53486433960311,AUTOSKU-0000001K,1024GB,Brugt,Space grey,continue,2449.00
"Brugt iPad Air 13"" 6.Gen (2024) Cellular",14671999041911,1024GB / Brugt / Lilla,53486433993079,AUTOSKU-0000001L,1024GB,Brugt,Lilla,continue,2449.00
"Brugt iPad Air 13"" 6.Gen (2024) Cellular",14671999041911,1024GB / Brugt / Blå,53486434025847,AUTOSKU-0000001M,1024GB,Brugt,Blå,continue,2449.00
"Brugt iPad Air 13"" 6.Gen (2024) Cellular",14671999041911,1024GB / Brugt / Stjerneskær,53486434058615,AUTOSKU-0000001N,1024GB,Brugt,Stjerneskær,continue,2449.00
"Brugt iPad Air 13"" 6.Gen (2024) Cellular",14671999041911,1024GB / Rigtig god / Space grey,53486434091383,AUTOSKU-0000001O,1024GB,Rigtig god,Space grey,continue,2449.00
"Brugt iPad Air 13"" 6.Gen (2024) Cellular",14671999041911,1024GB / Rigtig god / Lilla,53486434124151,AUTOSKU-0000001P,1024GB,Rigtig god,Lilla,continue,2449.00
"Brugt iPad Air 13"" 6.Gen (2024) Cellular",14671999041911,1024GB / Rigtig god / Blå,53486434156919,AUTOSKU-0000001Q,1024GB,Rigtig god,Blå,continue,2449.00
"Brugt iPad Air 13"" 6.Gen (2024) Cellular",14671999041911,1024GB / Rigtig god / Stjerneskær,53486434189687,AUTOSKU-0000001R,1024GB,Rigtig god,Stjerneskær,continue,2449.00
"Brugt iPad Air 13"" 6.Gen (2024) Cellular",14671999041911,1024GB / Som ny / Space grey,53486434222455,AUTOSKU-0000001S,1024GB,Som ny,Space grey,continue,2449.00
"Brugt iPad Air 13"" 6.Gen (2024) Cellular",14671999041911,1024GB / Som ny / Lilla,53486434255223,AUTOSKU-0000001T,1024GB,Som ny,Lilla,continue,2449.00
"Brugt iPad Air 13"" 6.Gen (2024) Cellular",14671999041911,1024GB / Som ny / Blå,53486434287991,AUTOSKU-0000001U,1024GB,Som ny,Blå,continue,2449.00
"Brugt iPad Air 13"" 6.Gen (2024) Cellular",14671999041911,1024GB / Som ny / Stjerneskær,53486434320759,AUTOSKU-0000001V,1024GB,Som ny,Stjerneskær,continue,2449.00
"Brugt iPad Air 13"" 6.Gen (2024) WiFi",14671999074679,128GB / Brugbar / Space grey,53486434386295,AUTOSKU-0000001W,128GB,Brugbar,Space grey,continue,2449.00
"Brugt iPad Air 13"" 6.Gen (2024) WiFi",14671999074679,128GB / Brugbar / Blå,53486434419063,AUTOSKU-0000001X,128GB,Brugbar,Blå,continue,2449.00
"Brugt iPad Air 13"" 6.Gen (2024) WiFi",14671999074679,128GB / Brugbar / Lilla,53486434451831,AUTOSKU-0000001Y,128GB,Brugbar,Lilla,continue,2449.00
"Brugt iPad Air 13"" 6.Gen (2024) WiFi",14671999074679,128GB / Brugbar / Stjerneskær,53486434484599,AUTOSKU-0000001Z,128GB,Brugbar,Stjerneskær,continue,2449.00
"Brugt iPad Air 13"" 6.Gen (2024) WiFi",14671999074679,128GB / Brugt / Space grey,53486434517367,AUTOSKU-00000020,128GB,Brugt,Space grey,continue,2449.00
"Brugt iPad Air 13"" 6.Gen (2024) WiFi",14671999074679,128GB / Brugt / Blå,53486434550135,AUTOSKU-00000021,128GB,Brugt,Blå,continue,2449.00
"Brugt iPad Air 13"" 6.Gen (2024) WiFi",14671999074679,128GB / Brugt / Lilla,53486434582903,AUTOSKU-00000022,128GB,Brugt,Lilla,continue,2449.00
"Brugt iPad Air 13"" 6.Gen (2024) WiFi",14671999074679,128GB / Brugt / Stjerneskær,53486434615671,AUTOSKU-00000023,128GB,Brugt,Stjerneskær,continue,2449.00
"Brugt iPad Air 13"" 6.Gen (2024) WiFi",14671999074679,128GB / Rigtig god / Space grey,53486434648439,AUTOSKU-00000024,128GB,Rigtig god,Space grey,continue,2449.00
"Brugt iPad Air 13"" 6.Gen (2024) WiFi",14671999074679,128GB / Rigtig god / Blå,53486434681207,AUTOSKU-00000025,128GB,Rigtig god,Blå,continue,2449.00
"Brugt iPad Air 13"" 6.Gen (2024) WiFi",14671999074679,128GB / Rigtig god / Lilla,53486434713975,AUTOSKU-00000026,128GB,Rigtig god,Lilla,continue,2449.00
"Brugt iPad Air 13"" 6.Gen (2024) WiFi",14671999074679,128GB / Rigtig god / Stjerneskær,53486434746743,AUTOSKU-00000027,128GB,Rigtig god,Stjerneskær,continue,2449.00
"Brugt iPad Air 13"" 6.Gen (2024) WiFi",14671999074679,128GB / Som ny / Space grey,53486434779511,AUTOSKU-00000028,128GB,Som ny,Space grey,continue,2449.00
"Brugt iPad Air 13"" 6.Gen (2024) WiFi",14671999074679,128GB / Som ny / Blå,53486434812279,AUTOSKU-00000029,128GB,Som ny,Blå,continue,2449.00
"Brugt iPad Air 13"" 6.Gen (2024) WiFi",14671999074679,128GB / Som ny / Lilla,53486434845047,AUTOSKU-0000002A,128GB,Som ny,Lilla,continue,2449.00
"Brugt iPad Air 13"" 6.Gen (2024) WiFi",14671999074679,128GB / Som ny / Stjerneskær,53486434877815,AUTOSKU-0000002B,128GB,Som ny,Stjerneskær,continue,2449.00
"Brugt iPad Air 13"" 6.Gen (2024) WiFi",14671999074679,256GB / Brugbar / Space grey,53486434910583,AUTOSKU-0000002C,256GB,Brugbar,Space grey,continue,2449.00
"Brugt iPad Air 13"" 6.Gen (2024) WiFi",14671999074679,256GB / Brugbar / Blå,53486434943351,AUTOSKU-0000002D,256GB,Brugbar,Blå,continue,2449.00
"Brugt iPad Air 13"" 6.Gen (2024) WiFi",14671999074679,256GB / Brugbar / Lilla,53486434976119,AUTOSKU-0000002E,256GB,Brugbar,Lilla,continue,2449.00
"Brugt iPad Air 13"" 6.Gen (2024) WiFi",14671999074679,256GB / Brugbar / Stjerneskær,53486435008887,AUTOSKU-0000002F,256GB,Brugbar,Stjerneskær,continue,2449.00
"Brugt iPad Air 13"" 6.Gen (2024) WiFi",14671999074679,256GB / Brugt / Space grey,53486435041655,AUTOSKU-0000002G,256GB,Brugt,Space grey,continue,2449.00
"Brugt iPad Air 13"" 6.Gen (2024) WiFi",14671999074679,256GB / Brugt / Blå,53486435074423,AUTOSKU-0000002H,256GB,Brugt,Blå,continue,2449.00
"Brugt iPad Air 13"" 6.Gen (2024) WiFi",14671999074679,256GB / Brugt / Lilla,53486435107191,AUTOSKU-0000002I,256GB,Brugt,Lilla,continue,2449.00
"Brugt iPad Air 13"" 6.Gen (2024) WiFi",14671999074679,256GB / Brugt / Stjerneskær,53486435139959,AUTOSKU-0000002J,256GB,Brugt,Stjerneskær,continue,2449.00
"Brugt iPad Air 13"" 6.Gen (2024) WiFi",14671999074679,256GB / Rigtig god / Space grey,53486435172727,AUTOSKU-0000002K,256GB,Rigtig god,Space grey,continue,2449.00
"Brugt iPad Air 13"" 6.Gen (2024) WiFi",14671999074679,256GB / Rigtig god / Blå,53486435205495,AUTOSKU-0000002L,256GB,Rigtig god,Blå,continue,2449.00
"Brugt iPad Air 13"" 6.Gen (2024) WiFi",14671999074679,256GB / Rigtig god / Lilla,53486435238263,AUTOSKU-0000002M,256GB,Rigtig god,Lilla,continue,2449.00
"Brugt iPad Air 13"" 6.Gen (2024) WiFi",14671999074679,256GB / Rigtig god / Stjerneskær,53486435271031,AUTOSKU-0000002N,256GB,Rigtig god,Stjerneskær,continue,2449.00
"Brugt iPad Air 13"" 6.Gen (2024) WiFi",14671999074679,256GB / Som ny / Space grey,53486435303799,AUTOSKU-0000002O,256GB,Som ny,Space grey,continue,2449.00
"Brugt iPad Air 13"" 6.Gen (2024) WiFi",14671999074679,256GB / Som ny / Blå,53486435336567,AUTOSKU-0000002P,256GB,Som ny,Blå,continue,2449.00
"Brugt iPad Air 13"" 6.Gen (2024) WiFi",14671999074679,256GB / Som ny / Lilla,53486435369335,AUTOSKU-0000002Q,256GB,Som ny,Lilla,continue,2449.00
"Brugt iPad Air 13"" 6.Gen (2024) WiFi",14671999074679,256GB / Som ny / Stjerneskær,53486435402103,AUTOSKU-0000002R,256GB,Som ny,Stjerneskær,continue,2449.00
"Brugt iPad Air 13"" 6.Gen (2024) WiFi",14671999074679,512GB / Brugbar / Space grey,53486435434871,AUTOSKU-0000002S,512GB,Brugbar,Space grey,continue,2449.00
"Brugt iPad Air 13"" 6.Gen (2024) WiFi",14671999074679,512GB / Brugbar / Blå,53486435467639,AUTOSKU-0000002T,512GB,Brugbar,Blå,continue,2449.00
"Brugt iPad Air 13"" 6.Gen (2024) WiFi",14671999074679,512GB / Brugbar / Lilla,53486435500407,AUTOSKU-0000002U,512GB,Brugbar,Lilla,continue,2449.00
"Brugt iPad Air 13"" 6.Gen (2024) WiFi",14671999074679,512GB / Brugbar / Stjerneskær,53486435533175,AUTOSKU-0000002V,512GB,Brugbar,Stjerneskær,continue,2449.00
"Brugt iPad Air 13"" 6.Gen (2024) WiFi",14671999074679,512GB / Brugt / Space grey,53486435565943,AUTOSKU-0000002W,512GB,Brugt,Space grey,continue,2449.00
"Brugt iPad Air 13"" 6.Gen (2024) WiFi",14671999074679,512GB / Brugt / Blå,53486435598711,AUTOSKU-0000002X,512GB,Brugt,Blå,continue,2449.00
"Brugt iPad Air 13"" 6.Gen (2024) WiFi",14671999074679,512GB / Brugt / Lilla,53486435631479,AUTOSKU-0000002Y,512GB,Brugt,Lilla,continue,2449.00
"Brugt iPad Air 13"" 6.Gen (2024) WiFi",14671999074679,512GB / Brugt / Stjerneskær,53486435664247,AUTOSKU-0000002Z,512GB,Brugt,Stjerneskær,continue,2449.00
"Brugt iPad Air 13"" 6.Gen (2024) WiFi",14671999074679,512GB / Rigtig god / Space grey,53486435697015,AUTOSKU-00000030,512GB,Rigtig god,Space grey,continue,2449.00
"Brugt iPad Air 13"" 6.Gen (2024) WiFi",14671999074679,512GB / Rigtig god / Blå,53486435729783,AUTOSKU-00000031,512GB,Rigtig god,Blå,continue,2449.00
"Brugt iPad Air 13"" 6.Gen (2024) WiFi",14671999074679,512GB / Rigtig god / Lilla,53486435762551,AUTOSKU-00000032,512GB,Rigtig god,Lilla,continue,2449.00
"Brugt iPad Air 13"" 6.Gen (2024) WiFi",14671999074679,512GB / Rigtig god / Stjerneskær,53486435795319,AUTOSKU-00000033,512GB,Rigtig god,Stjerneskær,continue,2449.00
"Brugt iPad Air 13"" 6.Gen (2024) WiFi",14671999074679,512GB / Som ny / Space grey,53486435828087,AUTOSKU-00000034,512GB,Som ny,Space grey,continue,2449.00
"Brugt iPad Air 13"" 6.Gen (2024) WiFi",14671999074679,512GB / Som ny / Blå,53486435860855,AUTOSKU-00000035,512GB,Som ny,Blå,continue,2449.00
"Brugt iPad Air 13"" 6.Gen (2024) WiFi",14671999074679,512GB / Som ny / Lilla,53486435893623,AUTOSKU-00000036,512GB,Som ny,Lilla,continue,2449.00
"Brugt iPad Air 13"" 6.Gen (2024) WiFi",14671999074679,512GB / Som ny / Stjerneskær,53486435926391,AUTOSKU-00000037,512GB,Som ny,Stjerneskær,continue,2449.00
"Brugt iPad Air 13"" 6.Gen (2024) WiFi",14671999074679,1024GB / Brugbar / Space grey,53486435959159,AUTOSKU-00000038,1024GB,Brugbar,Space grey,continue,2449.00
"Brugt iPad Air 13"" 6.Gen (2024) WiFi",14671999074679,1024GB / Brugbar / Blå,53486435991927,AUTOSKU-00000039,1024GB,Brugbar,Blå,continue,2449.00
"Brugt iPad Air 13"" 6.Gen (2024) WiFi",14671999074679,1024GB / Brugbar / Lilla,53486436024695,AUTOSKU-0000003A,1024GB,Brugbar,Lilla,continue,2449.00
"Brugt iPad Air 13"" 6.Gen (2024) WiFi",14671999074679,1024GB / Brugbar / Stjerneskær,53486436057463,AUTOSKU-0000003B,1024GB,Brugbar,Stjerneskær,continue,2449.00
"Brugt iPad Air 13"" 6.Gen (2024) WiFi",14671999074679,1024GB / Brugt / Space grey,53486436090231,AUTOSKU-0000003C,1024GB,Brugt,Space grey,continue,2449.00
"Brugt iPad Air 13"" 6.Gen (2024) WiFi",14671999074679,1024GB / Brugt / Blå,53486436122999,AUTOSKU-0000003D,1024GB,Brugt,Blå,continue,2449.00
"Brugt iPad Air 13"" 6.Gen (2024) WiFi",14671999074679,1024GB / Brugt / Lilla,53486436155767,AUTOSKU-0000003E,1024GB,Brugt,Lilla,continue,2449.00
"Brugt iPad Air 13"" 6.Gen (2024) WiFi",14671999074679,1024GB / Brugt / Stjerneskær,53486436188535,AUTOSKU-0000003F,1024GB,Brugt,Stjerneskær,continue,2449.00
"Brugt iPad Air 13"" 6.Gen (2024) WiFi",14671999074679,1024GB / Rigtig god / Space grey,53486436221303,AUTOSKU-0000003G,1024GB,Rigtig god,Space grey,continue,2449.00
"Brugt iPad Air 13"" 6.Gen (2024) WiFi",14671999074679,1024GB / Rigtig god / Blå,53486436254071,AUTOSKU-0000003H,1024GB,Rigtig god,Blå,continue,2449.00
"Brugt iPad Air 13"" 6.Gen (2024) WiFi",14671999074679,1024GB / Rigtig god / Lilla,53486436286839,AUTOSKU-0000003I,1024GB,Rigtig god,Lilla,continue,2449.00
"Brugt iPad Air 13"" 6.Gen (2024) WiFi",14671999074679,1024GB / Rigtig god / Stjerneskær,53486436319607,AUTOSKU-0000003J,1024GB,Rigtig god,Stjerneskær,continue,2449.00
"Brugt iPad Air 13"" 6.Gen (2024) WiFi",14671999074679,1024GB / Som ny / Space grey,53486436352375,AUTOSKU-0000003K,1024GB,Som ny,Space grey,continue,2449.00
"Brugt iPad Air 13"" 6.Gen (2024) WiFi",14671999074679,1024GB / Som ny / Blå,53486436385143,AUTOSKU-0000003L,1024GB,Som ny,Blå,continue,2449.00
"Brugt iPad Air 13"" 6.Gen (2024) WiFi",14671999074679,1024GB / Som ny / Lilla,53486436417911,AUTOSKU-0000003M,1024GB,Som ny,Lilla,continue,2449.00
"Brugt iPad Air 13"" 6.Gen (2024) WiFi",14671999074679,1024GB / Som ny / Stjerneskær,53486436450679,AUTOSKU-0000003N,1024GB,Som ny,Stjerneskær,continue,2449.00
"Brugt iPad Air 9.7"" (2013) Cellular",14668723847543,16GB / Brugbar / Space Grey,53480091976055,92c165702cb01663,16GB,Brugbar,Space Grey,continue,295.00
"Brugt iPad Air 9.7"" (2013) Cellular",14668723847543,16GB / Brugbar / Sølv,53480092008823,af1b14659062c772,16GB,Brugbar,Sølv,continue,295.00
"Brugt iPad Air 9.7"" (2013) Cellular",14668723847543,16GB / Brugt / Space Grey,53480092041591,d4578494c3c355be,16GB,Brugt,Space Grey,continue,395.00
"Brugt iPad Air 9.7"" (2013) Cellular",14668723847543,16GB / Brugt / Sølv,53480092074359,3b2901fef2158322,16GB,Brugt,Sølv,continue,395.00
"Brugt iPad Air 9.7"" (2013) Cellular",14668723847543,16GB / Rigtig god / Space Grey,53480092107127,1d7577a8bdb15ae1,16GB,Rigtig god,Space Grey,continue,495.00
"Brugt iPad Air 9.7"" (2013) Cellular",14668723847543,16GB / Rigtig god / Sølv,53480092139895,7287251215fb5a72,16GB,Rigtig god,Sølv,continue,495.00
"Brugt iPad Air 9.7"" (2013) Cellular",14668723847543,16GB / Som ny / Space Grey,53480092172663,5ae6d9cca3d45c8f,16GB,Som ny,Space Grey,continue,595.00
"Brugt iPad Air 9.7"" (2013) Cellular",14668723847543,16GB / Som ny / Sølv,53480092205431,de09f43aa96a807a,16GB,Som ny,Sølv,continue,595.00
"Brugt iPad Air 9.7"" (2013) Cellular",14668723847543,32GB / Brugbar / Space Grey,53480092238199,c49f9bddf85bd649,32GB,Brugbar,Space Grey,continue,395.00
"Brugt iPad Air 9.7"" (2013) Cellular",14668723847543,32GB / Brugbar / Sølv,53480092270967,b6a7b34913d2e28c,32GB,Brugbar,Sølv,continue,395.00
"Brugt iPad Air 9.7"" (2013) Cellular",14668723847543,32GB / Brugt / Space Grey,53480092303735,d2146e8ff913f4e7,32GB,Brugt,Space Grey,continue,495.00
"Brugt iPad Air 9.7"" (2013) Cellular",14668723847543,32GB / Brugt / Sølv,53480092336503,61e8747f7dd20553,32GB,Brugt,Sølv,continue,495.00
"Brugt iPad Air 9.7"" (2013) Cellular",14668723847543,32GB / Rigtig god / Space Grey,53480092369271,81e3bc70212703ec,32GB,Rigtig god,Space Grey,continue,595.00
"Brugt iPad Air 9.7"" (2013) Cellular",14668723847543,32GB / Rigtig god / Sølv,53480092402039,d746e02494511bf6,32GB,Rigtig god,Sølv,continue,595.00
"Brugt iPad Air 9.7"" (2013) Cellular",14668723847543,32GB / Som ny / Space Grey,53480092434807,732005f516ae295b,32GB,Som ny,Space Grey,continue,695.00
"Brugt iPad Air 9.7"" (2013) Cellular",14668723847543,32GB / Som ny / Sølv,53480092467575,e8a25ae9f6cba66a,32GB,Som ny,Sølv,continue,695.00
"Brugt iPad Air 9.7"" (2013) Cellular",14668723847543,64GB / Brugbar / Space Grey,53471036866935,55ab497c4af3b656,64GB,Brugbar,Space Grey,continue,495.00
"Brugt iPad Air 9.7"" (2013) Cellular",14668723847543,64GB / Brugbar / Sølv,53471036899703,625f241be253c713,64GB,Brugbar,Sølv,continue,495.00
"Brugt iPad Air 9.7"" (2013) Cellular",14668723847543,64GB / Brugt / Space Grey,53471036932471,5b2188b8b19501c4,64GB,Brugt,Space Grey,continue,595.00
"Brugt iPad Air 9.7"" (2013) Cellular",14668723847543,64GB / Brugt / Sølv,53471036965239,49197bad9897f995,64GB,Brugt,Sølv,continue,595.00
"Brugt iPad Air 9.7"" (2013) Cellular",14668723847543,64GB / Rigtig god / Space Grey,53471036998007,5a4e6bc941edbc75,64GB,Rigtig god,Space Grey,continue,695.00
"Brugt iPad Air 9.7"" (2013) Cellular",14668723847543,64GB / Rigtig god / Sølv,53471037030775,eec237ace7c4a2d2,64GB,Rigtig god,Sølv,continue,695.00
"Brugt iPad Air 9.7"" (2013) Cellular",14668723847543,64GB / Som ny / Space Grey,53471037063543,935228b88149adfb,64GB,Som ny,Space Grey,continue,795.00
"Brugt iPad Air 9.7"" (2013) Cellular",14668723847543,64GB / Som ny / Sølv,53471037096311,69894f84f116d19b,64GB,Som ny,Sølv,continue,795.00
"Brugt iPad Air 9.7"" (2013) Cellular",14668723847543,128GB / Brugbar / Space Grey,53471037129079,c99a672d7c9e1b01,128GB,Brugbar,Space Grey,continue,595.00
"Brugt iPad Air 9.7"" (2013) Cellular",14668723847543,128GB / Brugbar / Sølv,53471037161847,7279be0015d31abd,128GB,Brugbar,Sølv,continue,595.00
"Brugt iPad Air 9.7"" (2013) Cellular",14668723847543,128GB / Brugt / Space Grey,53471037194615,c4670a9323ef665f,128GB,Brugt,Space Grey,continue,695.00
"Brugt iPad Air 9.7"" (2013) Cellular",14668723847543,128GB / Brugt / Sølv,53471037227383,bb032039c2c6b9b1,128GB,Brugt,Sølv,continue,695.00
"Brugt iPad Air 9.7"" (2013) Cellular",14668723847543,128GB / Rigtig god / Space Grey,53471037260151,f16c2f2e777cf023,128GB,Rigtig god,Space Grey,continue,795.00
"Brugt iPad Air 9.7"" (2013) Cellular",14668723847543,128GB / Rigtig god / Sølv,53471037292919,12bd8c36d1568fbb,128GB,Rigtig god,Sølv,continue,795.00
"Brugt iPad Air 9.7"" (2013) Cellular",14668723847543,128GB / Som ny / Space Grey,53471037325687,bdb901a2122a376c,128GB,Som ny,Space Grey,continue,895.00
"Brugt iPad Air 9.7"" (2013) Cellular",14668723847543,128GB / Som ny / Sølv,53471037358455,8969690a04c0660f,128GB,Som ny,Sølv,continue,895.00
"Brugt iPad Air 9.7"" (2013) WiFi",14668723749239,16GB / Brugbar / Space Grey,53480094925175,3efa404f5145ce68,16GB,Brugbar,Space Grey,continue,195.00
"Brugt iPad Air 9.7"" (2013) WiFi",14668723749239,16GB / Brugbar / Sølv,53480094957943,504f0e98a802e70e,16GB,Brugbar,Sølv,continue,195.00
"Brugt iPad Air 9.7"" (2013) WiFi",14668723749239,16GB / Brugt / Space Grey,53480094990711,b825330a582623e6,16GB,Brugt,Space Grey,continue,295.00
"Brugt iPad Air 9.7"" (2013) WiFi",14668723749239,16GB / Brugt / Sølv,53480095023479,125d5ce62987c849,16GB,Brugt,Sølv,continue,295.00
"Brugt iPad Air 9.7"" (2013) WiFi",14668723749239,16GB / Rigtig god / Space Grey,53480095056247,874969bbc1a94a38,16GB,Rigtig god,Space Grey,continue,395.00
"Brugt iPad Air 9.7"" (2013) WiFi",14668723749239,16GB / Rigtig god / Sølv,53480095089015,6600ac2f2b5dac9a,16GB,Rigtig god,Sølv,continue,395.00
"Brugt iPad Air 9.7"" (2013) WiFi",14668723749239,16GB / Som ny / Space Grey,53480095121783,8cba67f5d03f332f,16GB,Som ny,Space Grey,continue,495.00
"Brugt iPad Air 9.7"" (2013) WiFi",14668723749239,16GB / Som ny / Sølv,53480095154551,59a6a3261600094c,16GB,Som ny,Sølv,continue,495.00
"Brugt iPad Air 9.7"" (2013) WiFi",14668723749239,32GB / Brugbar / Space Grey,53471036506487,0d613223ba0a2525,32GB,Brugbar,Space Grey,continue,295.00
"Brugt iPad Air 9.7"" (2013) WiFi",14668723749239,32GB / Brugbar / Sølv,53471036539255,7ef4863d0b34b732,32GB,Brugbar,Sølv,continue,295.00
"Brugt iPad Air 9.7"" (2013) WiFi",14668723749239,32GB / Brugt / Space Grey,53471036572023,36ddd7141b272856,32GB,Brugt,Space Grey,continue,395.00
"Brugt iPad Air 9.7"" (2013) WiFi",14668723749239,32GB / Brugt / Sølv,53471036604791,34712241e9a6995f,32GB,Brugt,Sølv,continue,395.00
"Brugt iPad Air 9.7"" (2013) WiFi",14668723749239,32GB / Rigtig god / Space Grey,53471036637559,ca03419bf6c37703,32GB,Rigtig god,Space Grey,continue,495.00
"Brugt iPad Air 9.7"" (2013) WiFi",14668723749239,32GB / Rigtig god / Sølv,53471036670327,1e58f8c57de9747c,32GB,Rigtig god,Sølv,continue,495.00
"Brugt iPad Air 9.7"" (2013) WiFi",14668723749239,32GB / Som ny / Space Grey,53471036703095,5d433b0d311e08a7,32GB,Som ny,Space Grey,continue,595.00
"Brugt iPad Air 9.7"" (2013) WiFi",14668723749239,32GB / Som ny / Sølv,53471036735863,19600ec7e29f5eb2,32GB,Som ny,Sølv,continue,595.00
"Brugt iPad Air 9.7"" (2013) WiFi",14668723749239,128GB / Brugbar / Space Grey,53471036244343,70c49984f5476768,128GB,Brugbar,Space Grey,continue,495.00
"Brugt iPad Air 9.7"" (2013) WiFi",14668723749239,128GB / Brugbar / Sølv,53471036277111,fb6d43f089c04e78,128GB,Brugbar,Sølv,continue,495.00
"Brugt iPad Air 9.7"" (2013) WiFi",14668723749239,128GB / Brugt / Space Grey,53471036309879,5b385ca99db828ea,128GB,Brugt,Space Grey,continue,595.00
"Brugt iPad Air 9.7"" (2013) WiFi",14668723749239,128GB / Brugt / Sølv,53471036342647,38bf9882aa0a5310,128GB,Brugt,Sølv,continue,595.00
"Brugt iPad Air 9.7"" (2013) WiFi",14668723749239,128GB / Rigtig god / Space Grey,53471036375415,7a466ae539195f71,128GB,Rigtig god,Space Grey,continue,695.00
"Brugt iPad Air 9.7"" (2013) WiFi",14668723749239,128GB / Rigtig god / Sølv,53471036408183,3e0571290c0ac541,128GB,Rigtig god,Sølv,continue,695.00
"Brugt iPad Air 9.7"" (2013) WiFi",14668723749239,128GB / Som ny / Space Grey,53471036440951,70c039698a1bc08c,128GB,Som ny,Space Grey,continue,795.00
"Brugt iPad Air 9.7"" (2013) WiFi",14668723749239,128GB / Som ny / Sølv,53471036473719,a574308cf42af91c,128GB,Som ny,Sølv,continue,795.00
"Brugt iPad Air 9.7"" (2013) WiFi",14668723749239,64GB / Brugbar / Space Grey,53471035982199,14b5f6d8e2934fd7,64GB,Brugbar,Space Grey,continue,395.00
"Brugt iPad Air 9.7"" (2013) WiFi",14668723749239,64GB / Brugbar / Sølv,53471036014967,1a91b521ddf57ab8,64GB,Brugbar,Sølv,continue,395.00
"Brugt iPad Air 9.7"" (2013) WiFi",14668723749239,64GB / Brugt / Space Grey,53471036047735,ffb8b97eda2bc9a4,64GB,Brugt,Space Grey,continue,495.00
"Brugt iPad Air 9.7"" (2013) WiFi",14668723749239,64GB / Brugt / Sølv,53471036080503,709a5c9885d112ec,64GB,Brugt,Sølv,continue,495.00
"Brugt iPad Air 9.7"" (2013) WiFi",14668723749239,64GB / Rigtig god / Space Grey,53471036113271,28c5c6434f6ab0fb,64GB,Rigtig god,Space Grey,continue,595.00
"Brugt iPad Air 9.7"" (2013) WiFi",14668723749239,64GB / Rigtig god / Sølv,53471036146039,6f736f2fa7c6dd4a,64GB,Rigtig god,Sølv,continue,595.00
"Brugt iPad Air 9.7"" (2013) WiFi",14668723749239,64GB / Som ny / Space Grey,53471036178807,fc213fd85b056ceb,64GB,Som ny,Space Grey,continue,695.00
"Brugt iPad Air 9.7"" (2013) WiFi",14668723749239,64GB / Som ny / Sølv,53471036211575,e4bcc743665db474,64GB,Som ny,Sølv,continue,695.00
"Brugt iPad Air 9.7"" 2. Gen (2014) WiFi",14668724240759,16GB / Brugbar / Space Grey,53480105574775,20d88037eabdb719,16GB,Brugbar,Space Grey,continue,395.00
"Brugt iPad Air 9.7"" 2. Gen (2014) WiFi",14668724240759,16GB / Brugbar / Sølv,53480105607543,fdbea806b2afc401,16GB,Brugbar,Sølv,continue,395.00
"Brugt iPad Air 9.7"" 2. Gen (2014) WiFi",14668724240759,16GB / Brugt / Space Grey,53480105640311,a68ad00dc90188f1,16GB,Brugt,Space Grey,continue,495.00
"Brugt iPad Air 9.7"" 2. Gen (2014) WiFi",14668724240759,16GB / Brugt / Sølv,53480105673079,656cdc2a06b1406a,16GB,Brugt,Sølv,continue,495.00
"Brugt iPad Air 9.7"" 2. Gen (2014) WiFi",14668724240759,16GB / Rigtig god / Space Grey,53480105705847,c4be1f5a200ff036,16GB,Rigtig god,Space Grey,continue,595.00
"Brugt iPad Air 9.7"" 2. Gen (2014) WiFi",14668724240759,16GB / Rigtig god / Sølv,53480105738615,21f4de83d4f0efa8,16GB,Rigtig god,Sølv,continue,595.00
"Brugt iPad Air 9.7"" 2. Gen (2014) WiFi",14668724240759,16GB / Som ny / Space Grey,53480105771383,13a0c0611032bdad,16GB,Som ny,Space Grey,continue,695.00
"Brugt iPad Air 9.7"" 2. Gen (2014) WiFi",14668724240759,16GB / Som ny / Sølv,53480105804151,5335d4f634ceafb7,16GB,Som ny,Sølv,continue,695.00
"Brugt iPad Air 9.7"" 2. Gen (2014) WiFi",14668724240759,32GB / Brugbar / Space Grey,53471038931319,3de1859eeeca3d90,32GB,Brugbar,Space Grey,continue,495.00
"Brugt iPad Air 9.7"" 2. Gen (2014) WiFi",14668724240759,32GB / Brugbar / Sølv,53471038964087,efbe6341862bce32,32GB,Brugbar,Sølv,continue,495.00
"Brugt iPad Air 9.7"" 2. Gen (2014) WiFi",14668724240759,32GB / Brugt / Space Grey,53471038996855,a7a637f1f29b0d39,32GB,Brugt,Space Grey,continue,595.00
"Brugt iPad Air 9.7"" 2. Gen (2014) WiFi",14668724240759,32GB / Brugt / Sølv,53471039029623,b9cebeb63a0049a7,32GB,Brugt,Sølv,continue,595.00
"Brugt iPad Air 9.7"" 2. Gen (2014) WiFi",14668724240759,32GB / Rigtig god / Space Grey,53471039062391,ad51f69734c34855,32GB,Rigtig god,Space Grey,continue,695.00
"Brugt iPad Air 9.7"" 2. Gen (2014) WiFi",14668724240759,32GB / Rigtig god / Sølv,53471039095159,6aab6a18c01cd140,32GB,Rigtig god,Sølv,continue,695.00
"Brugt iPad Air 9.7"" 2. Gen (2014) WiFi",14668724240759,32GB / Som ny / Space Grey,53471039127927,88b3995f288971ef,32GB,Som ny,Space Grey,continue,795.00
"Brugt iPad Air 9.7"" 2. Gen (2014) WiFi",14668724240759,32GB / Som ny / Sølv,53471039160695,134431833fd42718,32GB,Som ny,Sølv,continue,795.00
"Brugt iPad Air 9.7"" 2. Gen (2014) WiFi",14668724240759,64GB / Brugbar / Space Grey,53471038407031,867e1bd0be332834,64GB,Brugbar,Space Grey,continue,595.00
"Brugt iPad Air 9.7"" 2. Gen (2014) WiFi",14668724240759,64GB / Brugbar / Sølv,53471038439799,485dc1319435e2e1,64GB,Brugbar,Sølv,continue,595.00
"Brugt iPad Air 9.7"" 2. Gen (2014) WiFi",14668724240759,64GB / Brugt / Space Grey,53471038472567,b841ad8fb3ec8ea4,64GB,Brugt,Space Grey,continue,695.00
"Brugt iPad Air 9.7"" 2. Gen (2014) WiFi",14668724240759,64GB / Brugt / Sølv,53471038505335,ed5629048baf22dc,64GB,Brugt,Sølv,continue,695.00
"Brugt iPad Air 9.7"" 2. Gen (2014) WiFi",14668724240759,64GB / Rigtig god / Space Grey,53471038538103,adaa48e4010818bd,64GB,Rigtig god,Space Grey,continue,795.00
"Brugt iPad Air 9.7"" 2. Gen (2014) WiFi",14668724240759,64GB / Rigtig god / Sølv,53471038570871,53995a3448b6fe8d,64GB,Rigtig god,Sølv,continue,795.00
"Brugt iPad Air 9.7"" 2. Gen (2014) WiFi",14668724240759,64GB / Som ny / Space Grey,53471038603639,41cd31fa9e4886ab,64GB,Som ny,Space Grey,continue,895.00
"Brugt iPad Air 9.7"" 2. Gen (2014) WiFi",14668724240759,64GB / Som ny / Sølv,53471038636407,a6f998917e7a60d0,64GB,Som ny,Sølv,continue,895.00
"Brugt iPad Air 9.7"" 2. Gen (2014) WiFi",14668724240759,128GB / Brugbar / Space Grey,53471038669175,f9ba8ec9bc97f0cc,128GB,Brugbar,Space Grey,continue,695.00
"Brugt iPad Air 9.7"" 2. Gen (2014) WiFi",14668724240759,128GB / Brugbar / Sølv,53471038701943,4589429864ebd760,128GB,Brugbar,Sølv,continue,695.00
"Brugt iPad Air 9.7"" 2. Gen (2014) WiFi",14668724240759,128GB / Brugt / Space Grey,53471038734711,7adaa0df94505e4a,128GB,Brugt,Space Grey,continue,795.00
"Brugt iPad Air 9.7"" 2. Gen (2014) WiFi",14668724240759,128GB / Brugt / Sølv,53471038767479,54f7a1ef234cc2e5,128GB,Brugt,Sølv,continue,795.00
"Brugt iPad Air 9.7"" 2. Gen (2014) WiFi",14668724240759,128GB / Rigtig god / Space Grey,53471038800247,477711613818a495,128GB,Rigtig god,Space Grey,continue,895.00
"Brugt iPad Air 9.7"" 2. Gen (2014) WiFi",14668724240759,128GB / Rigtig god / Sølv,53471038833015,55e4ef7840d1f4f1,128GB,Rigtig god,Sølv,continue,895.00
"Brugt iPad Air 9.7"" 2. Gen (2014) WiFi",14668724240759,128GB / Som ny / Space Grey,53471038865783,3dc410890d544af9,128GB,Som ny,Space Grey,continue,995.00
"Brugt iPad Air 9.7"" 2. Gen (2014) WiFi",14668724240759,128GB / Som ny / Sølv,53471038898551,7677cade1f872b29,128GB,Som ny,Sølv,continue,995.00
"Brugt iPad Air 9.7"" 2.Gen (2014) Cellular",14668724470135,16GB / Brugbar / Space Grey,53471040143735,4130994568045d0c,16GB,Brugbar,Space Grey,continue,495.00
"Brugt iPad Air 9.7"" 2.Gen (2014) Cellular",14668724470135,16GB / Brugbar / Sølv,53471040176503,d1e2d63a693b3ca7,16GB,Brugbar,Sølv,continue,495.00
"Brugt iPad Air 9.7"" 2.Gen (2014) Cellular",14668724470135,16GB / Brugt / Space Grey,53471040209271,493e6206fcc40cb2,16GB,Brugt,Space Grey,continue,595.00
"Brugt iPad Air 9.7"" 2.Gen (2014) Cellular",14668724470135,16GB / Brugt / Sølv,53471040242039,6f34d0116f75f41a,16GB,Brugt,Sølv,continue,595.00
"Brugt iPad Air 9.7"" 2.Gen (2014) Cellular",14668724470135,16GB / Rigtig god / Space Grey,53471040274807,39f1065f350a78d2,16GB,Rigtig god,Space Grey,continue,695.00
"Brugt iPad Air 9.7"" 2.Gen (2014) Cellular",14668724470135,16GB / Rigtig god / Sølv,53471040307575,f078b5609da381bb,16GB,Rigtig god,Sølv,continue,695.00
"Brugt iPad Air 9.7"" 2.Gen (2014) Cellular",14668724470135,16GB / Som ny / Space Grey,53471040340343,24500413abf01727,16GB,Som ny,Space Grey,continue,795.00
"Brugt iPad Air 9.7"" 2.Gen (2014) Cellular",14668724470135,16GB / Som ny / Sølv,53471040373111,f4149a6454732b85,16GB,Som ny,Sølv,continue,795.00
"Brugt iPad Air 9.7"" 2.Gen (2014) Cellular",14668724470135,32GB / Brugbar / Space Grey,53480099971447,984f1fb86cfe0030,32GB,Brugbar,Space Grey,continue,595.00
"Brugt iPad Air 9.7"" 2.Gen (2014) Cellular",14668724470135,32GB / Brugbar / Sølv,53480100004215,727cac75a553abdb,32GB,Brugbar,Sølv,continue,595.00
"Brugt iPad Air 9.7"" 2.Gen (2014) Cellular",14668724470135,32GB / Brugt / Space Grey,53480100036983,64a2f10d5b38d529,32GB,Brugt,Space Grey,continue,695.00
"Brugt iPad Air 9.7"" 2.Gen (2014) Cellular",14668724470135,32GB / Brugt / Sølv,53480100069751,3c3dcf390986f6c0,32GB,Brugt,Sølv,continue,695.00
"Brugt iPad Air 9.7"" 2.Gen (2014) Cellular",14668724470135,32GB / Rigtig god / Space Grey,53480100102519,0aa603019556ee55,32GB,Rigtig god,Space Grey,continue,795.00
"Brugt iPad Air 9.7"" 2.Gen (2014) Cellular",14668724470135,32GB / Rigtig god / Sølv,53480100135287,5ca0385908c02606,32GB,Rigtig god,Sølv,continue,795.00
"Brugt iPad Air 9.7"" 2.Gen (2014) Cellular",14668724470135,32GB / Som ny / Space Grey,53480100168055,c07e7e1563b036a0,32GB,Som ny,Space Grey,continue,895.00
"Brugt iPad Air 9.7"" 2.Gen (2014) Cellular",14668724470135,32GB / Som ny / Sølv,53480100200823,77f7efebb7ac6f94,32GB,Som ny,Sølv,continue,895.00
"Brugt iPad Air 9.7"" 2.Gen (2014) Cellular",14668724470135,64GB / Brugbar / Space Grey,53471039619447,7bc4e056695c7176,64GB,Brugbar,Space Grey,continue,695.00
"Brugt iPad Air 9.7"" 2.Gen (2014) Cellular",14668724470135,64GB / Brugbar / Sølv,53471039652215,91b9eb0159922ffe,64GB,Brugbar,Sølv,continue,695.00
"Brugt iPad Air 9.7"" 2.Gen (2014) Cellular",14668724470135,64GB / Brugt / Space Grey,53471039684983,763fabd30309ffd1,64GB,Brugt,Space Grey,continue,795.00
"Brugt iPad Air 9.7"" 2.Gen (2014) Cellular",14668724470135,64GB / Brugt / Sølv,53471039717751,ab7e25a36386196d,64GB,Brugt,Sølv,continue,795.00
"Brugt iPad Air 9.7"" 2.Gen (2014) Cellular",14668724470135,64GB / Rigtig god / Space Grey,53471039750519,5220edd7136d268c,64GB,Rigtig god,Space Grey,continue,895.00
"Brugt iPad Air 9.7"" 2.Gen (2014) Cellular",14668724470135,64GB / Rigtig god / Sølv,53471039783287,06fef6812156741e,64GB,Rigtig god,Sølv,continue,895.00
"Brugt iPad Air 9.7"" 2.Gen (2014) Cellular",14668724470135,64GB / Som ny / Space Grey,53471039816055,766b93589c72800d,64GB,Som ny,Space Grey,continue,995.00
"Brugt iPad Air 9.7"" 2.Gen (2014) Cellular",14668724470135,64GB / Som ny / Sølv,53471039848823,99079c2e1cc2c903,64GB,Som ny,Sølv,continue,995.00
"Brugt iPad Air 9.7"" 2.Gen (2014) Cellular",14668724470135,128GB / Brugbar / Space Grey,53471039881591,0bb9f2ce2912afa6,128GB,Brugbar,Space Grey,continue,795.00
"Brugt iPad Air 9.7"" 2.Gen (2014) Cellular",14668724470135,128GB / Brugbar / Sølv,53471039914359,8fd4a1731f2a2f95,128GB,Brugbar,Sølv,continue,795.00
"Brugt iPad Air 9.7"" 2.Gen (2014) Cellular",14668724470135,128GB / Brugt / Space Grey,53471039947127,d3bb6b5a550be72b,128GB,Brugt,Space Grey,continue,895.00
"Brugt iPad Air 9.7"" 2.Gen (2014) Cellular",14668724470135,128GB / Brugt / Sølv,53471039979895,37b71e6204c66fbe,128GB,Brugt,Sølv,continue,895.00
"Brugt iPad Air 9.7"" 2.Gen (2014) Cellular",14668724470135,128GB / Rigtig god / Space Grey,53471040012663,25e7333a0cf563ff,128GB,Rigtig god,Space Grey,continue,995.00
"Brugt iPad Air 9.7"" 2.Gen (2014) Cellular",14668724470135,128GB / Rigtig god / Sølv,53471040045431,b31d5c4c3dd6788a,128GB,Rigtig god,Sølv,continue,995.00
"Brugt iPad Air 9.7"" 2.Gen (2014) Cellular",14668724470135,128GB / Som ny / Space Grey,53471040078199,91cd3dcda30a8dc6,128GB,Som ny,Space Grey,continue,1095.00
"Brugt iPad Air 9.7"" 2.Gen (2014) Cellular",14668724470135,128GB / Som ny / Sølv,53471040110967,5c1ad8ef9db0a572,128GB,Som ny,Sølv,continue,1095.00
"Brugt iPad Mini 7.9"" 5. Gen. (2019) Cellular",14668697207159,64GB / Rigtig god / Space Grey,53470957797751,d9b29a8e13c87c23,64GB,Rigtig god,Space Grey,continue,2024.00
"Brugt iPad Mini 7.9"" 5. Gen. (2019) Cellular",14668697207159,64GB / Rigtig god / Sølv,53480147321207,c18ab694c295943a,64GB,Rigtig god,Sølv,continue,2024.00
"Brugt iPad Mini 7.9"" 5. Gen. (2019) Cellular",14668697207159,64GB / Rigtig god / Rosa Guld,53480147353975,1829c8dcad16449d,64GB,Rigtig god,Rosa Guld,continue,2024.00
"Brugt iPad Mini 7.9"" 5. Gen. (2019) Cellular",14668697207159,64GB / Som ny / Space Grey,53470957863287,377912ff7a50c6f6,64GB,Som ny,Space Grey,continue,2204.00
"Brugt iPad Mini 7.9"" 5. Gen. (2019) Cellular",14668697207159,64GB / Som ny / Sølv,53480147386743,529b3a79b29c275e,64GB,Som ny,Sølv,continue,2204.00
"Brugt iPad Mini 7.9"" 5. Gen. (2019) Cellular",14668697207159,64GB / Som ny / Rosa Guld,53480147419511,1bc49e967b413284,64GB,Som ny,Rosa Guld,continue,2204.00
"Brugt iPad Mini 7.9"" 5. Gen. (2019) Cellular",14668697207159,256GB / Rigtig god / Space Grey,53470958322039,058933612f7f7a9f,256GB,Rigtig god,Space Grey,continue,2564.00
"Brugt iPad Mini 7.9"" 5. Gen. (2019) Cellular",14668697207159,256GB / Rigtig god / Sølv,53480147878263,13547f4fb9acdcd9,256GB,Rigtig god,Sølv,continue,2564.00
"Brugt iPad Mini 7.9"" 5. Gen. (2019) Cellular",14668697207159,256GB / Rigtig god / Rosa Guld,53480147911031,f06379045ab71a96,256GB,Rigtig god,Rosa Guld,continue,2564.00
"Brugt iPad Mini 7.9"" 5. Gen. (2019) Cellular",14668697207159,256GB / Som ny / Space Grey,53470958387575,ab39a98267c28079,256GB,Som ny,Space Grey,continue,2744.00
"Brugt iPad Mini 7.9"" 5. Gen. (2019) Cellular",14668697207159,256GB / Som ny / Sølv,53480147943799,29649f8f32efeb90,256GB,Som ny,Sølv,continue,2744.00
"Brugt iPad Mini 7.9"" 5. Gen. (2019) Cellular",14668697207159,256GB / Som ny / Rosa Guld,53480147976567,04021377f080ade2,256GB,Som ny,Rosa Guld,continue,2744.00
"Brugt iPad Mini 7.9"" 5. Gen. (2019) WiFi",14668697010551,64GB / Rigtig god / Space Grey,53470956093815,8c277ffa55a53740,64GB,Rigtig god,Space Grey,continue,1844.00
"Brugt iPad Mini 7.9"" 5. Gen. (2019) WiFi",14668697010551,64GB / Rigtig god / Sølv,53470956126583,1650ddb309c71f1d,64GB,Rigtig god,Sølv,continue,1844.00
"Brugt iPad Mini 7.9"" 5. Gen. (2019) WiFi",14668697010551,64GB / Rigtig god / Rosa Guld,53480150827383,b5d59125bd489e9a,64GB,Rigtig god,Rosa Guld,continue,1844.00
"Brugt iPad Mini 7.9"" 5. Gen. (2019) WiFi",14668697010551,64GB / Som ny / Space Grey,53470956159351,ff2a6a20ee962df6,64GB,Som ny,Space Grey,continue,2024.00
"Brugt iPad Mini 7.9"" 5. Gen. (2019) WiFi",14668697010551,64GB / Som ny / Sølv,53470956192119,3e2e43e88e5526e8,64GB,Som ny,Sølv,continue,2024.00
"Brugt iPad Mini 7.9"" 5. Gen. (2019) WiFi",14668697010551,64GB / Som ny / Rosa Guld,53480150860151,233f8a0a00ad3d83,64GB,Som ny,Rosa Guld,continue,2024.00
"Brugt iPad Mini 7.9"" 5. Gen. (2019) WiFi",14668697010551,256GB / Rigtig god / Space Grey,53470956618103,a0e73a9e8046079d,256GB,Rigtig god,Space Grey,continue,2384.00
"Brugt iPad Mini 7.9"" 5. Gen. (2019) WiFi",14668697010551,256GB / Rigtig god / Sølv,53470956650871,27e011818587fbcd,256GB,Rigtig god,Sølv,continue,2384.00
"Brugt iPad Mini 7.9"" 5. Gen. (2019) WiFi",14668697010551,256GB / Rigtig god / Rosa Guld,53480150958455,0bcf4c8b887aea54,256GB,Rigtig god,Rosa Guld,continue,2384.00
"Brugt iPad Mini 7.9"" 5. Gen. (2019) WiFi",14668697010551,256GB / Som ny / Space Grey,53470956683639,0b324eac79476706,256GB,Som ny,Space Grey,continue,2564.00
"Brugt iPad Mini 7.9"" 5. Gen. (2019) WiFi",14668697010551,256GB / Som ny / Sølv,53470956716407,e615544245a10d67,256GB,Som ny,Sølv,continue,2564.00
"Brugt iPad Mini 7.9"" 5. Gen. (2019) WiFi",14668697010551,256GB / Som ny / Rosa Guld,53480150991223,bcd84c27f5898248,256GB,Som ny,Rosa Guld,continue,2564.00
"Brugt iPad Mini 8.3"" 6. Gen. (2021) Cellular",14668695372151,64GB / Rigtig god / Space Grey,53470945837431,0fcbbc8a4ded396a,64GB,Rigtig god,Space Grey,continue,3914.00
"Brugt iPad Mini 8.3"" 6. Gen. (2021) Cellular",14668695372151,64GB / Rigtig god / Stjerneskær,53470945870199,829e0e7f161e70b5,64GB,Rigtig god,Stjerneskær,continue,3914.00
"Brugt iPad Mini 8.3"" 6. Gen. (2021) Cellular",14668695372151,64GB / Rigtig god / Lyserød,53471724011895,6a1b35f6d4fba2e6,64GB,Rigtig god,Lyserød,continue,3914.00
"Brugt iPad Mini 8.3"" 6. Gen. (2021) Cellular",14668695372151,64GB / Rigtig god / Lilla,53471724044663,70341b673fabb8d6,64GB,Rigtig god,Lilla,continue,3914.00
"Brugt iPad Mini 8.3"" 6. Gen. (2021) Cellular",14668695372151,64GB / Som ny / Space Grey,53470945902967,c2fd0d7a1780ee72,64GB,Som ny,Space Grey,continue,4454.00
"Brugt iPad Mini 8.3"" 6. Gen. (2021) Cellular",14668695372151,64GB / Som ny / Stjerneskær,53470945935735,bd4b8493f3d9b8d1,64GB,Som ny,Stjerneskær,continue,4454.00
"Brugt iPad Mini 8.3"" 6. Gen. (2021) Cellular",14668695372151,64GB / Som ny / Lyserød,53471724077431,1059b2760ae3e10a,64GB,Som ny,Lyserød,continue,4454.00
"Brugt iPad Mini 8.3"" 6. Gen. (2021) Cellular",14668695372151,64GB / Som ny / Lilla,53471724110199,71040716082f9800,64GB,Som ny,Lilla,continue,4454.00
"Brugt iPad Mini 8.3"" 6. Gen. (2021) Cellular",14668695372151,256GB / Rigtig god / Space Grey,53470946361719,32ab02298d0d0d99,256GB,Rigtig god,Space Grey,continue,4634.00
"Brugt iPad Mini 8.3"" 6. Gen. (2021) Cellular",14668695372151,256GB / Rigtig god / Stjerneskær,53470946394487,baf9da3106b4ef04,256GB,Rigtig god,Stjerneskær,continue,4634.00
"Brugt iPad Mini 8.3"" 6. Gen. (2021) Cellular",14668695372151,256GB / Rigtig god / Lyserød,53471724274039,60a94950aa58b313,256GB,Rigtig god,Lyserød,continue,4634.00
"Brugt iPad Mini 8.3"" 6. Gen. (2021) Cellular",14668695372151,256GB / Rigtig god / Lilla,53471724306807,1e43dc7801c814f6,256GB,Rigtig god,Lilla,continue,4634.00
"Brugt iPad Mini 8.3"" 6. Gen. (2021) Cellular",14668695372151,256GB / Som ny / Space Grey,53470946427255,84cd03f4df0cc89f,256GB,Som ny,Space Grey,continue,5264.00
"Brugt iPad Mini 8.3"" 6. Gen. (2021) Cellular",14668695372151,256GB / Som ny / Stjerneskær,53470946460023,b794e26f3a2d01e2,256GB,Som ny,Stjerneskær,continue,5264.00
"Brugt iPad Mini 8.3"" 6. Gen. (2021) Cellular",14668695372151,256GB / Som ny / Lyserød,53471724339575,93367dbff42f56df,256GB,Som ny,Lyserød,continue,5264.00
"Brugt iPad Mini 8.3"" 6. Gen. (2021) Cellular",14668695372151,256GB / Som ny / Lilla,53471724372343,f8703db7f4cfe9d6,256GB,Som ny,Lilla,continue,5264.00
"Brugt iPad Mini 8.3"" 6. Gen. (2021) WiFi",8391954006152,64GB / Rigtig god / Space Grey,42982940770440,327e7d0c4936aac2,64GB,Rigtig god,Space Grey,continue,3194.00
"Brugt iPad Mini 8.3"" 6. Gen. (2021) WiFi",8391954006152,64GB / Rigtig god / Stjerneskær,42982940803208,80839f26908570fc,64GB,Rigtig god,Stjerneskær,continue,3194.00
"Brugt iPad Mini 8.3"" 6. Gen. (2021) WiFi",8391954006152,64GB / Rigtig god / Lyserød,53471726141815,496f6a5f073fe104,64GB,Rigtig god,Lyserød,continue,3194.00
"Brugt iPad Mini 8.3"" 6. Gen. (2021) WiFi",8391954006152,64GB / Rigtig god / Lilla,53471726174583,8f557a329354fdf5,64GB,Rigtig god,Lilla,continue,3194.00
"Brugt iPad Mini 8.3"" 6. Gen. (2021) WiFi",8391954006152,64GB / Som ny / Space Grey,42982940835976,db1ba113b25218d4,64GB,Som ny,Space Grey,continue,3734.00
"Brugt iPad Mini 8.3"" 6. Gen. (2021) WiFi",8391954006152,64GB / Som ny / Stjerneskær,42982940868744,154c6871a964d04d,64GB,Som ny,Stjerneskær,continue,3734.00
"Brugt iPad Mini 8.3"" 6. Gen. (2021) WiFi",8391954006152,64GB / Som ny / Lyserød,53471726207351,e796fa5602d83026,64GB,Som ny,Lyserød,continue,3734.00
"Brugt iPad Mini 8.3"" 6. Gen. (2021) WiFi",8391954006152,64GB / Som ny / Lilla,53471726240119,4c3b56371bbb42a4,64GB,Som ny,Lilla,continue,3734.00
"Brugt iPad Mini 8.3"" 6. Gen. (2021) WiFi",8391954006152,256GB / Rigtig god / Space Grey,42982941294728,ac0ecdfddd252192,256GB,Rigtig god,Space Grey,continue,3914.00
"Brugt iPad Mini 8.3"" 6. Gen. (2021) WiFi",8391954006152,256GB / Rigtig god / Stjerneskær,42982941327496,b81207729ff7315b,256GB,Rigtig god,Stjerneskær,continue,3914.00
"Brugt iPad Mini 8.3"" 6. Gen. (2021) WiFi",8391954006152,256GB / Rigtig god / Lyserød,53471726403959,948b5ee79af76a69,256GB,Rigtig god,Lyserød,continue,3914.00
"Brugt iPad Mini 8.3"" 6. Gen. (2021) WiFi",8391954006152,256GB / Rigtig god / Lilla,53471726436727,c42511b78fa59a1a,256GB,Rigtig god,Lilla,continue,3914.00
"Brugt iPad Mini 8.3"" 6. Gen. (2021) WiFi",8391954006152,256GB / Som ny / Space Grey,42982941360264,40bcf1376447f2e2,256GB,Som ny,Space Grey,continue,4454.00
"Brugt iPad Mini 8.3"" 6. Gen. (2021) WiFi",8391954006152,256GB / Som ny / Stjerneskær,42982941393032,415cbc05681e9eb8,256GB,Som ny,Stjerneskær,continue,4454.00
"Brugt iPad Mini 8.3"" 6. Gen. (2021) WiFi",8391954006152,256GB / Som ny / Lyserød,53471726469495,d84629dcf488a59c,256GB,Som ny,Lyserød,continue,4454.00
"Brugt iPad Mini 8.3"" 6. Gen. (2021) WiFi",8391954006152,256GB / Som ny / Lilla,53471726502263,e206a0cd0ea6d7ad,256GB,Som ny,Lilla,continue,4454.00
"Brugt iPad Pro 10.5"" (2017) Cellular",14668699206007,64GB / Brugbar / Space Grey,53470974443895,d6d539114d8d49e5,64GB,Brugbar,Space Grey,continue,2049.00
"Brugt iPad Pro 10.5"" (2017) Cellular",14668699206007,64GB / Brugbar / Rosa Guld,53470974476663,19cb11ce4fd1afa8,64GB,Brugbar,Rosa Guld,continue,2049.00
"Brugt iPad Pro 10.5"" (2017) Cellular",14668699206007,64GB / Brugbar / Guld,53480157151607,a74549833c0ae8dd,64GB,Brugbar,Guld,continue,2049.00
"Brugt iPad Pro 10.5"" (2017) Cellular",14668699206007,64GB / Brugt / Space Grey,53470974509431,c66a635ab4d1470b,64GB,Brugt,Space Grey,continue,2249.00
"Brugt iPad Pro 10.5"" (2017) Cellular",14668699206007,64GB / Brugt / Rosa Guld,53470974542199,a7197f53e44d7f0a,64GB,Brugt,Rosa Guld,continue,2249.00
"Brugt iPad Pro 10.5"" (2017) Cellular",14668699206007,64GB / Brugt / Guld,53480157184375,3829eb9b5ae1314e,64GB,Brugt,Guld,continue,2249.00
"Brugt iPad Pro 10.5"" (2017) Cellular",14668699206007,64GB / Rigtig god / Space Grey,53470974574967,78d63f448f45839e,64GB,Rigtig god,Space Grey,continue,2449.00
"Brugt iPad Pro 10.5"" (2017) Cellular",14668699206007,64GB / Rigtig god / Rosa Guld,53470974607735,bbb40ac00b792ce1,64GB,Rigtig god,Rosa Guld,continue,2449.00
"Brugt iPad Pro 10.5"" (2017) Cellular",14668699206007,64GB / Rigtig god / Guld,53480157217143,d7932ba485b532bb,64GB,Rigtig god,Guld,continue,2449.00
"Brugt iPad Pro 10.5"" (2017) Cellular",14668699206007,64GB / Som ny / Space Grey,53470974640503,bafbc63444643d15,64GB,Som ny,Space Grey,continue,2649.00
"Brugt iPad Pro 10.5"" (2017) Cellular",14668699206007,64GB / Som ny / Rosa Guld,53470974673271,ad9b1e15d8510aa6,64GB,Som ny,Rosa Guld,continue,2649.00
"Brugt iPad Pro 10.5"" (2017) Cellular",14668699206007,64GB / Som ny / Guld,53480157249911,a42c7e51a331ca6c,64GB,Som ny,Guld,continue,2649.00
"Brugt iPad Pro 10.5"" (2017) Cellular",14668699206007,256GB / Brugbar / Space Grey,53470974968183,2aaf867ba60da237,256GB,Brugbar,Space Grey,continue,2449.00
"Brugt iPad Pro 10.5"" (2017) Cellular",14668699206007,256GB / Brugbar / Rosa Guld,53470975000951,dd2739fd3b0e0d14,256GB,Brugbar,Rosa Guld,continue,2449.00
"Brugt iPad Pro 10.5"" (2017) Cellular",14668699206007,256GB / Brugbar / Guld,53480157282679,92be8e130ab1ea3b,256GB,Brugbar,Guld,continue,2449.00
"Brugt iPad Pro 10.5"" (2017) Cellular",14668699206007,256GB / Brugt / Space Grey,53470975033719,10dcaf5b3f353930,256GB,Brugt,Space Grey,continue,2649.00
"Brugt iPad Pro 10.5"" (2017) Cellular",14668699206007,256GB / Brugt / Rosa Guld,53470975066487,5ce8f14181c086b6,256GB,Brugt,Rosa Guld,continue,2649.00
"Brugt iPad Pro 10.5"" (2017) Cellular",14668699206007,256GB / Brugt / Guld,53480157315447,936415adf268415f,256GB,Brugt,Guld,continue,2649.00
"Brugt iPad Pro 10.5"" (2017) Cellular",14668699206007,256GB / Rigtig god / Space Grey,53470975099255,406de5f483d1b212,256GB,Rigtig god,Space Grey,continue,2849.00
"Brugt iPad Pro 10.5"" (2017) Cellular",14668699206007,256GB / Rigtig god / Rosa Guld,53470975132023,5ee0c98ad7c9249a,256GB,Rigtig god,Rosa Guld,continue,2849.00
"Brugt iPad Pro 10.5"" (2017) Cellular",14668699206007,256GB / Rigtig god / Guld,53480157348215,fb804e9fbc28ac6c,256GB,Rigtig god,Guld,continue,2849.00
"Brugt iPad Pro 10.5"" (2017) Cellular",14668699206007,256GB / Som ny / Space Grey,53470975164791,2fa7ddf9176b54e6,256GB,Som ny,Space Grey,continue,3049.00
"Brugt iPad Pro 10.5"" (2017) Cellular",14668699206007,256GB / Som ny / Rosa Guld,53470975197559,73cff1f2853c76c3,256GB,Som ny,Rosa Guld,continue,3049.00
"Brugt iPad Pro 10.5"" (2017) Cellular",14668699206007,256GB / Som ny / Guld,53480157380983,0b0be6cfb473786c,256GB,Som ny,Guld,continue,3049.00
"Brugt iPad Pro 10.5"" (2017) Cellular",14668699206007,512GB / Brugbar / Space Grey,53470974706039,1b7f919d54e5d61e,512GB,Brugbar,Space Grey,continue,2849.00
"Brugt iPad Pro 10.5"" (2017) Cellular",14668699206007,512GB / Brugbar / Rosa Guld,53470974738807,d85ebfe3d99d55e8,512GB,Brugbar,Rosa Guld,continue,2849.00
"Brugt iPad Pro 10.5"" (2017) Cellular",14668699206007,512GB / Brugbar / Guld,53480157413751,8f4ba4ebe80efc76,512GB,Brugbar,Guld,continue,2849.00
"Brugt iPad Pro 10.5"" (2017) Cellular",14668699206007,512GB / Brugt / Space Grey,53470974771575,008928c5e882b6f9,512GB,Brugt,Space Grey,continue,3049.00
"Brugt iPad Pro 10.5"" (2017) Cellular",14668699206007,512GB / Brugt / Rosa Guld,53470974804343,20df3895d144a1a4,512GB,Brugt,Rosa Guld,continue,3049.00
"Brugt iPad Pro 10.5"" (2017) Cellular",14668699206007,512GB / Brugt / Guld,53480157446519,2f7a46328b6178da,512GB,Brugt,Guld,continue,3049.00
"Brugt iPad Pro 10.5"" (2017) Cellular",14668699206007,512GB / Rigtig god / Space Grey,53470974837111,03d98de869ec808a,512GB,Rigtig god,Space Grey,continue,3249.00
"Brugt iPad Pro 10.5"" (2017) Cellular",14668699206007,512GB / Rigtig god / Rosa Guld,53470974869879,30d1408d6b108120,512GB,Rigtig god,Rosa Guld,continue,3249.00
"Brugt iPad Pro 10.5"" (2017) Cellular",14668699206007,512GB / Rigtig god / Guld,53480157479287,c975edbb9daceb8e,512GB,Rigtig god,Guld,continue,3249.00
"Brugt iPad Pro 10.5"" (2017) Cellular",14668699206007,512GB / Som ny / Space Grey,53470974902647,a05d0de755c42e07,512GB,Som ny,Space Grey,continue,3449.00
"Brugt iPad Pro 10.5"" (2017) Cellular",14668699206007,512GB / Som ny / Rosa Guld,53470974935415,1c1fbbbba0ce6f15,512GB,Som ny,Rosa Guld,continue,3449.00
"Brugt iPad Pro 10.5"" (2017) Cellular",14668699206007,512GB / Som ny / Guld,53480157512055,7221c5a2734642d4,512GB,Som ny,Guld,continue,3449.00
"Brugt iPad Pro 10.5"" (2017) WiFi",14668699107703,64GB / Brugbar / Space Grey,53470973559159,1a93c1434f4738c2,64GB,Brugbar,Space Grey,continue,1549.00
"Brugt iPad Pro 10.5"" (2017) WiFi",14668699107703,64GB / Brugbar / Rosa Guld,53470973591927,5f0631bfe30ba7e0,64GB,Brugbar,Rosa Guld,continue,1549.00
"Brugt iPad Pro 10.5"" (2017) WiFi",14668699107703,64GB / Brugbar / Guld,53480161673591,43d9b36598725981,64GB,Brugbar,Guld,continue,1549.00
"Brugt iPad Pro 10.5"" (2017) WiFi",14668699107703,64GB / Brugt / Space Grey,53470973624695,821f08c2969f0aa1,64GB,Brugt,Space Grey,continue,1749.00
"Brugt iPad Pro 10.5"" (2017) WiFi",14668699107703,64GB / Brugt / Rosa Guld,53470973657463,a7a89708ee501c1b,64GB,Brugt,Rosa Guld,continue,1749.00
"Brugt iPad Pro 10.5"" (2017) WiFi",14668699107703,64GB / Brugt / Guld,53480161706359,1a2b5b010a68e5b0,64GB,Brugt,Guld,continue,1749.00
"Brugt iPad Pro 10.5"" (2017) WiFi",14668699107703,64GB / Rigtig god / Space Grey,53470973690231,08d671a8e188591c,64GB,Rigtig god,Space Grey,continue,1949.00
"Brugt iPad Pro 10.5"" (2017) WiFi",14668699107703,64GB / Rigtig god / Rosa Guld,53470973722999,eba7df8048991f2f,64GB,Rigtig god,Rosa Guld,continue,1949.00
"Brugt iPad Pro 10.5"" (2017) WiFi",14668699107703,64GB / Rigtig god / Guld,53480161739127,adbbaca1b858b5da,64GB,Rigtig god,Guld,continue,1949.00
"Brugt iPad Pro 10.5"" (2017) WiFi",14668699107703,64GB / Som ny / Space Grey,53470973755767,9709c0807f92e701,64GB,Som ny,Space Grey,continue,2149.00
"Brugt iPad Pro 10.5"" (2017) WiFi",14668699107703,64GB / Som ny / Rosa Guld,53470973788535,4a3ef18d1126affa,64GB,Som ny,Rosa Guld,continue,2149.00
"Brugt iPad Pro 10.5"" (2017) WiFi",14668699107703,64GB / Som ny / Guld,53480161771895,a0aa6c13217bc77b,64GB,Som ny,Guld,continue,2149.00
"Brugt iPad Pro 10.5"" (2017) WiFi",14668699107703,256GB / Brugbar / Space Grey,53470974083447,54683b147ca5a050,256GB,Brugbar,Space Grey,continue,1949.00
"Brugt iPad Pro 10.5"" (2017) WiFi",14668699107703,256GB / Brugbar / Rosa Guld,53470974116215,9c3c05eab0833fc4,256GB,Brugbar,Rosa Guld,continue,1949.00
"Brugt iPad Pro 10.5"" (2017) WiFi",14668699107703,256GB / Brugbar / Guld,53480161804663,2fef977307cd9368,256GB,Brugbar,Guld,continue,1949.00
"Brugt iPad Pro 10.5"" (2017) WiFi",14668699107703,256GB / Brugt / Space Grey,53470974148983,2866bf3264f05d71,256GB,Brugt,Space Grey,continue,2149.00
"Brugt iPad Pro 10.5"" (2017) WiFi",14668699107703,256GB / Brugt / Rosa Guld,53470974181751,5f2ed232d5498eb1,256GB,Brugt,Rosa Guld,continue,2149.00
"Brugt iPad Pro 10.5"" (2017) WiFi",14668699107703,256GB / Brugt / Guld,53480161837431,eee450af6075b7e6,256GB,Brugt,Guld,continue,2149.00
"Brugt iPad Pro 10.5"" (2017) WiFi",14668699107703,256GB / Rigtig god / Space Grey,53470974214519,6946b4b10854c34e,256GB,Rigtig god,Space Grey,continue,2349.00
"Brugt iPad Pro 10.5"" (2017) WiFi",14668699107703,256GB / Rigtig god / Rosa Guld,53470974247287,ea648c0565dcb720,256GB,Rigtig god,Rosa Guld,continue,2349.00
"Brugt iPad Pro 10.5"" (2017) WiFi",14668699107703,256GB / Rigtig god / Guld,53480161870199,cc6a72775d5d11b8,256GB,Rigtig god,Guld,continue,2349.00
"Brugt iPad Pro 10.5"" (2017) WiFi",14668699107703,256GB / Som ny / Space Grey,53470974280055,af12f0697749a367,256GB,Som ny,Space Grey,continue,2549.00
"Brugt iPad Pro 10.5"" (2017) WiFi",14668699107703,256GB / Som ny / Rosa Guld,53470974312823,5ae9d9322c7944f8,256GB,Som ny,Rosa Guld,continue,2549.00
"Brugt iPad Pro 10.5"" (2017) WiFi",14668699107703,256GB / Som ny / Guld,53480161902967,738b40fcf354386b,256GB,Som ny,Guld,continue,2549.00
"Brugt iPad Pro 10.5"" (2017) WiFi",14668699107703,512GB / Brugbar / Space Grey,53470973821303,614a35887fea9cf7,512GB,Brugbar,Space Grey,continue,2349.00
"Brugt iPad Pro 10.5"" (2017) WiFi",14668699107703,512GB / Brugbar / Rosa Guld,53470973854071,fb23d0a4b6019458,512GB,Brugbar,Rosa Guld,continue,2349.00
"Brugt iPad Pro 10.5"" (2017) WiFi",14668699107703,512GB / Brugbar / Guld,53480161935735,ef2f49e7019a18c4,512GB,Brugbar,Guld,continue,2349.00
"Brugt iPad Pro 10.5"" (2017) WiFi",14668699107703,512GB / Brugt / Space Grey,53470973886839,3c33f90cb05fff57,512GB,Brugt,Space Grey,continue,2549.00
"Brugt iPad Pro 10.5"" (2017) WiFi",14668699107703,512GB / Brugt / Rosa Guld,53470973919607,0f45385d3be72d76,512GB,Brugt,Rosa Guld,continue,2549.00
"Brugt iPad Pro 10.5"" (2017) WiFi",14668699107703,512GB / Brugt / Guld,53480161968503,d951a1d5fa4cdf09,512GB,Brugt,Guld,continue,2549.00
"Brugt iPad Pro 10.5"" (2017) WiFi",14668699107703,512GB / Rigtig god / Space Grey,53470973952375,d04bf364fc1d7a17,512GB,Rigtig god,Space Grey,continue,2749.00
"Brugt iPad Pro 10.5"" (2017) WiFi",14668699107703,512GB / Rigtig god / Rosa Guld,53470973985143,73a652c0a03c47e6,512GB,Rigtig god,Rosa Guld,continue,2749.00
"Brugt iPad Pro 10.5"" (2017) WiFi",14668699107703,512GB / Rigtig god / Guld,53480162001271,14796d406303dc60,512GB,Rigtig god,Guld,continue,2749.00
"Brugt iPad Pro 10.5"" (2017) WiFi",14668699107703,512GB / Som ny / Space Grey,53470974017911,2883ceb5f2fcfaf9,512GB,Som ny,Space Grey,continue,2949.00
"Brugt iPad Pro 10.5"" (2017) WiFi",14668699107703,512GB / Som ny / Rosa Guld,53470974050679,448284cb94d8183c,512GB,Som ny,Rosa Guld,continue,2949.00
"Brugt iPad Pro 10.5"" (2017) WiFi",14668699107703,512GB / Som ny / Guld,53480162034039,040004110283baa5,512GB,Som ny,Guld,continue,2949.00
"Brugt iPad Pro 11""  3. Gen (2021) Cellular",14670331347319,128GB / Brugbar / Space Grey,53480024408439,f0e9eb559f7f86f4,128GB,Brugbar,Space Grey,continue,5249.00
"Brugt iPad Pro 11""  3. Gen (2021) Cellular",14670331347319,128GB / Brugbar / Sølv,53480024441207,cc4d734eb43cf2fd,128GB,Brugbar,Sølv,continue,5249.00
"Brugt iPad Pro 11""  3. Gen (2021) Cellular",14670331347319,128GB / Brugt / Space Grey,53480024473975,845a7d85df68ad2f,128GB,Brugt,Space Grey,continue,5549.00
"Brugt iPad Pro 11""  3. Gen (2021) Cellular",14670331347319,128GB / Brugt / Sølv,53480024506743,2b7ad7042565be6d,128GB,Brugt,Sølv,continue,5549.00
"Brugt iPad Pro 11""  3. Gen (2021) Cellular",14670331347319,128GB / Rigtig god / Space Grey,53480024539511,7e07806256b64677,128GB,Rigtig god,Space Grey,continue,5849.00
"Brugt iPad Pro 11""  3. Gen (2021) Cellular",14670331347319,128GB / Rigtig god / Sølv,53480024572279,22d7ad2a08d93e44,128GB,Rigtig god,Sølv,continue,5849.00
"Brugt iPad Pro 11""  3. Gen (2021) Cellular",14670331347319,128GB / Som ny / Space Grey,53480024605047,bca1fac88e98e221,128GB,Som ny,Space Grey,continue,6149.00
"Brugt iPad Pro 11""  3. Gen (2021) Cellular",14670331347319,128GB / Som ny / Sølv,53480024637815,c9ae59b2f628dd04,128GB,Som ny,Sølv,continue,6149.00
"Brugt iPad Pro 11""  3. Gen (2021) Cellular",14670331347319,256GB / Brugbar / Space Grey,53480024670583,467616e8a44c7f73,256GB,Brugbar,Space Grey,continue,5549.00
"Brugt iPad Pro 11""  3. Gen (2021) Cellular",14670331347319,256GB / Brugbar / Sølv,53480024703351,820191f9297c9704,256GB,Brugbar,Sølv,continue,5549.00
"Brugt iPad Pro 11""  3. Gen (2021) Cellular",14670331347319,256GB / Brugt / Space Grey,53480024736119,4928d25d6762d1a6,256GB,Brugt,Space Grey,continue,5849.00
"Brugt iPad Pro 11""  3. Gen (2021) Cellular",14670331347319,256GB / Brugt / Sølv,53480024768887,2f6727e384dc97d6,256GB,Brugt,Sølv,continue,5849.00
"Brugt iPad Pro 11""  3. Gen (2021) Cellular",14670331347319,256GB / Rigtig god / Space Grey,53480024801655,db250cebe434edf0,256GB,Rigtig god,Space Grey,continue,6249.00
"Brugt iPad Pro 11""  3. Gen (2021) Cellular",14670331347319,256GB / Rigtig god / Sølv,53480024834423,f4ce0e6b8efc8823,256GB,Rigtig god,Sølv,continue,6249.00
"Brugt iPad Pro 11""  3. Gen (2021) Cellular",14670331347319,256GB / Som ny / Space Grey,53480024867191,9d955e452e0164d6,256GB,Som ny,Space Grey,continue,6549.00
"Brugt iPad Pro 11""  3. Gen (2021) Cellular",14670331347319,256GB / Som ny / Sølv,53480024899959,0bdb700babf86481,256GB,Som ny,Sølv,continue,6549.00
"Brugt iPad Pro 11""  3. Gen (2021) Cellular",14670331347319,512GB / Brugbar / Space Grey,53480024146295,6cdd7fc579aaca69,512GB,Brugbar,Space Grey,continue,5849.00
"Brugt iPad Pro 11""  3. Gen (2021) Cellular",14670331347319,512GB / Brugbar / Sølv,53480024179063,f1cdb83d51acbedd,512GB,Brugbar,Sølv,continue,5849.00
"Brugt iPad Pro 11""  3. Gen (2021) Cellular",14670331347319,512GB / Brugt / Space Grey,53480024211831,124f91f60980a79e,512GB,Brugt,Space Grey,continue,6149.00
"Brugt iPad Pro 11""  3. Gen (2021) Cellular",14670331347319,512GB / Brugt / Sølv,53480024244599,148ccfb50bfdc255,512GB,Brugt,Sølv,continue,6149.00
"Brugt iPad Pro 11""  3. Gen (2021) Cellular",14670331347319,512GB / Rigtig god / Space Grey,53480024277367,9302ceccb81599af,512GB,Rigtig god,Space Grey,continue,6449.00
"Brugt iPad Pro 11""  3. Gen (2021) Cellular",14670331347319,512GB / Rigtig god / Sølv,53480024310135,46f0e07bf4dc4bac,512GB,Rigtig god,Sølv,continue,6449.00
"Brugt iPad Pro 11""  3. Gen (2021) Cellular",14670331347319,512GB / Som ny / Space Grey,53480024342903,909798d42686b42a,512GB,Som ny,Space Grey,continue,6749.00
"Brugt iPad Pro 11""  3. Gen (2021) Cellular",14670331347319,512GB / Som ny / Sølv,53480024375671,e3cf8f2c62d006f9,512GB,Som ny,Sølv,continue,6749.00
"Brugt iPad Pro 11""  3. Gen (2021) Cellular",14670331347319,1TB / Brugbar / Space Grey,53480179761527,84ac419df819e2da,1TB,Brugbar,Space Grey,continue,6149.00
"Brugt iPad Pro 11""  3. Gen (2021) Cellular",14670331347319,1TB / Brugbar / Sølv,53480179794295,c76d5f98c7ee4e02,1TB,Brugbar,Sølv,continue,6149.00
"Brugt iPad Pro 11""  3. Gen (2021) Cellular",14670331347319,1TB / Brugt / Space Grey,53480179827063,a6b1d1b69412c32e,1TB,Brugt,Space Grey,continue,6449.00
"Brugt iPad Pro 11""  3. Gen (2021) Cellular",14670331347319,1TB / Brugt / Sølv,53480179859831,60b816d572c8dc95,1TB,Brugt,Sølv,continue,6449.00
"Brugt iPad Pro 11""  3. Gen (2021) Cellular",14670331347319,1TB / Rigtig god / Space Grey,53480179892599,e40506c96e0ee482,1TB,Rigtig god,Space Grey,continue,6749.00
"Brugt iPad Pro 11""  3. Gen (2021) Cellular",14670331347319,1TB / Rigtig god / Sølv,53480179925367,22c631cfec66f2a9,1TB,Rigtig god,Sølv,continue,6749.00
"Brugt iPad Pro 11""  3. Gen (2021) Cellular",14670331347319,1TB / Som ny / Space Grey,53480179958135,d1c001f60fa1d349,1TB,Som ny,Space Grey,continue,7049.00
"Brugt iPad Pro 11""  3. Gen (2021) Cellular",14670331347319,1TB / Som ny / Sølv,53480179990903,73296585397ca3f4,1TB,Som ny,Sølv,continue,7049.00
"Brugt iPad Pro 11""  3. Gen (2021) Cellular",14670331347319,2TB / Brugbar / Space Grey,53480180023671,353be50ccaca0c05,2TB,Brugbar,Space Grey,continue,6449.00
"Brugt iPad Pro 11""  3. Gen (2021) Cellular",14670331347319,2TB / Brugbar / Sølv,53480180056439,f563df16e8f0966d,2TB,Brugbar,Sølv,continue,6449.00
"Brugt iPad Pro 11""  3. Gen (2021) Cellular",14670331347319,2TB / Brugt / Space Grey,53480180089207,422af45b376b6738,2TB,Brugt,Space Grey,continue,6749.00
"Brugt iPad Pro 11""  3. Gen (2021) Cellular",14670331347319,2TB / Brugt / Sølv,53480180121975,cead99936dfeb02e,2TB,Brugt,Sølv,continue,6749.00
"Brugt iPad Pro 11""  3. Gen (2021) Cellular",14670331347319,2TB / Rigtig god / Space Grey,53480180154743,df87a341d9f514f2,2TB,Rigtig god,Space Grey,continue,7049.00
"Brugt iPad Pro 11""  3. Gen (2021) Cellular",14670331347319,2TB / Rigtig god / Sølv,53480180187511,5c21c4edc12fcdd5,2TB,Rigtig god,Sølv,continue,7049.00
"Brugt iPad Pro 11""  3. Gen (2021) Cellular",14670331347319,2TB / Som ny / Space Grey,53480180220279,a9aaafaca241b701,2TB,Som ny,Space Grey,continue,7349.00
"Brugt iPad Pro 11""  3. Gen (2021) Cellular",14670331347319,2TB / Som ny / Sølv,53480180253047,ac131a382bb5bccb,2TB,Som ny,Sølv,continue,7349.00
"Brugt iPad Pro 11""  3. Gen (2021) WiFi",14670331740535,128GB / Brugbar / Space Grey,53480028995959,f2e366df76739bf2,128GB,Brugbar,Space Grey,continue,4849.00
"Brugt iPad Pro 11""  3. Gen (2021) WiFi",14670331740535,128GB / Brugbar / Sølv,53480029028727,70ba695acf77932c,128GB,Brugbar,Sølv,continue,4849.00
"Brugt iPad Pro 11""  3. Gen (2021) WiFi",14670331740535,128GB / Brugt / Space Grey,53480029061495,e2539db7d99a234b,128GB,Brugt,Space Grey,continue,5149.00
"Brugt iPad Pro 11""  3. Gen (2021) WiFi",14670331740535,128GB / Brugt / Sølv,53480029094263,cc3912c07c180aae,128GB,Brugt,Sølv,continue,5149.00
"Brugt iPad Pro 11""  3. Gen (2021) WiFi",14670331740535,128GB / Rigtig god / Space Grey,53480029127031,b107f897b793c472,128GB,Rigtig god,Space Grey,continue,5449.00
"Brugt iPad Pro 11""  3. Gen (2021) WiFi",14670331740535,128GB / Rigtig god / Sølv,53480029159799,09ea656d36206686,128GB,Rigtig god,Sølv,continue,5449.00
"Brugt iPad Pro 11""  3. Gen (2021) WiFi",14670331740535,128GB / Som ny / Space Grey,53480029192567,524fc2619bb0608c,128GB,Som ny,Space Grey,continue,5749.00
"Brugt iPad Pro 11""  3. Gen (2021) WiFi",14670331740535,128GB / Som ny / Sølv,53480029225335,dc5560608a30fafa,128GB,Som ny,Sølv,continue,5749.00
"Brugt iPad Pro 11""  3. Gen (2021) WiFi",14670331740535,256GB / Brugbar / Space Grey,53480029258103,4371f4fc917edb49,256GB,Brugbar,Space Grey,continue,5149.00
"Brugt iPad Pro 11""  3. Gen (2021) WiFi",14670331740535,256GB / Brugbar / Sølv,53480029290871,30ce0712abae9450,256GB,Brugbar,Sølv,continue,5149.00
"Brugt iPad Pro 11""  3. Gen (2021) WiFi",14670331740535,256GB / Brugt / Space Grey,53480029323639,13023af4157decb6,256GB,Brugt,Space Grey,continue,5449.00
"Brugt iPad Pro 11""  3. Gen (2021) WiFi",14670331740535,256GB / Brugt / Sølv,53480029356407,f46d09dee02d3baa,256GB,Brugt,Sølv,continue,5449.00
"Brugt iPad Pro 11""  3. Gen (2021) WiFi",14670331740535,256GB / Rigtig god / Space Grey,53480029389175,67feb038c56b333a,256GB,Rigtig god,Space Grey,continue,5849.00
"Brugt iPad Pro 11""  3. Gen (2021) WiFi",14670331740535,256GB / Rigtig god / Sølv,53480029421943,9b5ee1242ae6eeb9,256GB,Rigtig god,Sølv,continue,5849.00
"Brugt iPad Pro 11""  3. Gen (2021) WiFi",14670331740535,256GB / Som ny / Space Grey,53480029454711,9dac9b84ae3b49ff,256GB,Som ny,Space Grey,continue,6149.00
"Brugt iPad Pro 11""  3. Gen (2021) WiFi",14670331740535,256GB / Som ny / Sølv,53480029487479,b274ca09701f5968,256GB,Som ny,Sølv,continue,6149.00
"Brugt iPad Pro 11""  3. Gen (2021) WiFi",14670331740535,512GB / Brugbar / Space Grey,53480028733815,78b692717b92a8ab,512GB,Brugbar,Space Grey,continue,5449.00
"Brugt iPad Pro 11""  3. Gen (2021) WiFi",14670331740535,512GB / Brugbar / Sølv,53480028766583,fe6d3d890ae61090,512GB,Brugbar,Sølv,continue,5449.00
"Brugt iPad Pro 11""  3. Gen (2021) WiFi",14670331740535,512GB / Brugt / Space Grey,53480028799351,c8a3584ae7a69c6b,512GB,Brugt,Space Grey,continue,5749.00
"Brugt iPad Pro 11""  3. Gen (2021) WiFi",14670331740535,512GB / Brugt / Sølv,53480028832119,3d1f6749482e6d6e,512GB,Brugt,Sølv,continue,5749.00
"Brugt iPad Pro 11""  3. Gen (2021) WiFi",14670331740535,512GB / Rigtig god / Space Grey,53480028864887,1f4cec2c8a36c5c1,512GB,Rigtig god,Space Grey,continue,6049.00
"Brugt iPad Pro 11""  3. Gen (2021) WiFi",14670331740535,512GB / Rigtig god / Sølv,53480028897655,b083f6a3b0d3aca4,512GB,Rigtig god,Sølv,continue,6049.00
"Brugt iPad Pro 11""  3. Gen (2021) WiFi",14670331740535,512GB / Som ny / Space Grey,53480028930423,8b41e074787b7e48,512GB,Som ny,Space Grey,continue,6349.00
"Brugt iPad Pro 11""  3. Gen (2021) WiFi",14670331740535,512GB / Som ny / Sølv,53480028963191,553f7de615237023,512GB,Som ny,Sølv,continue,6349.00
"Brugt iPad Pro 11""  3. Gen (2021) WiFi",14670331740535,1TB / Brugbar / Space Grey,53480182448503,c0bfe14f95e6e5d3,1TB,Brugbar,Space Grey,continue,5749.00
"Brugt iPad Pro 11""  3. Gen (2021) WiFi",14670331740535,1TB / Brugbar / Sølv,53480182481271,3ccd174437d04976,1TB,Brugbar,Sølv,continue,5749.00
"Brugt iPad Pro 11""  3. Gen (2021) WiFi",14670331740535,1TB / Brugt / Space Grey,53480182514039,e74997a045c58a56,1TB,Brugt,Space Grey,continue,6049.00
"Brugt iPad Pro 11""  3. Gen (2021) WiFi",14670331740535,1TB / Brugt / Sølv,53480182546807,cc11fca3b3955e48,1TB,Brugt,Sølv,continue,6049.00
"Brugt iPad Pro 11""  3. Gen (2021) WiFi",14670331740535,1TB / Rigtig god / Space Grey,53480182579575,74622e39c2c0465a,1TB,Rigtig god,Space Grey,continue,6349.00
"Brugt iPad Pro 11""  3. Gen (2021) WiFi",14670331740535,1TB / Rigtig god / Sølv,53480182612343,e440bb5204cf0239,1TB,Rigtig god,Sølv,continue,6349.00
"Brugt iPad Pro 11""  3. Gen (2021) WiFi",14670331740535,1TB / Som ny / Space Grey,53480182645111,26172c035ce8f8c6,1TB,Som ny,Space Grey,continue,6649.00
"Brugt iPad Pro 11""  3. Gen (2021) WiFi",14670331740535,1TB / Som ny / Sølv,53480182677879,76425ae760e55abf,1TB,Som ny,Sølv,continue,6649.00
"Brugt iPad Pro 11""  3. Gen (2021) WiFi",14670331740535,2TB / Brugbar / Space Grey,53480182710647,8130e4c34a2154a2,2TB,Brugbar,Space Grey,continue,6049.00
"Brugt iPad Pro 11""  3. Gen (2021) WiFi",14670331740535,2TB / Brugbar / Sølv,53480182743415,9c7f452ac9cf5443,2TB,Brugbar,Sølv,continue,6049.00
"Brugt iPad Pro 11""  3. Gen (2021) WiFi",14670331740535,2TB / Brugt / Space Grey,53480182776183,7fe7746a60af22d5,2TB,Brugt,Space Grey,continue,6349.00
"Brugt iPad Pro 11""  3. Gen (2021) WiFi",14670331740535,2TB / Brugt / Sølv,53480182808951,3e3e86ace3b70beb,2TB,Brugt,Sølv,continue,6349.00
"Brugt iPad Pro 11""  3. Gen (2021) WiFi",14670331740535,2TB / Rigtig god / Space Grey,53480182841719,50434373a1f88954,2TB,Rigtig god,Space Grey,continue,6649.00
"Brugt iPad Pro 11""  3. Gen (2021) WiFi",14670331740535,2TB / Rigtig god / Sølv,53480182874487,e27b2319f28f6063,2TB,Rigtig god,Sølv,continue,6649.00
"Brugt iPad Pro 11""  3. Gen (2021) WiFi",14670331740535,2TB / Som ny / Space Grey,53480182907255,1f5326ab230993c0,2TB,Som ny,Space Grey,continue,6949.00
"Brugt iPad Pro 11""  3. Gen (2021) WiFi",14670331740535,2TB / Som ny / Sølv,53480182940023,01de47f3f517b165,2TB,Som ny,Sølv,continue,6949.00
"Brugt iPad Pro 11""  4. Gen (2022) Cellular",14668722176375,128GB / Brugbar / Space Grey,53471030051191,cd90624b98e8a4f2,128GB,Brugbar,Space Grey,continue,5295.00
"Brugt iPad Pro 11""  4. Gen (2022) Cellular",14668722176375,128GB / Brugbar / Sølv,53471030083959,23e5a842d2c64529,128GB,Brugbar,Sølv,continue,5295.00
"Brugt iPad Pro 11""  4. Gen (2022) Cellular",14668722176375,128GB / Brugt / Space Grey,53471030116727,b110d633f0e6354d,128GB,Brugt,Space Grey,continue,6195.00
"Brugt iPad Pro 11""  4. Gen (2022) Cellular",14668722176375,128GB / Brugt / Sølv,53471030149495,e064b59033059126,128GB,Brugt,Sølv,continue,6195.00
"Brugt iPad Pro 11""  4. Gen (2022) Cellular",14668722176375,128GB / Rigtig god / Space Grey,53471030182263,2a022a240375e331,128GB,Rigtig god,Space Grey,continue,6895.00
"Brugt iPad Pro 11""  4. Gen (2022) Cellular",14668722176375,128GB / Rigtig god / Sølv,53471030215031,dc1452d6a78b50a6,128GB,Rigtig god,Sølv,continue,6895.00
"Brugt iPad Pro 11""  4. Gen (2022) Cellular",14668722176375,128GB / Som ny / Space Grey,53471030247799,7fbf6dec4258dc1d,128GB,Som ny,Space Grey,continue,7595.00
"Brugt iPad Pro 11""  4. Gen (2022) Cellular",14668722176375,128GB / Som ny / Sølv,53471030280567,13254f79cf7ae50c,128GB,Som ny,Sølv,continue,7595.00
"Brugt iPad Pro 11""  4. Gen (2022) Cellular",14668722176375,256GB / Brugbar / Space Grey,53471030313335,95843d5aa3f62b51,256GB,Brugbar,Space Grey,continue,5795.00
"Brugt iPad Pro 11""  4. Gen (2022) Cellular",14668722176375,256GB / Brugbar / Sølv,53471030346103,a298629d581a45e2,256GB,Brugbar,Sølv,continue,5795.00
"Brugt iPad Pro 11""  4. Gen (2022) Cellular",14668722176375,256GB / Brugt / Space Grey,53471030378871,e2e7782b043d55da,256GB,Brugt,Space Grey,continue,6795.00
"Brugt iPad Pro 11""  4. Gen (2022) Cellular",14668722176375,256GB / Brugt / Sølv,53471030411639,25149a705368f02b,256GB,Brugt,Sølv,continue,6795.00
"Brugt iPad Pro 11""  4. Gen (2022) Cellular",14668722176375,256GB / Rigtig god / Space Grey,53471030444407,7d4db9733cfe9b3b,256GB,Rigtig god,Space Grey,continue,7595.00
"Brugt iPad Pro 11""  4. Gen (2022) Cellular",14668722176375,256GB / Rigtig god / Sølv,53471030477175,64a8f256880f0aaf,256GB,Rigtig god,Sølv,continue,7595.00
"Brugt iPad Pro 11""  4. Gen (2022) Cellular",14668722176375,256GB / Som ny / Space Grey,53471030509943,0d83db53074152a2,256GB,Som ny,Space Grey,continue,8395.00
"Brugt iPad Pro 11""  4. Gen (2022) Cellular",14668722176375,256GB / Som ny / Sølv,53471030542711,67daa3b128e3b3c7,256GB,Som ny,Sølv,continue,8395.00
"Brugt iPad Pro 11""  4. Gen (2022) Cellular",14668722176375,512GB / Brugbar / Space Grey,53471029789047,b5dd3664081b3df6,512GB,Brugbar,Space Grey,continue,7495.00
"Brugt iPad Pro 11""  4. Gen (2022) Cellular",14668722176375,512GB / Brugbar / Sølv,53471029821815,b55c8a2bf958c710,512GB,Brugbar,Sølv,continue,7495.00
"Brugt iPad Pro 11""  4. Gen (2022) Cellular",14668722176375,512GB / Brugt / Space Grey,53471029854583,242942729745d81b,512GB,Brugt,Space Grey,continue,8795.00
"Brugt iPad Pro 11""  4. Gen (2022) Cellular",14668722176375,512GB / Brugt / Sølv,53471029887351,4738b9b9816194b7,512GB,Brugt,Sølv,continue,8795.00
"Brugt iPad Pro 11""  4. Gen (2022) Cellular",14668722176375,512GB / Rigtig god / Space Grey,53471029920119,825da7a71dd0cf46,512GB,Rigtig god,Space Grey,continue,9795.00
"Brugt iPad Pro 11""  4. Gen (2022) Cellular",14668722176375,512GB / Rigtig god / Sølv,53471029952887,d40ff1c66ee64c34,512GB,Rigtig god,Sølv,continue,9795.00
"Brugt iPad Pro 11""  4. Gen (2022) Cellular",14668722176375,512GB / Som ny / Space Grey,53471029985655,88727c91ace93e57,512GB,Som ny,Space Grey,continue,10895.00
"Brugt iPad Pro 11""  4. Gen (2022) Cellular",14668722176375,512GB / Som ny / Sølv,53471030018423,15ecaf0bb75ceaa5,512GB,Som ny,Sølv,continue,10895.00
"Brugt iPad Pro 11""  4. Gen (2022) Cellular",14668722176375,1TB / Brugbar / Space Grey,53480187494775,8ff148e78ca1ba2f,1TB,Brugbar,Space Grey,continue,8595.00
"Brugt iPad Pro 11""  4. Gen (2022) Cellular",14668722176375,1TB / Brugbar / Sølv,53480187527543,dd823274f371120a,1TB,Brugbar,Sølv,continue,8595.00
"Brugt iPad Pro 11""  4. Gen (2022) Cellular",14668722176375,1TB / Brugt / Space Grey,53480187560311,1a236de7c27220bb,1TB,Brugt,Space Grey,continue,10095.00
"Brugt iPad Pro 11""  4. Gen (2022) Cellular",14668722176375,1TB / Brugt / Sølv,53480187593079,272eb22072ab2d80,1TB,Brugt,Sølv,continue,10095.00
"Brugt iPad Pro 11""  4. Gen (2022) Cellular",14668722176375,1TB / Rigtig god / Space Grey,53480187625847,693bef3659014eda,1TB,Rigtig god,Space Grey,continue,11195.00
"Brugt iPad Pro 11""  4. Gen (2022) Cellular",14668722176375,1TB / Rigtig god / Sølv,53480187658615,9e6d31f9c7cb1c96,1TB,Rigtig god,Sølv,continue,11195.00
"Brugt iPad Pro 11""  4. Gen (2022) Cellular",14668722176375,1TB / Som ny / Space Grey,53480187691383,cfb2e61a9d1a25e3,1TB,Som ny,Space Grey,continue,12395.00
"Brugt iPad Pro 11""  4. Gen (2022) Cellular",14668722176375,1TB / Som ny / Sølv,53480187724151,40a3d70ad6e6a628,1TB,Som ny,Sølv,continue,12395.00
"Brugt iPad Pro 11""  4. Gen (2022) Cellular",14668722176375,2TB / Brugbar / Space Grey,53480187756919,465442aed526f90c,2TB,Brugbar,Space Grey,continue,10195.00
"Brugt iPad Pro 11""  4. Gen (2022) Cellular",14668722176375,2TB / Brugbar / Sølv,53480187789687,05f77db17f0b75bc,2TB,Brugbar,Sølv,continue,10195.00
"Brugt iPad Pro 11""  4. Gen (2022) Cellular",14668722176375,2TB / Brugt / Space Grey,53480187822455,a787b8a412dc3528,2TB,Brugt,Space Grey,continue,11995.00
"Brugt iPad Pro 11""  4. Gen (2022) Cellular",14668722176375,2TB / Brugt / Sølv,53480187855223,586c218ace43d2ea,2TB,Brugt,Sølv,continue,11995.00
"Brugt iPad Pro 11""  4. Gen (2022) Cellular",14668722176375,2TB / Rigtig god / Space Grey,53480187887991,1f6fe95b64fc6252,2TB,Rigtig god,Space Grey,continue,13395.00
"Brugt iPad Pro 11""  4. Gen (2022) Cellular",14668722176375,2TB / Rigtig god / Sølv,53480187920759,75b25e7b205367b4,2TB,Rigtig god,Sølv,continue,13395.00
"Brugt iPad Pro 11""  4. Gen (2022) Cellular",14668722176375,2TB / Som ny / Space Grey,53480187953527,00b3b6d8aa421bf7,2TB,Som ny,Space Grey,continue,14795.00
"Brugt iPad Pro 11""  4. Gen (2022) Cellular",14668722176375,2TB / Som ny / Sølv,53480187986295,48d1d722734d4115,2TB,Som ny,Sølv,continue,14795.00
"Brugt iPad Pro 11""  4. Gen (2022) WiFi",14668721095031,128GB / Brugbar / Space Grey,53471025955191,1623074f2dc204ee,128GB,Brugbar,Space Grey,continue,4295.00
"Brugt iPad Pro 11""  4. Gen (2022) WiFi",14668721095031,128GB / Brugbar / Sølv,53471025987959,f03cb6e1f3cc0805,128GB,Brugbar,Sølv,continue,4295.00
"Brugt iPad Pro 11""  4. Gen (2022) WiFi",14668721095031,128GB / Brugt / Space Grey,53471026020727,bb9c7ffc4234f8fe,128GB,Brugt,Space Grey,continue,5195.00
"Brugt iPad Pro 11""  4. Gen (2022) WiFi",14668721095031,128GB / Brugt / Sølv,53471026053495,51ede5d90825e6d9,128GB,Brugt,Sølv,continue,5195.00
"Brugt iPad Pro 11""  4. Gen (2022) WiFi",14668721095031,128GB / Rigtig god / Space Grey,53471026086263,a0958183e0f2ca1e,128GB,Rigtig god,Space Grey,continue,5895.00
"Brugt iPad Pro 11""  4. Gen (2022) WiFi",14668721095031,128GB / Rigtig god / Sølv,53471026119031,2e3a5b111f204acb,128GB,Rigtig god,Sølv,continue,5895.00
"Brugt iPad Pro 11""  4. Gen (2022) WiFi",14668721095031,128GB / Som ny / Space Grey,53471026151799,bd65f831e168c42b,128GB,Som ny,Space Grey,continue,6595.00
"Brugt iPad Pro 11""  4. Gen (2022) WiFi",14668721095031,128GB / Som ny / Sølv,53471026184567,2536c3c2f59f94aa,128GB,Som ny,Sølv,continue,6595.00
"Brugt iPad Pro 11""  4. Gen (2022) WiFi",14668721095031,256GB / Brugbar / Space Grey,53471026217335,d5c8fb88f6cdc8fa,256GB,Brugbar,Space Grey,continue,4795.00
"Brugt iPad Pro 11""  4. Gen (2022) WiFi",14668721095031,256GB / Brugbar / Sølv,53471026250103,5bd9c48fb15e35a7,256GB,Brugbar,Sølv,continue,4795.00
"Brugt iPad Pro 11""  4. Gen (2022) WiFi",14668721095031,256GB / Brugt / Space Grey,53471026282871,6d2b06afb84ab01c,256GB,Brugt,Space Grey,continue,5795.00
"Brugt iPad Pro 11""  4. Gen (2022) WiFi",14668721095031,256GB / Brugt / Sølv,53471026315639,15266d2b554d1b88,256GB,Brugt,Sølv,continue,5795.00
"Brugt iPad Pro 11""  4. Gen (2022) WiFi",14668721095031,256GB / Rigtig god / Space Grey,53471026348407,0bd895d838208777,256GB,Rigtig god,Space Grey,continue,6595.00
"Brugt iPad Pro 11""  4. Gen (2022) WiFi",14668721095031,256GB / Rigtig god / Sølv,53471026381175,310d5c1c8c191a19,256GB,Rigtig god,Sølv,continue,6595.00
"Brugt iPad Pro 11""  4. Gen (2022) WiFi",14668721095031,256GB / Som ny / Space Grey,53471026413943,31189a925836b706,256GB,Som ny,Space Grey,continue,7395.00
"Brugt iPad Pro 11""  4. Gen (2022) WiFi",14668721095031,256GB / Som ny / Sølv,53471026446711,390314b2dcb3fc36,256GB,Som ny,Sølv,continue,7395.00
"Brugt iPad Pro 11""  4. Gen (2022) WiFi",14668721095031,512GB / Brugbar / Space Grey,53471025693047,e545ab2f5f1429dd,512GB,Brugbar,Space Grey,continue,6495.00
"Brugt iPad Pro 11""  4. Gen (2022) WiFi",14668721095031,512GB / Brugbar / Sølv,53471025725815,8c0463626ffab76a,512GB,Brugbar,Sølv,continue,6495.00
"Brugt iPad Pro 11""  4. Gen (2022) WiFi",14668721095031,512GB / Brugt / Space Grey,53471025758583,72ff6f71de31c45d,512GB,Brugt,Space Grey,continue,7795.00
"Brugt iPad Pro 11""  4. Gen (2022) WiFi",14668721095031,512GB / Brugt / Sølv,53471025791351,a89e00e693e0ed63,512GB,Brugt,Sølv,continue,7795.00
"Brugt iPad Pro 11""  4. Gen (2022) WiFi",14668721095031,512GB / Rigtig god / Space Grey,53471025824119,7cb91cf45c12d499,512GB,Rigtig god,Space Grey,continue,8795.00
"Brugt iPad Pro 11""  4. Gen (2022) WiFi",14668721095031,512GB / Rigtig god / Sølv,53471025856887,9408d1b25a8dcb9e,512GB,Rigtig god,Sølv,continue,8795.00
"Brugt iPad Pro 11""  4. Gen (2022) WiFi",14668721095031,512GB / Som ny / Space Grey,53471025889655,8a6a32d61ace1586,512GB,Som ny,Space Grey,continue,9895.00
"Brugt iPad Pro 11""  4. Gen (2022) WiFi",14668721095031,512GB / Som ny / Sølv,53471025922423,54ad9ad385026a35,512GB,Som ny,Sølv,continue,9895.00
"Brugt iPad Pro 11""  4. Gen (2022) WiFi",14668721095031,1TB / Brugbar / Space Grey,53480189985143,44e9acda65a6236a,1TB,Brugbar,Space Grey,continue,7595.00
"Brugt iPad Pro 11""  4. Gen (2022) WiFi",14668721095031,1TB / Brugbar / Sølv,53480190017911,2bee1a2b1298f7f8,1TB,Brugbar,Sølv,continue,7595.00
"Brugt iPad Pro 11""  4. Gen (2022) WiFi",14668721095031,1TB / Brugt / Space Grey,53480190050679,0bb254124e31f713,1TB,Brugt,Space Grey,continue,9995.00
"Brugt iPad Pro 11""  4. Gen (2022) WiFi",14668721095031,1TB / Brugt / Sølv,53480190083447,f1a67aaed49f3035,1TB,Brugt,Sølv,continue,9995.00
"Brugt iPad Pro 11""  4. Gen (2022) WiFi",14668721095031,1TB / Rigtig god / Space Grey,53480190116215,badc7db00288897d,1TB,Rigtig god,Space Grey,continue,10195.00
"Brugt iPad Pro 11""  4. Gen (2022) WiFi",14668721095031,1TB / Rigtig god / Sølv,53480190148983,4a219be18cda17d4,1TB,Rigtig god,Sølv,continue,10195.00
"Brugt iPad Pro 11""  4. Gen (2022) WiFi",14668721095031,1TB / Som ny / Space Grey,53480190181751,b0b990a81e6e308d,1TB,Som ny,Space Grey,continue,11395.00
"Brugt iPad Pro 11""  4. Gen (2022) WiFi",14668721095031,1TB / Som ny / Sølv,53480190214519,485d4f4c0b17f240,1TB,Som ny,Sølv,continue,11395.00
"Brugt iPad Pro 11""  4. Gen (2022) WiFi",14668721095031,2TB / Brugbar / Space Grey,53480190247287,979af12ac2d789cc,2TB,Brugbar,Space Grey,continue,9195.00
"Brugt iPad Pro 11""  4. Gen (2022) WiFi",14668721095031,2TB / Brugbar / Sølv,53480190280055,9abdd4d1923d31ba,2TB,Brugbar,Sølv,continue,9195.00
"Brugt iPad Pro 11""  4. Gen (2022) WiFi",14668721095031,2TB / Brugt / Space Grey,53480190312823,9e80c9f70dd04eae,2TB,Brugt,Space Grey,continue,10995.00
"Brugt iPad Pro 11""  4. Gen (2022) WiFi",14668721095031,2TB / Brugt / Sølv,53480190345591,1bfd77a8c2a467a2,2TB,Brugt,Sølv,continue,10995.00
"Brugt iPad Pro 11""  4. Gen (2022) WiFi",14668721095031,2TB / Rigtig god / Space Grey,53480190378359,03f5de30d30ab11f,2TB,Rigtig god,Space Grey,continue,12395.00
"Brugt iPad Pro 11""  4. Gen (2022) WiFi",14668721095031,2TB / Rigtig god / Sølv,53480190411127,1230a57316b3c15e,2TB,Rigtig god,Sølv,continue,12395.00
"Brugt iPad Pro 11""  4. Gen (2022) WiFi",14668721095031,2TB / Som ny / Space Grey,53480190443895,bee114d5f300a701,2TB,Som ny,Space Grey,continue,13795.00
"Brugt iPad Pro 11""  4. Gen (2022) WiFi",14668721095031,2TB / Som ny / Sølv,53480190476663,2ae6c048c7d21371,2TB,Som ny,Sølv,continue,13795.00
"Brugt iPad Pro 11""  5. Gen (2024) WiFi",14668722405751,256GB / Brugbar / Space Grey,53471031492983,baa9e5194c556aa5,256GB,Brugbar,Space Grey,continue,4795.00
"Brugt iPad Pro 11""  5. Gen (2024) WiFi",14668722405751,256GB / Brugbar / Sølv,53471031525751,88748131eedbe92b,256GB,Brugbar,Sølv,continue,4795.00
"Brugt iPad Pro 11""  5. Gen (2024) WiFi",14668722405751,256GB / Brugt / Space Grey,53471031558519,20b3e6ab02bda039,256GB,Brugt,Space Grey,continue,5695.00
"Brugt iPad Pro 11""  5. Gen (2024) WiFi",14668722405751,256GB / Brugt / Sølv,53471031591287,8b10fbb206ceb302,256GB,Brugt,Sølv,continue,5695.00
"Brugt iPad Pro 11""  5. Gen (2024) WiFi",14668722405751,256GB / Rigtig god / Space Grey,53471031624055,522ac2915501f104,256GB,Rigtig god,Space Grey,continue,6395.00
"Brugt iPad Pro 11""  5. Gen (2024) WiFi",14668722405751,256GB / Rigtig god / Sølv,53471031656823,8fcd42fc2bb44293,256GB,Rigtig god,Sølv,continue,6395.00
"Brugt iPad Pro 11""  5. Gen (2024) WiFi",14668722405751,256GB / Som ny / Space Grey,53471031689591,fb87a0fa2429f420,256GB,Som ny,Space Grey,continue,7095.00
"Brugt iPad Pro 11""  5. Gen (2024) WiFi",14668722405751,256GB / Som ny / Sølv,53471031722359,e1f94e518e8a516c,256GB,Som ny,Sølv,continue,7095.00
"Brugt iPad Pro 11""  5. Gen (2024) WiFi",14668722405751,512GB / Brugbar / Space Grey,53471031230839,e651f7070c458f19,512GB,Brugbar,Space Grey,continue,6995.00
"Brugt iPad Pro 11""  5. Gen (2024) WiFi",14668722405751,512GB / Brugbar / Sølv,53471031263607,48a245b4c655bf6f,512GB,Brugbar,Sølv,continue,6995.00
"Brugt iPad Pro 11""  5. Gen (2024) WiFi",14668722405751,512GB / Brugt / Space Grey,53471031296375,d41ef116307fb896,512GB,Brugt,Space Grey,continue,8295.00
"Brugt iPad Pro 11""  5. Gen (2024) WiFi",14668722405751,512GB / Brugt / Sølv,53471031329143,b84e2c4402f78a7c,512GB,Brugt,Sølv,continue,8295.00
"Brugt iPad Pro 11""  5. Gen (2024) WiFi",14668722405751,512GB / Rigtig god / Space Grey,53471031361911,2df0373e3df10905,512GB,Rigtig god,Space Grey,continue,9295.00
"Brugt iPad Pro 11""  5. Gen (2024) WiFi",14668722405751,512GB / Rigtig god / Sølv,53471031394679,2ca49274a1243bac,512GB,Rigtig god,Sølv,continue,9295.00
"Brugt iPad Pro 11""  5. Gen (2024) WiFi",14668722405751,512GB / Som ny / Space Grey,53471031427447,64f379c3ef70a601,512GB,Som ny,Space Grey,continue,10395.00
"Brugt iPad Pro 11""  5. Gen (2024) WiFi",14668722405751,512GB / Som ny / Sølv,53471031460215,988fa6a74900984d,512GB,Som ny,Sølv,continue,10395.00
"Brugt iPad Pro 11""  5. Gen (2024) WiFi",14668722405751,1TB / Brugbar / Space Grey,53471030968695,b7b33d858b93761d,1TB,Brugbar,Space Grey,continue,8095.00
"Brugt iPad Pro 11""  5. Gen (2024) WiFi",14668722405751,1TB / Brugbar / Sølv,53471031001463,8c2cdcfa30f76b85,1TB,Brugbar,Sølv,continue,8095.00
"Brugt iPad Pro 11""  5. Gen (2024) WiFi",14668722405751,1TB / Brugt / Space Grey,53471031034231,63d1a5d4a633070b,1TB,Brugt,Space Grey,continue,10495.00
"Brugt iPad Pro 11""  5. Gen (2024) WiFi",14668722405751,1TB / Brugt / Sølv,53471031066999,7436e8856ad131a4,1TB,Brugt,Sølv,continue,10495.00
"Brugt iPad Pro 11""  5. Gen (2024) WiFi",14668722405751,1TB / Rigtig god / Space Grey,53471031099767,0b16f923df6cf65c,1TB,Rigtig god,Space Grey,continue,10695.00
"Brugt iPad Pro 11""  5. Gen (2024) WiFi",14668722405751,1TB / Rigtig god / Sølv,53471031132535,a5eb3bd04b022b27,1TB,Rigtig god,Sølv,continue,10695.00
"Brugt iPad Pro 11""  5. Gen (2024) WiFi",14668722405751,1TB / Som ny / Space Grey,53471031165303,2b3ada9b7c937889,1TB,Som ny,Space Grey,continue,11895.00
"Brugt iPad Pro 11""  5. Gen (2024) WiFi",14668722405751,1TB / Som ny / Sølv,53471031198071,b5946ca2487c5a68,1TB,Som ny,Sølv,continue,11895.00
"Brugt iPad Pro 11""  5. Gen (2024) WiFi",14668722405751,2TB / Brugbar / Space Grey,53480195326327,67b2a18ce1a29bd3,2TB,Brugbar,Space Grey,continue,9695.00
"Brugt iPad Pro 11""  5. Gen (2024) WiFi",14668722405751,2TB / Brugbar / Sølv,53480195359095,7ba768a0671ed774,2TB,Brugbar,Sølv,continue,9695.00
"Brugt iPad Pro 11""  5. Gen (2024) WiFi",14668722405751,2TB / Brugt / Space Grey,53480195391863,af4bc66e4f616cbd,2TB,Brugt,Space Grey,continue,11495.00
"Brugt iPad Pro 11""  5. Gen (2024) WiFi",14668722405751,2TB / Brugt / Sølv,53480195424631,58d6e28e1e4acc76,2TB,Brugt,Sølv,continue,11495.00
"Brugt iPad Pro 11""  5. Gen (2024) WiFi",14668722405751,2TB / Rigtig god / Space Grey,53480195457399,92f73d6405843346,2TB,Rigtig god,Space Grey,continue,12895.00
"Brugt iPad Pro 11""  5. Gen (2024) WiFi",14668722405751,2TB / Rigtig god / Sølv,53480195490167,a44b893d9ee08896,2TB,Rigtig god,Sølv,continue,12895.00
"Brugt iPad Pro 11""  5. Gen (2024) WiFi",14668722405751,2TB / Som ny / Space Grey,53480195522935,56b2139c0cbe7cce,2TB,Som ny,Space Grey,continue,14295.00
"Brugt iPad Pro 11""  5. Gen (2024) WiFi",14668722405751,2TB / Som ny / Sølv,53480195555703,cea68a86a40113db,2TB,Som ny,Sølv,continue,14295.00
"Brugt iPad Pro 11"" 1. Gen (2018) Cellular",14670327513463,64GB / Brugbar / Space Grey,53479982924151,f161d7b91a2ff5ea,64GB,Brugbar,Space Grey,continue,3014.00
"Brugt iPad Pro 11"" 1. Gen (2018) Cellular",14670327513463,64GB / Brugbar / Sølv,53479982956919,feeccd3ec4dedd45,64GB,Brugbar,Sølv,continue,3014.00
"Brugt iPad Pro 11"" 1. Gen (2018) Cellular",14670327513463,64GB / Brugt / Space Grey,53479982989687,cc88186a8789b0ed,64GB,Brugt,Space Grey,continue,3194.00
"Brugt iPad Pro 11"" 1. Gen (2018) Cellular",14670327513463,64GB / Brugt / Sølv,53479983022455,995b446815666d09,64GB,Brugt,Sølv,continue,3194.00
"Brugt iPad Pro 11"" 1. Gen (2018) Cellular",14670327513463,64GB / Rigtig god / Space Grey,53479983055223,fe1b4cab30de1107,64GB,Rigtig god,Space Grey,continue,3374.00
"Brugt iPad Pro 11"" 1. Gen (2018) Cellular",14670327513463,64GB / Rigtig god / Sølv,53479983087991,6eba627ac8cda4f8,64GB,Rigtig god,Sølv,continue,3374.00
"Brugt iPad Pro 11"" 1. Gen (2018) Cellular",14670327513463,64GB / Som ny / Space Grey,53479983120759,0a8b2c36550ff4fb,64GB,Som ny,Space Grey,continue,3824.00
"Brugt iPad Pro 11"" 1. Gen (2018) Cellular",14670327513463,64GB / Som ny / Sølv,53479983153527,5d41003650f94b6b,64GB,Som ny,Sølv,continue,3824.00
"Brugt iPad Pro 11"" 1. Gen (2018) Cellular",14670327513463,256GB / Brugbar / Space Grey,53479983186295,c1ccc4a238350f7c,256GB,Brugbar,Space Grey,continue,3284.00
"Brugt iPad Pro 11"" 1. Gen (2018) Cellular",14670327513463,256GB / Brugbar / Sølv,53479983219063,f1644565ff023927,256GB,Brugbar,Sølv,continue,3284.00
"Brugt iPad Pro 11"" 1. Gen (2018) Cellular",14670327513463,256GB / Brugt / Space Grey,53479983251831,384e6680ebd37783,256GB,Brugt,Space Grey,continue,3464.00
"Brugt iPad Pro 11"" 1. Gen (2018) Cellular",14670327513463,256GB / Brugt / Sølv,53479983284599,9f30975ed87b12a1,256GB,Brugt,Sølv,continue,3464.00
"Brugt iPad Pro 11"" 1. Gen (2018) Cellular",14670327513463,256GB / Rigtig god / Space Grey,53479983317367,55f56c60628ccba4,256GB,Rigtig god,Space Grey,continue,3644.00
"Brugt iPad Pro 11"" 1. Gen (2018) Cellular",14670327513463,256GB / Rigtig god / Sølv,53479983350135,f0f9eef6118180b3,256GB,Rigtig god,Sølv,continue,3644.00
"Brugt iPad Pro 11"" 1. Gen (2018) Cellular",14670327513463,256GB / Som ny / Space Grey,53479983382903,d5e387f5b38036fe,256GB,Som ny,Space Grey,continue,4094.00
"Brugt iPad Pro 11"" 1. Gen (2018) Cellular",14670327513463,256GB / Som ny / Sølv,53479983415671,1c8e4f1bbc5188bf,256GB,Som ny,Sølv,continue,4094.00
"Brugt iPad Pro 11"" 1. Gen (2018) Cellular",14670327513463,512GB / Brugbar / Space Grey,53479983448439,c94374489cd4deae,512GB,Brugbar,Space Grey,continue,3554.00
"Brugt iPad Pro 11"" 1. Gen (2018) Cellular",14670327513463,512GB / Brugbar / Sølv,53479983481207,9ed7d78be0b0ee53,512GB,Brugbar,Sølv,continue,3554.00
"Brugt iPad Pro 11"" 1. Gen (2018) Cellular",14670327513463,512GB / Brugt / Space Grey,53479983513975,444bb04e7033a9b9,512GB,Brugt,Space Grey,continue,3734.00
"Brugt iPad Pro 11"" 1. Gen (2018) Cellular",14670327513463,512GB / Brugt / Sølv,53479983546743,cd7ba7ab26534e41,512GB,Brugt,Sølv,continue,3734.00
"Brugt iPad Pro 11"" 1. Gen (2018) Cellular",14670327513463,512GB / Rigtig god / Space Grey,53479983579511,de87b41804579086,512GB,Rigtig god,Space Grey,continue,3914.00
"Brugt iPad Pro 11"" 1. Gen (2018) Cellular",14670327513463,512GB / Rigtig god / Sølv,53479983612279,dd058a39219f4c2d,512GB,Rigtig god,Sølv,continue,3914.00
"Brugt iPad Pro 11"" 1. Gen (2018) Cellular",14670327513463,512GB / Som ny / Space Grey,53479983645047,268bb89ca322d43e,512GB,Som ny,Space Grey,continue,4364.00
"Brugt iPad Pro 11"" 1. Gen (2018) Cellular",14670327513463,512GB / Som ny / Sølv,53479983677815,3f3aa27b131e891d,512GB,Som ny,Sølv,continue,4364.00
"Brugt iPad Pro 11"" 1. Gen (2018) Cellular",14670327513463,1024GB / Brugbar / Space Grey,53479983710583,a8c2bcd831013283,1024GB,Brugbar,Space Grey,continue,3824.00
"Brugt iPad Pro 11"" 1. Gen (2018) Cellular",14670327513463,1024GB / Brugbar / Sølv,53479983743351,fce0904d5c41b779,1024GB,Brugbar,Sølv,continue,3824.00
"Brugt iPad Pro 11"" 1. Gen (2018) Cellular",14670327513463,1024GB / Brugt / Space Grey,53479983776119,8e717c77bb2cd4be,1024GB,Brugt,Space Grey,continue,4004.00
"Brugt iPad Pro 11"" 1. Gen (2018) Cellular",14670327513463,1024GB / Brugt / Sølv,53479983808887,561f1c812ce79914,1024GB,Brugt,Sølv,continue,4004.00
"Brugt iPad Pro 11"" 1. Gen (2018) Cellular",14670327513463,1024GB / Rigtig god / Space Grey,53479983841655,62e989bb9f8895fc,1024GB,Rigtig god,Space Grey,continue,4184.00
"Brugt iPad Pro 11"" 1. Gen (2018) Cellular",14670327513463,1024GB / Rigtig god / Sølv,53479983874423,f7fa6b92c71a1ebc,1024GB,Rigtig god,Sølv,continue,4184.00
"Brugt iPad Pro 11"" 1. Gen (2018) Cellular",14670327513463,1024GB / Som ny / Space Grey,53479983907191,dad7fef771ac2beb,1024GB,Som ny,Space Grey,continue,4634.00
"Brugt iPad Pro 11"" 1. Gen (2018) Cellular",14670327513463,1024GB / Som ny / Sølv,53479983939959,1332cf2b6def56a3,1024GB,Som ny,Sølv,continue,4634.00
"Brugt iPad Pro 11"" 1. Gen (2018) WiFi",14670328267127,64GB / Brugbar / Space Grey,53479991050615,c44a8868f7a2cadd,64GB,Brugbar,Space Grey,continue,2474.00
"Brugt iPad Pro 11"" 1. Gen (2018) WiFi",14670328267127,64GB / Brugbar / Sølv,53479991083383,31768dfaef62604e,64GB,Brugbar,Sølv,continue,2474.00
"Brugt iPad Pro 11"" 1. Gen (2018) WiFi",14670328267127,64GB / Brugt / Space Grey,53479991116151,3937ba6950d8fb96,64GB,Brugt,Space Grey,continue,2654.00
"Brugt iPad Pro 11"" 1. Gen (2018) WiFi",14670328267127,64GB / Brugt / Sølv,53479991148919,6616c5e7a4eb7e88,64GB,Brugt,Sølv,continue,2654.00
"Brugt iPad Pro 11"" 1. Gen (2018) WiFi",14670328267127,64GB / Rigtig god / Space Grey,53479991181687,c6687e018c867666,64GB,Rigtig god,Space Grey,continue,2834.00
"Brugt iPad Pro 11"" 1. Gen (2018) WiFi",14670328267127,64GB / Rigtig god / Sølv,53479991214455,ed8c69cf208540f9,64GB,Rigtig god,Sølv,continue,2834.00
"Brugt iPad Pro 11"" 1. Gen (2018) WiFi",14670328267127,64GB / Som ny / Space Grey,53479991247223,5a8cbc03e9d46652,64GB,Som ny,Space Grey,continue,3284.00
"Brugt iPad Pro 11"" 1. Gen (2018) WiFi",14670328267127,64GB / Som ny / Sølv,53479991279991,29f881b2433428af,64GB,Som ny,Sølv,continue,3284.00
"Brugt iPad Pro 11"" 1. Gen (2018) WiFi",14670328267127,256GB / Brugbar / Space Grey,53479991312759,2159c1e555926e0a,256GB,Brugbar,Space Grey,continue,2744.00
"Brugt iPad Pro 11"" 1. Gen (2018) WiFi",14670328267127,256GB / Brugbar / Sølv,53479991345527,3d24fcc906b49d45,256GB,Brugbar,Sølv,continue,2744.00
"Brugt iPad Pro 11"" 1. Gen (2018) WiFi",14670328267127,256GB / Brugt / Space Grey,53479991378295,06b46b736a6c3ed2,256GB,Brugt,Space Grey,continue,2924.00
"Brugt iPad Pro 11"" 1. Gen (2018) WiFi",14670328267127,256GB / Brugt / Sølv,53479991411063,0a1d3e7b23bdac7f,256GB,Brugt,Sølv,continue,2924.00
"Brugt iPad Pro 11"" 1. Gen (2018) WiFi",14670328267127,256GB / Rigtig god / Space Grey,53479991443831,51e3ef8158b7531f,256GB,Rigtig god,Space Grey,continue,3104.00
"Brugt iPad Pro 11"" 1. Gen (2018) WiFi",14670328267127,256GB / Rigtig god / Sølv,53479991476599,d4f551279ce35228,256GB,Rigtig god,Sølv,continue,3104.00
"Brugt iPad Pro 11"" 1. Gen (2018) WiFi",14670328267127,256GB / Som ny / Space Grey,53479991509367,1ad8bf998a5b8d57,256GB,Som ny,Space Grey,continue,3554.00
"Brugt iPad Pro 11"" 1. Gen (2018) WiFi",14670328267127,256GB / Som ny / Sølv,53479991542135,b9b6dc41a597f5df,256GB,Som ny,Sølv,continue,3554.00
"Brugt iPad Pro 11"" 1. Gen (2018) WiFi",14670328267127,512GB / Brugbar / Space Grey,53479991574903,6638e78b6e290c78,512GB,Brugbar,Space Grey,continue,3014.00
"Brugt iPad Pro 11"" 1. Gen (2018) WiFi",14670328267127,512GB / Brugbar / Sølv,53479991607671,ba8beae285961c96,512GB,Brugbar,Sølv,continue,3014.00
"Brugt iPad Pro 11"" 1. Gen (2018) WiFi",14670328267127,512GB / Brugt / Space Grey,53479991640439,fff09fe553212c8f,512GB,Brugt,Space Grey,continue,3194.00
"Brugt iPad Pro 11"" 1. Gen (2018) WiFi",14670328267127,512GB / Brugt / Sølv,53479991673207,fc5fb7a1a9b83168,512GB,Brugt,Sølv,continue,3194.00
"Brugt iPad Pro 11"" 1. Gen (2018) WiFi",14670328267127,512GB / Rigtig god / Space Grey,53479991705975,a8cc5d059ba5d8af,512GB,Rigtig god,Space Grey,continue,3374.00
"Brugt iPad Pro 11"" 1. Gen (2018) WiFi",14670328267127,512GB / Rigtig god / Sølv,53479991738743,12671f382a037dfd,512GB,Rigtig god,Sølv,continue,3374.00
"Brugt iPad Pro 11"" 1. Gen (2018) WiFi",14670328267127,512GB / Som ny / Space Grey,53479991771511,ff90066ba1b71e86,512GB,Som ny,Space Grey,continue,3824.00
"Brugt iPad Pro 11"" 1. Gen (2018) WiFi",14670328267127,512GB / Som ny / Sølv,53479991804279,6ad661ede09a9768,512GB,Som ny,Sølv,continue,3824.00
"Brugt iPad Pro 11"" 1. Gen (2018) WiFi",14670328267127,1024GB / Brugbar / Space Grey,53479991837047,d7fb47d2ca18e322,1024GB,Brugbar,Space Grey,continue,3284.00
"Brugt iPad Pro 11"" 1. Gen (2018) WiFi",14670328267127,1024GB / Brugbar / Sølv,53479991869815,5ad8d076ca3e26cb,1024GB,Brugbar,Sølv,continue,3284.00
"Brugt iPad Pro 11"" 1. Gen (2018) WiFi",14670328267127,1024GB / Brugt / Space Grey,53479991902583,cd960e9e347350ab,1024GB,Brugt,Space Grey,continue,3464.00
"Brugt iPad Pro 11"" 1. Gen (2018) WiFi",14670328267127,1024GB / Brugt / Sølv,53479991935351,8c6ca75a290b312d,1024GB,Brugt,Sølv,continue,3464.00
"Brugt iPad Pro 11"" 1. Gen (2018) WiFi",14670328267127,1024GB / Rigtig god / Space Grey,53479991968119,c733e2058196ed81,1024GB,Rigtig god,Space Grey,continue,3644.00
"Brugt iPad Pro 11"" 1. Gen (2018) WiFi",14670328267127,1024GB / Rigtig god / Sølv,53479992000887,c94337b3ded344bc,1024GB,Rigtig god,Sølv,continue,3644.00
"Brugt iPad Pro 11"" 1. Gen (2018) WiFi",14670328267127,1024GB / Som ny / Space Grey,53479992033655,5119273d66f7b6a0,1024GB,Som ny,Space Grey,continue,4094.00
"Brugt iPad Pro 11"" 1. Gen (2018) WiFi",14670328267127,1024GB / Som ny / Sølv,53479992066423,4ff0b8063a35b6ce,1024GB,Som ny,Sølv,continue,4094.00
"Brugt iPad Pro 11"" 2. Gen (2020) Cellular",14668706447735,128GB / Brugbar / Space Grey,53471006359927,058f49cc2f8b771b,128GB,Brugbar,Space Grey,continue,3952.00
"Brugt iPad Pro 11"" 2. Gen (2020) Cellular",14668706447735,128GB / Brugbar / Sølv,53471006392695,bf873a49476a3960,128GB,Brugbar,Sølv,continue,3952.00
"Brugt iPad Pro 11"" 2. Gen (2020) Cellular",14668706447735,128GB / Brugt / Space Grey,53471006425463,852ed556033ad446,128GB,Brugt,Space Grey,continue,4122.00
"Brugt iPad Pro 11"" 2. Gen (2020) Cellular",14668706447735,128GB / Brugt / Sølv,53471006458231,aec2514709e3b90a,128GB,Brugt,Sølv,continue,4122.00
"Brugt iPad Pro 11"" 2. Gen (2020) Cellular",14668706447735,128GB / Rigtig god / Space Grey,53471006490999,f0c402b08f56b5dc,128GB,Rigtig god,Space Grey,continue,4292.00
"Brugt iPad Pro 11"" 2. Gen (2020) Cellular",14668706447735,128GB / Rigtig god / Sølv,53471006523767,06b93f712a83a5b0,128GB,Rigtig god,Sølv,continue,4292.00
"Brugt iPad Pro 11"" 2. Gen (2020) Cellular",14668706447735,128GB / Som ny / Space Grey,53471006556535,013a330083b41fbc,128GB,Som ny,Space Grey,continue,4717.00
"Brugt iPad Pro 11"" 2. Gen (2020) Cellular",14668706447735,128GB / Som ny / Sølv,53471006589303,b8cdd67a9d8c8449,128GB,Som ny,Sølv,continue,4717.00
"Brugt iPad Pro 11"" 2. Gen (2020) Cellular",14668706447735,256GB / Brugbar / Space Grey,53471006622071,c339e887a487f811,256GB,Brugbar,Space Grey,continue,4246.00
"Brugt iPad Pro 11"" 2. Gen (2020) Cellular",14668706447735,256GB / Brugbar / Sølv,53471006654839,1e0dab513e8ebfe9,256GB,Brugbar,Sølv,continue,4246.00
"Brugt iPad Pro 11"" 2. Gen (2020) Cellular",14668706447735,256GB / Brugt / Space Grey,53471006687607,3ac2ef3906626df1,256GB,Brugt,Space Grey,continue,4416.00
"Brugt iPad Pro 11"" 2. Gen (2020) Cellular",14668706447735,256GB / Brugt / Sølv,53471006720375,3b1a50a50fd0c5a7,256GB,Brugt,Sølv,continue,4416.00
"Brugt iPad Pro 11"" 2. Gen (2020) Cellular",14668706447735,256GB / Rigtig god / Space Grey,53471006753143,f2c79dc2f4aab2cd,256GB,Rigtig god,Space Grey,continue,4547.00
"Brugt iPad Pro 11"" 2. Gen (2020) Cellular",14668706447735,256GB / Rigtig god / Sølv,53471006785911,0b0392e964c8e3ad,256GB,Rigtig god,Sølv,continue,4547.00
"Brugt iPad Pro 11"" 2. Gen (2020) Cellular",14668706447735,256GB / Som ny / Space Grey,53471006818679,128fe57809a002bc,256GB,Som ny,Space Grey,continue,4972.00
"Brugt iPad Pro 11"" 2. Gen (2020) Cellular",14668706447735,256GB / Som ny / Sølv,53471006851447,c4166e15ae7ac98e,256GB,Som ny,Sølv,continue,4972.00
"Brugt iPad Pro 11"" 2. Gen (2020) Cellular",14668706447735,512GB / Brugbar / Space Grey,53471006097783,9f9de903224a26ca,512GB,Brugbar,Space Grey,continue,4717.00
"Brugt iPad Pro 11"" 2. Gen (2020) Cellular",14668706447735,512GB / Brugbar / Sølv,53471006130551,cf419085352a2530,512GB,Brugbar,Sølv,continue,4717.00
"Brugt iPad Pro 11"" 2. Gen (2020) Cellular",14668706447735,512GB / Brugt / Space Grey,53471006163319,de02424253c4f4f8,512GB,Brugt,Space Grey,continue,4887.00
"Brugt iPad Pro 11"" 2. Gen (2020) Cellular",14668706447735,512GB / Brugt / Sølv,53471006196087,2587be512efec0e2,512GB,Brugt,Sølv,continue,4887.00
"Brugt iPad Pro 11"" 2. Gen (2020) Cellular",14668706447735,512GB / Rigtig god / Space Grey,53471006228855,7f7c0f57b997cc6b,512GB,Rigtig god,Space Grey,continue,5057.00
"Brugt iPad Pro 11"" 2. Gen (2020) Cellular",14668706447735,512GB / Rigtig god / Sølv,53471006261623,3ef73e627c3ce9ea,512GB,Rigtig god,Sølv,continue,5057.00
"Brugt iPad Pro 11"" 2. Gen (2020) Cellular",14668706447735,512GB / Som ny / Space Grey,53471006294391,13865db54553a9b4,512GB,Som ny,Space Grey,continue,5482.00
"Brugt iPad Pro 11"" 2. Gen (2020) Cellular",14668706447735,512GB / Som ny / Sølv,53471006327159,5397d982709ddc60,512GB,Som ny,Sølv,continue,5482.00
"Brugt iPad Pro 11"" 2. Gen (2020) Cellular",14668706447735,1024GB / Brugbar / Space Grey,53471705792887,146af5183471f62f,1024GB,Brugbar,Space Grey,continue,5142.00
"Brugt iPad Pro 11"" 2. Gen (2020) Cellular",14668706447735,1024GB / Brugbar / Sølv,53471705825655,8d563c985e632f77,1024GB,Brugbar,Sølv,continue,5142.00
"Brugt iPad Pro 11"" 2. Gen (2020) Cellular",14668706447735,1024GB / Brugt / Space Grey,53471705858423,6de652c96b72a9a7,1024GB,Brugt,Space Grey,continue,5312.00
"Brugt iPad Pro 11"" 2. Gen (2020) Cellular",14668706447735,1024GB / Brugt / Sølv,53471705891191,e63c648c9884100a,1024GB,Brugt,Sølv,continue,5312.00
"Brugt iPad Pro 11"" 2. Gen (2020) Cellular",14668706447735,1024GB / Rigtig god / Space Grey,53471705923959,4a91dc7bf035ad10,1024GB,Rigtig god,Space Grey,continue,5482.00
"Brugt iPad Pro 11"" 2. Gen (2020) Cellular",14668706447735,1024GB / Rigtig god / Sølv,53471705956727,74dde27af1264f2d,1024GB,Rigtig god,Sølv,continue,5482.00
"Brugt iPad Pro 11"" 2. Gen (2020) Cellular",14668706447735,1024GB / Som ny / Space Grey,53471705989495,14bb2d722e794519,1024GB,Som ny,Space Grey,continue,5907.00
"Brugt iPad Pro 11"" 2. Gen (2020) Cellular",14668706447735,1024GB / Som ny / Sølv,53471706022263,6b156056f69929f6,1024GB,Som ny,Sølv,continue,5907.00
"Brugt iPad Pro 11"" 2. Gen (2020) WiFi",14668705988983,128GB / Brugbar / Space Grey,53471004098935,30ad1df24abca8d3,128GB,Brugbar,Space Grey,continue,3442.00
"Brugt iPad Pro 11"" 2. Gen (2020) WiFi",14668705988983,128GB / Brugbar / Sølv,53471004131703,3d9c951a9f28660b,128GB,Brugbar,Sølv,continue,3442.00
"Brugt iPad Pro 11"" 2. Gen (2020) WiFi",14668705988983,128GB / Brugt / Space Grey,53471004164471,8d3c39a0c234aac8,128GB,Brugt,Space Grey,continue,3612.00
"Brugt iPad Pro 11"" 2. Gen (2020) WiFi",14668705988983,128GB / Brugt / Sølv,53471004197239,1067259347578e73,128GB,Brugt,Sølv,continue,3612.00
"Brugt iPad Pro 11"" 2. Gen (2020) WiFi",14668705988983,128GB / Rigtig god / Space Grey,53471004230007,8e68eb9e24de2e1f,128GB,Rigtig god,Space Grey,continue,3782.00
"Brugt iPad Pro 11"" 2. Gen (2020) WiFi",14668705988983,128GB / Rigtig god / Sølv,53471004262775,00682b907125be6d,128GB,Rigtig god,Sølv,continue,3782.00
"Brugt iPad Pro 11"" 2. Gen (2020) WiFi",14668705988983,128GB / Som ny / Space Grey,53471004295543,7a67b49fb888f798,128GB,Som ny,Space Grey,continue,4207.00
"Brugt iPad Pro 11"" 2. Gen (2020) WiFi",14668705988983,128GB / Som ny / Sølv,53471004328311,5505a5d5b5003dd7,128GB,Som ny,Sølv,continue,4207.00
"Brugt iPad Pro 11"" 2. Gen (2020) WiFi",14668705988983,256GB / Brugbar / Space Grey,53471004361079,3c2b1a3ed0116c42,256GB,Brugbar,Space Grey,continue,3697.00
"Brugt iPad Pro 11"" 2. Gen (2020) WiFi",14668705988983,256GB / Brugbar / Sølv,53471004393847,bad932c6849eada8,256GB,Brugbar,Sølv,continue,3697.00
"Brugt iPad Pro 11"" 2. Gen (2020) WiFi",14668705988983,256GB / Brugt / Space Grey,53471004426615,d49ec7d900b69b74,256GB,Brugt,Space Grey,continue,3867.00
"Brugt iPad Pro 11"" 2. Gen (2020) WiFi",14668705988983,256GB / Brugt / Sølv,53471004459383,fa624a1b8e2f659e,256GB,Brugt,Sølv,continue,3867.00
"Brugt iPad Pro 11"" 2. Gen (2020) WiFi",14668705988983,256GB / Rigtig god / Space Grey,53471004492151,86807f8a8af7d5a1,256GB,Rigtig god,Space Grey,continue,4037.00
"Brugt iPad Pro 11"" 2. Gen (2020) WiFi",14668705988983,256GB / Rigtig god / Sølv,53471004524919,a71ffd9557dad13f,256GB,Rigtig god,Sølv,continue,4037.00
"Brugt iPad Pro 11"" 2. Gen (2020) WiFi",14668705988983,256GB / Som ny / Space Grey,53471004557687,4775de1d6ce9df67,256GB,Som ny,Space Grey,continue,4462.00
"Brugt iPad Pro 11"" 2. Gen (2020) WiFi",14668705988983,256GB / Som ny / Sølv,53471004590455,cc7654f37d294bf9,256GB,Som ny,Sølv,continue,4462.00
"Brugt iPad Pro 11"" 2. Gen (2020) WiFi",14668705988983,512GB / Brugbar / Space Grey,53471003836791,924eaf1a8160fd6c,512GB,Brugbar,Space Grey,continue,4207.00
"Brugt iPad Pro 11"" 2. Gen (2020) WiFi",14668705988983,512GB / Brugbar / Sølv,53471003869559,1a0d098c883dcdb6,512GB,Brugbar,Sølv,continue,4207.00
"Brugt iPad Pro 11"" 2. Gen (2020) WiFi",14668705988983,512GB / Brugt / Space Grey,53471003902327,7ce96f00d58bae89,512GB,Brugt,Space Grey,continue,4377.00
"Brugt iPad Pro 11"" 2. Gen (2020) WiFi",14668705988983,512GB / Brugt / Sølv,53471003935095,12d50be6e754a311,512GB,Brugt,Sølv,continue,4377.00
"Brugt iPad Pro 11"" 2. Gen (2020) WiFi",14668705988983,512GB / Rigtig god / Space Grey,53471003967863,5d97ef216dafe4c8,512GB,Rigtig god,Space Grey,continue,4547.00
"Brugt iPad Pro 11"" 2. Gen (2020) WiFi",14668705988983,512GB / Rigtig god / Sølv,53471004000631,d7360e253f21a01e,512GB,Rigtig god,Sølv,continue,4547.00
"Brugt iPad Pro 11"" 2. Gen (2020) WiFi",14668705988983,512GB / Som ny / Space Grey,53471004033399,2294f95549af9cca,512GB,Som ny,Space Grey,continue,4972.00
"Brugt iPad Pro 11"" 2. Gen (2020) WiFi",14668705988983,512GB / Som ny / Sølv,53471004066167,d05d72bd41b40169,512GB,Som ny,Sølv,continue,4972.00
"Brugt iPad Pro 11"" 2. Gen (2020) WiFi",14668705988983,1024GB / Brugbar / Space Grey,53471710445943,535ee986abf3ae71,1024GB,Brugbar,Space Grey,continue,4632.00
"Brugt iPad Pro 11"" 2. Gen (2020) WiFi",14668705988983,1024GB / Brugbar / Sølv,53471710478711,7b87d79b21d2877a,1024GB,Brugbar,Sølv,continue,4632.00
"Brugt iPad Pro 11"" 2. Gen (2020) WiFi",14668705988983,1024GB / Brugt / Space Grey,53471710511479,3d93939925ae35b3,1024GB,Brugt,Space Grey,continue,4802.00
"Brugt iPad Pro 11"" 2. Gen (2020) WiFi",14668705988983,1024GB / Brugt / Sølv,53471710544247,757dccd2423b5059,1024GB,Brugt,Sølv,continue,4802.00
"Brugt iPad Pro 11"" 2. Gen (2020) WiFi",14668705988983,1024GB / Rigtig god / Space Grey,53471710577015,1df9f7f71ae3ff04,1024GB,Rigtig god,Space Grey,continue,4972.00
"Brugt iPad Pro 11"" 2. Gen (2020) WiFi",14668705988983,1024GB / Rigtig god / Sølv,53471710609783,18a38cbde080e9cf,1024GB,Rigtig god,Sølv,continue,4972.00
"Brugt iPad Pro 11"" 2. Gen (2020) WiFi",14668705988983,1024GB / Som ny / Space Grey,53471710642551,e65063e055603de9,1024GB,Som ny,Space Grey,continue,5397.00
"Brugt iPad Pro 11"" 2. Gen (2020) WiFi",14668705988983,1024GB / Som ny / Sølv,53471710675319,f7aa7e83367a7e7c,1024GB,Som ny,Sølv,continue,5397.00
"Brugt iPad Pro 11"" 5. Gen (2024) Cellular",14668722536823,256GB / Brugbar / Space Grey,53471032410487,002fe6a24fe10622,256GB,Brugbar,Space Grey,continue,6295.00
"Brugt iPad Pro 11"" 5. Gen (2024) Cellular",14668722536823,256GB / Brugbar / Sølv,53471032443255,8caa60e59d134ab3,256GB,Brugbar,Sølv,continue,6295.00
"Brugt iPad Pro 11"" 5. Gen (2024) Cellular",14668722536823,256GB / Brugt / Space Grey,53471032476023,9ddf704c1977b99a,256GB,Brugt,Space Grey,continue,7295.00
"Brugt iPad Pro 11"" 5. Gen (2024) Cellular",14668722536823,256GB / Brugt / Sølv,53471032508791,6072a52516e9d297,256GB,Brugt,Sølv,continue,7295.00
"Brugt iPad Pro 11"" 5. Gen (2024) Cellular",14668722536823,256GB / Rigtig god / Space Grey,53471032541559,d5050ccf1692f503,256GB,Rigtig god,Space Grey,continue,8295.00
"Brugt iPad Pro 11"" 5. Gen (2024) Cellular",14668722536823,256GB / Rigtig god / Sølv,53471032574327,392d3542efc78c2a,256GB,Rigtig god,Sølv,continue,8295.00
"Brugt iPad Pro 11"" 5. Gen (2024) Cellular",14668722536823,256GB / Som ny / Space Grey,53471032607095,56f9473430bec7a2,256GB,Som ny,Space Grey,continue,8895.00
"Brugt iPad Pro 11"" 5. Gen (2024) Cellular",14668722536823,256GB / Som ny / Sølv,53471032639863,190c16b327077342,256GB,Som ny,Sølv,continue,8895.00
"Brugt iPad Pro 11"" 5. Gen (2024) Cellular",14668722536823,512GB / Brugbar / Space Grey,53471032148343,69de385c42b75834,512GB,Brugbar,Space Grey,continue,7995.00
"Brugt iPad Pro 11"" 5. Gen (2024) Cellular",14668722536823,512GB / Brugbar / Sølv,53471032181111,f1831bd7115354a5,512GB,Brugbar,Sølv,continue,7995.00
"Brugt iPad Pro 11"" 5. Gen (2024) Cellular",14668722536823,512GB / Brugt / Space Grey,53471032213879,13ba3c80fe67c599,512GB,Brugt,Space Grey,continue,9295.00
"Brugt iPad Pro 11"" 5. Gen (2024) Cellular",14668722536823,512GB / Brugt / Sølv,53471032246647,1b5a39c4b17eb4d0,512GB,Brugt,Sølv,continue,9295.00
"Brugt iPad Pro 11"" 5. Gen (2024) Cellular",14668722536823,512GB / Rigtig god / Space Grey,53471032279415,40b80f9ee30c7867,512GB,Rigtig god,Space Grey,continue,10295.00
"Brugt iPad Pro 11"" 5. Gen (2024) Cellular",14668722536823,512GB / Rigtig god / Sølv,53471032312183,18649a542fb34ad6,512GB,Rigtig god,Sølv,continue,10295.00
"Brugt iPad Pro 11"" 5. Gen (2024) Cellular",14668722536823,512GB / Som ny / Space Grey,53471032344951,816138c0e63f0406,512GB,Som ny,Space Grey,continue,11395.00
"Brugt iPad Pro 11"" 5. Gen (2024) Cellular",14668722536823,512GB / Som ny / Sølv,53471032377719,d87c2dae4ac74610,512GB,Som ny,Sølv,continue,11395.00
"Brugt iPad Pro 11"" 5. Gen (2024) Cellular",14668722536823,1TB / Brugbar / Space Grey,53471031886199,700f36b312ef6067,1TB,Brugbar,Space Grey,continue,9095.00
"Brugt iPad Pro 11"" 5. Gen (2024) Cellular",14668722536823,1TB / Brugbar / Sølv,53471031918967,bb70b0b1df4a6a1c,1TB,Brugbar,Sølv,continue,9095.00
"Brugt iPad Pro 11"" 5. Gen (2024) Cellular",14668722536823,1TB / Brugt / Space Grey,53471031951735,66959fbb7f12c3ca,1TB,Brugt,Space Grey,continue,10595.00
"Brugt iPad Pro 11"" 5. Gen (2024) Cellular",14668722536823,1TB / Brugt / Sølv,53471031984503,07fa0473d677db01,1TB,Brugt,Sølv,continue,10595.00
"Brugt iPad Pro 11"" 5. Gen (2024) Cellular",14668722536823,1TB / Rigtig god / Space Grey,53471032017271,b46dcebe3cbd4579,1TB,Rigtig god,Space Grey,continue,11795.00
"Brugt iPad Pro 11"" 5. Gen (2024) Cellular",14668722536823,1TB / Rigtig god / Sølv,53471032050039,1fcefa797f35dc2e,1TB,Rigtig god,Sølv,continue,11795.00
"Brugt iPad Pro 11"" 5. Gen (2024) Cellular",14668722536823,1TB / Som ny / Space Grey,53471032082807,aa0c14c41ee51207,1TB,Som ny,Space Grey,continue,12895.00
"Brugt iPad Pro 11"" 5. Gen (2024) Cellular",14668722536823,1TB / Som ny / Sølv,53471032115575,eff08a5c60a1a4c2,1TB,Som ny,Sølv,continue,12895.00
"Brugt iPad Pro 11"" 5. Gen (2024) Cellular",14668722536823,2TB / Brugbar / Space Grey,53480198275447,5fdae6e9ffe750b5,2TB,Brugbar,Space Grey,continue,10695.00
"Brugt iPad Pro 11"" 5. Gen (2024) Cellular",14668722536823,2TB / Brugbar / Sølv,53480198308215,b6c1509db1fa789c,2TB,Brugbar,Sølv,continue,10695.00
"Brugt iPad Pro 11"" 5. Gen (2024) Cellular",14668722536823,2TB / Brugt / Space Grey,53480198340983,89d345eb1795a929,2TB,Brugt,Space Grey,continue,12495.00
"Brugt iPad Pro 11"" 5. Gen (2024) Cellular",14668722536823,2TB / Brugt / Sølv,53480198373751,9102d7adf3ac1008,2TB,Brugt,Sølv,continue,12495.00
"Brugt iPad Pro 11"" 5. Gen (2024) Cellular",14668722536823,2TB / Rigtig god / Space Grey,53480198406519,59e4856ec915112f,2TB,Rigtig god,Space Grey,continue,13895.00
"Brugt iPad Pro 11"" 5. Gen (2024) Cellular",14668722536823,2TB / Rigtig god / Sølv,53480198439287,99ed940521d786bf,2TB,Rigtig god,Sølv,continue,13895.00
"Brugt iPad Pro 11"" 5. Gen (2024) Cellular",14668722536823,2TB / Som ny / Space Grey,53480198472055,63bfb87566b4c4b0,2TB,Som ny,Space Grey,continue,15295.00
"Brugt iPad Pro 11"" 5. Gen (2024) Cellular",14668722536823,2TB / Som ny / Sølv,53480198504823,452a03b6f1ba0047,2TB,Som ny,Sølv,continue,15295.00
"Brugt iPad Pro 12.9"" 1. Gen (2015) Cellular",14668666306935,32GB / Brugbar / Space Grey,53470786027895,ba5e701a39a84701,32GB,Brugbar,Space Grey,continue,2895.00
"Brugt iPad Pro 12.9"" 1. Gen (2015) Cellular",14668666306935,32GB / Brugbar / Guld,53470786060663,3c81025151149b9b,32GB,Brugbar,Guld,continue,2895.00
"Brugt iPad Pro 12.9"" 1. Gen (2015) Cellular",14668666306935,32GB / Brugt / Space Grey,53470786093431,6319ec7a649d587f,32GB,Brugt,Space Grey,continue,3395.00
"Brugt iPad Pro 12.9"" 1. Gen (2015) Cellular",14668666306935,32GB / Brugt / Guld,53470786126199,08d226d7e8ef877d,32GB,Brugt,Guld,continue,3395.00
"Brugt iPad Pro 12.9"" 1. Gen (2015) Cellular",14668666306935,32GB / Rigtig god / Space Grey,53470786158967,210417b0895d7816,32GB,Rigtig god,Space Grey,continue,3795.00
"Brugt iPad Pro 12.9"" 1. Gen (2015) Cellular",14668666306935,32GB / Rigtig god / Guld,53470786191735,87502c8148165df5,32GB,Rigtig god,Guld,continue,3795.00
"Brugt iPad Pro 12.9"" 1. Gen (2015) Cellular",14668666306935,32GB / Som ny / Space Grey,53470786224503,ea24fa9c8f6b5d89,32GB,Som ny,Space Grey,continue,4295.00
"Brugt iPad Pro 12.9"" 1. Gen (2015) Cellular",14668666306935,32GB / Som ny / Guld,53470786257271,9f33cd29856cf95f,32GB,Som ny,Guld,continue,4295.00
"Brugt iPad Pro 12.9"" 1. Gen (2015) Cellular",14668666306935,128GB / Brugbar / Space Grey,53470785765751,99f36fe77fe3c1c8,128GB,Brugbar,Space Grey,continue,3195.00
"Brugt iPad Pro 12.9"" 1. Gen (2015) Cellular",14668666306935,128GB / Brugbar / Guld,53470785798519,b230cab3f9a3a49e,128GB,Brugbar,Guld,continue,3195.00
"Brugt iPad Pro 12.9"" 1. Gen (2015) Cellular",14668666306935,128GB / Brugt / Space Grey,53470785831287,75a9a3e278399e27,128GB,Brugt,Space Grey,continue,3695.00
"Brugt iPad Pro 12.9"" 1. Gen (2015) Cellular",14668666306935,128GB / Brugt / Guld,53470785864055,bd8d5dc565ae8ae3,128GB,Brugt,Guld,continue,3695.00
"Brugt iPad Pro 12.9"" 1. Gen (2015) Cellular",14668666306935,128GB / Rigtig god / Space Grey,53470785896823,29e67df0b5455beb,128GB,Rigtig god,Space Grey,continue,4095.00
"Brugt iPad Pro 12.9"" 1. Gen (2015) Cellular",14668666306935,128GB / Rigtig god / Guld,53470785929591,d4b965745b28ae3d,128GB,Rigtig god,Guld,continue,4095.00
"Brugt iPad Pro 12.9"" 1. Gen (2015) Cellular",14668666306935,128GB / Som ny / Space Grey,53470785962359,ee02720670ab7277,128GB,Som ny,Space Grey,continue,4595.00
"Brugt iPad Pro 12.9"" 1. Gen (2015) Cellular",14668666306935,128GB / Som ny / Guld,53470785995127,f216ba64840829e5,128GB,Som ny,Guld,continue,4595.00
"Brugt iPad Pro 12.9"" 1. Gen (2015) Cellular",14668666306935,256GB / Brugbar / Space Grey,53470786290039,b017c54c6a3ee682,256GB,Brugbar,Space Grey,continue,3395.00
"Brugt iPad Pro 12.9"" 1. Gen (2015) Cellular",14668666306935,256GB / Brugbar / Guld,53470786322807,0adb352f38e296ab,256GB,Brugbar,Guld,continue,3395.00
"Brugt iPad Pro 12.9"" 1. Gen (2015) Cellular",14668666306935,256GB / Brugt / Space Grey,53470786355575,102f9a0a75ba00d6,256GB,Brugt,Space Grey,continue,3995.00
"Brugt iPad Pro 12.9"" 1. Gen (2015) Cellular",14668666306935,256GB / Brugt / Guld,53470786388343,65e45b15f9efd539,256GB,Brugt,Guld,continue,3995.00
"Brugt iPad Pro 12.9"" 1. Gen (2015) Cellular",14668666306935,256GB / Rigtig god / Space Grey,53470786421111,1f732f84a507d768,256GB,Rigtig god,Space Grey,continue,4395.00
"Brugt iPad Pro 12.9"" 1. Gen (2015) Cellular",14668666306935,256GB / Rigtig god / Guld,53470786453879,47cf43489ccab695,256GB,Rigtig god,Guld,continue,4395.00
"Brugt iPad Pro 12.9"" 1. Gen (2015) Cellular",14668666306935,256GB / Som ny / Space Grey,53470786486647,88cb1183fb897277,256GB,Som ny,Space Grey,continue,4895.00
"Brugt iPad Pro 12.9"" 1. Gen (2015) Cellular",14668666306935,256GB / Som ny / Guld,53470786519415,26fa6017560cb4f8,256GB,Som ny,Guld,continue,4895.00
"Brugt iPad Pro 12.9"" 1. Gen (2015) WiFi",14668668207479,32GB / Brugbar / Space Grey,53470792122743,5963f21b78bb51ab,32GB,Brugbar,Space Grey,continue,2295.00
"Brugt iPad Pro 12.9"" 1. Gen (2015) WiFi",14668668207479,32GB / Brugbar / Guld,53470792155511,779ee234662a9467,32GB,Brugbar,Guld,continue,2295.00
"Brugt iPad Pro 12.9"" 1. Gen (2015) WiFi",14668668207479,32GB / Brugt / Space Grey,53470792188279,d8ece32e1814f854,32GB,Brugt,Space Grey,continue,2795.00
"Brugt iPad Pro 12.9"" 1. Gen (2015) WiFi",14668668207479,32GB / Brugt / Guld,53470792221047,c73ee9b3b2d0b5b9,32GB,Brugt,Guld,continue,2795.00
"Brugt iPad Pro 12.9"" 1. Gen (2015) WiFi",14668668207479,32GB / Rigtig god / Space Grey,53470792253815,f536d0df55213902,32GB,Rigtig god,Space Grey,continue,3195.00
"Brugt iPad Pro 12.9"" 1. Gen (2015) WiFi",14668668207479,32GB / Rigtig god / Guld,53470792286583,662abeec5a66f2d7,32GB,Rigtig god,Guld,continue,3195.00
"Brugt iPad Pro 12.9"" 1. Gen (2015) WiFi",14668668207479,32GB / Som ny / Space Grey,53470792319351,fb5725e138740ba6,32GB,Som ny,Space Grey,continue,3695.00
"Brugt iPad Pro 12.9"" 1. Gen (2015) WiFi",14668668207479,32GB / Som ny / Guld,53470792352119,fc9a8c147de86823,32GB,Som ny,Guld,continue,3695.00
"Brugt iPad Pro 12.9"" 1. Gen (2015) WiFi",14668668207479,128GB / Brugbar / Space Grey,53470792384887,16df01329b80133f,128GB,Brugbar,Space Grey,continue,2595.00
"Brugt iPad Pro 12.9"" 1. Gen (2015) WiFi",14668668207479,128GB / Brugbar / Guld,53470792417655,263cf5fbe08d0215,128GB,Brugbar,Guld,continue,2595.00
"Brugt iPad Pro 12.9"" 1. Gen (2015) WiFi",14668668207479,128GB / Brugt / Space Grey,53470792450423,ceb29e3b4e605644,128GB,Brugt,Space Grey,continue,3095.00
"Brugt iPad Pro 12.9"" 1. Gen (2015) WiFi",14668668207479,128GB / Brugt / Guld,53470792483191,cae0df18dfbcc580,128GB,Brugt,Guld,continue,3095.00
"Brugt iPad Pro 12.9"" 1. Gen (2015) WiFi",14668668207479,128GB / Rigtig god / Space Grey,53470792515959,1b8b837ed03b5178,128GB,Rigtig god,Space Grey,continue,3495.00
"Brugt iPad Pro 12.9"" 1. Gen (2015) WiFi",14668668207479,128GB / Rigtig god / Guld,53470792548727,b1df9ca26c3c8f55,128GB,Rigtig god,Guld,continue,3495.00
"Brugt iPad Pro 12.9"" 1. Gen (2015) WiFi",14668668207479,128GB / Som ny / Space Grey,53470792581495,348da00fa17333b0,128GB,Som ny,Space Grey,continue,3995.00
"Brugt iPad Pro 12.9"" 1. Gen (2015) WiFi",14668668207479,128GB / Som ny / Guld,53470792614263,7d743e9599a580cb,128GB,Som ny,Guld,continue,3995.00
"Brugt iPad Pro 12.9"" 1. Gen (2015) WiFi",14668668207479,256GB / Brugbar / Space Grey,53470792647031,f42eb42648d36feb,256GB,Brugbar,Space Grey,continue,2795.00
"Brugt iPad Pro 12.9"" 1. Gen (2015) WiFi",14668668207479,256GB / Brugbar / Guld,53470792679799,a61c098efd56bf6f,256GB,Brugbar,Guld,continue,2795.00
"Brugt iPad Pro 12.9"" 1. Gen (2015) WiFi",14668668207479,256GB / Brugt / Space Grey,53470792712567,45d60e75d2360aa5,256GB,Brugt,Space Grey,continue,3395.00
"Brugt iPad Pro 12.9"" 1. Gen (2015) WiFi",14668668207479,256GB / Brugt / Guld,53470792745335,9510c2120006f3a4,256GB,Brugt,Guld,continue,3395.00
"Brugt iPad Pro 12.9"" 1. Gen (2015) WiFi",14668668207479,256GB / Rigtig god / Space Grey,53470792778103,85d3d0896e669d0a,256GB,Rigtig god,Space Grey,continue,3795.00
"Brugt iPad Pro 12.9"" 1. Gen (2015) WiFi",14668668207479,256GB / Rigtig god / Guld,53470792810871,75408c20cb7caedc,256GB,Rigtig god,Guld,continue,3795.00
"Brugt iPad Pro 12.9"" 1. Gen (2015) WiFi",14668668207479,256GB / Som ny / Space Grey,53470792843639,ab29dc638dd1a805,256GB,Som ny,Space Grey,continue,4295.00
"Brugt iPad Pro 12.9"" 1. Gen (2015) WiFi",14668668207479,256GB / Som ny / Guld,53470792876407,9d687548a681697b,256GB,Som ny,Guld,continue,4295.00
"Brugt iPad Pro 12.9"" 2 Gen (2017) Cellular",14668698780023,64GB / Brugbar / Space Grey,53470970741111,79924cc7235a0e3f,64GB,Brugbar,Space Grey,continue,2897.00
"Brugt iPad Pro 12.9"" 2 Gen (2017) Cellular",14668698780023,64GB / Brugbar / Guld,53470970773879,32081ac9949a5c4d,64GB,Brugbar,Guld,continue,2897.00
"Brugt iPad Pro 12.9"" 2 Gen (2017) Cellular",14668698780023,64GB / Brugt / Space Grey,53470970806647,120bef323a6cb1d4,64GB,Brugt,Space Grey,continue,3087.00
"Brugt iPad Pro 12.9"" 2 Gen (2017) Cellular",14668698780023,64GB / Brugt / Guld,53470970839415,40a47745f8f04fba,64GB,Brugt,Guld,continue,3087.00
"Brugt iPad Pro 12.9"" 2 Gen (2017) Cellular",14668698780023,64GB / Rigtig god / Space Grey,53470970872183,62c546a1a11dc49a,64GB,Rigtig god,Space Grey,continue,3467.00
"Brugt iPad Pro 12.9"" 2 Gen (2017) Cellular",14668698780023,64GB / Rigtig god / Guld,53470970904951,4667175f8fc63f0c,64GB,Rigtig god,Guld,continue,3467.00
"Brugt iPad Pro 12.9"" 2 Gen (2017) Cellular",14668698780023,64GB / Som ny / Space Grey,53470970937719,0df00eef3ce06d27,64GB,Som ny,Space Grey,continue,3847.00
"Brugt iPad Pro 12.9"" 2 Gen (2017) Cellular",14668698780023,64GB / Som ny / Guld,53470970970487,662faf289feb115d,64GB,Som ny,Guld,continue,3847.00
"Brugt iPad Pro 12.9"" 2 Gen (2017) Cellular",14668698780023,256GB / Brugbar / Space Grey,53470971265399,00e55207ec129035,256GB,Brugbar,Space Grey,continue,3087.00
"Brugt iPad Pro 12.9"" 2 Gen (2017) Cellular",14668698780023,256GB / Brugbar / Guld,53470971298167,cacd423b290c8138,256GB,Brugbar,Guld,continue,3087.00
"Brugt iPad Pro 12.9"" 2 Gen (2017) Cellular",14668698780023,256GB / Brugt / Space Grey,53470971330935,27dd508c13ded097,256GB,Brugt,Space Grey,continue,3277.00
"Brugt iPad Pro 12.9"" 2 Gen (2017) Cellular",14668698780023,256GB / Brugt / Guld,53470971363703,76fab3182ac1c929,256GB,Brugt,Guld,continue,3277.00
"Brugt iPad Pro 12.9"" 2 Gen (2017) Cellular",14668698780023,256GB / Rigtig god / Space Grey,53470971396471,cac62b026e9d340c,256GB,Rigtig god,Space Grey,continue,3657.00
"Brugt iPad Pro 12.9"" 2 Gen (2017) Cellular",14668698780023,256GB / Rigtig god / Guld,53470971429239,649acfd98d37a6ad,256GB,Rigtig god,Guld,continue,3657.00
"Brugt iPad Pro 12.9"" 2 Gen (2017) Cellular",14668698780023,256GB / Som ny / Space Grey,53470971462007,cb79da207532998c,256GB,Som ny,Space Grey,continue,4037.00
"Brugt iPad Pro 12.9"" 2 Gen (2017) Cellular",14668698780023,256GB / Som ny / Guld,53470971494775,7629759012062abf,256GB,Som ny,Guld,continue,4037.00
"Brugt iPad Pro 12.9"" 2 Gen (2017) Cellular",14668698780023,512GB / Brugbar / Space Grey,53470971003255,cdecf38e7ea525aa,512GB,Brugbar,Space Grey,continue,3277.00
"Brugt iPad Pro 12.9"" 2 Gen (2017) Cellular",14668698780023,512GB / Brugbar / Guld,53470971036023,d96b4f45a4ba33c3,512GB,Brugbar,Guld,continue,3277.00
"Brugt iPad Pro 12.9"" 2 Gen (2017) Cellular",14668698780023,512GB / Brugt / Space Grey,53470971068791,6331b0936e0fb8d7,512GB,Brugt,Space Grey,continue,3467.00
"Brugt iPad Pro 12.9"" 2 Gen (2017) Cellular",14668698780023,512GB / Brugt / Guld,53470971101559,494cbd7af676ae9d,512GB,Brugt,Guld,continue,3467.00
"Brugt iPad Pro 12.9"" 2 Gen (2017) Cellular",14668698780023,512GB / Rigtig god / Space Grey,53470971134327,a96c722e1e75d4aa,512GB,Rigtig god,Space Grey,continue,3847.00
"Brugt iPad Pro 12.9"" 2 Gen (2017) Cellular",14668698780023,512GB / Rigtig god / Guld,53470971167095,8fd8b3ae6b9b44c1,512GB,Rigtig god,Guld,continue,3847.00
"Brugt iPad Pro 12.9"" 2 Gen (2017) Cellular",14668698780023,512GB / Som ny / Space Grey,53470971199863,d03619af2e010ebb,512GB,Som ny,Space Grey,continue,4227.00
"Brugt iPad Pro 12.9"" 2 Gen (2017) Cellular",14668698780023,512GB / Som ny / Guld,53470971232631,db9e8875e3bfcd95,512GB,Som ny,Guld,continue,4227.00
"Brugt iPad Pro 12.9"" 2 Gen (2017) WiFi",14668698648951,64GB / Brugbar / Space Grey,53470969528695,7b6cce22a7d85f40,64GB,Brugbar,Space Grey,continue,2612.00
"Brugt iPad Pro 12.9"" 2 Gen (2017) WiFi",14668698648951,64GB / Brugbar / Guld,53470969561463,385aeb8cc2043850,64GB,Brugbar,Guld,continue,2612.00
"Brugt iPad Pro 12.9"" 2 Gen (2017) WiFi",14668698648951,64GB / Brugt / Space Grey,53470969594231,e048177b8c557892,64GB,Brugt,Space Grey,continue,2802.00
"Brugt iPad Pro 12.9"" 2 Gen (2017) WiFi",14668698648951,64GB / Brugt / Guld,53470969626999,9eac4e8a025bed05,64GB,Brugt,Guld,continue,2802.00
"Brugt iPad Pro 12.9"" 2 Gen (2017) WiFi",14668698648951,64GB / Rigtig god / Space Grey,53470969659767,131144ed0ed9fdad,64GB,Rigtig god,Space Grey,continue,3182.00
"Brugt iPad Pro 12.9"" 2 Gen (2017) WiFi",14668698648951,64GB / Rigtig god / Guld,53470969692535,e220ed2ad88f962c,64GB,Rigtig god,Guld,continue,3182.00
"Brugt iPad Pro 12.9"" 2 Gen (2017) WiFi",14668698648951,64GB / Som ny / Space Grey,53470969725303,335f139f86c93f45,64GB,Som ny,Space Grey,continue,3562.00
"Brugt iPad Pro 12.9"" 2 Gen (2017) WiFi",14668698648951,64GB / Som ny / Guld,53470969758071,6ef98b7a81bbeb6e,64GB,Som ny,Guld,continue,3562.00
"Brugt iPad Pro 12.9"" 2 Gen (2017) WiFi",14668698648951,256GB / Brugbar / Space Grey,53470970052983,1e560737e96b37eb,256GB,Brugbar,Space Grey,continue,2802.00
"Brugt iPad Pro 12.9"" 2 Gen (2017) WiFi",14668698648951,256GB / Brugbar / Guld,53470970085751,a37f6d96e86e3817,256GB,Brugbar,Guld,continue,2802.00
"Brugt iPad Pro 12.9"" 2 Gen (2017) WiFi",14668698648951,256GB / Brugt / Space Grey,53470970118519,edfaefd6132a6fed,256GB,Brugt,Space Grey,continue,2992.00
"Brugt iPad Pro 12.9"" 2 Gen (2017) WiFi",14668698648951,256GB / Brugt / Guld,53470970151287,7f988ed796a9480c,256GB,Brugt,Guld,continue,2992.00
"Brugt iPad Pro 12.9"" 2 Gen (2017) WiFi",14668698648951,256GB / Rigtig god / Space Grey,53470970184055,67e2f5180ece6b3d,256GB,Rigtig god,Space Grey,continue,3372.00
"Brugt iPad Pro 12.9"" 2 Gen (2017) WiFi",14668698648951,256GB / Rigtig god / Guld,53470970216823,d40b8e5d8991d96e,256GB,Rigtig god,Guld,continue,3372.00
"Brugt iPad Pro 12.9"" 2 Gen (2017) WiFi",14668698648951,256GB / Som ny / Space Grey,53470970249591,03dce6c25c19fe8b,256GB,Som ny,Space Grey,continue,3752.00
"Brugt iPad Pro 12.9"" 2 Gen (2017) WiFi",14668698648951,256GB / Som ny / Guld,53470970282359,78e591125770f0bf,256GB,Som ny,Guld,continue,3752.00
"Brugt iPad Pro 12.9"" 2 Gen (2017) WiFi",14668698648951,512GB / Brugbar / Space Grey,53470969790839,6b61087ff853110a,512GB,Brugbar,Space Grey,continue,2992.00
"Brugt iPad Pro 12.9"" 2 Gen (2017) WiFi",14668698648951,512GB / Brugbar / Guld,53470969823607,c33801579d623c7f,512GB,Brugbar,Guld,continue,2992.00
"Brugt iPad Pro 12.9"" 2 Gen (2017) WiFi",14668698648951,512GB / Brugt / Space Grey,53470969856375,a48080adc3e81fe5,512GB,Brugt,Space Grey,continue,3182.00
"Brugt iPad Pro 12.9"" 2 Gen (2017) WiFi",14668698648951,512GB / Brugt / Guld,53470969889143,160678b648671fa0,512GB,Brugt,Guld,continue,3182.00
"Brugt iPad Pro 12.9"" 2 Gen (2017) WiFi",14668698648951,512GB / Rigtig god / Space Grey,53470969921911,33431b5b4808b6e6,512GB,Rigtig god,Space Grey,continue,3562.00
"Brugt iPad Pro 12.9"" 2 Gen (2017) WiFi",14668698648951,512GB / Rigtig god / Guld,53470969954679,45fef00eaa7d2beb,512GB,Rigtig god,Guld,continue,3562.00
"Brugt iPad Pro 12.9"" 2 Gen (2017) WiFi",14668698648951,512GB / Som ny / Space Grey,53470969987447,c8fb56dd300ce88b,512GB,Som ny,Space Grey,continue,3942.00
"Brugt iPad Pro 12.9"" 2 Gen (2017) WiFi",14668698648951,512GB / Som ny / Guld,53470970020215,0b3e330aa36de507,512GB,Som ny,Guld,continue,3942.00
"Brugt iPad Pro 12.9"" 3. Gen (2018) Cellular",14668705595767,64GB / Brugbar / Space Grey,53471002362231,edeb92a99edaa592,64GB,Brugbar,Space Grey,continue,3249.00
"Brugt iPad Pro 12.9"" 3. Gen (2018) Cellular",14668705595767,64GB / Brugbar / Sølv,53471002394999,6810937f6080dc39,64GB,Brugbar,Sølv,continue,3249.00
"Brugt iPad Pro 12.9"" 3. Gen (2018) Cellular",14668705595767,64GB / Brugt / Space Grey,53471002427767,f56eafb1f5dead13,64GB,Brugt,Space Grey,continue,3449.00
"Brugt iPad Pro 12.9"" 3. Gen (2018) Cellular",14668705595767,64GB / Brugt / Sølv,53471002460535,80642645acbcbd77,64GB,Brugt,Sølv,continue,3449.00
"Brugt iPad Pro 12.9"" 3. Gen (2018) Cellular",14668705595767,64GB / Rigtig god / Space Grey,53471002493303,e6b8dcdbf90ebf16,64GB,Rigtig god,Space Grey,continue,3849.00
"Brugt iPad Pro 12.9"" 3. Gen (2018) Cellular",14668705595767,64GB / Rigtig god / Sølv,53471002526071,53904fdcf8a6bb2f,64GB,Rigtig god,Sølv,continue,3849.00
"Brugt iPad Pro 12.9"" 3. Gen (2018) Cellular",14668705595767,64GB / Som ny / Space Grey,53471002558839,6e0905155645901c,64GB,Som ny,Space Grey,continue,4249.00
"Brugt iPad Pro 12.9"" 3. Gen (2018) Cellular",14668705595767,64GB / Som ny / Sølv,53471002591607,2a6707f2a865e895,64GB,Som ny,Sølv,continue,4249.00
"Brugt iPad Pro 12.9"" 3. Gen (2018) Cellular",14668705595767,256GB / Brugbar / Space Grey,53471002886519,2e4e37208d63a744,256GB,Brugbar,Space Grey,continue,3549.00
"Brugt iPad Pro 12.9"" 3. Gen (2018) Cellular",14668705595767,256GB / Brugbar / Sølv,53471002919287,c8197eb418c91f0b,256GB,Brugbar,Sølv,continue,3549.00
"Brugt iPad Pro 12.9"" 3. Gen (2018) Cellular",14668705595767,256GB / Brugt / Space Grey,53471002952055,e597203b050d5eb5,256GB,Brugt,Space Grey,continue,3749.00
"Brugt iPad Pro 12.9"" 3. Gen (2018) Cellular",14668705595767,256GB / Brugt / Sølv,53471002984823,0c184708637bc666,256GB,Brugt,Sølv,continue,3749.00
"Brugt iPad Pro 12.9"" 3. Gen (2018) Cellular",14668705595767,256GB / Rigtig god / Space Grey,53471003017591,dec1a2e20b57c83b,256GB,Rigtig god,Space Grey,continue,4149.00
"Brugt iPad Pro 12.9"" 3. Gen (2018) Cellular",14668705595767,256GB / Rigtig god / Sølv,53471003050359,0c36d8c25e3b5568,256GB,Rigtig god,Sølv,continue,4149.00
"Brugt iPad Pro 12.9"" 3. Gen (2018) Cellular",14668705595767,256GB / Som ny / Space Grey,53471003083127,75bbaa39785f2eac,256GB,Som ny,Space Grey,continue,4549.00
"Brugt iPad Pro 12.9"" 3. Gen (2018) Cellular",14668705595767,256GB / Som ny / Sølv,53471003115895,2e8f1c2d911646dc,256GB,Som ny,Sølv,continue,4549.00
"Brugt iPad Pro 12.9"" 3. Gen (2018) Cellular",14668705595767,512GB / Brugbar / Space Grey,53471002624375,57ac2488958b9bb2,512GB,Brugbar,Space Grey,continue,3849.00
"Brugt iPad Pro 12.9"" 3. Gen (2018) Cellular",14668705595767,512GB / Brugbar / Sølv,53471002657143,09feba760f0f3d96,512GB,Brugbar,Sølv,continue,3849.00
"Brugt iPad Pro 12.9"" 3. Gen (2018) Cellular",14668705595767,512GB / Brugt / Space Grey,53471002689911,cde991f79a720799,512GB,Brugt,Space Grey,continue,4049.00
"Brugt iPad Pro 12.9"" 3. Gen (2018) Cellular",14668705595767,512GB / Brugt / Sølv,53471002722679,46997fc984446555,512GB,Brugt,Sølv,continue,4049.00
"Brugt iPad Pro 12.9"" 3. Gen (2018) Cellular",14668705595767,512GB / Rigtig god / Space Grey,53471002755447,d930fcf07b6e566b,512GB,Rigtig god,Space Grey,continue,4449.00
"Brugt iPad Pro 12.9"" 3. Gen (2018) Cellular",14668705595767,512GB / Rigtig god / Sølv,53471002788215,2a826fc250b85822,512GB,Rigtig god,Sølv,continue,4449.00
"Brugt iPad Pro 12.9"" 3. Gen (2018) Cellular",14668705595767,512GB / Som ny / Space Grey,53471002820983,e5a6a9978c43dbb3,512GB,Som ny,Space Grey,continue,4849.00
"Brugt iPad Pro 12.9"" 3. Gen (2018) Cellular",14668705595767,512GB / Som ny / Sølv,53471002853751,64652d07d95399a3,512GB,Som ny,Sølv,continue,4849.00
"Brugt iPad Pro 12.9"" 3. Gen (2018) Cellular",14668705595767,1TB / Brugbar / Space Grey,53480216232311,73fadd493e519839,1TB,Brugbar,Space Grey,continue,4149.00
"Brugt iPad Pro 12.9"" 3. Gen (2018) Cellular",14668705595767,1TB / Brugbar / Sølv,53480216265079,3575433cacd6b6bf,1TB,Brugbar,Sølv,continue,4149.00
"Brugt iPad Pro 12.9"" 3. Gen (2018) Cellular",14668705595767,1TB / Brugt / Space Grey,53480216297847,5a45dc326e47a168,1TB,Brugt,Space Grey,continue,4349.00
"Brugt iPad Pro 12.9"" 3. Gen (2018) Cellular",14668705595767,1TB / Brugt / Sølv,53480216330615,26410dc7a34f4626,1TB,Brugt,Sølv,continue,4349.00
"Brugt iPad Pro 12.9"" 3. Gen (2018) Cellular",14668705595767,1TB / Rigtig god / Space Grey,53480216363383,20eafbb7cbf28e6a,1TB,Rigtig god,Space Grey,continue,4749.00
"Brugt iPad Pro 12.9"" 3. Gen (2018) Cellular",14668705595767,1TB / Rigtig god / Sølv,53480216396151,fdc7e77c7424cc31,1TB,Rigtig god,Sølv,continue,4749.00
"Brugt iPad Pro 12.9"" 3. Gen (2018) Cellular",14668705595767,1TB / Som ny / Space Grey,53480216428919,4455c5be31ce0365,1TB,Som ny,Space Grey,continue,5149.00
"Brugt iPad Pro 12.9"" 3. Gen (2018) Cellular",14668705595767,1TB / Som ny / Sølv,53480216461687,3e0ec7128970111d,1TB,Som ny,Sølv,continue,5149.00
"Brugt iPad Pro 12.9"" 3. Gen (2018) WiFi",14668705497463,64GB / Brugbar / Space Grey,53471001346423,c763480991c4fc1c,64GB,Brugbar,Space Grey,continue,2949.00
"Brugt iPad Pro 12.9"" 3. Gen (2018) WiFi",14668705497463,64GB / Brugbar / Sølv,53471001379191,e72428933796ff38,64GB,Brugbar,Sølv,continue,2949.00
"Brugt iPad Pro 12.9"" 3. Gen (2018) WiFi",14668705497463,64GB / Brugt / Space Grey,53471001411959,6934ba74f456c669,64GB,Brugt,Space Grey,continue,3149.00
"Brugt iPad Pro 12.9"" 3. Gen (2018) WiFi",14668705497463,64GB / Brugt / Sølv,53471001444727,2340e052ff0fa9e3,64GB,Brugt,Sølv,continue,3149.00
"Brugt iPad Pro 12.9"" 3. Gen (2018) WiFi",14668705497463,64GB / Rigtig god / Space Grey,53471001477495,a2faa3564a92f1ca,64GB,Rigtig god,Space Grey,continue,3549.00
"Brugt iPad Pro 12.9"" 3. Gen (2018) WiFi",14668705497463,64GB / Rigtig god / Sølv,53471001510263,da306ed90a273d98,64GB,Rigtig god,Sølv,continue,3549.00
"Brugt iPad Pro 12.9"" 3. Gen (2018) WiFi",14668705497463,64GB / Som ny / Space Grey,53471001543031,20bb449c9e69c8b9,64GB,Som ny,Space Grey,continue,3949.00
"Brugt iPad Pro 12.9"" 3. Gen (2018) WiFi",14668705497463,64GB / Som ny / Sølv,53471001575799,10c78871fa14a028,64GB,Som ny,Sølv,continue,3949.00
"Brugt iPad Pro 12.9"" 3. Gen (2018) WiFi",14668705497463,256GB / Brugbar / Space Grey,53471001870711,10ccad4f89f202aa,256GB,Brugbar,Space Grey,continue,3249.00
"Brugt iPad Pro 12.9"" 3. Gen (2018) WiFi",14668705497463,256GB / Brugbar / Sølv,53471001903479,205efa98294656ee,256GB,Brugbar,Sølv,continue,3249.00
"Brugt iPad Pro 12.9"" 3. Gen (2018) WiFi",14668705497463,256GB / Brugt / Space Grey,53471001936247,e31377f4ed87723b,256GB,Brugt,Space Grey,continue,3449.00
"Brugt iPad Pro 12.9"" 3. Gen (2018) WiFi",14668705497463,256GB / Brugt / Sølv,53471001969015,09e851d0502d7a32,256GB,Brugt,Sølv,continue,3449.00
"Brugt iPad Pro 12.9"" 3. Gen (2018) WiFi",14668705497463,256GB / Rigtig god / Space Grey,53471002001783,41bcd969f2fcf371,256GB,Rigtig god,Space Grey,continue,3849.00
"Brugt iPad Pro 12.9"" 3. Gen (2018) WiFi",14668705497463,256GB / Rigtig god / Sølv,53471002034551,d1e9e83eb65c88d7,256GB,Rigtig god,Sølv,continue,3849.00
"Brugt iPad Pro 12.9"" 3. Gen (2018) WiFi",14668705497463,256GB / Som ny / Space Grey,53471002067319,a7d61ab06e604ea7,256GB,Som ny,Space Grey,continue,4249.00
"Brugt iPad Pro 12.9"" 3. Gen (2018) WiFi",14668705497463,256GB / Som ny / Sølv,53471002100087,ddca6ced9005b671,256GB,Som ny,Sølv,continue,4249.00
"Brugt iPad Pro 12.9"" 3. Gen (2018) WiFi",14668705497463,512GB / Brugbar / Space Grey,53471001608567,9c7b6bdcb075c9e1,512GB,Brugbar,Space Grey,continue,3549.00
"Brugt iPad Pro 12.9"" 3. Gen (2018) WiFi",14668705497463,512GB / Brugbar / Sølv,53471001641335,56f626782e340bd5,512GB,Brugbar,Sølv,continue,3549.00
"Brugt iPad Pro 12.9"" 3. Gen (2018) WiFi",14668705497463,512GB / Brugt / Space Grey,53471001674103,b2cac83a324b7d52,512GB,Brugt,Space Grey,continue,3749.00
"Brugt iPad Pro 12.9"" 3. Gen (2018) WiFi",14668705497463,512GB / Brugt / Sølv,53471001706871,33b718406af60a62,512GB,Brugt,Sølv,continue,3749.00
"Brugt iPad Pro 12.9"" 3. Gen (2018) WiFi",14668705497463,512GB / Rigtig god / Space Grey,53471001739639,9ef20b76104e1b92,512GB,Rigtig god,Space Grey,continue,4149.00
"Brugt iPad Pro 12.9"" 3. Gen (2018) WiFi",14668705497463,512GB / Rigtig god / Sølv,53471001772407,81d773222d806444,512GB,Rigtig god,Sølv,continue,4149.00
"Brugt iPad Pro 12.9"" 3. Gen (2018) WiFi",14668705497463,512GB / Som ny / Space Grey,53471001805175,7a86a70120d39609,512GB,Som ny,Space Grey,continue,4549.00
"Brugt iPad Pro 12.9"" 3. Gen (2018) WiFi",14668705497463,512GB / Som ny / Sølv,53471001837943,c53dc847ba9b08bf,512GB,Som ny,Sølv,continue,4549.00
"Brugt iPad Pro 12.9"" 3. Gen (2018) WiFi",14668705497463,1TB / Brugbar / Space Grey,53480218820983,8ded09af6a7984e6,1TB,Brugbar,Space Grey,continue,3849.00
"Brugt iPad Pro 12.9"" 3. Gen (2018) WiFi",14668705497463,1TB / Brugbar / Sølv,53480218853751,6e95aabb3dbf3b95,1TB,Brugbar,Sølv,continue,3849.00
"Brugt iPad Pro 12.9"" 3. Gen (2018) WiFi",14668705497463,1TB / Brugt / Space Grey,53480218886519,9fb95ac9cc80026c,1TB,Brugt,Space Grey,continue,4049.00
"Brugt iPad Pro 12.9"" 3. Gen (2018) WiFi",14668705497463,1TB / Brugt / Sølv,53480218919287,d0939ca990428495,1TB,Brugt,Sølv,continue,4049.00
"Brugt iPad Pro 12.9"" 3. Gen (2018) WiFi",14668705497463,1TB / Rigtig god / Space Grey,53480218952055,53a98672978397b2,1TB,Rigtig god,Space Grey,continue,4449.00
"Brugt iPad Pro 12.9"" 3. Gen (2018) WiFi",14668705497463,1TB / Rigtig god / Sølv,53480218984823,8913670d78f4b7e2,1TB,Rigtig god,Sølv,continue,4449.00
"Brugt iPad Pro 12.9"" 3. Gen (2018) WiFi",14668705497463,1TB / Som ny / Space Grey,53480219017591,d561eb58bd34cd08,1TB,Som ny,Space Grey,continue,4849.00
"Brugt iPad Pro 12.9"" 3. Gen (2018) WiFi",14668705497463,1TB / Som ny / Sølv,53480219050359,bce7aee40b0a28f1,1TB,Som ny,Sølv,continue,4849.00
"Brugt iPad Pro 12.9"" 4. Gen (2020) Cellular",14670329545079,128GB / Brugbar / Hvid,53480005665143,956016cc1c3b178d,128GB,Brugbar,Hvid,continue,5049.00
"Brugt iPad Pro 12.9"" 4. Gen (2020) Cellular",14670329545079,128GB / Brugbar / Sort,53480005697911,036b0e83c0a563bb,128GB,Brugbar,Sort,continue,5049.00
"Brugt iPad Pro 12.9"" 4. Gen (2020) Cellular",14670329545079,128GB / Brugt / Hvid,53480005730679,dc2d3c1fd24f59a0,128GB,Brugt,Hvid,continue,5249.00
"Brugt iPad Pro 12.9"" 4. Gen (2020) Cellular",14670329545079,128GB / Brugt / Sort,53480005763447,c1f4a19d21717a32,128GB,Brugt,Sort,continue,5249.00
"Brugt iPad Pro 12.9"" 4. Gen (2020) Cellular",14670329545079,128GB / Rigtig god / Hvid,53480005796215,6747457314ab40f0,128GB,Rigtig god,Hvid,continue,5649.00
"Brugt iPad Pro 12.9"" 4. Gen (2020) Cellular",14670329545079,128GB / Rigtig god / Sort,53480005828983,57a6ff4abc17066d,128GB,Rigtig god,Sort,continue,5649.00
"Brugt iPad Pro 12.9"" 4. Gen (2020) Cellular",14670329545079,128GB / Som ny / Hvid,53480005861751,ac570449d1c5db5d,128GB,Som ny,Hvid,continue,6149.00
"Brugt iPad Pro 12.9"" 4. Gen (2020) Cellular",14670329545079,128GB / Som ny / Sort,53480005894519,67c81f9b16db4cba,128GB,Som ny,Sort,continue,6149.00
"Brugt iPad Pro 12.9"" 4. Gen (2020) Cellular",14670329545079,256GB / Brugbar / Hvid,53480005927287,4ba216ed89d521e0,256GB,Brugbar,Hvid,continue,5749.00
"Brugt iPad Pro 12.9"" 4. Gen (2020) Cellular",14670329545079,256GB / Brugbar / Sort,53480005960055,7b11278624340784,256GB,Brugbar,Sort,continue,5749.00
"Brugt iPad Pro 12.9"" 4. Gen (2020) Cellular",14670329545079,256GB / Brugt / Hvid,53480005992823,6e6d3226aff9ffd5,256GB,Brugt,Hvid,continue,5949.00
"Brugt iPad Pro 12.9"" 4. Gen (2020) Cellular",14670329545079,256GB / Brugt / Sort,53480006025591,817382a0be5c784e,256GB,Brugt,Sort,continue,5949.00
"Brugt iPad Pro 12.9"" 4. Gen (2020) Cellular",14670329545079,256GB / Rigtig god / Hvid,53480006058359,fed7695d65c8dc1e,256GB,Rigtig god,Hvid,continue,6349.00
"Brugt iPad Pro 12.9"" 4. Gen (2020) Cellular",14670329545079,256GB / Rigtig god / Sort,53480006091127,2f3a34bac905b0e8,256GB,Rigtig god,Sort,continue,6349.00
"Brugt iPad Pro 12.9"" 4. Gen (2020) Cellular",14670329545079,256GB / Som ny / Hvid,53480006123895,d316a54d8158c5a4,256GB,Som ny,Hvid,continue,6849.00
"Brugt iPad Pro 12.9"" 4. Gen (2020) Cellular",14670329545079,256GB / Som ny / Sort,53480006156663,c4c956c8430a93bf,256GB,Som ny,Sort,continue,6849.00
"Brugt iPad Pro 12.9"" 4. Gen (2020) Cellular",14670329545079,512GB / Brugbar / Hvid,53480005402999,ced35992da7b6bc9,512GB,Brugbar,Hvid,continue,6549.00
"Brugt iPad Pro 12.9"" 4. Gen (2020) Cellular",14670329545079,512GB / Brugbar / Sort,53480005435767,35fb3cc20007c028,512GB,Brugbar,Sort,continue,6549.00
"Brugt iPad Pro 12.9"" 4. Gen (2020) Cellular",14670329545079,512GB / Brugt / Hvid,53480005468535,21dc18f408ea87fc,512GB,Brugt,Hvid,continue,6749.00
"Brugt iPad Pro 12.9"" 4. Gen (2020) Cellular",14670329545079,512GB / Brugt / Sort,53480005501303,bf73ede088a01ac4,512GB,Brugt,Sort,continue,6749.00
"Brugt iPad Pro 12.9"" 4. Gen (2020) Cellular",14670329545079,512GB / Rigtig god / Hvid,53480005534071,3561602563e4c4ff,512GB,Rigtig god,Hvid,continue,7149.00
"Brugt iPad Pro 12.9"" 4. Gen (2020) Cellular",14670329545079,512GB / Rigtig god / Sort,53480005566839,361fbae7c4c4191b,512GB,Rigtig god,Sort,continue,7149.00
"Brugt iPad Pro 12.9"" 4. Gen (2020) Cellular",14670329545079,512GB / Som ny / Hvid,53480005599607,4cdd5d1dfa2093dc,512GB,Som ny,Hvid,continue,7649.00
"Brugt iPad Pro 12.9"" 4. Gen (2020) Cellular",14670329545079,512GB / Som ny / Sort,53480005632375,8ea9f1ede65bfa3e,512GB,Som ny,Sort,continue,7649.00
"Brugt iPad Pro 12.9"" 4. Gen (2020) Cellular",14670329545079,1TB / Brugbar / Hvid,53480223342967,db28ff84fd606439,1TB,Brugbar,Hvid,continue,7449.00
"Brugt iPad Pro 12.9"" 4. Gen (2020) Cellular",14670329545079,1TB / Brugbar / Sort,53480223375735,6624185bd93b1feb,1TB,Brugbar,Sort,continue,7449.00
"Brugt iPad Pro 12.9"" 4. Gen (2020) Cellular",14670329545079,1TB / Brugt / Hvid,53480223408503,fbab009100463b9c,1TB,Brugt,Hvid,continue,7649.00
"Brugt iPad Pro 12.9"" 4. Gen (2020) Cellular",14670329545079,1TB / Brugt / Sort,53480223441271,027546cea0f3ee46,1TB,Brugt,Sort,continue,7649.00
"Brugt iPad Pro 12.9"" 4. Gen (2020) Cellular",14670329545079,1TB / Rigtig god / Hvid,53480223474039,3951b4a0b211970b,1TB,Rigtig god,Hvid,continue,8049.00
"Brugt iPad Pro 12.9"" 4. Gen (2020) Cellular",14670329545079,1TB / Rigtig god / Sort,53480223506807,8ad02cf408c24451,1TB,Rigtig god,Sort,continue,8049.00
"Brugt iPad Pro 12.9"" 4. Gen (2020) Cellular",14670329545079,1TB / Som ny / Hvid,53480223539575,2c6f268722c13004,1TB,Som ny,Hvid,continue,8549.00
"Brugt iPad Pro 12.9"" 4. Gen (2020) Cellular",14670329545079,1TB / Som ny / Sort,53480223572343,d56e077534bc9f19,1TB,Som ny,Sort,continue,8549.00
"Brugt iPad Pro 12.9"" 4. Gen (2020) WiFi",14670330265975,128GB / Brugbar / Space Grey,53480011596151,0fe6f8c206eea2e4,128GB,Brugbar,Space Grey,continue,4249.00
"Brugt iPad Pro 12.9"" 4. Gen (2020) WiFi",14670330265975,128GB / Brugbar / Sølv,53480011628919,11642a6b0f55d866,128GB,Brugbar,Sølv,continue,4249.00
"Brugt iPad Pro 12.9"" 4. Gen (2020) WiFi",14670330265975,128GB / Brugt / Space Grey,53480011661687,3cb4bb7605324b22,128GB,Brugt,Space Grey,continue,4449.00
"Brugt iPad Pro 12.9"" 4. Gen (2020) WiFi",14670330265975,128GB / Brugt / Sølv,53480011694455,d5fd878f36d1b489,128GB,Brugt,Sølv,continue,4449.00
"Brugt iPad Pro 12.9"" 4. Gen (2020) WiFi",14670330265975,128GB / Rigtig god / Space Grey,53480011727223,59d618b1bd2a898a,128GB,Rigtig god,Space Grey,continue,4849.00
"Brugt iPad Pro 12.9"" 4. Gen (2020) WiFi",14670330265975,128GB / Rigtig god / Sølv,53480011759991,e647d0caa2d09402,128GB,Rigtig god,Sølv,continue,4849.00
"Brugt iPad Pro 12.9"" 4. Gen (2020) WiFi",14670330265975,128GB / Som ny / Space Grey,53480011792759,bd3474d2382f12c6,128GB,Som ny,Space Grey,continue,5349.00
"Brugt iPad Pro 12.9"" 4. Gen (2020) WiFi",14670330265975,128GB / Som ny / Sølv,53480011825527,b8348eaa51c1ddbf,128GB,Som ny,Sølv,continue,5349.00
"Brugt iPad Pro 12.9"" 4. Gen (2020) WiFi",14670330265975,256GB / Brugbar / Space Grey,53480011858295,679ecb6288ee3ede,256GB,Brugbar,Space Grey,continue,4949.00
"Brugt iPad Pro 12.9"" 4. Gen (2020) WiFi",14670330265975,256GB / Brugbar / Sølv,53480011891063,2de27c21093af7d5,256GB,Brugbar,Sølv,continue,4949.00
"Brugt iPad Pro 12.9"" 4. Gen (2020) WiFi",14670330265975,256GB / Brugt / Space Grey,53480011923831,3052c32a8cf4e543,256GB,Brugt,Space Grey,continue,5149.00
"Brugt iPad Pro 12.9"" 4. Gen (2020) WiFi",14670330265975,256GB / Brugt / Sølv,53480011956599,7f596729bb16c2bc,256GB,Brugt,Sølv,continue,5149.00
"Brugt iPad Pro 12.9"" 4. Gen (2020) WiFi",14670330265975,256GB / Rigtig god / Space Grey,53480011989367,4b2887bd1fe92bd9,256GB,Rigtig god,Space Grey,continue,5549.00
"Brugt iPad Pro 12.9"" 4. Gen (2020) WiFi",14670330265975,256GB / Rigtig god / Sølv,53480012022135,4b9e63fb67229bbd,256GB,Rigtig god,Sølv,continue,5549.00
"Brugt iPad Pro 12.9"" 4. Gen (2020) WiFi",14670330265975,256GB / Som ny / Space Grey,53480012054903,58359e7bab470a3c,256GB,Som ny,Space Grey,continue,6049.00
"Brugt iPad Pro 12.9"" 4. Gen (2020) WiFi",14670330265975,256GB / Som ny / Sølv,53480012087671,481716643c8323c7,256GB,Som ny,Sølv,continue,6049.00
"Brugt iPad Pro 12.9"" 4. Gen (2020) WiFi",14670330265975,512GB / Brugbar / Space Grey,53480011334007,2ec95529b8ec710a,512GB,Brugbar,Space Grey,continue,5749.00
"Brugt iPad Pro 12.9"" 4. Gen (2020) WiFi",14670330265975,512GB / Brugbar / Sølv,53480011366775,686883771e2d0ee5,512GB,Brugbar,Sølv,continue,5749.00
"Brugt iPad Pro 12.9"" 4. Gen (2020) WiFi",14670330265975,512GB / Brugt / Space Grey,53480011399543,dea31b8db4081160,512GB,Brugt,Space Grey,continue,5949.00
"Brugt iPad Pro 12.9"" 4. Gen (2020) WiFi",14670330265975,512GB / Brugt / Sølv,53480011432311,13c57c5995e69638,512GB,Brugt,Sølv,continue,5949.00
"Brugt iPad Pro 12.9"" 4. Gen (2020) WiFi",14670330265975,512GB / Rigtig god / Space Grey,53480011465079,058a50e59ef0a2d6,512GB,Rigtig god,Space Grey,continue,6349.00
"Brugt iPad Pro 12.9"" 4. Gen (2020) WiFi",14670330265975,512GB / Rigtig god / Sølv,53480011497847,ef9d59e2f9903c28,512GB,Rigtig god,Sølv,continue,6349.00
"Brugt iPad Pro 12.9"" 4. Gen (2020) WiFi",14670330265975,512GB / Som ny / Space Grey,53480011530615,ba154ec8af49a4b8,512GB,Som ny,Space Grey,continue,6849.00
"Brugt iPad Pro 12.9"" 4. Gen (2020) WiFi",14670330265975,512GB / Som ny / Sølv,53480011563383,bfa17fe3b9222fba,512GB,Som ny,Sølv,continue,6849.00
"Brugt iPad Pro 12.9"" 4. Gen (2020) WiFi",14670330265975,1TB / Brugbar / Space Grey,53480225669495,4173e7dd64ec59d7,1TB,Brugbar,Space Grey,continue,6649.00
"Brugt iPad Pro 12.9"" 4. Gen (2020) WiFi",14670330265975,1TB / Brugbar / Sølv,53480225702263,3170fd84053e85c0,1TB,Brugbar,Sølv,continue,6649.00
"Brugt iPad Pro 12.9"" 4. Gen (2020) WiFi",14670330265975,1TB / Brugt / Space Grey,53480225735031,5f5d94ca9da7400b,1TB,Brugt,Space Grey,continue,6849.00
"Brugt iPad Pro 12.9"" 4. Gen (2020) WiFi",14670330265975,1TB / Brugt / Sølv,53480225767799,8b8df6aefef640ca,1TB,Brugt,Sølv,continue,6849.00
"Brugt iPad Pro 12.9"" 4. Gen (2020) WiFi",14670330265975,1TB / Rigtig god / Space Grey,53480225800567,fbfa13035af5cf3b,1TB,Rigtig god,Space Grey,continue,7249.00
"Brugt iPad Pro 12.9"" 4. Gen (2020) WiFi",14670330265975,1TB / Rigtig god / Sølv,53480225833335,2aa33e312cac5f12,1TB,Rigtig god,Sølv,continue,7249.00
"Brugt iPad Pro 12.9"" 4. Gen (2020) WiFi",14670330265975,1TB / Som ny / Space Grey,53480225866103,7bbe88927d189efc,1TB,Som ny,Space Grey,continue,7749.00
"Brugt iPad Pro 12.9"" 4. Gen (2020) WiFi",14670330265975,1TB / Som ny / Sølv,53480225898871,0ecc43f8bbcfd7d1,1TB,Som ny,Sølv,continue,7749.00
"Brugt iPad Pro 12.9"" 5. Gen (2021) Cellular",14668713886071,128GB / Brugbar / Space Grey,53471015502199,5ec158607dfa705a,128GB,Brugbar,Space Grey,continue,7149.00
"Brugt iPad Pro 12.9"" 5. Gen (2021) Cellular",14668713886071,128GB / Brugbar / Sølv,53471015534967,a9c995590bb0ed8c,128GB,Brugbar,Sølv,continue,7149.00
"Brugt iPad Pro 12.9"" 5. Gen (2021) Cellular",14668713886071,128GB / Brugt / Space Grey,53471015567735,8ce6834726c5d986,128GB,Brugt,Space Grey,continue,7349.00
"Brugt iPad Pro 12.9"" 5. Gen (2021) Cellular",14668713886071,128GB / Brugt / Sølv,53471015600503,1a5365d4274107b8,128GB,Brugt,Sølv,continue,7349.00
"Brugt iPad Pro 12.9"" 5. Gen (2021) Cellular",14668713886071,128GB / Rigtig god / Space Grey,53471015633271,3ad3d03b0d3e6491,128GB,Rigtig god,Space Grey,continue,7749.00
"Brugt iPad Pro 12.9"" 5. Gen (2021) Cellular",14668713886071,128GB / Rigtig god / Sølv,53471015666039,1fa54aba791987b9,128GB,Rigtig god,Sølv,continue,7749.00
"Brugt iPad Pro 12.9"" 5. Gen (2021) Cellular",14668713886071,128GB / Som ny / Space Grey,53471015698807,d2601b32aa198161,128GB,Som ny,Space Grey,continue,8149.00
"Brugt iPad Pro 12.9"" 5. Gen (2021) Cellular",14668713886071,128GB / Som ny / Sølv,53471015731575,9af6493b9c3b286a,128GB,Som ny,Sølv,continue,8149.00
"Brugt iPad Pro 12.9"" 5. Gen (2021) Cellular",14668713886071,256GB / Brugbar / Space Grey,53471015764343,1989d17e7f424c5b,256GB,Brugbar,Space Grey,continue,7949.00
"Brugt iPad Pro 12.9"" 5. Gen (2021) Cellular",14668713886071,256GB / Brugbar / Sølv,53471015797111,016019a723e63bbd,256GB,Brugbar,Sølv,continue,7949.00
"Brugt iPad Pro 12.9"" 5. Gen (2021) Cellular",14668713886071,256GB / Brugt / Space Grey,53471015829879,ec4cd2c94f5af842,256GB,Brugt,Space Grey,continue,8149.00
"Brugt iPad Pro 12.9"" 5. Gen (2021) Cellular",14668713886071,256GB / Brugt / Sølv,53471015862647,91b663d38ef0ec75,256GB,Brugt,Sølv,continue,8149.00
"Brugt iPad Pro 12.9"" 5. Gen (2021) Cellular",14668713886071,256GB / Rigtig god / Space Grey,53471015895415,313e24c4d94a053b,256GB,Rigtig god,Space Grey,continue,8549.00
"Brugt iPad Pro 12.9"" 5. Gen (2021) Cellular",14668713886071,256GB / Rigtig god / Sølv,53471015928183,576bb5f18b92e52d,256GB,Rigtig god,Sølv,continue,8549.00
"Brugt iPad Pro 12.9"" 5. Gen (2021) Cellular",14668713886071,256GB / Som ny / Space Grey,53471015960951,5ee8f858a1501a7f,256GB,Som ny,Space Grey,continue,8949.00
"Brugt iPad Pro 12.9"" 5. Gen (2021) Cellular",14668713886071,256GB / Som ny / Sølv,53471015993719,b1a8653fa1a04a4b,256GB,Som ny,Sølv,continue,8949.00
"Brugt iPad Pro 12.9"" 5. Gen (2021) Cellular",14668713886071,512GB / Brugbar / Space Grey,53471015240055,81f59ac999eca83e,512GB,Brugbar,Space Grey,continue,8749.00
"Brugt iPad Pro 12.9"" 5. Gen (2021) Cellular",14668713886071,512GB / Brugbar / Sølv,53471015272823,21704359399e00e5,512GB,Brugbar,Sølv,continue,8749.00
"Brugt iPad Pro 12.9"" 5. Gen (2021) Cellular",14668713886071,512GB / Brugt / Space Grey,53471015305591,216db513e35a6d25,512GB,Brugt,Space Grey,continue,8949.00
"Brugt iPad Pro 12.9"" 5. Gen (2021) Cellular",14668713886071,512GB / Brugt / Sølv,53471015338359,0b0ea7a8228d46a0,512GB,Brugt,Sølv,continue,8949.00
"Brugt iPad Pro 12.9"" 5. Gen (2021) Cellular",14668713886071,512GB / Rigtig god / Space Grey,53471015371127,af56fca41cf0373d,512GB,Rigtig god,Space Grey,continue,9349.00
"Brugt iPad Pro 12.9"" 5. Gen (2021) Cellular",14668713886071,512GB / Rigtig god / Sølv,53471015403895,5489e5fee95ef4dc,512GB,Rigtig god,Sølv,continue,9349.00
"Brugt iPad Pro 12.9"" 5. Gen (2021) Cellular",14668713886071,512GB / Som ny / Space Grey,53471015436663,eb3e6947c2978431,512GB,Som ny,Space Grey,continue,9749.00
"Brugt iPad Pro 12.9"" 5. Gen (2021) Cellular",14668713886071,512GB / Som ny / Sølv,53471015469431,f433bed1c6086fee,512GB,Som ny,Sølv,continue,9749.00
"Brugt iPad Pro 12.9"" 5. Gen (2021) Cellular",14668713886071,1TB / Brugbar / Space Grey,53480170094967,a8c37207a2a976d9,1TB,Brugbar,Space Grey,continue,9549.00
"Brugt iPad Pro 12.9"" 5. Gen (2021) Cellular",14668713886071,1TB / Brugbar / Sølv,53480170127735,e1c9c99e958a5024,1TB,Brugbar,Sølv,continue,9549.00
"Brugt iPad Pro 12.9"" 5. Gen (2021) Cellular",14668713886071,1TB / Brugt / Space Grey,53480170160503,99e78751a76c0e8a,1TB,Brugt,Space Grey,continue,9749.00
"Brugt iPad Pro 12.9"" 5. Gen (2021) Cellular",14668713886071,1TB / Brugt / Sølv,53480170193271,b5ce34a50c4a43b5,1TB,Brugt,Sølv,continue,9749.00
"Brugt iPad Pro 12.9"" 5. Gen (2021) Cellular",14668713886071,1TB / Rigtig god / Space Grey,53480170226039,446a36507165e0a2,1TB,Rigtig god,Space Grey,continue,10149.00
"Brugt iPad Pro 12.9"" 5. Gen (2021) Cellular",14668713886071,1TB / Rigtig god / Sølv,53480170258807,d3fab3c6c525e246,1TB,Rigtig god,Sølv,continue,10149.00
"Brugt iPad Pro 12.9"" 5. Gen (2021) Cellular",14668713886071,1TB / Som ny / Space Grey,53480170291575,380e38482e0eb92d,1TB,Som ny,Space Grey,continue,10549.00
"Brugt iPad Pro 12.9"" 5. Gen (2021) Cellular",14668713886071,1TB / Som ny / Sølv,53480170324343,ccd8ca39e79b156f,1TB,Som ny,Sølv,continue,10549.00
"Brugt iPad Pro 12.9"" 5. Gen (2021) Cellular",14668713886071,2TB / Brugbar / Space Grey,53480170357111,d77e6645ccc933af,2TB,Brugbar,Space Grey,continue,10349.00
"Brugt iPad Pro 12.9"" 5. Gen (2021) Cellular",14668713886071,2TB / Brugbar / Sølv,53480170389879,b5226d8c2d624240,2TB,Brugbar,Sølv,continue,10349.00
"Brugt iPad Pro 12.9"" 5. Gen (2021) Cellular",14668713886071,2TB / Brugt / Space Grey,53480170422647,3dbeaa22f9988bc9,2TB,Brugt,Space Grey,continue,10549.00
"Brugt iPad Pro 12.9"" 5. Gen (2021) Cellular",14668713886071,2TB / Brugt / Sølv,53480170455415,06f1fc5af6abd548,2TB,Brugt,Sølv,continue,10549.00
"Brugt iPad Pro 12.9"" 5. Gen (2021) Cellular",14668713886071,2TB / Rigtig god / Space Grey,53480170488183,94b790983bd9bf17,2TB,Rigtig god,Space Grey,continue,10949.00
"Brugt iPad Pro 12.9"" 5. Gen (2021) Cellular",14668713886071,2TB / Rigtig god / Sølv,53480170520951,f4cf90cbd16dd2f1,2TB,Rigtig god,Sølv,continue,10949.00
"Brugt iPad Pro 12.9"" 5. Gen (2021) Cellular",14668713886071,2TB / Som ny / Space Grey,53480170553719,848bf15e61cfeecd,2TB,Som ny,Space Grey,continue,11349.00
"Brugt iPad Pro 12.9"" 5. Gen (2021) Cellular",14668713886071,2TB / Som ny / Sølv,53480170586487,4a9d7d49c5371f35,2TB,Som ny,Sølv,continue,11349.00
"Brugt iPad Pro 12.9"" 5. Gen (2021) WiFi",14668719096183,128GB / Brugbar / Space Grey,53471021924727,f89715adccf30b83,128GB,Brugbar,Space Grey,continue,6349.00
"Brugt iPad Pro 12.9"" 5. Gen (2021) WiFi",14668719096183,128GB / Brugbar / Sølv,53471021957495,02f66699094e9024,128GB,Brugbar,Sølv,continue,6349.00
"Brugt iPad Pro 12.9"" 5. Gen (2021) WiFi",14668719096183,128GB / Brugt / Space Grey,53471021990263,5db73b27bd4b6aee,128GB,Brugt,Space Grey,continue,6549.00
"Brugt iPad Pro 12.9"" 5. Gen (2021) WiFi",14668719096183,128GB / Brugt / Sølv,53471022023031,eb21c23f4e73e24a,128GB,Brugt,Sølv,continue,6549.00
"Brugt iPad Pro 12.9"" 5. Gen (2021) WiFi",14668719096183,128GB / Rigtig god / Space Grey,53471022055799,a4a5ffefe81a1ede,128GB,Rigtig god,Space Grey,continue,6949.00
"Brugt iPad Pro 12.9"" 5. Gen (2021) WiFi",14668719096183,128GB / Rigtig god / Sølv,53471022088567,91861ac81f54f56d,128GB,Rigtig god,Sølv,continue,6949.00
"Brugt iPad Pro 12.9"" 5. Gen (2021) WiFi",14668719096183,128GB / Som ny / Space Grey,53471022121335,5c6b6e9b28c4a71c,128GB,Som ny,Space Grey,continue,7349.00
"Brugt iPad Pro 12.9"" 5. Gen (2021) WiFi",14668719096183,128GB / Som ny / Sølv,53471022154103,02c8e937526bc61b,128GB,Som ny,Sølv,continue,7349.00
"Brugt iPad Pro 12.9"" 5. Gen (2021) WiFi",14668719096183,256GB / Brugbar / Space Grey,53471022186871,4346e41c581b993e,256GB,Brugbar,Space Grey,continue,7149.00
"Brugt iPad Pro 12.9"" 5. Gen (2021) WiFi",14668719096183,256GB / Brugbar / Sølv,53471022219639,26a587aa5f3c1bb0,256GB,Brugbar,Sølv,continue,7149.00
"Brugt iPad Pro 12.9"" 5. Gen (2021) WiFi",14668719096183,256GB / Brugt / Space Grey,53471022252407,087e21276f19cc1e,256GB,Brugt,Space Grey,continue,7349.00
"Brugt iPad Pro 12.9"" 5. Gen (2021) WiFi",14668719096183,256GB / Brugt / Sølv,53471022285175,c00339951896e28e,256GB,Brugt,Sølv,continue,7349.00
"Brugt iPad Pro 12.9"" 5. Gen (2021) WiFi",14668719096183,256GB / Rigtig god / Space Grey,53471022317943,0da099f2c49a930b,256GB,Rigtig god,Space Grey,continue,7749.00
"Brugt iPad Pro 12.9"" 5. Gen (2021) WiFi",14668719096183,256GB / Rigtig god / Sølv,53471022350711,a53412d8d920618d,256GB,Rigtig god,Sølv,continue,7749.00
"Brugt iPad Pro 12.9"" 5. Gen (2021) WiFi",14668719096183,256GB / Som ny / Space Grey,53471022383479,ad25560842113d3d,256GB,Som ny,Space Grey,continue,8149.00
"Brugt iPad Pro 12.9"" 5. Gen (2021) WiFi",14668719096183,256GB / Som ny / Sølv,53471022416247,a3514dd6388b19fd,256GB,Som ny,Sølv,continue,8149.00
"Brugt iPad Pro 12.9"" 5. Gen (2021) WiFi",14668719096183,512GB / Brugbar / Space Grey,53471021662583,ac3086af8b273094,512GB,Brugbar,Space Grey,continue,7949.00
"Brugt iPad Pro 12.9"" 5. Gen (2021) WiFi",14668719096183,512GB / Brugbar / Sølv,53471021695351,a6edf6d716c985c2,512GB,Brugbar,Sølv,continue,7949.00
"Brugt iPad Pro 12.9"" 5. Gen (2021) WiFi",14668719096183,512GB / Brugt / Space Grey,53471021728119,fea71b850f0a4a8b,512GB,Brugt,Space Grey,continue,8149.00
"Brugt iPad Pro 12.9"" 5. Gen (2021) WiFi",14668719096183,512GB / Brugt / Sølv,53471021760887,89ddf69d579ec291,512GB,Brugt,Sølv,continue,8149.00
"Brugt iPad Pro 12.9"" 5. Gen (2021) WiFi",14668719096183,512GB / Rigtig god / Space Grey,53471021793655,1b67eeb5009dee18,512GB,Rigtig god,Space Grey,continue,8549.00
"Brugt iPad Pro 12.9"" 5. Gen (2021) WiFi",14668719096183,512GB / Rigtig god / Sølv,53471021826423,daa732e0ec7a2d4c,512GB,Rigtig god,Sølv,continue,8549.00
"Brugt iPad Pro 12.9"" 5. Gen (2021) WiFi",14668719096183,512GB / Som ny / Space Grey,53471021859191,3edea62b98ee7f51,512GB,Som ny,Space Grey,continue,8949.00
"Brugt iPad Pro 12.9"" 5. Gen (2021) WiFi",14668719096183,512GB / Som ny / Sølv,53471021891959,15b139265347532b,512GB,Som ny,Sølv,continue,8949.00
"Brugt iPad Pro 12.9"" 5. Gen (2021) WiFi",14668719096183,1TB / Brugbar / Space Grey,53480173044087,5afb5ffd5e28d441,1TB,Brugbar,Space Grey,continue,8749.00
"Brugt iPad Pro 12.9"" 5. Gen (2021) WiFi",14668719096183,1TB / Brugbar / Sølv,53480173076855,7cff789e3d09d466,1TB,Brugbar,Sølv,continue,8749.00
"Brugt iPad Pro 12.9"" 5. Gen (2021) WiFi",14668719096183,1TB / Brugt / Space Grey,53480173109623,7163fd65f567ce0e,1TB,Brugt,Space Grey,continue,8949.00
"Brugt iPad Pro 12.9"" 5. Gen (2021) WiFi",14668719096183,1TB / Brugt / Sølv,53480173142391,48d810a7bdedc0fb,1TB,Brugt,Sølv,continue,8949.00
"Brugt iPad Pro 12.9"" 5. Gen (2021) WiFi",14668719096183,1TB / Rigtig god / Space Grey,53480173175159,0c47cd63def1d467,1TB,Rigtig god,Space Grey,continue,9349.00
"Brugt iPad Pro 12.9"" 5. Gen (2021) WiFi",14668719096183,1TB / Rigtig god / Sølv,53480173207927,80b5a4bd5a527152,1TB,Rigtig god,Sølv,continue,9349.00
"Brugt iPad Pro 12.9"" 5. Gen (2021) WiFi",14668719096183,1TB / Som ny / Space Grey,53480173240695,e445cafd283f197d,1TB,Som ny,Space Grey,continue,9749.00
"Brugt iPad Pro 12.9"" 5. Gen (2021) WiFi",14668719096183,1TB / Som ny / Sølv,53480173273463,448b67dc115cd192,1TB,Som ny,Sølv,continue,9749.00
"Brugt iPad Pro 12.9"" 5. Gen (2021) WiFi",14668719096183,2TB / Brugbar / Space Grey,53480173306231,4cb3da6bdd6418c0,2TB,Brugbar,Space Grey,continue,9549.00
"Brugt iPad Pro 12.9"" 5. Gen (2021) WiFi",14668719096183,2TB / Brugbar / Sølv,53480173338999,13f33336097aff1a,2TB,Brugbar,Sølv,continue,9549.00
"Brugt iPad Pro 12.9"" 5. Gen (2021) WiFi",14668719096183,2TB / Brugt / Space Grey,53480173371767,ac1e81190dfd6d9c,2TB,Brugt,Space Grey,continue,9749.00
"Brugt iPad Pro 12.9"" 5. Gen (2021) WiFi",14668719096183,2TB / Brugt / Sølv,53480173404535,f793a62851469bb6,2TB,Brugt,Sølv,continue,9749.00
"Brugt iPad Pro 12.9"" 5. Gen (2021) WiFi",14668719096183,2TB / Rigtig god / Space Grey,53480173437303,1b0a9ca399c8c9e4,2TB,Rigtig god,Space Grey,continue,10149.00
"Brugt iPad Pro 12.9"" 5. Gen (2021) WiFi",14668719096183,2TB / Rigtig god / Sølv,53480173470071,dec2e1d9af79957b,2TB,Rigtig god,Sølv,continue,10149.00
"Brugt iPad Pro 12.9"" 5. Gen (2021) WiFi",14668719096183,2TB / Som ny / Space Grey,53480173502839,c776586721a401b5,2TB,Som ny,Space Grey,continue,10549.00
"Brugt iPad Pro 12.9"" 5. Gen (2021) WiFi",14668719096183,2TB / Som ny / Sølv,53480173535607,5edb42d56e73030c,2TB,Som ny,Sølv,continue,10549.00
"Brugt iPad Pro 12.9"" 6. Gen (2022) Cellular",14671813575031,128GB / Rigtig god / Space Grey,53485719847287,AUTOSKU-0000003O,128GB,Rigtig god,Space Grey,continue,8054.00
"Brugt iPad Pro 12.9"" 6. Gen (2022) Cellular",14671813575031,128GB / Rigtig god / Sølv,53485719880055,AUTOSKU-0000003P,128GB,Rigtig god,Sølv,continue,8054.00
"Brugt iPad Pro 12.9"" 6. Gen (2022) Cellular",14671813575031,128GB / Som ny / Space Grey,53485719912823,AUTOSKU-0000003Q,128GB,Som ny,Space Grey,continue,8684.00
"Brugt iPad Pro 12.9"" 6. Gen (2022) Cellular",14671813575031,128GB / Som ny / Sølv,53485719945591,AUTOSKU-0000003R,128GB,Som ny,Sølv,continue,8684.00
"Brugt iPad Pro 12.9"" 6. Gen (2022) Cellular",14671813575031,256GB / Rigtig god / Space Grey,53485720109431,AUTOSKU-0000003S,256GB,Rigtig god,Space Grey,continue,8324.00
"Brugt iPad Pro 12.9"" 6. Gen (2022) Cellular",14671813575031,256GB / Rigtig god / Sølv,53485720142199,AUTOSKU-0000003T,256GB,Rigtig god,Sølv,continue,8324.00
"Brugt iPad Pro 12.9"" 6. Gen (2022) Cellular",14671813575031,256GB / Som ny / Space Grey,53485720174967,AUTOSKU-0000003U,256GB,Som ny,Space Grey,continue,8954.00
"Brugt iPad Pro 12.9"" 6. Gen (2022) Cellular",14671813575031,256GB / Som ny / Sølv,53485720207735,AUTOSKU-0000003V,256GB,Som ny,Sølv,continue,8954.00
"Brugt iPad Pro 12.9"" 6. Gen (2022) Cellular",14671813575031,512GB / Rigtig god / Space Grey,53485720371575,AUTOSKU-0000003W,512GB,Rigtig god,Space Grey,continue,8594.00
"Brugt iPad Pro 12.9"" 6. Gen (2022) Cellular",14671813575031,512GB / Rigtig god / Sølv,53485720404343,AUTOSKU-0000003X,512GB,Rigtig god,Sølv,continue,8594.00
"Brugt iPad Pro 12.9"" 6. Gen (2022) Cellular",14671813575031,512GB / Som ny / Space Grey,53485720437111,AUTOSKU-0000003Y,512GB,Som ny,Space Grey,continue,9224.00
"Brugt iPad Pro 12.9"" 6. Gen (2022) Cellular",14671813575031,512GB / Som ny / Sølv,53485720469879,AUTOSKU-0000003Z,512GB,Som ny,Sølv,continue,9224.00
"Brugt iPad Pro 12.9"" 6. Gen (2022) Cellular",14671813575031,1TB / Rigtig god / Space Grey,53485720633719,AUTOSKU-00000040,1TB,Rigtig god,Space Grey,continue,9584.00
"Brugt iPad Pro 12.9"" 6. Gen (2022) Cellular",14671813575031,1TB / Rigtig god / Sølv,53485720666487,AUTOSKU-00000041,1TB,Rigtig god,Sølv,continue,9584.00
"Brugt iPad Pro 12.9"" 6. Gen (2022) Cellular",14671813575031,1TB / Som ny / Space Grey,53485720699255,AUTOSKU-00000042,1TB,Som ny,Space Grey,continue,10034.00
"Brugt iPad Pro 12.9"" 6. Gen (2022) Cellular",14671813575031,1TB / Som ny / Sølv,53485720732023,AUTOSKU-00000043,1TB,Som ny,Sølv,continue,10034.00
"Brugt iPad Pro 12.9"" 6. Gen (2022) Cellular",14671813575031,2TB / Rigtig god / Space Grey,53485720895863,AUTOSKU-00000044,2TB,Rigtig god,Space Grey,continue,10214.00
"Brugt iPad Pro 12.9"" 6. Gen (2022) Cellular",14671813575031,2TB / Rigtig god / Sølv,53485720928631,AUTOSKU-00000045,2TB,Rigtig god,Sølv,continue,10214.00
"Brugt iPad Pro 12.9"" 6. Gen (2022) Cellular",14671813575031,2TB / Som ny / Space Grey,53485720961399,AUTOSKU-00000046,2TB,Som ny,Space Grey,continue,10844.00
"Brugt iPad Pro 12.9"" 6. Gen (2022) Cellular",14671813575031,2TB / Som ny / Sølv,53485720994167,AUTOSKU-00000047,2TB,Som ny,Sølv,continue,10844.00
"Brugt iPad Pro 12.9"" 6. Gen (2022) WiFi",14671854993783,128GB / Rigtig god / Space Grey,53485903348087,AUTOSKU-00000048,128GB,Rigtig god,Space Grey,continue,7424.00
"Brugt iPad Pro 12.9"" 6. Gen (2022) WiFi",14671854993783,128GB / Rigtig god / Sølv,53485903380855,AUTOSKU-00000049,128GB,Rigtig god,Sølv,continue,7424.00
"Brugt iPad Pro 12.9"" 6. Gen (2022) WiFi",14671854993783,128GB / Som ny / Space Grey,53485903413623,AUTOSKU-0000004A,128GB,Som ny,Space Grey,continue,8054.00
"Brugt iPad Pro 12.9"" 6. Gen (2022) WiFi",14671854993783,128GB / Som ny / Sølv,53485903446391,AUTOSKU-0000004B,128GB,Som ny,Sølv,continue,8054.00
"Brugt iPad Pro 12.9"" 6. Gen (2022) WiFi",14671854993783,256GB / Rigtig god / Space Grey,53485903610231,AUTOSKU-0000004C,256GB,Rigtig god,Space Grey,continue,7694.00
"Brugt iPad Pro 12.9"" 6. Gen (2022) WiFi",14671854993783,256GB / Rigtig god / Sølv,53485903642999,AUTOSKU-0000004D,256GB,Rigtig god,Sølv,continue,7694.00
"Brugt iPad Pro 12.9"" 6. Gen (2022) WiFi",14671854993783,256GB / Som ny / Space Grey,53485903675767,AUTOSKU-0000004E,256GB,Som ny,Space Grey,continue,8324.00
"Brugt iPad Pro 12.9"" 6. Gen (2022) WiFi",14671854993783,256GB / Som ny / Sølv,53485903708535,AUTOSKU-0000004F,256GB,Som ny,Sølv,continue,8324.00
"Brugt iPad Pro 12.9"" 6. Gen (2022) WiFi",14671854993783,512GB / Rigtig god / Space Grey,53485903872375,AUTOSKU-0000004G,512GB,Rigtig god,Space Grey,continue,7964.00
"Brugt iPad Pro 12.9"" 6. Gen (2022) WiFi",14671854993783,512GB / Rigtig god / Sølv,53485903905143,AUTOSKU-0000004H,512GB,Rigtig god,Sølv,continue,7964.00
"Brugt iPad Pro 12.9"" 6. Gen (2022) WiFi",14671854993783,512GB / Som ny / Space Grey,53485903937911,AUTOSKU-0000004I,512GB,Som ny,Space Grey,continue,8594.00
"Brugt iPad Pro 12.9"" 6. Gen (2022) WiFi",14671854993783,512GB / Som ny / Sølv,53485903970679,AUTOSKU-0000004J,512GB,Som ny,Sølv,continue,8594.00
"Brugt iPad Pro 12.9"" 6. Gen (2022) WiFi",14671854993783,1TB / Rigtig god / Space Grey,53485904134519,AUTOSKU-0000004K,1TB,Rigtig god,Space Grey,continue,8774.00
"Brugt iPad Pro 12.9"" 6. Gen (2022) WiFi",14671854993783,1TB / Rigtig god / Sølv,53485904167287,AUTOSKU-0000004L,1TB,Rigtig god,Sølv,continue,8774.00
"Brugt iPad Pro 12.9"" 6. Gen (2022) WiFi",14671854993783,1TB / Som ny / Space Grey,53485904200055,AUTOSKU-0000004M,1TB,Som ny,Space Grey,continue,9404.00
"Brugt iPad Pro 12.9"" 6. Gen (2022) WiFi",14671854993783,1TB / Som ny / Sølv,53485904232823,AUTOSKU-0000004N,1TB,Som ny,Sølv,continue,9404.00
"Brugt iPad Pro 12.9"" 6. Gen (2022) WiFi",14671854993783,2TB / Rigtig god / Space Grey,53485904396663,AUTOSKU-0000004O,2TB,Rigtig god,Space Grey,continue,9584.00
"Brugt iPad Pro 12.9"" 6. Gen (2022) WiFi",14671854993783,2TB / Rigtig god / Sølv,53485904429431,AUTOSKU-0000004P,2TB,Rigtig god,Sølv,continue,9584.00
"Brugt iPad Pro 12.9"" 6. Gen (2022) WiFi",14671854993783,2TB / Som ny / Space Grey,53485904462199,AUTOSKU-0000004Q,2TB,Som ny,Space Grey,continue,10214.00
"Brugt iPad Pro 12.9"" 6. Gen (2022) WiFi",14671854993783,2TB / Som ny / Sølv,53485904494967,AUTOSKU-0000004R,2TB,Som ny,Sølv,continue,10214.00
"Brugt iPad Pro 9.7"" (2016) Cellular",14668697862519,32GB / Brugbar / Space Grey,53481182003575,c37c0f834070f1ef,32GB,Brugbar,Space Grey,continue,1995.00
"Brugt iPad Pro 9.7"" (2016) Cellular",14668697862519,32GB / Brugbar / Rosa Guld,53481182036343,9635c884f09a93d1,32GB,Brugbar,Rosa Guld,continue,1995.00
"Brugt iPad Pro 9.7"" (2016) Cellular",14668697862519,32GB / Brugbar / Guld,53481182069111,f3c6e090b3856ae8,32GB,Brugbar,Guld,continue,1995.00
"Brugt iPad Pro 9.7"" (2016) Cellular",14668697862519,32GB / Brugt / Space Grey,53481182101879,408c45677491ffbe,32GB,Brugt,Space Grey,continue,2195.00
"Brugt iPad Pro 9.7"" (2016) Cellular",14668697862519,32GB / Brugt / Rosa Guld,53481182134647,215cf2988b58cfcb,32GB,Brugt,Rosa Guld,continue,2195.00
"Brugt iPad Pro 9.7"" (2016) Cellular",14668697862519,32GB / Brugt / Guld,53481182167415,4d28da986969eb5c,32GB,Brugt,Guld,continue,2195.00
"Brugt iPad Pro 9.7"" (2016) Cellular",14668697862519,32GB / Rigtig god / Space Grey,53481182200183,38749e4a82269c8d,32GB,Rigtig god,Space Grey,continue,2495.00
"Brugt iPad Pro 9.7"" (2016) Cellular",14668697862519,32GB / Rigtig god / Rosa Guld,53481182232951,acac51588e25f501,32GB,Rigtig god,Rosa Guld,continue,2495.00
"Brugt iPad Pro 9.7"" (2016) Cellular",14668697862519,32GB / Rigtig god / Guld,53481182265719,d40b2fd9d89be5c1,32GB,Rigtig god,Guld,continue,2495.00
"Brugt iPad Pro 9.7"" (2016) Cellular",14668697862519,32GB / Som ny / Space Grey,53481182298487,a6dc28293def5790,32GB,Som ny,Space Grey,continue,2695.00
"Brugt iPad Pro 9.7"" (2016) Cellular",14668697862519,32GB / Som ny / Rosa Guld,53481182331255,c69033ea1e61c7d5,32GB,Som ny,Rosa Guld,continue,2695.00
"Brugt iPad Pro 9.7"" (2016) Cellular",14668697862519,32GB / Som ny / Guld,53481182364023,b29beae57fea9161,32GB,Som ny,Guld,continue,2695.00
"Brugt iPad Pro 9.7"" (2016) Cellular",14668697862519,128GB / Brugbar / Space Grey,53470962778487,3ed6895740988eb6,128GB,Brugbar,Space Grey,continue,2095.00
"Brugt iPad Pro 9.7"" (2016) Cellular",14668697862519,128GB / Brugbar / Rosa Guld,53470962811255,2075bd6cb9ba6fd8,128GB,Brugbar,Rosa Guld,continue,2095.00
"Brugt iPad Pro 9.7"" (2016) Cellular",14668697862519,128GB / Brugbar / Guld,53481182396791,7ddb877df95af3c3,128GB,Brugbar,Guld,continue,2095.00
"Brugt iPad Pro 9.7"" (2016) Cellular",14668697862519,128GB / Brugt / Space Grey,53470962844023,3331e62ef39f5f51,128GB,Brugt,Space Grey,continue,2395.00
"Brugt iPad Pro 9.7"" (2016) Cellular",14668697862519,128GB / Brugt / Rosa Guld,53470962876791,1b806c6f2a1aa424,128GB,Brugt,Rosa Guld,continue,2395.00
"Brugt iPad Pro 9.7"" (2016) Cellular",14668697862519,128GB / Brugt / Guld,53481182429559,b6e12d12a390ad44,128GB,Brugt,Guld,continue,2395.00
"Brugt iPad Pro 9.7"" (2016) Cellular",14668697862519,128GB / Rigtig god / Space Grey,53470962909559,0495043d02c9858a,128GB,Rigtig god,Space Grey,continue,2595.00
"Brugt iPad Pro 9.7"" (2016) Cellular",14668697862519,128GB / Rigtig god / Rosa Guld,53470962942327,097b1182c2bcc4cf,128GB,Rigtig god,Rosa Guld,continue,2595.00
"Brugt iPad Pro 9.7"" (2016) Cellular",14668697862519,128GB / Rigtig god / Guld,53481182462327,f5633ed2f83fedf5,128GB,Rigtig god,Guld,continue,2595.00
"Brugt iPad Pro 9.7"" (2016) Cellular",14668697862519,128GB / Som ny / Space Grey,53470962975095,a4e70eae0990b79b,128GB,Som ny,Space Grey,continue,2895.00
"Brugt iPad Pro 9.7"" (2016) Cellular",14668697862519,128GB / Som ny / Rosa Guld,53470963007863,7138828e82f6e5b2,128GB,Som ny,Rosa Guld,continue,2895.00
"Brugt iPad Pro 9.7"" (2016) Cellular",14668697862519,128GB / Som ny / Guld,53481182495095,2af8df559d746ea3,128GB,Som ny,Guld,continue,2895.00
"Brugt iPad Pro 9.7"" (2016) Cellular",14668697862519,256GB / Brugbar / Space Grey,53470963040631,377ea8eddbc30446,256GB,Brugbar,Space Grey,continue,2195.00
"Brugt iPad Pro 9.7"" (2016) Cellular",14668697862519,256GB / Brugbar / Rosa Guld,53470963073399,c53ded57a794a26c,256GB,Brugbar,Rosa Guld,continue,2195.00
"Brugt iPad Pro 9.7"" (2016) Cellular",14668697862519,256GB / Brugbar / Guld,53481182527863,d741698cbf366161,256GB,Brugbar,Guld,continue,2195.00
"Brugt iPad Pro 9.7"" (2016) Cellular",14668697862519,256GB / Brugt / Space Grey,53470963106167,eada2d7dedc175de,256GB,Brugt,Space Grey,continue,2595.00
"Brugt iPad Pro 9.7"" (2016) Cellular",14668697862519,256GB / Brugt / Rosa Guld,53470963138935,478b93c49769e9a7,256GB,Brugt,Rosa Guld,continue,2595.00
"Brugt iPad Pro 9.7"" (2016) Cellular",14668697862519,256GB / Brugt / Guld,53481182560631,dc74827e94109428,256GB,Brugt,Guld,continue,2595.00
"Brugt iPad Pro 9.7"" (2016) Cellular",14668697862519,256GB / Rigtig god / Space Grey,53470963171703,918d4b6e64f7938c,256GB,Rigtig god,Space Grey,continue,2795.00
"Brugt iPad Pro 9.7"" (2016) Cellular",14668697862519,256GB / Rigtig god / Rosa Guld,53470963204471,81317d17a4718849,256GB,Rigtig god,Rosa Guld,continue,2795.00
"Brugt iPad Pro 9.7"" (2016) Cellular",14668697862519,256GB / Rigtig god / Guld,53481182593399,354f4803c84cd792,256GB,Rigtig god,Guld,continue,2795.00
"Brugt iPad Pro 9.7"" (2016) Cellular",14668697862519,256GB / Som ny / Space Grey,53470963237239,d689d6218d7c56ea,256GB,Som ny,Space Grey,continue,3095.00
"Brugt iPad Pro 9.7"" (2016) Cellular",14668697862519,256GB / Som ny / Rosa Guld,53470963270007,5a2b57f6adce4eb5,256GB,Som ny,Rosa Guld,continue,3095.00
"Brugt iPad Pro 9.7"" (2016) Cellular",14668697862519,256GB / Som ny / Guld,53481182626167,dc3cd9242bc40fdb,256GB,Som ny,Guld,continue,3095.00
"Brugt iPad Pro 9.7"" (2016) WiFi",14668697600375,32GB / Brugbar / Space Grey,53470960910711,54,32GB,Brugbar,Space Grey,continue,1695.00
"Brugt iPad Pro 9.7"" (2016) WiFi",14668697600375,32GB / Brugbar / Guld,53470960943479,950,32GB,Brugbar,Guld,continue,1695.00
"Brugt iPad Pro 9.7"" (2016) WiFi",14668697600375,32GB / Brugbar / Rosa Guld,53481183248759,7,32GB,Brugbar,Rosa Guld,continue,1695.00
"Brugt iPad Pro 9.7"" (2016) WiFi",14668697600375,32GB / Brugt / Space Grey,53470960976247,0,32GB,Brugt,Space Grey,continue,1895.00
"Brugt iPad Pro 9.7"" (2016) WiFi",14668697600375,32GB / Brugt / Guld,53470961009015,88,32GB,Brugt,Guld,continue,1895.00
"Brugt iPad Pro 9.7"" (2016) WiFi",14668697600375,32GB / Brugt / Rosa Guld,53481183281527,AUTOSKU-0000004S,32GB,Brugt,Rosa Guld,continue,1895.00
"Brugt iPad Pro 9.7"" (2016) WiFi",14668697600375,32GB / Rigtig god / Space Grey,53470961041783,89,32GB,Rigtig god,Space Grey,continue,2195.00
"Brugt iPad Pro 9.7"" (2016) WiFi",14668697600375,32GB / Rigtig god / Guld,53470961074551,AUTOSKU-0000004T,32GB,Rigtig god,Guld,continue,2195.00
"Brugt iPad Pro 9.7"" (2016) WiFi",14668697600375,32GB / Rigtig god / Rosa Guld,53481183314295,9,32GB,Rigtig god,Rosa Guld,continue,2195.00
"Brugt iPad Pro 9.7"" (2016) WiFi",14668697600375,32GB / Som ny / Space Grey,53470961107319,99274,32GB,Som ny,Space Grey,continue,2395.00
"Brugt iPad Pro 9.7"" (2016) WiFi",14668697600375,32GB / Som ny / Guld,53470961140087,AUTOSKU-0000004U,32GB,Som ny,Guld,continue,2395.00
"Brugt iPad Pro 9.7"" (2016) WiFi",14668697600375,32GB / Som ny / Rosa Guld,53481183347063,2,32GB,Som ny,Rosa Guld,continue,2395.00
"Brugt iPad Pro 9.7"" (2016) WiFi",14668697600375,128GB / Brugbar / Space Grey,53470961172855,AUTOSKU-0000004V,128GB,Brugbar,Space Grey,continue,1795.00
"Brugt iPad Pro 9.7"" (2016) WiFi",14668697600375,128GB / Brugbar / Guld,53470961205623,AUTOSKU-0000004W,128GB,Brugbar,Guld,continue,1795.00
"Brugt iPad Pro 9.7"" (2016) WiFi",14668697600375,128GB / Brugbar / Rosa Guld,53481183379831,6,128GB,Brugbar,Rosa Guld,continue,1795.00
"Brugt iPad Pro 9.7"" (2016) WiFi",14668697600375,128GB / Brugt / Space Grey,53470961238391,AUTOSKU-0000004X,128GB,Brugt,Space Grey,continue,2095.00
"Brugt iPad Pro 9.7"" (2016) WiFi",14668697600375,128GB / Brugt / Guld,53470961271159,5,128GB,Brugt,Guld,continue,2095.00
"Brugt iPad Pro 9.7"" (2016) WiFi",14668697600375,128GB / Brugt / Rosa Guld,53481183412599,4,128GB,Brugt,Rosa Guld,continue,2095.00
"Brugt iPad Pro 9.7"" (2016) WiFi",14668697600375,128GB / Rigtig god / Space Grey,53470961303927,AUTOSKU-0000004Y,128GB,Rigtig god,Space Grey,continue,2295.00
"Brugt iPad Pro 9.7"" (2016) WiFi",14668697600375,128GB / Rigtig god / Guld,53470961336695,271563,128GB,Rigtig god,Guld,continue,2295.00
"Brugt iPad Pro 9.7"" (2016) WiFi",14668697600375,128GB / Rigtig god / Rosa Guld,53481183445367,AUTOSKU-0000004Z,128GB,Rigtig god,Rosa Guld,continue,2295.00
"Brugt iPad Pro 9.7"" (2016) WiFi",14668697600375,128GB / Som ny / Space Grey,53470961369463,AUTOSKU-00000050,128GB,Som ny,Space Grey,continue,2595.00
"Brugt iPad Pro 9.7"" (2016) WiFi",14668697600375,128GB / Som ny / Guld,53470961402231,AUTOSKU-00000051,128GB,Som ny,Guld,continue,2595.00
"Brugt iPad Pro 9.7"" (2016) WiFi",14668697600375,128GB / Som ny / Rosa Guld,53481183478135,AUTOSKU-00000052,128GB,Som ny,Rosa Guld,continue,2595.00
"Brugt iPad Pro 9.7"" (2016) WiFi",14668697600375,256GB / Brugbar / Space Grey,53470961434999,AUTOSKU-00000053,256GB,Brugbar,Space Grey,continue,1895.00
"Brugt iPad Pro 9.7"" (2016) WiFi",14668697600375,256GB / Brugbar / Guld,53470961467767,AUTOSKU-00000054,256GB,Brugbar,Guld,continue,1895.00
"Brugt iPad Pro 9.7"" (2016) WiFi",14668697600375,256GB / Brugbar / Rosa Guld,53481183510903,422,256GB,Brugbar,Rosa Guld,continue,1895.00
"Brugt iPad Pro 9.7"" (2016) WiFi",14668697600375,256GB / Brugt / Space Grey,53470961500535,3553,256GB,Brugt,Space Grey,continue,2295.00
"Brugt iPad Pro 9.7"" (2016) WiFi",14668697600375,256GB / Brugt / Guld,53470961533303,AUTOSKU-00000055,256GB,Brugt,Guld,continue,2295.00
"Brugt iPad Pro 9.7"" (2016) WiFi",14668697600375,256GB / Brugt / Rosa Guld,53481183543671,AUTOSKU-00000056,256GB,Brugt,Rosa Guld,continue,2295.00
"Brugt iPad Pro 9.7"" (2016) WiFi",14668697600375,256GB / Rigtig god / Space Grey,53470961566071,AUTOSKU-00000057,256GB,Rigtig god,Space Grey,continue,2495.00
"Brugt iPad Pro 9.7"" (2016) WiFi",14668697600375,256GB / Rigtig god / Guld,53470961598839,9453,256GB,Rigtig god,Guld,continue,2495.00
"Brugt iPad Pro 9.7"" (2016) WiFi",14668697600375,256GB / Rigtig god / Rosa Guld,53481183576439,AUTOSKU-00000058,256GB,Rigtig god,Rosa Guld,continue,2495.00
"Brugt iPad Pro 9.7"" (2016) WiFi",14668697600375,256GB / Som ny / Space Grey,53470961631607,AUTOSKU-00000059,256GB,Som ny,Space Grey,continue,2795.00
"Brugt iPad Pro 9.7"" (2016) WiFi",14668697600375,256GB / Som ny / Guld,53470961664375,13,256GB,Som ny,Guld,continue,2795.00
"Brugt iPad Pro 9.7"" (2016) WiFi",14668697600375,256GB / Som ny / Rosa Guld,53481183609207,836262,256GB,Som ny,Rosa Guld,continue,2795.00
Brugt iPhone 11,8191178735752,Grøn / Brugbar / 64GB,42544216473736,f99b2518146d88eee1,Grøn,Brugbar,64GB,continue,1249.00
Brugt iPhone 11,8191178735752,Grøn / Brugbar / 128GB,42590095736968,9979a9d39f4cbee98a,Grøn,Brugbar,128GB,continue,1649.00
Brugt iPhone 11,8191178735752,Grøn / Brugbar / 256GB,42544216506504,1c13c4822462ab8ebd,Grøn,Brugbar,256GB,continue,1749.00
Brugt iPhone 11,8191178735752,Grøn / Brugt / 64GB,42544216539272,7ffcc5c4af7a17fe3c,Grøn,Brugt,64GB,continue,1349.00
Brugt iPhone 11,8191178735752,Grøn / Brugt / 128GB,42590095769736,9d32ba881d1acac204,Grøn,Brugt,128GB,continue,1749.00
Brugt iPhone 11,8191178735752,Grøn / Brugt / 256GB,42544216572040,0501eef0127ccf4d90,Grøn,Brugt,256GB,continue,1949.00
Brugt iPhone 11,8191178735752,Grøn / Rigtig god / 64GB,42544216604808,afb75598497168f2b8,Grøn,Rigtig god,64GB,continue,1449.00
Brugt iPhone 11,8191178735752,Grøn / Rigtig god / 128GB,42590095802504,f1dd1dc15e68f7e28d,Grøn,Rigtig god,128GB,continue,1849.00
Brugt iPhone 11,8191178735752,Grøn / Rigtig god / 256GB,42544216637576,fad356b4c8ff707145,Grøn,Rigtig god,256GB,continue,2149.00
Brugt iPhone 11,8191178735752,Grøn / Som ny / 64GB,42544216670344,dcfb9b3dca5c8ee253,Grøn,Som ny,64GB,continue,1549.00
Brugt iPhone 11,8191178735752,Grøn / Som ny / 128GB,42590095835272,c2e30b921fbf3af28a,Grøn,Som ny,128GB,continue,1949.00
Brugt iPhone 11,8191178735752,Grøn / Som ny / 256GB,42544216703112,5c515e6a16c2ace167,Grøn,Som ny,256GB,continue,2249.00
Brugt iPhone 11,8191178735752,Gul / Brugbar / 64GB,42544216735880,bf4dc1eeada9f98bc7,Gul,Brugbar,64GB,continue,1249.00
Brugt iPhone 11,8191178735752,Gul / Brugbar / 128GB,42590095868040,a5113fc0419b33a99d,Gul,Brugbar,128GB,continue,1649.00
Brugt iPhone 11,8191178735752,Gul / Brugbar / 256GB,42544216768648,b758065d40426c67d1,Gul,Brugbar,256GB,continue,1749.00
Brugt iPhone 11,8191178735752,Gul / Brugt / 64GB,42544216801416,9be40a868c8026107d,Gul,Brugt,64GB,continue,1349.00
Brugt iPhone 11,8191178735752,Gul / Brugt / 128GB,42590095900808,cf9eaaaaa004567882,Gul,Brugt,128GB,continue,1749.00
Brugt iPhone 11,8191178735752,Gul / Brugt / 256GB,42544216834184,cc712c944e72d54349,Gul,Brugt,256GB,continue,1949.00
Brugt iPhone 11,8191178735752,Gul / Rigtig god / 64GB,42544216866952,9418ac86ac4e62dc3c,Gul,Rigtig god,64GB,continue,1449.00
Brugt iPhone 11,8191178735752,Gul / Rigtig god / 128GB,42590095933576,ea2e84339ce86b8b1a,Gul,Rigtig god,128GB,continue,1849.00
Brugt iPhone 11,8191178735752,Gul / Rigtig god / 256GB,42544216899720,4d268d57f6d6099206,Gul,Rigtig god,256GB,continue,2149.00
Brugt iPhone 11,8191178735752,Gul / Som ny / 64GB,42544216932488,537c76270e69619475,Gul,Som ny,64GB,continue,1549.00
Brugt iPhone 11,8191178735752,Gul / Som ny / 128GB,42590095966344,7c3d6b99071d5de7cf,Gul,Som ny,128GB,continue,1949.00
Brugt iPhone 11,8191178735752,Gul / Som ny / 256GB,42544216965256,29713f2978adb71d26,Gul,Som ny,256GB,continue,2249.00
Brugt iPhone 11,8191178735752,Hvid / Brugbar / 64GB,42544216998024,1258acce1daf2c9517,Hvid,Brugbar,64GB,continue,1249.00
Brugt iPhone 11,8191178735752,Hvid / Brugbar / 128GB,42590095999112,ef226b7ca50b617f5b,Hvid,Brugbar,128GB,continue,1649.00
Brugt iPhone 11,8191178735752,Hvid / Brugbar / 256GB,42544217030792,5fafd1646228c53fed,Hvid,Brugbar,256GB,continue,1749.00
Brugt iPhone 11,8191178735752,Hvid / Brugt / 64GB,42544217063560,e3c2e226b67a2da8f3,Hvid,Brugt,64GB,continue,1349.00
Brugt iPhone 11,8191178735752,Hvid / Brugt / 128GB,42590096031880,93d41b1395a6c18e92,Hvid,Brugt,128GB,continue,1749.00
Brugt iPhone 11,8191178735752,Hvid / Brugt / 256GB,42544217096328,16644c5fe97854f187,Hvid,Brugt,256GB,continue,1949.00
Brugt iPhone 11,8191178735752,Hvid / Rigtig god / 64GB,42544217129096,ace4a10b908381c25b,Hvid,Rigtig god,64GB,continue,1449.00
Brugt iPhone 11,8191178735752,Hvid / Rigtig god / 128GB,42590096064648,d4bd278a9d98296796,Hvid,Rigtig god,128GB,continue,1849.00
Brugt iPhone 11,8191178735752,Hvid / Rigtig god / 256GB,42544217161864,d5ed0e98de4e6267a7,Hvid,Rigtig god,256GB,continue,2149.00
Brugt iPhone 11,8191178735752,Hvid / Som ny / 64GB,42544217194632,dc64bd1fed6ccaf30c,Hvid,Som ny,64GB,continue,1549.00
Brugt iPhone 11,8191178735752,Hvid / Som ny / 128GB,42590096097416,783f959e92b638c140,Hvid,Som ny,128GB,continue,1949.00
Brugt iPhone 11,8191178735752,Hvid / Som ny / 256GB,42544217227400,d66cac3d6ada1d0248,Hvid,Som ny,256GB,continue,2249.00
Brugt iPhone 11,8191178735752,Rød / Brugbar / 64GB,42544217260168,b14d1f5b27ebdbc5cf,Rød,Brugbar,64GB,continue,1249.00
Brugt iPhone 11,8191178735752,Rød / Brugbar / 128GB,42590096130184,3e7cc74e06894d8b80,Rød,Brugbar,128GB,continue,1649.00
Brugt iPhone 11,8191178735752,Rød / Brugbar / 256GB,42544217292936,3444d95bab11fa53c7,Rød,Brugbar,256GB,continue,1749.00
Brugt iPhone 11,8191178735752,Rød / Brugt / 64GB,42544217325704,378ccd04aaf08437cb,Rød,Brugt,64GB,continue,1349.00
Brugt iPhone 11,8191178735752,Rød / Brugt / 128GB,42590096162952,ae6c85011af6343157,Rød,Brugt,128GB,continue,1749.00
Brugt iPhone 11,8191178735752,Rød / Brugt / 256GB,42544217358472,484ebb08d09fe758cf,Rød,Brugt,256GB,continue,1949.00
Brugt iPhone 11,8191178735752,Rød / Rigtig god / 64GB,42544217391240,f2c2a38ab5437dfcc2,Rød,Rigtig god,64GB,continue,1449.00
Brugt iPhone 11,8191178735752,Rød / Rigtig god / 128GB,42590096195720,058707cf989d278ecc,Rød,Rigtig god,128GB,continue,1849.00
Brugt iPhone 11,8191178735752,Rød / Rigtig god / 256GB,42544217424008,8165a90ded4e920336,Rød,Rigtig god,256GB,continue,2149.00
Brugt iPhone 11,8191178735752,Rød / Som ny / 64GB,42544217456776,bd46d4ddd77c4670c6,Rød,Som ny,64GB,continue,1549.00
Brugt iPhone 11,8191178735752,Rød / Som ny / 128GB,42590096228488,2e16e60197acdef5eb,Rød,Som ny,128GB,continue,1949.00
Brugt iPhone 11,8191178735752,Rød / Som ny / 256GB,42544217489544,b20ebfa7e846f28a10,Rød,Som ny,256GB,continue,2249.00
Brugt iPhone 11,8191178735752,Sort / Brugbar / 64GB,42544217522312,165f57588bbe1e5de9,Sort,Brugbar,64GB,continue,1249.00
Brugt iPhone 11,8191178735752,Sort / Brugbar / 128GB,42590096261256,add48a5a442ee0a73f,Sort,Brugbar,128GB,continue,1649.00
Brugt iPhone 11,8191178735752,Sort / Brugbar / 256GB,42544217555080,462af21f2468604ee6,Sort,Brugbar,256GB,continue,1749.00
Brugt iPhone 11,8191178735752,Sort / Brugt / 64GB,42544217587848,03d46b1e7a8efe45ed,Sort,Brugt,64GB,continue,1349.00
Brugt iPhone 11,8191178735752,Sort / Brugt / 128GB,42590096294024,9bd1d8079d613ecbef,Sort,Brugt,128GB,continue,1749.00
Brugt iPhone 11,8191178735752,Sort / Brugt / 256GB,42544217620616,dd316a4f53911fd850,Sort,Brugt,256GB,continue,1949.00
Brugt iPhone 11,8191178735752,Sort / Rigtig god / 64GB,42544217653384,b9b288cf84f3d4a8e1,Sort,Rigtig god,64GB,continue,1449.00
Brugt iPhone 11,8191178735752,Sort / Rigtig god / 128GB,42590096326792,6c1915af08c3fd0058,Sort,Rigtig god,128GB,continue,1849.00
Brugt iPhone 11,8191178735752,Sort / Rigtig god / 256GB,42544217686152,96c27331f2afc60473,Sort,Rigtig god,256GB,continue,2149.00
Brugt iPhone 11,8191178735752,Sort / Som ny / 64GB,42544217718920,a46abdd98030cc7c54,Sort,Som ny,64GB,continue,1549.00
Brugt iPhone 11,8191178735752,Sort / Som ny / 128GB,42590096359560,be2c8242a25ec705ab,Sort,Som ny,128GB,continue,1949.00
Brugt iPhone 11,8191178735752,Sort / Som ny / 256GB,42544217751688,087765f63278bdd407,Sort,Som ny,256GB,continue,2249.00
Brugt iPhone 11,8191178735752,Violet / Brugbar / 64GB,42544217784456,fbc8201b5845f817cf,Violet,Brugbar,64GB,continue,1249.00
Brugt iPhone 11,8191178735752,Violet / Brugbar / 128GB,42590096392328,1189637f41e55952b2,Violet,Brugbar,128GB,continue,1649.00
Brugt iPhone 11,8191178735752,Violet / Brugbar / 256GB,42544217817224,d22f4c0ef98b0fa216,Violet,Brugbar,256GB,continue,1749.00
Brugt iPhone 11,8191178735752,Violet / Brugt / 64GB,42544217849992,76db4e1988f014a855,Violet,Brugt,64GB,continue,1349.00
Brugt iPhone 11,8191178735752,Violet / Brugt / 128GB,42590096425096,4ba42f69fbcb0ee05d,Violet,Brugt,128GB,continue,1749.00
Brugt iPhone 11,8191178735752,Violet / Brugt / 256GB,42544217882760,ce2ae6e649a09a0b47,Violet,Brugt,256GB,continue,1949.00
Brugt iPhone 11,8191178735752,Violet / Rigtig god / 64GB,42544217915528,9f69640cfac18c623d,Violet,Rigtig god,64GB,continue,1449.00
Brugt iPhone 11,8191178735752,Violet / Rigtig god / 128GB,42590096457864,40031de0a46ec5767b,Violet,Rigtig god,128GB,continue,1849.00
Brugt iPhone 11,8191178735752,Violet / Rigtig god / 256GB,42544217948296,2fc93d824c92199856,Violet,Rigtig god,256GB,continue,2149.00
Brugt iPhone 11,8191178735752,Violet / Som ny / 64GB,42544217981064,bae99cb1e0de0d39e1,Violet,Som ny,64GB,continue,1549.00
Brugt iPhone 11,8191178735752,Violet / Som ny / 128GB,42590096490632,e62da0a7cec664917d,Violet,Som ny,128GB,continue,1949.00
Brugt iPhone 11,8191178735752,Violet / Som ny / 256GB,42544218013832,46d97fb7f35d3b1411,Violet,Som ny,256GB,continue,2249.00
Brugt iPhone 11 Pro,8191142592648,Space grey / Brugbar / 64GB,42544090644616,1db27338bfffe8c9b9,Space grey,Brugbar,64GB,continue,1449.00
Brugt iPhone 11 Pro,8191142592648,Space grey / Brugbar / 256GB,42544090677384,36506ea095990ed68d,Space grey,Brugbar,256GB,continue,1749.00
Brugt iPhone 11 Pro,8191142592648,Space grey / Brugbar / 512GB,42544090710152,8627aff505a8964fb1,Space grey,Brugbar,512GB,continue,2049.00
Brugt iPhone 11 Pro,8191142592648,Space grey / Brugt / 64GB,42544090742920,34a2381f892d0d94ed,Space grey,Brugt,64GB,continue,1549.00
Brugt iPhone 11 Pro,8191142592648,Space grey / Brugt / 256GB,42544090775688,a923c1a8c597b38c02,Space grey,Brugt,256GB,continue,1849.00
Brugt iPhone 11 Pro,8191142592648,Space grey / Brugt / 512GB,42544090808456,94ab842e3b8c49d475,Space grey,Brugt,512GB,continue,2149.00
Brugt iPhone 11 Pro,8191142592648,Space grey / Rigtig god / 64GB,42544090841224,a81ef6a7b0f0d12e76,Space grey,Rigtig god,64GB,continue,1749.00
Brugt iPhone 11 Pro,8191142592648,Space grey / Rigtig god / 256GB,42544090873992,c97dd6046729b99a11,Space grey,Rigtig god,256GB,continue,2049.00
Brugt iPhone 11 Pro,8191142592648,Space grey / Rigtig god / 512GB,42544090906760,6d415d6f1fc3f7cb4c,Space grey,Rigtig god,512GB,continue,2349.00
Brugt iPhone 11 Pro,8191142592648,Space grey / Som ny / 64GB,42544090939528,066e846b333e16342d,Space grey,Som ny,64GB,continue,1949.00
Brugt iPhone 11 Pro,8191142592648,Space grey / Som ny / 256GB,42544090972296,fcc64df0f590102fc8,Space grey,Som ny,256GB,continue,2349.00
Brugt iPhone 11 Pro,8191142592648,Space grey / Som ny / 512GB,42544091005064,98735f4c89974a0b27,Space grey,Som ny,512GB,continue,2649.00
Brugt iPhone 11 Pro,8191142592648,Guld / Brugbar / 64GB,42544091037832,a5db2ffc462c276035,Guld,Brugbar,64GB,continue,1449.00
Brugt iPhone 11 Pro,8191142592648,Guld / Brugbar / 256GB,42544091070600,b2fda97cc8a9b9afda,Guld,Brugbar,256GB,continue,1749.00
Brugt iPhone 11 Pro,8191142592648,Guld / Brugbar / 512GB,42544091103368,95fc4188fcecc62369,Guld,Brugbar,512GB,continue,2049.00
Brugt iPhone 11 Pro,8191142592648,Guld / Brugt / 64GB,42544091136136,64e9d880723c431b9c,Guld,Brugt,64GB,continue,1549.00
Brugt iPhone 11 Pro,8191142592648,Guld / Brugt / 256GB,42544091168904,6662160e8708a8aced,Guld,Brugt,256GB,continue,1849.00
Brugt iPhone 11 Pro,8191142592648,Guld / Brugt / 512GB,42544091201672,f2efceca1d5408bbd7,Guld,Brugt,512GB,continue,2149.00
Brugt iPhone 11 Pro,8191142592648,Guld / Rigtig god / 64GB,42544091234440,b198c0d2a15d45c880,Guld,Rigtig god,64GB,continue,1749.00
Brugt iPhone 11 Pro,8191142592648,Guld / Rigtig god / 256GB,42544091267208,4e7a6776d89a84f8bd,Guld,Rigtig god,256GB,continue,2049.00
Brugt iPhone 11 Pro,8191142592648,Guld / Rigtig god / 512GB,42544091299976,ae17b1a3c630c2a986,Guld,Rigtig god,512GB,continue,2349.00
Brugt iPhone 11 Pro,8191142592648,Guld / Som ny / 64GB,42544091332744,0d3ca4dee97ddb81b8,Guld,Som ny,64GB,continue,1949.00
Brugt iPhone 11 Pro,8191142592648,Guld / Som ny / 256GB,42544091365512,482a78e812e3f022f2,Guld,Som ny,256GB,continue,2349.00
Brugt iPhone 11 Pro,8191142592648,Guld / Som ny / 512GB,42544091398280,6f17d3ab4df7905564,Guld,Som ny,512GB,continue,2649.00
Brugt iPhone 11 Pro,8191142592648,Sølv / Brugbar / 64GB,42544091431048,868df24d82462c0aaf,Sølv,Brugbar,64GB,continue,1449.00
Brugt iPhone 11 Pro,8191142592648,Sølv / Brugbar / 256GB,42544091463816,0c30cbd97d9e9f5b48,Sølv,Brugbar,256GB,continue,1749.00
Brugt iPhone 11 Pro,8191142592648,Sølv / Brugbar / 512GB,42544091496584,b6d07f8a072d9a6c21,Sølv,Brugbar,512GB,continue,2049.00
Brugt iPhone 11 Pro,8191142592648,Sølv / Brugt / 64GB,42544091529352,4a2ecb0dd8f193afd8,Sølv,Brugt,64GB,continue,1549.00
Brugt iPhone 11 Pro,8191142592648,Sølv / Brugt / 256GB,42544091562120,f5e0b628aca923ec67,Sølv,Brugt,256GB,continue,1849.00
Brugt iPhone 11 Pro,8191142592648,Sølv / Brugt / 512GB,42544091594888,fd6279a92df85f2f17,Sølv,Brugt,512GB,continue,2149.00
Brugt iPhone 11 Pro,8191142592648,Sølv / Rigtig god / 64GB,42544091627656,7df0dadde7169d1884,Sølv,Rigtig god,64GB,continue,1749.00
Brugt iPhone 11 Pro,8191142592648,Sølv / Rigtig god / 256GB,42544091660424,9d6a5c148cc8a22634,Sølv,Rigtig god,256GB,continue,2049.00
Brugt iPhone 11 Pro,8191142592648,Sølv / Rigtig god / 512GB,42544091693192,0885cf60986e5f1a93,Sølv,Rigtig god,512GB,continue,2349.00
Brugt iPhone 11 Pro,8191142592648,Sølv / Som ny / 64GB,42544091725960,c3ee229a208de4dc7f,Sølv,Som ny,64GB,continue,1949.00
Brugt iPhone 11 Pro,8191142592648,Sølv / Som ny / 256GB,42544091758728,1d23493c8c5eeb6bd1,Sølv,Som ny,256GB,continue,2349.00
Brugt iPhone 11 Pro,8191142592648,Sølv / Som ny / 512GB,42544091791496,27f469b92959613a8f,Sølv,Som ny,512GB,continue,2649.00
Brugt iPhone 11 Pro,8191142592648,Midnatsgrøn / Brugbar / 64GB,42544091824264,6811273ca025b2e9c1,Midnatsgrøn,Brugbar,64GB,continue,1449.00
Brugt iPhone 11 Pro,8191142592648,Midnatsgrøn / Brugbar / 256GB,42544091857032,5e7849128a9abf1982,Midnatsgrøn,Brugbar,256GB,continue,1749.00
Brugt iPhone 11 Pro,8191142592648,Midnatsgrøn / Brugbar / 512GB,42544091889800,3e90b9a21d2b10e7ac,Midnatsgrøn,Brugbar,512GB,continue,2049.00
Brugt iPhone 11 Pro,8191142592648,Midnatsgrøn / Brugt / 64GB,42544091922568,36f5b9ebbabd7ca0a0,Midnatsgrøn,Brugt,64GB,continue,1549.00
Brugt iPhone 11 Pro,8191142592648,Midnatsgrøn / Brugt / 256GB,42544091955336,4aae1b3a7e2280713a,Midnatsgrøn,Brugt,256GB,continue,1849.00
Brugt iPhone 11 Pro,8191142592648,Midnatsgrøn / Brugt / 512GB,42544091988104,77f12b76aea3d323c2,Midnatsgrøn,Brugt,512GB,continue,2149.00
Brugt iPhone 11 Pro,8191142592648,Midnatsgrøn / Rigtig god / 64GB,42544092020872,84ea3f4652e4b8647c,Midnatsgrøn,Rigtig god,64GB,continue,1749.00
Brugt iPhone 11 Pro,8191142592648,Midnatsgrøn / Rigtig god / 256GB,42544092053640,ec7a6ed46e7a1a3d71,Midnatsgrøn,Rigtig god,256GB,continue,2049.00
Brugt iPhone 11 Pro,8191142592648,Midnatsgrøn / Rigtig god / 512GB,42544092086408,cc5d1158297aa66d62,Midnatsgrøn,Rigtig god,512GB,continue,2349.00
Brugt iPhone 11 Pro,8191142592648,Midnatsgrøn / Som ny / 64GB,42544092119176,94ba69a164f9867779,Midnatsgrøn,Som ny,64GB,continue,1949.00
Brugt iPhone 11 Pro,8191142592648,Midnatsgrøn / Som ny / 256GB,42544092151944,232302063639131677,Midnatsgrøn,Som ny,256GB,continue,2349.00
Brugt iPhone 11 Pro,8191142592648,Midnatsgrøn / Som ny / 512GB,42544092184712,9d6a2279238ee3f869,Midnatsgrøn,Som ny,512GB,continue,2649.00
Brugt iPhone 11 Pro Max,8191142690952,Space grey / Brugbar / 64GB,42544092381320,afde9a612d0e6e7398,Space grey,Brugbar,64GB,continue,1849.00
Brugt iPhone 11 Pro Max,8191142690952,Space grey / Brugbar / 256GB,42544092414088,3b3d150133a1d50db5,Space grey,Brugbar,256GB,continue,2049.00
Brugt iPhone 11 Pro Max,8191142690952,Space grey / Brugbar / 512GB,42544092446856,1ac6183bad32f85bdd,Space grey,Brugbar,512GB,continue,2249.00
Brugt iPhone 11 Pro Max,8191142690952,Space grey / Brugt / 64GB,42544092479624,e0948be03fdfdc47df,Space grey,Brugt,64GB,continue,2049.00
Brugt iPhone 11 Pro Max,8191142690952,Space grey / Brugt / 256GB,42544092512392,5523d9e5d20ddbffa4,Space grey,Brugt,256GB,continue,2249.00
Brugt iPhone 11 Pro Max,8191142690952,Space grey / Brugt / 512GB,42544092545160,2988f3d6512785f973,Space grey,Brugt,512GB,continue,2449.00
Brugt iPhone 11 Pro Max,8191142690952,Space grey / Rigtig god / 64GB,42544092577928,49672de65b772fe5d3,Space grey,Rigtig god,64GB,continue,2249.00
Brugt iPhone 11 Pro Max,8191142690952,Space grey / Rigtig god / 256GB,42544092610696,519739bae8428d1d5e,Space grey,Rigtig god,256GB,continue,2649.00
Brugt iPhone 11 Pro Max,8191142690952,Space grey / Rigtig god / 512GB,42544092643464,7cc8130f459138c866,Space grey,Rigtig god,512GB,continue,2649.00
Brugt iPhone 11 Pro Max,8191142690952,Space grey / Som ny / 64GB,42544092676232,b80b6ba1a5c1b6b464,Space grey,Som ny,64GB,continue,2449.00
Brugt iPhone 11 Pro Max,8191142690952,Space grey / Som ny / 256GB,42544092709000,848affac55191a0257,Space grey,Som ny,256GB,continue,2649.00
Brugt iPhone 11 Pro Max,8191142690952,Space grey / Som ny / 512GB,42544092741768,79037c425d8a59e64c,Space grey,Som ny,512GB,continue,2849.00
Brugt iPhone 11 Pro Max,8191142690952,Guld / Brugbar / 64GB,42544092774536,b8d0a39abc0fa2d2b3,Guld,Brugbar,64GB,continue,1849.00
Brugt iPhone 11 Pro Max,8191142690952,Guld / Brugbar / 256GB,42544092807304,92336100e5e78c219c,Guld,Brugbar,256GB,continue,2049.00
Brugt iPhone 11 Pro Max,8191142690952,Guld / Brugbar / 512GB,42544092840072,a2420afa394b2cb40c,Guld,Brugbar,512GB,continue,2249.00
Brugt iPhone 11 Pro Max,8191142690952,Guld / Brugt / 64GB,42544092872840,98f0942b67afecc7c9,Guld,Brugt,64GB,continue,2049.00
Brugt iPhone 11 Pro Max,8191142690952,Guld / Brugt / 256GB,42544092905608,905b5eb38ad219a3ab,Guld,Brugt,256GB,continue,2249.00
Brugt iPhone 11 Pro Max,8191142690952,Guld / Brugt / 512GB,42544092938376,496d9bd017f40a3f97,Guld,Brugt,512GB,continue,2449.00
Brugt iPhone 11 Pro Max,8191142690952,Guld / Rigtig god / 64GB,42544092971144,3b5422f252a97fdbe9,Guld,Rigtig god,64GB,continue,2249.00
Brugt iPhone 11 Pro Max,8191142690952,Guld / Rigtig god / 256GB,42544093003912,db0b95394421ca60cd,Guld,Rigtig god,256GB,continue,2649.00
Brugt iPhone 11 Pro Max,8191142690952,Guld / Rigtig god / 512GB,42544093036680,2af863188e2543167f,Guld,Rigtig god,512GB,continue,2649.00
Brugt iPhone 11 Pro Max,8191142690952,Guld / Som ny / 64GB,42544093069448,d6c5d7838afbdfa070,Guld,Som ny,64GB,continue,2449.00
Brugt iPhone 11 Pro Max,8191142690952,Guld / Som ny / 256GB,42544093102216,7b6e3f1c5a3742f5ca,Guld,Som ny,256GB,continue,2649.00
Brugt iPhone 11 Pro Max,8191142690952,Guld / Som ny / 512GB,42544093134984,99b66a7b20b755184f,Guld,Som ny,512GB,continue,2849.00
Brugt iPhone 11 Pro Max,8191142690952,Sølv / Brugbar / 64GB,42544093167752,56f3e8315be37cbbc3,Sølv,Brugbar,64GB,continue,1849.00
Brugt iPhone 11 Pro Max,8191142690952,Sølv / Brugbar / 256GB,42544093200520,78fa7f758fdc09c7f8,Sølv,Brugbar,256GB,continue,2049.00
Brugt iPhone 11 Pro Max,8191142690952,Sølv / Brugbar / 512GB,42544093233288,8f47d0467b8b3f00bb,Sølv,Brugbar,512GB,continue,2249.00
Brugt iPhone 11 Pro Max,8191142690952,Sølv / Brugt / 64GB,42544093266056,77b65e3c7f98d7ed20,Sølv,Brugt,64GB,continue,2049.00
Brugt iPhone 11 Pro Max,8191142690952,Sølv / Brugt / 256GB,42544093298824,dd847fb9db7c451015,Sølv,Brugt,256GB,continue,2249.00
Brugt iPhone 11 Pro Max,8191142690952,Sølv / Brugt / 512GB,42544093331592,f4db064735dbffe520,Sølv,Brugt,512GB,continue,2449.00
Brugt iPhone 11 Pro Max,8191142690952,Sølv / Rigtig god / 64GB,42544093364360,a17d25398c3d0d2cf1,Sølv,Rigtig god,64GB,continue,2249.00
Brugt iPhone 11 Pro Max,8191142690952,Sølv / Rigtig god / 256GB,42544093397128,ae369e42a5e5ba0a77,Sølv,Rigtig god,256GB,continue,2649.00
Brugt iPhone 11 Pro Max,8191142690952,Sølv / Rigtig god / 512GB,42544093429896,926138e3f49bedb837,Sølv,Rigtig god,512GB,continue,2649.00
Brugt iPhone 11 Pro Max,8191142690952,Sølv / Som ny / 64GB,42544093462664,59c78a638d172ee163,Sølv,Som ny,64GB,continue,2449.00
Brugt iPhone 11 Pro Max,8191142690952,Sølv / Som ny / 256GB,42544093495432,7418ffd4dec9614773,Sølv,Som ny,256GB,continue,2649.00
Brugt iPhone 11 Pro Max,8191142690952,Sølv / Som ny / 512GB,42544093528200,495f1edc0ee1650642,Sølv,Som ny,512GB,continue,2849.00
Brugt iPhone 11 Pro Max,8191142690952,Midnatsgrøn / Brugbar / 64GB,42544093560968,2a03960d7203c87032,Midnatsgrøn,Brugbar,64GB,continue,1849.00
Brugt iPhone 11 Pro Max,8191142690952,Midnatsgrøn / Brugbar / 256GB,42544093593736,037b2237975db62322,Midnatsgrøn,Brugbar,256GB,continue,2049.00
Brugt iPhone 11 Pro Max,8191142690952,Midnatsgrøn / Brugbar / 512GB,42544093626504,0b5cfc8757dde7924f,Midnatsgrøn,Brugbar,512GB,continue,2249.00
Brugt iPhone 11 Pro Max,8191142690952,Midnatsgrøn / Brugt / 64GB,42544093659272,7e82b3ca8add196838,Midnatsgrøn,Brugt,64GB,continue,2049.00
Brugt iPhone 11 Pro Max,8191142690952,Midnatsgrøn / Brugt / 256GB,42544093692040,7499ee6cf19229a039,Midnatsgrøn,Brugt,256GB,continue,2249.00
Brugt iPhone 11 Pro Max,8191142690952,Midnatsgrøn / Brugt / 512GB,42544093724808,bb0003e17f1d3c7342,Midnatsgrøn,Brugt,512GB,continue,2449.00
Brugt iPhone 11 Pro Max,8191142690952,Midnatsgrøn / Rigtig god / 64GB,42544093757576,a2cb19db22fc838d46,Midnatsgrøn,Rigtig god,64GB,continue,2249.00
Brugt iPhone 11 Pro Max,8191142690952,Midnatsgrøn / Rigtig god / 256GB,42544093790344,b20f7339eb7ffd178c,Midnatsgrøn,Rigtig god,256GB,continue,2649.00
Brugt iPhone 11 Pro Max,8191142690952,Midnatsgrøn / Rigtig god / 512GB,42544093823112,253dff7ccb2b9cdde1,Midnatsgrøn,Rigtig god,512GB,continue,2649.00
Brugt iPhone 11 Pro Max,8191142690952,Midnatsgrøn / Som ny / 64GB,42544093855880,b5ad34e8b6e0319232,Midnatsgrøn,Som ny,64GB,continue,2449.00
Brugt iPhone 11 Pro Max,8191142690952,Midnatsgrøn / Som ny / 256GB,42544093888648,a1c96416da40ab73ba,Midnatsgrøn,Som ny,256GB,continue,2649.00
Brugt iPhone 11 Pro Max,8191142690952,Midnatsgrøn / Som ny / 512GB,42544093921416,e1c8cc5a6e0cdbb0d7,Midnatsgrøn,Som ny,512GB,continue,2849.00
Brugt iPhone 12,8191142822024,Blå / Brugbar / 64GB,42544094347400,75a8b39dc5c9291268,Blå,Brugbar,64GB,continue,1649.00
Brugt iPhone 12,8191142822024,Blå / Brugbar / 128GB,42544094380168,cd94ce66b29aafa503,Blå,Brugbar,128GB,continue,1849.00
Brugt iPhone 12,8191142822024,Blå / Brugbar / 256GB,42544094412936,d86c9c47cb89682bb8,Blå,Brugbar,256GB,continue,2149.00
Brugt iPhone 12,8191142822024,Blå / Brugt / 64GB,42544094445704,8a8490ffc5929f9468,Blå,Brugt,64GB,continue,1949.00
Brugt iPhone 12,8191142822024,Blå / Brugt / 128GB,42544094478472,6b1a55a0e1cbaec100,Blå,Brugt,128GB,continue,1949.00
Brugt iPhone 12,8191142822024,Blå / Brugt / 256GB,42544094511240,20e09e932306bc9033,Blå,Brugt,256GB,continue,2249.00
Brugt iPhone 12,8191142822024,Blå / Rigtig god / 64GB,42544094544008,6a78a4b868cfc2b584,Blå,Rigtig god,64GB,continue,1949.00
Brugt iPhone 12,8191142822024,Blå / Rigtig god / 128GB,42544094576776,16ba7dfdc65996bf6f,Blå,Rigtig god,128GB,continue,2149.00
Brugt iPhone 12,8191142822024,Blå / Rigtig god / 256GB,42544094609544,76dffc6e72142837f8,Blå,Rigtig god,256GB,continue,2449.00
Brugt iPhone 12,8191142822024,Blå / Som ny / 64GB,42544094642312,5ef7ef199c0de64128,Blå,Som ny,64GB,continue,2149.00
Brugt iPhone 12,8191142822024,Blå / Som ny / 128GB,42544094675080,e3a6f947862288e358,Blå,Som ny,128GB,continue,2349.00
Brugt iPhone 12,8191142822024,Blå / Som ny / 256GB,42544094707848,36ad059842fded1d78,Blå,Som ny,256GB,continue,2849.00
Brugt iPhone 12,8191142822024,Grøn / Brugbar / 64GB,42544094740616,e14283cfe471c9ed4d,Grøn,Brugbar,64GB,continue,1649.00
Brugt iPhone 12,8191142822024,Grøn / Brugbar / 128GB,42544094773384,a165ad56699a9955ba,Grøn,Brugbar,128GB,continue,1849.00
Brugt iPhone 12,8191142822024,Grøn / Brugbar / 256GB,42544094806152,f43422722d6d7bddc6,Grøn,Brugbar,256GB,continue,2149.00
Brugt iPhone 12,8191142822024,Grøn / Brugt / 64GB,42544094838920,b1dacb032446d156a4,Grøn,Brugt,64GB,continue,1949.00
Brugt iPhone 12,8191142822024,Grøn / Brugt / 128GB,42544094871688,d9dcb16385e54b7432,Grøn,Brugt,128GB,continue,1949.00
Brugt iPhone 12,8191142822024,Grøn / Brugt / 256GB,42544094904456,cf0d6c54311ce89aad,Grøn,Brugt,256GB,continue,2249.00
Brugt iPhone 12,8191142822024,Grøn / Rigtig god / 64GB,42544094937224,6c94bc6bfabccafb5e,Grøn,Rigtig god,64GB,continue,1949.00
Brugt iPhone 12,8191142822024,Grøn / Rigtig god / 128GB,42544094969992,568ca1f207318fce81,Grøn,Rigtig god,128GB,continue,2149.00
Brugt iPhone 12,8191142822024,Grøn / Rigtig god / 256GB,42544095002760,fd94f68c16b229aa31,Grøn,Rigtig god,256GB,continue,2449.00
Brugt iPhone 12,8191142822024,Grøn / Som ny / 64GB,42544095035528,9c9182505725537fdb,Grøn,Som ny,64GB,continue,2149.00
Brugt iPhone 12,8191142822024,Grøn / Som ny / 128GB,42544095068296,6bf18f9b18725ae279,Grøn,Som ny,128GB,continue,2349.00
Brugt iPhone 12,8191142822024,Grøn / Som ny / 256GB,42544095101064,b0eb435f7ad9e498e1,Grøn,Som ny,256GB,continue,2849.00
Brugt iPhone 12,8191142822024,Hvid / Brugbar / 64GB,42544095133832,65507ef01b49ce9ae8,Hvid,Brugbar,64GB,continue,1649.00
Brugt iPhone 12,8191142822024,Hvid / Brugbar / 128GB,42544095166600,da5ff1c1e6d281a599,Hvid,Brugbar,128GB,continue,1849.00
Brugt iPhone 12,8191142822024,Hvid / Brugbar / 256GB,42544095199368,34add3a494df050fef,Hvid,Brugbar,256GB,continue,2149.00
Brugt iPhone 12,8191142822024,Hvid / Brugt / 64GB,42544095232136,2115fc1f543ca2dcee,Hvid,Brugt,64GB,continue,1949.00
Brugt iPhone 12,8191142822024,Hvid / Brugt / 128GB,42544200646792,760f1b3ff436e1475e,Hvid,Brugt,128GB,continue,1949.00
Brugt iPhone 12,8191142822024,Hvid / Brugt / 256GB,42544200679560,09639d00eaef3cf13b,Hvid,Brugt,256GB,continue,2249.00
Brugt iPhone 12,8191142822024,Hvid / Rigtig god / 64GB,42544200712328,17c06a639c11d00213,Hvid,Rigtig god,64GB,continue,1949.00
Brugt iPhone 12,8191142822024,Hvid / Rigtig god / 128GB,42544200745096,228c3aa03d959c33eb,Hvid,Rigtig god,128GB,continue,2149.00
Brugt iPhone 12,8191142822024,Hvid / Rigtig god / 256GB,42544200777864,611b454c899d3c3ee0,Hvid,Rigtig god,256GB,continue,2449.00
Brugt iPhone 12,8191142822024,Hvid / Som ny / 64GB,42544200810632,22c4b0b837006ccb7b,Hvid,Som ny,64GB,continue,2149.00
Brugt iPhone 12,8191142822024,Hvid / Som ny / 128GB,42544200843400,93c22b92828a8244cb,Hvid,Som ny,128GB,continue,2349.00
Brugt iPhone 12,8191142822024,Hvid / Som ny / 256GB,42544200876168,95086493f6bb3bf80f,Hvid,Som ny,256GB,continue,2849.00
Brugt iPhone 12,8191142822024,Lilla / Brugbar / 64GB,42544200908936,8aacedbdfe1558dcbd,Lilla,Brugbar,64GB,continue,1649.00
Brugt iPhone 12,8191142822024,Lilla / Brugbar / 128GB,42544200941704,46e8d03ed1d19dfa26,Lilla,Brugbar,128GB,continue,1849.00
Brugt iPhone 12,8191142822024,Lilla / Brugbar / 256GB,42544200974472,813fa02a119240f361,Lilla,Brugbar,256GB,continue,2149.00
Brugt iPhone 12,8191142822024,Lilla / Brugt / 64GB,42544201007240,202da6295e43a22088,Lilla,Brugt,64GB,continue,1949.00
Brugt iPhone 12,8191142822024,Lilla / Brugt / 128GB,42544201040008,d256ca0c6abbdaebaa,Lilla,Brugt,128GB,continue,1949.00
Brugt iPhone 12,8191142822024,Lilla / Brugt / 256GB,42544201072776,a558cbcb7dd2963153,Lilla,Brugt,256GB,continue,2249.00
Brugt iPhone 12,8191142822024,Lilla / Rigtig god / 64GB,42544201105544,b846e764abad4a6591,Lilla,Rigtig god,64GB,continue,1949.00
Brugt iPhone 12,8191142822024,Lilla / Rigtig god / 128GB,42544201138312,3d09f89e6f7ff5bdd2,Lilla,Rigtig god,128GB,continue,2149.00
Brugt iPhone 12,8191142822024,Lilla / Rigtig god / 256GB,42544201171080,8191b2b3883b31d80d,Lilla,Rigtig god,256GB,continue,2449.00
Brugt iPhone 12,8191142822024,Lilla / Som ny / 64GB,42544201203848,8e2dd6e7d00d620388,Lilla,Som ny,64GB,continue,2149.00
Brugt iPhone 12,8191142822024,Lilla / Som ny / 128GB,42544201236616,dcbbab9e2bb6b7e746,Lilla,Som ny,128GB,continue,2349.00
Brugt iPhone 12,8191142822024,Lilla / Som ny / 256GB,42544201269384,a4e348e0af884e0a22,Lilla,Som ny,256GB,continue,2849.00
Brugt iPhone 12,8191142822024,Rød / Brugbar / 64GB,42544201302152,7bde1513b63270080e,Rød,Brugbar,64GB,continue,1649.00
Brugt iPhone 12,8191142822024,Rød / Brugbar / 128GB,42544201334920,f99f5ea51ef32e67b8,Rød,Brugbar,128GB,continue,1849.00
Brugt iPhone 12,8191142822024,Rød / Brugbar / 256GB,42544201367688,9f5109ec7a8cec72cc,Rød,Brugbar,256GB,continue,2149.00
Brugt iPhone 12,8191142822024,Rød / Brugt / 64GB,42544201400456,80f15760cb443dab10,Rød,Brugt,64GB,continue,1949.00
Brugt iPhone 12,8191142822024,Rød / Brugt / 128GB,42544201433224,42504a15a99c00897b,Rød,Brugt,128GB,continue,1949.00
Brugt iPhone 12,8191142822024,Rød / Brugt / 256GB,42544201465992,3610283df32f1e6a13,Rød,Brugt,256GB,continue,2249.00
Brugt iPhone 12,8191142822024,Rød / Rigtig god / 64GB,42544201498760,75d4872055fc50371c,Rød,Rigtig god,64GB,continue,1949.00
Brugt iPhone 12,8191142822024,Rød / Rigtig god / 128GB,42544201531528,2d875ec1a597eb3b79,Rød,Rigtig god,128GB,continue,2149.00
Brugt iPhone 12,8191142822024,Rød / Rigtig god / 256GB,42544201564296,dfbacab1a1239d6db7,Rød,Rigtig god,256GB,continue,2449.00
Brugt iPhone 12,8191142822024,Rød / Som ny / 64GB,42544201597064,f81ec474b8a29818b2,Rød,Som ny,64GB,continue,2149.00
Brugt iPhone 12,8191142822024,Rød / Som ny / 128GB,42544201629832,4a37f596d8ea90199f,Rød,Som ny,128GB,continue,2349.00
Brugt iPhone 12,8191142822024,Rød / Som ny / 256GB,42544201662600,53fce34f82fd052267,Rød,Som ny,256GB,continue,2849.00
Brugt iPhone 12,8191142822024,Sort / Brugbar / 64GB,42544201695368,fbd2876da395d8f996,Sort,Brugbar,64GB,continue,1649.00
Brugt iPhone 12,8191142822024,Sort / Brugbar / 128GB,42544201728136,b94d8e414806542bff,Sort,Brugbar,128GB,continue,1849.00
Brugt iPhone 12,8191142822024,Sort / Brugbar / 256GB,42544201760904,f5ed6ea8aef27edca0,Sort,Brugbar,256GB,continue,2149.00
Brugt iPhone 12,8191142822024,Sort / Brugt / 64GB,42544201793672,74d5baa8f7e1a050ee,Sort,Brugt,64GB,continue,1949.00
Brugt iPhone 12,8191142822024,Sort / Brugt / 128GB,42544201826440,ebe9313eac02e4022b,Sort,Brugt,128GB,continue,1949.00
Brugt iPhone 12,8191142822024,Sort / Brugt / 256GB,42544201859208,4773df4ec7997d03fc,Sort,Brugt,256GB,continue,2249.00
Brugt iPhone 12,8191142822024,Sort / Rigtig god / 64GB,42544201891976,2e172639bc196a6994,Sort,Rigtig god,64GB,continue,1949.00
Brugt iPhone 12,8191142822024,Sort / Rigtig god / 128GB,42544201924744,dfc61ae0954b7d71f1,Sort,Rigtig god,128GB,continue,2149.00
Brugt iPhone 12,8191142822024,Sort / Rigtig god / 256GB,42544201957512,30630911e84c35e3ab,Sort,Rigtig god,256GB,continue,2449.00
Brugt iPhone 12,8191142822024,Sort / Som ny / 64GB,42544201990280,0bde614de6dd410428,Sort,Som ny,64GB,continue,2149.00
Brugt iPhone 12,8191142822024,Sort / Som ny / 128GB,42544202023048,1e25f2ae1fe9e8e4af,Sort,Som ny,128GB,continue,2349.00
Brugt iPhone 12,8191142822024,Sort / Som ny / 256GB,42544202055816,0d16a7ed6e5a290490,Sort,Som ny,256GB,continue,2849.00
Brugt iPhone 12 Mini,8191143116936,Blå / Brugbar / 64GB,42544095592584,d2f6406a3addb51408,Blå,Brugbar,64GB,continue,1449.00
Brugt iPhone 12 Mini,8191143116936,Blå / Brugbar / 128GB,42544095625352,471d63d8de2bf746a9,Blå,Brugbar,128GB,continue,1649.00
Brugt iPhone 12 Mini,8191143116936,Blå / Brugbar / 256GB,42544095658120,d10b86e7a3d5cdb737,Blå,Brugbar,256GB,continue,1849.00
Brugt iPhone 12 Mini,8191143116936,Blå / Brugt / 64GB,42544095690888,03a8313dde0de819c3,Blå,Brugt,64GB,continue,1549.00
Brugt iPhone 12 Mini,8191143116936,Blå / Brugt / 128GB,42544095723656,217b9919000d33bf9f,Blå,Brugt,128GB,continue,1749.00
Brugt iPhone 12 Mini,8191143116936,Blå / Brugt / 256GB,42544095756424,7de3b82dd0c818f31b,Blå,Brugt,256GB,continue,1949.00
Brugt iPhone 12 Mini,8191143116936,Blå / Rigtig god / 64GB,42544095789192,9f084dbfbb68df03a1,Blå,Rigtig god,64GB,continue,1649.00
Brugt iPhone 12 Mini,8191143116936,Blå / Rigtig god / 128GB,42544095821960,fe293f792079d67e4e,Blå,Rigtig god,128GB,continue,1949.00
Brugt iPhone 12 Mini,8191143116936,Blå / Rigtig god / 256GB,42544095854728,251dcb834b2e8fa48f,Blå,Rigtig god,256GB,continue,2149.00
Brugt iPhone 12 Mini,8191143116936,Blå / Som ny / 64GB,42544095887496,e5892a6d14c3359443,Blå,Som ny,64GB,continue,1849.00
Brugt iPhone 12 Mini,8191143116936,Blå / Som ny / 128GB,42544095920264,e5e55baa4429eee4a3,Blå,Som ny,128GB,continue,2049.00
Brugt iPhone 12 Mini,8191143116936,Blå / Som ny / 256GB,42544095953032,9214475ccab479165d,Blå,Som ny,256GB,continue,2349.00
Brugt iPhone 12 Mini,8191143116936,Grøn / Brugbar / 64GB,42544095985800,d9f93b10f5692f3742,Grøn,Brugbar,64GB,continue,1449.00
Brugt iPhone 12 Mini,8191143116936,Grøn / Brugbar / 128GB,42544096018568,b5be4d65f253875f33,Grøn,Brugbar,128GB,continue,1649.00
Brugt iPhone 12 Mini,8191143116936,Grøn / Brugbar / 256GB,42544096051336,60b2d4f12fb01d400a,Grøn,Brugbar,256GB,continue,1849.00
Brugt iPhone 12 Mini,8191143116936,Grøn / Brugt / 64GB,42544096084104,7d1e0dd7a177a37940,Grøn,Brugt,64GB,continue,1549.00
Brugt iPhone 12 Mini,8191143116936,Grøn / Brugt / 128GB,42544203169928,869bec849bddc1d18d,Grøn,Brugt,128GB,continue,1749.00
Brugt iPhone 12 Mini,8191143116936,Grøn / Brugt / 256GB,42544203202696,d332872199d92e5303,Grøn,Brugt,256GB,continue,1949.00
Brugt iPhone 12 Mini,8191143116936,Grøn / Rigtig god / 64GB,42544203235464,a713fd3962d74cbe8d,Grøn,Rigtig god,64GB,continue,1649.00
Brugt iPhone 12 Mini,8191143116936,Grøn / Rigtig god / 128GB,42544203268232,93498a614308a548ec,Grøn,Rigtig god,128GB,continue,1949.00
Brugt iPhone 12 Mini,8191143116936,Grøn / Rigtig god / 256GB,42544203301000,d1e907d475ef9a0949,Grøn,Rigtig god,256GB,continue,2149.00
Brugt iPhone 12 Mini,8191143116936,Grøn / Som ny / 64GB,42544203333768,50b602685568bfbd48,Grøn,Som ny,64GB,continue,1849.00
Brugt iPhone 12 Mini,8191143116936,Grøn / Som ny / 128GB,42544203366536,549a1fb2e47a31fc3c,Grøn,Som ny,128GB,continue,2049.00
Brugt iPhone 12 Mini,8191143116936,Grøn / Som ny / 256GB,42544203399304,bcde05bacaf9d0d497,Grøn,Som ny,256GB,continue,2349.00
Brugt iPhone 12 Mini,8191143116936,Hvid / Brugbar / 64GB,42544203432072,a4fc732938d99fb387,Hvid,Brugbar,64GB,continue,1449.00
Brugt iPhone 12 Mini,8191143116936,Hvid / Brugbar / 128GB,42544203464840,71d7f0a1fb25ffdf09,Hvid,Brugbar,128GB,continue,1649.00
Brugt iPhone 12 Mini,8191143116936,Hvid / Brugbar / 256GB,42544203497608,b332b77603adacb072,Hvid,Brugbar,256GB,continue,1849.00
Brugt iPhone 12 Mini,8191143116936,Hvid / Brugt / 64GB,42544203530376,780778b88777dd05a6,Hvid,Brugt,64GB,continue,1549.00
Brugt iPhone 12 Mini,8191143116936,Hvid / Brugt / 128GB,42544203563144,89419d03ca564582f3,Hvid,Brugt,128GB,continue,1749.00
Brugt iPhone 12 Mini,8191143116936,Hvid / Brugt / 256GB,42544203595912,7390f9c4094f1f9131,Hvid,Brugt,256GB,continue,1949.00
Brugt iPhone 12 Mini,8191143116936,Hvid / Rigtig god / 64GB,42544203628680,deb7124c364e76d9f4,Hvid,Rigtig god,64GB,continue,1649.00
Brugt iPhone 12 Mini,8191143116936,Hvid / Rigtig god / 128GB,42544203661448,7648db91b92aaa1468,Hvid,Rigtig god,128GB,continue,1949.00
Brugt iPhone 12 Mini,8191143116936,Hvid / Rigtig god / 256GB,42544203694216,8b89924cbf58d1d41c,Hvid,Rigtig god,256GB,continue,2149.00
Brugt iPhone 12 Mini,8191143116936,Hvid / Som ny / 64GB,42544203726984,69c5043a481455a3b2,Hvid,Som ny,64GB,continue,1849.00
Brugt iPhone 12 Mini,8191143116936,Hvid / Som ny / 128GB,42544203759752,3953e23ddd39227ab8,Hvid,Som ny,128GB,continue,2049.00
Brugt iPhone 12 Mini,8191143116936,Hvid / Som ny / 256GB,42544203792520,d647908e35d584faf9,Hvid,Som ny,256GB,continue,2349.00
Brugt iPhone 12 Mini,8191143116936,Lilla / Brugbar / 64GB,42544203825288,129733984a4d1f17ad,Lilla,Brugbar,64GB,continue,1449.00
Brugt iPhone 12 Mini,8191143116936,Lilla / Brugbar / 128GB,42544203858056,2514d5f2b19ec44c93,Lilla,Brugbar,128GB,continue,1649.00
Brugt iPhone 12 Mini,8191143116936,Lilla / Brugbar / 256GB,42544203890824,e3389326b74111705d,Lilla,Brugbar,256GB,continue,1849.00
Brugt iPhone 12 Mini,8191143116936,Lilla / Brugt / 64GB,42544203923592,b4dcbf708d9d3f103b,Lilla,Brugt,64GB,continue,1549.00
Brugt iPhone 12 Mini,8191143116936,Lilla / Brugt / 128GB,42544203956360,788aeda901acaec68d,Lilla,Brugt,128GB,continue,1749.00
Brugt iPhone 12 Mini,8191143116936,Lilla / Brugt / 256GB,42544203989128,efd8d506e6ed8df716,Lilla,Brugt,256GB,continue,1949.00
Brugt iPhone 12 Mini,8191143116936,Lilla / Rigtig god / 64GB,42544204021896,10c5f0b2b1b766cd6b,Lilla,Rigtig god,64GB,continue,1649.00
Brugt iPhone 12 Mini,8191143116936,Lilla / Rigtig god / 128GB,42544204054664,1db013f5964a443e59,Lilla,Rigtig god,128GB,continue,1949.00
Brugt iPhone 12 Mini,8191143116936,Lilla / Rigtig god / 256GB,42544204087432,ebf46f2e06f6f84f2a,Lilla,Rigtig god,256GB,continue,2149.00
Brugt iPhone 12 Mini,8191143116936,Lilla / Som ny / 64GB,42544204120200,3c090bd81446957ad7,Lilla,Som ny,64GB,continue,1849.00
Brugt iPhone 12 Mini,8191143116936,Lilla / Som ny / 128GB,42544204152968,5ce357711f094f045a,Lilla,Som ny,128GB,continue,2049.00
Brugt iPhone 12 Mini,8191143116936,Lilla / Som ny / 256GB,42544204185736,804acb416c337f1730,Lilla,Som ny,256GB,continue,2349.00
Brugt iPhone 12 Mini,8191143116936,Rød / Brugbar / 64GB,42544204218504,41dfa0b2a060a43af0,Rød,Brugbar,64GB,continue,1449.00
Brugt iPhone 12 Mini,8191143116936,Rød / Brugbar / 128GB,42544204251272,1eff6c41a0182079d4,Rød,Brugbar,128GB,continue,1649.00
Brugt iPhone 12 Mini,8191143116936,Rød / Brugbar / 256GB,42544204284040,e4ba018a158749b761,Rød,Brugbar,256GB,continue,1849.00
Brugt iPhone 12 Mini,8191143116936,Rød / Brugt / 64GB,42544204316808,3b86324175f67bb0f9,Rød,Brugt,64GB,continue,1549.00
Brugt iPhone 12 Mini,8191143116936,Rød / Brugt / 128GB,42544204349576,740cf872314c3ee74c,Rød,Brugt,128GB,continue,1749.00
Brugt iPhone 12 Mini,8191143116936,Rød / Brugt / 256GB,42544204382344,84d424f06c07f0b2a7,Rød,Brugt,256GB,continue,1949.00
Brugt iPhone 12 Mini,8191143116936,Rød / Rigtig god / 64GB,42544204415112,c0384d8794d351dc42,Rød,Rigtig god,64GB,continue,1649.00
Brugt iPhone 12 Mini,8191143116936,Rød / Rigtig god / 128GB,42544204447880,3b1b832b55a26fb7ea,Rød,Rigtig god,128GB,continue,1949.00
Brugt iPhone 12 Mini,8191143116936,Rød / Rigtig god / 256GB,42544204480648,a73fbf558a7a6ae231,Rød,Rigtig god,256GB,continue,2149.00
Brugt iPhone 12 Mini,8191143116936,Rød / Som ny / 64GB,42544204513416,56ce5701436c2bc928,Rød,Som ny,64GB,continue,1849.00
Brugt iPhone 12 Mini,8191143116936,Rød / Som ny / 128GB,42544204546184,63ccc9de35432cf2ba,Rød,Som ny,128GB,continue,2049.00
Brugt iPhone 12 Mini,8191143116936,Rød / Som ny / 256GB,42544204578952,557f7ebbe107f609d5,Rød,Som ny,256GB,continue,2349.00
Brugt iPhone 12 Mini,8191143116936,Sort / Brugbar / 64GB,42544204611720,10a9e1835b56dcafd9,Sort,Brugbar,64GB,continue,1449.00
Brugt iPhone 12 Mini,8191143116936,Sort / Brugbar / 128GB,42544204644488,835f3b25823c9e320d,Sort,Brugbar,128GB,continue,1649.00
Brugt iPhone 12 Mini,8191143116936,Sort / Brugbar / 256GB,42544204677256,f6c44c0afdd2a56447,Sort,Brugbar,256GB,continue,1849.00
Brugt iPhone 12 Mini,8191143116936,Sort / Brugt / 64GB,42544204710024,23783cac8202fcd1aa,Sort,Brugt,64GB,continue,1549.00
Brugt iPhone 12 Mini,8191143116936,Sort / Brugt / 128GB,42544204742792,d9088a62bb25484abe,Sort,Brugt,128GB,continue,1749.00
Brugt iPhone 12 Mini,8191143116936,Sort / Brugt / 256GB,42544204775560,c7ddd74fbdcee26442,Sort,Brugt,256GB,continue,1949.00
Brugt iPhone 12 Mini,8191143116936,Sort / Rigtig god / 64GB,42544204808328,7559586760a7e50d51,Sort,Rigtig god,64GB,continue,1649.00
Brugt iPhone 12 Mini,8191143116936,Sort / Rigtig god / 128GB,42544204841096,8021339a250e8df9d0,Sort,Rigtig god,128GB,continue,1949.00
Brugt iPhone 12 Mini,8191143116936,Sort / Rigtig god / 256GB,42544204873864,0af5852072633445f3,Sort,Rigtig god,256GB,continue,2149.00
Brugt iPhone 12 Mini,8191143116936,Sort / Som ny / 64GB,42544204906632,bcf4764e1f9cd77b07,Sort,Som ny,64GB,continue,1849.00
Brugt iPhone 12 Mini,8191143116936,Sort / Som ny / 128GB,42544204939400,37633e5acd40722ada,Sort,Som ny,128GB,continue,2049.00
Brugt iPhone 12 Mini,8191143116936,Sort / Som ny / 256GB,42544204972168,ef3916794f7d275f9b,Sort,Som ny,256GB,continue,2349.00
Brugt iPhone 12 Pro,8191143739528,Grafitgrå / Brugbar / 128GB,42544098410632,8eb4bf8fb80253d632,Grafitgrå,Brugbar,128GB,continue,2249.00
Brugt iPhone 12 Pro,8191143739528,Grafitgrå / Brugbar / 256GB,42544098443400,62a0ba9d46ffb5c8ef,Grafitgrå,Brugbar,256GB,continue,2349.00
Brugt iPhone 12 Pro,8191143739528,Grafitgrå / Brugbar / 512GB,42544098476168,5ebbbc1ea991561102,Grafitgrå,Brugbar,512GB,continue,2549.00
Brugt iPhone 12 Pro,8191143739528,Grafitgrå / Brugt / 128GB,42544098508936,9c1d09f05ad6b9be0c,Grafitgrå,Brugt,128GB,continue,2349.00
Brugt iPhone 12 Pro,8191143739528,Grafitgrå / Brugt / 256GB,42544098541704,9fb0c878372358267b,Grafitgrå,Brugt,256GB,continue,2449.00
Brugt iPhone 12 Pro,8191143739528,Grafitgrå / Brugt / 512GB,42544098574472,8e8241e7ad2cea03a7,Grafitgrå,Brugt,512GB,continue,2649.00
Brugt iPhone 12 Pro,8191143739528,Grafitgrå / Rigtig god / 128GB,42544098607240,9d2a9d97ae82bac51b,Grafitgrå,Rigtig god,128GB,continue,2449.00
Brugt iPhone 12 Pro,8191143739528,Grafitgrå / Rigtig god / 256GB,42544098640008,6efc297b7be14ef0fb,Grafitgrå,Rigtig god,256GB,continue,2549.00
Brugt iPhone 12 Pro,8191143739528,Grafitgrå / Rigtig god / 512GB,42544098672776,14ccc374cba5304ded,Grafitgrå,Rigtig god,512GB,continue,2749.00
Brugt iPhone 12 Pro,8191143739528,Grafitgrå / Som ny / 128GB,42544098705544,3e8fbc8a6eb158df4a,Grafitgrå,Som ny,128GB,continue,2749.00
Brugt iPhone 12 Pro,8191143739528,Grafitgrå / Som ny / 256GB,42544098738312,2d763e76d601fa1677,Grafitgrå,Som ny,256GB,continue,2949.00
Brugt iPhone 12 Pro,8191143739528,Grafitgrå / Som ny / 512GB,42544098771080,c87bcd91b41f08def6,Grafitgrå,Som ny,512GB,continue,3149.00
Brugt iPhone 12 Pro,8191143739528,Guld / Brugbar / 128GB,42544098803848,9887876ef3426fba9c,Guld,Brugbar,128GB,continue,2249.00
Brugt iPhone 12 Pro,8191143739528,Guld / Brugbar / 256GB,42544098869384,6585de35f80a91d1c3,Guld,Brugbar,256GB,continue,2349.00
Brugt iPhone 12 Pro,8191143739528,Guld / Brugbar / 512GB,42544098902152,48f0b8b3f9eb80dcba,Guld,Brugbar,512GB,continue,2549.00
Brugt iPhone 12 Pro,8191143739528,Guld / Brugt / 128GB,42544098934920,f4e4d7dddb7b48a6a7,Guld,Brugt,128GB,continue,2349.00
Brugt iPhone 12 Pro,8191143739528,Guld / Brugt / 256GB,42544098967688,6e9e8344cf4c221247,Guld,Brugt,256GB,continue,2449.00
Brugt iPhone 12 Pro,8191143739528,Guld / Brugt / 512GB,42544099000456,3886b608aa9e3cc0bb,Guld,Brugt,512GB,continue,2649.00
Brugt iPhone 12 Pro,8191143739528,Guld / Rigtig god / 128GB,42544099033224,35e404dcff8649744c,Guld,Rigtig god,128GB,continue,2449.00
Brugt iPhone 12 Pro,8191143739528,Guld / Rigtig god / 256GB,42544099065992,3c1309ff338586d98a,Guld,Rigtig god,256GB,continue,2549.00
Brugt iPhone 12 Pro,8191143739528,Guld / Rigtig god / 512GB,42544099098760,386cf08f865106ba32,Guld,Rigtig god,512GB,continue,2749.00
Brugt iPhone 12 Pro,8191143739528,Guld / Som ny / 128GB,42544099131528,822c84123265cb7808,Guld,Som ny,128GB,continue,2749.00
Brugt iPhone 12 Pro,8191143739528,Guld / Som ny / 256GB,42544099164296,0dacbaa0d5244af880,Guld,Som ny,256GB,continue,2949.00
Brugt iPhone 12 Pro,8191143739528,Guld / Som ny / 512GB,42544099197064,e718b199cadb06bc5a,Guld,Som ny,512GB,continue,3149.00
Brugt iPhone 12 Pro,8191143739528,Sølv / Brugbar / 128GB,42544099229832,7d00f732e662056370,Sølv,Brugbar,128GB,continue,2249.00
Brugt iPhone 12 Pro,8191143739528,Sølv / Brugbar / 256GB,42544099262600,8a5be38bf9ca3d7e3a,Sølv,Brugbar,256GB,continue,2349.00
Brugt iPhone 12 Pro,8191143739528,Sølv / Brugbar / 512GB,42544099295368,3415ba56b44abbc0c5,Sølv,Brugbar,512GB,continue,2549.00
Brugt iPhone 12 Pro,8191143739528,Sølv / Brugt / 128GB,42544099328136,c588f918abdff932fb,Sølv,Brugt,128GB,continue,2349.00
Brugt iPhone 12 Pro,8191143739528,Sølv / Brugt / 256GB,42544099360904,118de40f338c386d1e,Sølv,Brugt,256GB,continue,2449.00
Brugt iPhone 12 Pro,8191143739528,Sølv / Brugt / 512GB,42544099393672,3e8d2ac0ffd09db98c,Sølv,Brugt,512GB,continue,2649.00
Brugt iPhone 12 Pro,8191143739528,Sølv / Rigtig god / 128GB,42544099426440,a7c8254ecda77d7881,Sølv,Rigtig god,128GB,continue,2449.00
Brugt iPhone 12 Pro,8191143739528,Sølv / Rigtig god / 256GB,42544099459208,397c8c55dc7887ba7c,Sølv,Rigtig god,256GB,continue,2549.00
Brugt iPhone 12 Pro,8191143739528,Sølv / Rigtig god / 512GB,42544099491976,fde820b1a23c18ea1a,Sølv,Rigtig god,512GB,continue,2749.00
Brugt iPhone 12 Pro,8191143739528,Sølv / Som ny / 128GB,42544099524744,9484a68f89ce97f35a,Sølv,Som ny,128GB,continue,2749.00
Brugt iPhone 12 Pro,8191143739528,Sølv / Som ny / 256GB,42544099557512,be5c6eedaa75f8f06a,Sølv,Som ny,256GB,continue,2949.00
Brugt iPhone 12 Pro,8191143739528,Sølv / Som ny / 512GB,42544099590280,1c83c54aee009690d7,Sølv,Som ny,512GB,continue,3149.00
Brugt iPhone 12 Pro,8191143739528,Stillehavsblå / Brugbar / 128GB,42544099623048,2644b84f418865902f,Stillehavsblå,Brugbar,128GB,continue,2249.00
Brugt iPhone 12 Pro,8191143739528,Stillehavsblå / Brugbar / 256GB,42544099655816,d2b8f59ed7dd5751bf,Stillehavsblå,Brugbar,256GB,continue,2349.00
Brugt iPhone 12 Pro,8191143739528,Stillehavsblå / Brugbar / 512GB,42544099688584,222459558baa0af7cf,Stillehavsblå,Brugbar,512GB,continue,2549.00
Brugt iPhone 12 Pro,8191143739528,Stillehavsblå / Brugt / 128GB,42544099721352,c6e1b8c898573e3f0a,Stillehavsblå,Brugt,128GB,continue,2349.00
Brugt iPhone 12 Pro,8191143739528,Stillehavsblå / Brugt / 256GB,42544099754120,95e51635b90e53ccb6,Stillehavsblå,Brugt,256GB,continue,2449.00
Brugt iPhone 12 Pro,8191143739528,Stillehavsblå / Brugt / 512GB,42544099786888,3ee3391feb2ddf3fe2,Stillehavsblå,Brugt,512GB,continue,2649.00
Brugt iPhone 12 Pro,8191143739528,Stillehavsblå / Rigtig god / 128GB,42544099819656,4e658f18007ce17da8,Stillehavsblå,Rigtig god,128GB,continue,2449.00
Brugt iPhone 12 Pro,8191143739528,Stillehavsblå / Rigtig god / 256GB,42544099852424,609af7bafcc125a307,Stillehavsblå,Rigtig god,256GB,continue,2549.00
Brugt iPhone 12 Pro,8191143739528,Stillehavsblå / Rigtig god / 512GB,42544099885192,c4f1471e0f6d4d5f43,Stillehavsblå,Rigtig god,512GB,continue,2749.00
Brugt iPhone 12 Pro,8191143739528,Stillehavsblå / Som ny / 128GB,42544099917960,a66be142fad3a95077,Stillehavsblå,Som ny,128GB,continue,2749.00
Brugt iPhone 12 Pro,8191143739528,Stillehavsblå / Som ny / 256GB,42544099950728,30fc2af9eb2775f1b7,Stillehavsblå,Som ny,256GB,continue,2949.00
Brugt iPhone 12 Pro,8191143739528,Stillehavsblå / Som ny / 512GB,42544099983496,cecb9524897dbba439,Stillehavsblå,Som ny,512GB,continue,3149.00
Brugt iPhone 12 Pro Max,8191143772296,Grafitgrå / Brugbar / 128GB,42544100016264,f6e22462fbdd7eba9f,Grafitgrå,Brugbar,128GB,continue,2549.00
Brugt iPhone 12 Pro Max,8191143772296,Grafitgrå / Brugbar / 256GB,42544100049032,b6b15329d48e2e2116,Grafitgrå,Brugbar,256GB,continue,2749.00
Brugt iPhone 12 Pro Max,8191143772296,Grafitgrå / Brugbar / 512GB,42544100081800,0636bd3024ce692b15,Grafitgrå,Brugbar,512GB,continue,3149.00
Brugt iPhone 12 Pro Max,8191143772296,Grafitgrå / Brugt / 128GB,42544100114568,759d20585e82cf6e1a,Grafitgrå,Brugt,128GB,continue,2649.00
Brugt iPhone 12 Pro Max,8191143772296,Grafitgrå / Brugt / 256GB,42544100147336,925102916d3980c63f,Grafitgrå,Brugt,256GB,continue,2849.00
Brugt iPhone 12 Pro Max,8191143772296,Grafitgrå / Brugt / 512GB,42544100180104,96ab4bd243902b97a6,Grafitgrå,Brugt,512GB,continue,3349.00
Brugt iPhone 12 Pro Max,8191143772296,Grafitgrå / Rigtig god / 128GB,42544100212872,062f7190093e88852e,Grafitgrå,Rigtig god,128GB,continue,2849.00
Brugt iPhone 12 Pro Max,8191143772296,Grafitgrå / Rigtig god / 256GB,42544100245640,e40834df0310fabe80,Grafitgrå,Rigtig god,256GB,continue,3049.00
Brugt iPhone 12 Pro Max,8191143772296,Grafitgrå / Rigtig god / 512GB,42544100278408,2e2e4a4896b12acae8,Grafitgrå,Rigtig god,512GB,continue,3449.00
Brugt iPhone 12 Pro Max,8191143772296,Grafitgrå / Som ny / 128GB,42544100311176,0373baf6298e9b33c0,Grafitgrå,Som ny,128GB,continue,3149.00
Brugt iPhone 12 Pro Max,8191143772296,Grafitgrå / Som ny / 256GB,42544100343944,99337c17e4b9ad148f,Grafitgrå,Som ny,256GB,continue,3349.00
Brugt iPhone 12 Pro Max,8191143772296,Grafitgrå / Som ny / 512GB,42544100376712,093007fe1c4130f222,Grafitgrå,Som ny,512GB,continue,3749.00
Brugt iPhone 12 Pro Max,8191143772296,Guld / Brugbar / 128GB,42544100409480,4166d73b637dd4d87f,Guld,Brugbar,128GB,continue,2549.00
Brugt iPhone 12 Pro Max,8191143772296,Guld / Brugbar / 256GB,42544100442248,c4f84db2bf45a95c74,Guld,Brugbar,256GB,continue,2749.00
Brugt iPhone 12 Pro Max,8191143772296,Guld / Brugbar / 512GB,42544100475016,d321b56a43f5d5c0c7,Guld,Brugbar,512GB,continue,3149.00
Brugt iPhone 12 Pro Max,8191143772296,Guld / Brugt / 128GB,42544100507784,0f58c90bdc80e49213,Guld,Brugt,128GB,continue,2649.00
Brugt iPhone 12 Pro Max,8191143772296,Guld / Brugt / 256GB,42544100540552,0a59d5b75a0fe19221,Guld,Brugt,256GB,continue,2849.00
Brugt iPhone 12 Pro Max,8191143772296,Guld / Brugt / 512GB,42544100573320,d356490db455183408,Guld,Brugt,512GB,continue,3349.00
Brugt iPhone 12 Pro Max,8191143772296,Guld / Rigtig god / 128GB,42544100606088,22b4d2217fe7ea35c0,Guld,Rigtig god,128GB,continue,2849.00
Brugt iPhone 12 Pro Max,8191143772296,Guld / Rigtig god / 256GB,42544100638856,3c7d415fd1f04429ce,Guld,Rigtig god,256GB,continue,3049.00
Brugt iPhone 12 Pro Max,8191143772296,Guld / Rigtig god / 512GB,42544100671624,addb5726ea86b04c8b,Guld,Rigtig god,512GB,continue,3449.00
Brugt iPhone 12 Pro Max,8191143772296,Guld / Som ny / 128GB,42544100704392,70af4ae0874e50e948,Guld,Som ny,128GB,continue,3149.00
Brugt iPhone 12 Pro Max,8191143772296,Guld / Som ny / 256GB,42544100737160,3ce8b768a00155bea9,Guld,Som ny,256GB,continue,3349.00
Brugt iPhone 12 Pro Max,8191143772296,Guld / Som ny / 512GB,42544100769928,5dc2a6d8e4f4160582,Guld,Som ny,512GB,continue,3749.00
Brugt iPhone 12 Pro Max,8191143772296,Sølv / Brugbar / 128GB,42544100802696,1070f8852b1f7a4b50,Sølv,Brugbar,128GB,continue,2549.00
Brugt iPhone 12 Pro Max,8191143772296,Sølv / Brugbar / 256GB,42544100835464,68d81d4ceb2a86e600,Sølv,Brugbar,256GB,continue,2749.00
Brugt iPhone 12 Pro Max,8191143772296,Sølv / Brugbar / 512GB,42544100868232,357a429c6157cf94d2,Sølv,Brugbar,512GB,continue,3149.00
Brugt iPhone 12 Pro Max,8191143772296,Sølv / Brugt / 128GB,42544100901000,97d3ca0ee240320500,Sølv,Brugt,128GB,continue,2649.00
Brugt iPhone 12 Pro Max,8191143772296,Sølv / Brugt / 256GB,42544100933768,edde66606b223e3a10,Sølv,Brugt,256GB,continue,2849.00
Brugt iPhone 12 Pro Max,8191143772296,Sølv / Brugt / 512GB,42544100966536,1288c00278fe647107,Sølv,Brugt,512GB,continue,3349.00
Brugt iPhone 12 Pro Max,8191143772296,Sølv / Rigtig god / 128GB,42544100999304,93fb1d5d9d299b0b3a,Sølv,Rigtig god,128GB,continue,2849.00
Brugt iPhone 12 Pro Max,8191143772296,Sølv / Rigtig god / 256GB,42544101032072,8ffecfa1c7c9ad793c,Sølv,Rigtig god,256GB,continue,3049.00
Brugt iPhone 12 Pro Max,8191143772296,Sølv / Rigtig god / 512GB,42544101064840,2fa6385d323c9004f2,Sølv,Rigtig god,512GB,continue,3449.00
Brugt iPhone 12 Pro Max,8191143772296,Sølv / Som ny / 128GB,42544101097608,a74531ffa99c4751f7,Sølv,Som ny,128GB,continue,3149.00
Brugt iPhone 12 Pro Max,8191143772296,Sølv / Som ny / 256GB,42544101130376,8b74f4afe4211a1b25,Sølv,Som ny,256GB,continue,3349.00
Brugt iPhone 12 Pro Max,8191143772296,Sølv / Som ny / 512GB,42544101163144,d29208b1ab2851b145,Sølv,Som ny,512GB,continue,3749.00
Brugt iPhone 12 Pro Max,8191143772296,Stillehavsblå / Brugbar / 128GB,42544101195912,9dc97b1a90c9225cdb,Stillehavsblå,Brugbar,128GB,continue,2549.00
Brugt iPhone 12 Pro Max,8191143772296,Stillehavsblå / Brugbar / 256GB,42544101228680,5d419aba9df9b6cc92,Stillehavsblå,Brugbar,256GB,continue,2749.00
Brugt iPhone 12 Pro Max,8191143772296,Stillehavsblå / Brugbar / 512GB,42544101261448,ec2b99ab332f839ae7,Stillehavsblå,Brugbar,512GB,continue,3149.00
Brugt iPhone 12 Pro Max,8191143772296,Stillehavsblå / Brugt / 128GB,42544101294216,76534c7d1810b97581,Stillehavsblå,Brugt,128GB,continue,2649.00
Brugt iPhone 12 Pro Max,8191143772296,Stillehavsblå / Brugt / 256GB,42544101326984,d3751641e111cae703,Stillehavsblå,Brugt,256GB,continue,2849.00
Brugt iPhone 12 Pro Max,8191143772296,Stillehavsblå / Brugt / 512GB,42544101359752,7686bc5ec72af5fb44,Stillehavsblå,Brugt,512GB,continue,3349.00
Brugt iPhone 12 Pro Max,8191143772296,Stillehavsblå / Rigtig god / 128GB,42544101392520,65934e1a27cd645e87,Stillehavsblå,Rigtig god,128GB,continue,2849.00
Brugt iPhone 12 Pro Max,8191143772296,Stillehavsblå / Rigtig god / 256GB,42544101425288,be0cf61859632223f0,Stillehavsblå,Rigtig god,256GB,continue,3049.00
Brugt iPhone 12 Pro Max,8191143772296,Stillehavsblå / Rigtig god / 512GB,42544101458056,4f9779caa4bc5aba57,Stillehavsblå,Rigtig god,512GB,continue,3449.00
Brugt iPhone 12 Pro Max,8191143772296,Stillehavsblå / Som ny / 128GB,42544101490824,7c9c3018daac49175a,Stillehavsblå,Som ny,128GB,continue,3149.00
Brugt iPhone 12 Pro Max,8191143772296,Stillehavsblå / Som ny / 256GB,42544101523592,caffd6189609da8073,Stillehavsblå,Som ny,256GB,continue,3349.00
Brugt iPhone 12 Pro Max,8191143772296,Stillehavsblå / Som ny / 512GB,42544101556360,534e2290af66c03fba,Stillehavsblå,Som ny,512GB,continue,3749.00
Brugt iPhone 13,8191144067208,Blå / Brugbar / 128GB,42544101785736,83173026a77b53c7bc,Blå,Brugbar,128GB,continue,2349.00
Brugt iPhone 13,8191144067208,Blå / Brugbar / 256GB,42544101818504,e6d7c4b4adeb10d9e3,Blå,Brugbar,256GB,continue,2849.00
Brugt iPhone 13,8191144067208,Blå / Brugbar / 512GB,42544101851272,aa85fb4d29bb69a704,Blå,Brugbar,512GB,continue,3249.00
Brugt iPhone 13,8191144067208,Blå / Brugt / 128GB,42544101884040,71ff4c5c709d87f6be,Blå,Brugt,128GB,continue,2449.00
Brugt iPhone 13,8191144067208,Blå / Brugt / 256GB,42544101916808,34c3d2f4787525cfc2,Blå,Brugt,256GB,continue,3049.00
Brugt iPhone 13,8191144067208,Blå / Brugt / 512GB,42544101949576,4cb8f30840bc41c4cd,Blå,Brugt,512GB,continue,3449.00
Brugt iPhone 13,8191144067208,Blå / Rigtig god / 128GB,42544101982344,7cfe0f46479008ce26,Blå,Rigtig god,128GB,continue,2549.00
Brugt iPhone 13,8191144067208,Blå / Rigtig god / 256GB,42544102015112,c1f7f49591fe7c3421,Blå,Rigtig god,256GB,continue,3149.00
Brugt iPhone 13,8191144067208,Blå / Rigtig god / 512GB,42544102047880,4c3d222a2158883d3b,Blå,Rigtig god,512GB,continue,3649.00
Brugt iPhone 13,8191144067208,Blå / Som ny / 128GB,42544102080648,654ae04aaeb5a360b0,Blå,Som ny,128GB,continue,2649.00
Brugt iPhone 13,8191144067208,Blå / Som ny / 256GB,42544102113416,a0005bcac7a2f7305e,Blå,Som ny,256GB,continue,3349.00
Brugt iPhone 13,8191144067208,Blå / Som ny / 512GB,42544102146184,d58e53dc6602decf92,Blå,Som ny,512GB,continue,3949.00
Brugt iPhone 13,8191144067208,Grøn / Brugbar / 128GB,42544102178952,b5d83ccfb1554279d2,Grøn,Brugbar,128GB,continue,2349.00
Brugt iPhone 13,8191144067208,Grøn / Brugbar / 256GB,42544102211720,704dd3550941dff742,Grøn,Brugbar,256GB,continue,2849.00
Brugt iPhone 13,8191144067208,Grøn / Brugbar / 512GB,42544102244488,9fa52120b6fccb3890,Grøn,Brugbar,512GB,continue,3249.00
Brugt iPhone 13,8191144067208,Grøn / Brugt / 128GB,42544102277256,d2e6508f92cf9e16be,Grøn,Brugt,128GB,continue,2449.00
Brugt iPhone 13,8191144067208,Grøn / Brugt / 256GB,42544102310024,844ddd26a646f52213,Grøn,Brugt,256GB,continue,3049.00
Brugt iPhone 13,8191144067208,Grøn / Brugt / 512GB,42544102342792,3a1eb41bb2dfc1428e,Grøn,Brugt,512GB,continue,3449.00
Brugt iPhone 13,8191144067208,Grøn / Rigtig god / 128GB,42544102375560,d8edd0fd843766642b,Grøn,Rigtig god,128GB,continue,2549.00
Brugt iPhone 13,8191144067208,Grøn / Rigtig god / 256GB,42544102408328,5e029cf5aea51f36b0,Grøn,Rigtig god,256GB,continue,3149.00
Brugt iPhone 13,8191144067208,Grøn / Rigtig god / 512GB,42544102441096,a14fa355445a07d3f7,Grøn,Rigtig god,512GB,continue,3649.00
Brugt iPhone 13,8191144067208,Grøn / Som ny / 128GB,42544102473864,d4a65c5567b80b6722,Grøn,Som ny,128GB,continue,2649.00
Brugt iPhone 13,8191144067208,Grøn / Som ny / 256GB,42544102506632,40bb2601227337937d,Grøn,Som ny,256GB,continue,3349.00
Brugt iPhone 13,8191144067208,Grøn / Som ny / 512GB,42544102539400,fec0d27c4c9e76c752,Grøn,Som ny,512GB,continue,3949.00
Brugt iPhone 13,8191144067208,Lyserød / Brugbar / 128GB,42544102572168,243f8c093ddd3dd874,Lyserød,Brugbar,128GB,continue,2349.00
Brugt iPhone 13,8191144067208,Lyserød / Brugbar / 256GB,42544102604936,4240f7107d6bc1d5f7,Lyserød,Brugbar,256GB,continue,2849.00
Brugt iPhone 13,8191144067208,Lyserød / Brugbar / 512GB,42544102637704,3f4c3bfc76f8bbac46,Lyserød,Brugbar,512GB,continue,3249.00
Brugt iPhone 13,8191144067208,Lyserød / Brugt / 128GB,42544102670472,bdced6f50e3cfb6550,Lyserød,Brugt,128GB,continue,2449.00
Brugt iPhone 13,8191144067208,Lyserød / Brugt / 256GB,42544102703240,8a9d499cc2c61ef6d4,Lyserød,Brugt,256GB,continue,3049.00
Brugt iPhone 13,8191144067208,Lyserød / Brugt / 512GB,42544102736008,0b2fc896c1242d2649,Lyserød,Brugt,512GB,continue,3449.00
Brugt iPhone 13,8191144067208,Lyserød / Rigtig god / 128GB,42544102768776,3aaacdedb62be126aa,Lyserød,Rigtig god,128GB,continue,2549.00
Brugt iPhone 13,8191144067208,Lyserød / Rigtig god / 256GB,42544102801544,91bae3f5a5ef614793,Lyserød,Rigtig god,256GB,continue,3149.00
Brugt iPhone 13,8191144067208,Lyserød / Rigtig god / 512GB,42544102834312,4ddd4746e2426fabe2,Lyserød,Rigtig god,512GB,continue,3649.00
Brugt iPhone 13,8191144067208,Lyserød / Som ny / 128GB,42544102867080,44d1b330d303f89b54,Lyserød,Som ny,128GB,continue,2649.00
Brugt iPhone 13,8191144067208,Lyserød / Som ny / 256GB,42544102899848,29ca1e5eaaf8d8d1e4,Lyserød,Som ny,256GB,continue,3349.00
Brugt iPhone 13,8191144067208,Lyserød / Som ny / 512GB,42544102932616,261e83ba190ecff4f7,Lyserød,Som ny,512GB,continue,3949.00
Brugt iPhone 13,8191144067208,Midnat / Brugbar / 128GB,42544102965384,1692b95d80948888d6,Midnat,Brugbar,128GB,continue,2349.00
Brugt iPhone 13,8191144067208,Midnat / Brugbar / 256GB,42544102998152,9a51f3ac3e4d17bdfc,Midnat,Brugbar,256GB,continue,2849.00
Brugt iPhone 13,8191144067208,Midnat / Brugbar / 512GB,42544103030920,8216f159fbfee73adf,Midnat,Brugbar,512GB,continue,3249.00
Brugt iPhone 13,8191144067208,Midnat / Brugt / 128GB,42544103063688,cbc29de3b28b27f671,Midnat,Brugt,128GB,continue,2449.00
Brugt iPhone 13,8191144067208,Midnat / Brugt / 256GB,42544103096456,cf67911055f9734525,Midnat,Brugt,256GB,continue,3049.00
Brugt iPhone 13,8191144067208,Midnat / Brugt / 512GB,42544103129224,ee46891ee58385411c,Midnat,Brugt,512GB,continue,3449.00
Brugt iPhone 13,8191144067208,Midnat / Rigtig god / 128GB,42544103161992,07edb23098c836aa27,Midnat,Rigtig god,128GB,continue,2549.00
Brugt iPhone 13,8191144067208,Midnat / Rigtig god / 256GB,42544103194760,9812dd80a5ed4def08,Midnat,Rigtig god,256GB,continue,3149.00
Brugt iPhone 13,8191144067208,Midnat / Rigtig god / 512GB,42544103227528,45b05a9dce616af4a4,Midnat,Rigtig god,512GB,continue,3649.00
Brugt iPhone 13,8191144067208,Midnat / Som ny / 128GB,42544103260296,c8b38048ba62652d69,Midnat,Som ny,128GB,continue,2649.00
Brugt iPhone 13,8191144067208,Midnat / Som ny / 256GB,42544103293064,a58b2af95020ba895e,Midnat,Som ny,256GB,continue,3349.00
Brugt iPhone 13,8191144067208,Midnat / Som ny / 512GB,42544103325832,57fc9cbace124da23c,Midnat,Som ny,512GB,continue,3949.00
Brugt iPhone 13,8191144067208,Rød / Brugbar / 128GB,42544103358600,ff9240e42a76e2293b,Rød,Brugbar,128GB,continue,2349.00
Brugt iPhone 13,8191144067208,Rød / Brugbar / 256GB,42544103391368,2a17a0c120da09050e,Rød,Brugbar,256GB,continue,2849.00
Brugt iPhone 13,8191144067208,Rød / Brugbar / 512GB,42544103424136,b3585c9e58541861f4,Rød,Brugbar,512GB,continue,3249.00
Brugt iPhone 13,8191144067208,Rød / Brugt / 128GB,42544103456904,98d999c2f2f1a70a65,Rød,Brugt,128GB,continue,2449.00
Brugt iPhone 13,8191144067208,Rød / Brugt / 256GB,42544103489672,8bb1ddf7bb4800c402,Rød,Brugt,256GB,continue,3049.00
Brugt iPhone 13,8191144067208,Rød / Brugt / 512GB,42544103522440,4062503f788bfcf6d8,Rød,Brugt,512GB,continue,3449.00
Brugt iPhone 13,8191144067208,Rød / Rigtig god / 128GB,42544103555208,b63c4dfff0f7f5c5dd,Rød,Rigtig god,128GB,continue,2549.00
Brugt iPhone 13,8191144067208,Rød / Rigtig god / 256GB,42544103587976,063e52b490f3e19aa9,Rød,Rigtig god,256GB,continue,3149.00
Brugt iPhone 13,8191144067208,Rød / Rigtig god / 512GB,42544103620744,11aac9deb03b0ed041,Rød,Rigtig god,512GB,continue,3649.00
Brugt iPhone 13,8191144067208,Rød / Som ny / 128GB,42544103653512,a73c1f880679bf27f5,Rød,Som ny,128GB,continue,2649.00
Brugt iPhone 13,8191144067208,Rød / Som ny / 256GB,42544103686280,3aeabd2be31ce83ca0,Rød,Som ny,256GB,continue,3349.00
Brugt iPhone 13,8191144067208,Rød / Som ny / 512GB,42544103719048,42f1463e90d104a8ec,Rød,Som ny,512GB,continue,3949.00
Brugt iPhone 13,8191144067208,Stjerneskær / Brugbar / 128GB,42544103751816,89a18730b9fb929c8b,Stjerneskær,Brugbar,128GB,continue,2349.00
Brugt iPhone 13,8191144067208,Stjerneskær / Brugbar / 256GB,42544103784584,00d4ee4b4610884f78,Stjerneskær,Brugbar,256GB,continue,2849.00
Brugt iPhone 13,8191144067208,Stjerneskær / Brugbar / 512GB,42544103817352,7c9111afc0e9886078,Stjerneskær,Brugbar,512GB,continue,3249.00
Brugt iPhone 13,8191144067208,Stjerneskær / Brugt / 128GB,42544103850120,bddaaddaaf14e2d539,Stjerneskær,Brugt,128GB,continue,2449.00
Brugt iPhone 13,8191144067208,Stjerneskær / Brugt / 256GB,42544103882888,f9192ef920ee811237,Stjerneskær,Brugt,256GB,continue,3049.00
Brugt iPhone 13,8191144067208,Stjerneskær / Brugt / 512GB,42544103915656,ac8759cada32f466ea,Stjerneskær,Brugt,512GB,continue,3449.00
Brugt iPhone 13,8191144067208,Stjerneskær / Rigtig god / 128GB,42544103948424,59e843803c024afdd3,Stjerneskær,Rigtig god,128GB,continue,2549.00
Brugt iPhone 13,8191144067208,Stjerneskær / Rigtig god / 256GB,42544103981192,8be95ff0ef730864d8,Stjerneskær,Rigtig god,256GB,continue,3149.00
Brugt iPhone 13,8191144067208,Stjerneskær / Rigtig god / 512GB,42544104013960,337a9e1aa80588a27e,Stjerneskær,Rigtig god,512GB,continue,3649.00
Brugt iPhone 13,8191144067208,Stjerneskær / Som ny / 128GB,42544104046728,bcc31f6e4c3e30a051,Stjerneskær,Som ny,128GB,continue,2649.00
Brugt iPhone 13,8191144067208,Stjerneskær / Som ny / 256GB,42544104079496,895d7be09f965b8b7c,Stjerneskær,Som ny,256GB,continue,3349.00
Brugt iPhone 13,8191144067208,Stjerneskær / Som ny / 512GB,42544104112264,14d148098dbf9ea48a,Stjerneskær,Som ny,512GB,continue,3949.00
Brugt iPhone 13 Mini,8191144296584,Blå / Brugbar / 128GB,42544104374408,c802636be1b0c9ff7c,Blå,Brugbar,128GB,continue,2449.00
Brugt iPhone 13 Mini,8191144296584,Blå / Brugbar / 256GB,42544104407176,eb0f3f916a33083401,Blå,Brugbar,256GB,continue,2649.00
Brugt iPhone 13 Mini,8191144296584,Blå / Brugbar / 512GB,42544104439944,e0fc0b895b5817a091,Blå,Brugbar,512GB,continue,2949.00
Brugt iPhone 13 Mini,8191144296584,Blå / Brugt / 128GB,42544104472712,1b9d8bbcc168dbee09,Blå,Brugt,128GB,continue,2549.00
Brugt iPhone 13 Mini,8191144296584,Blå / Brugt / 256GB,42544104505480,c1df474f0bb862bb5d,Blå,Brugt,256GB,continue,2749.00
Brugt iPhone 13 Mini,8191144296584,Blå / Brugt / 512GB,42544104538248,56f8dda34104aaaa3f,Blå,Brugt,512GB,continue,3049.00
Brugt iPhone 13 Mini,8191144296584,Blå / Rigtig god / 128GB,42544104571016,61778e9432dcfecd94,Blå,Rigtig god,128GB,continue,2649.00
Brugt iPhone 13 Mini,8191144296584,Blå / Rigtig god / 256GB,42544104603784,b32832332be4430e78,Blå,Rigtig god,256GB,continue,2949.00
Brugt iPhone 13 Mini,8191144296584,Blå / Rigtig god / 512GB,42544104636552,2b71411d18e2d8d624,Blå,Rigtig god,512GB,continue,3249.00
Brugt iPhone 13 Mini,8191144296584,Blå / Som ny / 128GB,42544104669320,ac64b6372eea29f877,Blå,Som ny,128GB,continue,2849.00
Brugt iPhone 13 Mini,8191144296584,Blå / Som ny / 256GB,42544104702088,aaffa2b3cb67370feb,Blå,Som ny,256GB,continue,3149.00
Brugt iPhone 13 Mini,8191144296584,Blå / Som ny / 512GB,42544104734856,79ef9d0784b43f7195,Blå,Som ny,512GB,continue,3849.00
Brugt iPhone 13 Mini,8191144296584,Grøn / Brugbar / 128GB,42544104767624,1c90a521ad744a8402,Grøn,Brugbar,128GB,continue,2449.00
Brugt iPhone 13 Mini,8191144296584,Grøn / Brugbar / 256GB,42544104800392,6138bbc17c35a7724d,Grøn,Brugbar,256GB,continue,2649.00
Brugt iPhone 13 Mini,8191144296584,Grøn / Brugbar / 512GB,42544104833160,c1773645d150c76f5a,Grøn,Brugbar,512GB,continue,2949.00
Brugt iPhone 13 Mini,8191144296584,Grøn / Brugt / 128GB,42544104865928,a4bf6a732922e6594c,Grøn,Brugt,128GB,continue,2549.00
Brugt iPhone 13 Mini,8191144296584,Grøn / Brugt / 256GB,42544104898696,c17c5a412329f05223,Grøn,Brugt,256GB,continue,2749.00
Brugt iPhone 13 Mini,8191144296584,Grøn / Brugt / 512GB,42544104931464,f3c04a098695072c2c,Grøn,Brugt,512GB,continue,3049.00
Brugt iPhone 13 Mini,8191144296584,Grøn / Rigtig god / 128GB,42544104964232,ae070a79ce668208c0,Grøn,Rigtig god,128GB,continue,2649.00
Brugt iPhone 13 Mini,8191144296584,Grøn / Rigtig god / 256GB,42544104997000,78967492f919ba46f9,Grøn,Rigtig god,256GB,continue,2949.00
Brugt iPhone 13 Mini,8191144296584,Grøn / Rigtig god / 512GB,42544105029768,8aa1f42c04edc383fe,Grøn,Rigtig god,512GB,continue,3249.00
Brugt iPhone 13 Mini,8191144296584,Grøn / Som ny / 128GB,42544105062536,b226cd450c4a70c79d,Grøn,Som ny,128GB,continue,2849.00
Brugt iPhone 13 Mini,8191144296584,Grøn / Som ny / 256GB,42544105095304,c841f1faf85192e4c8,Grøn,Som ny,256GB,continue,3149.00
Brugt iPhone 13 Mini,8191144296584,Grøn / Som ny / 512GB,42544105128072,4858722ac3574a2a7f,Grøn,Som ny,512GB,continue,3849.00
Brugt iPhone 13 Mini,8191144296584,Lyserød / Brugbar / 128GB,42544105160840,0e709d6e9b98b23c65,Lyserød,Brugbar,128GB,continue,2449.00
Brugt iPhone 13 Mini,8191144296584,Lyserød / Brugbar / 256GB,42544105193608,7c470986d0b32fadb8,Lyserød,Brugbar,256GB,continue,2649.00
Brugt iPhone 13 Mini,8191144296584,Lyserød / Brugbar / 512GB,42544105226376,53d5b7c15b250a24e7,Lyserød,Brugbar,512GB,continue,2949.00
Brugt iPhone 13 Mini,8191144296584,Lyserød / Brugt / 128GB,42544105259144,e4b40f0b33b31d09cd,Lyserød,Brugt,128GB,continue,2549.00
Brugt iPhone 13 Mini,8191144296584,Lyserød / Brugt / 256GB,42544105291912,4267991bce8bbc7da6,Lyserød,Brugt,256GB,continue,2749.00
Brugt iPhone 13 Mini,8191144296584,Lyserød / Brugt / 512GB,42544105324680,69fb6ddb02742075b4,Lyserød,Brugt,512GB,continue,3049.00
Brugt iPhone 13 Mini,8191144296584,Lyserød / Rigtig god / 128GB,42544105357448,0f33942d78fa7d5d33,Lyserød,Rigtig god,128GB,continue,2649.00
Brugt iPhone 13 Mini,8191144296584,Lyserød / Rigtig god / 256GB,42544105390216,a84fffd69198ade0ba,Lyserød,Rigtig god,256GB,continue,2949.00
Brugt iPhone 13 Mini,8191144296584,Lyserød / Rigtig god / 512GB,42544105422984,8d38a7ebe566cb295a,Lyserød,Rigtig god,512GB,continue,3249.00
Brugt iPhone 13 Mini,8191144296584,Lyserød / Som ny / 128GB,42544105455752,e72a37b89430c52899,Lyserød,Som ny,128GB,continue,2849.00
Brugt iPhone 13 Mini,8191144296584,Lyserød / Som ny / 256GB,42544105488520,e0493daa345ecbee1b,Lyserød,Som ny,256GB,continue,3149.00
Brugt iPhone 13 Mini,8191144296584,Lyserød / Som ny / 512GB,42544105521288,fe2e5f2688e56cec10,Lyserød,Som ny,512GB,continue,3849.00
Brugt iPhone 13 Mini,8191144296584,Midnat / Brugbar / 128GB,42544105554056,6d008f7c0ad3b3fc4f,Midnat,Brugbar,128GB,continue,2449.00
Brugt iPhone 13 Mini,8191144296584,Midnat / Brugbar / 256GB,42544105586824,7df4434145183913ce,Midnat,Brugbar,256GB,continue,2649.00
Brugt iPhone 13 Mini,8191144296584,Midnat / Brugbar / 512GB,42544105619592,df50f9c2b1756c2440,Midnat,Brugbar,512GB,continue,2949.00
Brugt iPhone 13 Mini,8191144296584,Midnat / Brugt / 128GB,42544105652360,9018c954f33b823d32,Midnat,Brugt,128GB,continue,2549.00
Brugt iPhone 13 Mini,8191144296584,Midnat / Brugt / 256GB,42544105685128,0d8917a0fc00f202e9,Midnat,Brugt,256GB,continue,2749.00
Brugt iPhone 13 Mini,8191144296584,Midnat / Brugt / 512GB,42544105717896,7cf6b599a0b6922717,Midnat,Brugt,512GB,continue,3049.00
Brugt iPhone 13 Mini,8191144296584,Midnat / Rigtig god / 128GB,42544105750664,b76b62efecc77118d1,Midnat,Rigtig god,128GB,continue,2649.00
Brugt iPhone 13 Mini,8191144296584,Midnat / Rigtig god / 256GB,42544105783432,c83b44179b3400b5aa,Midnat,Rigtig god,256GB,continue,2949.00
Brugt iPhone 13 Mini,8191144296584,Midnat / Rigtig god / 512GB,42544105816200,96c80a0e02abca0f85,Midnat,Rigtig god,512GB,continue,3249.00
Brugt iPhone 13 Mini,8191144296584,Midnat / Som ny / 128GB,42544105848968,8cad2162560cadad9f,Midnat,Som ny,128GB,continue,2849.00
Brugt iPhone 13 Mini,8191144296584,Midnat / Som ny / 256GB,42544105881736,9ae26a0c14d93b75a1,Midnat,Som ny,256GB,continue,3149.00
Brugt iPhone 13 Mini,8191144296584,Midnat / Som ny / 512GB,42544105914504,7fa6320b9a05a943f3,Midnat,Som ny,512GB,continue,3849.00
Brugt iPhone 13 Mini,8191144296584,Rød / Brugbar / 128GB,42544105947272,babcc801ed78195034,Rød,Brugbar,128GB,continue,2449.00
Brugt iPhone 13 Mini,8191144296584,Rød / Brugbar / 256GB,42544105980040,48db100c7362a392bb,Rød,Brugbar,256GB,continue,2649.00
Brugt iPhone 13 Mini,8191144296584,Rød / Brugbar / 512GB,42544106012808,80e04afdfc8c871e02,Rød,Brugbar,512GB,continue,2949.00
Brugt iPhone 13 Mini,8191144296584,Rød / Brugt / 128GB,42544106045576,46ca679441aea093f6,Rød,Brugt,128GB,continue,2549.00
Brugt iPhone 13 Mini,8191144296584,Rød / Brugt / 256GB,42544106078344,4435e9424d2efdc0a8,Rød,Brugt,256GB,continue,2749.00
Brugt iPhone 13 Mini,8191144296584,Rød / Brugt / 512GB,42544106111112,a92e40c441e79c83a8,Rød,Brugt,512GB,continue,3049.00
Brugt iPhone 13 Mini,8191144296584,Rød / Rigtig god / 128GB,42544106143880,d2c22c43ccb775443d,Rød,Rigtig god,128GB,continue,2649.00
Brugt iPhone 13 Mini,8191144296584,Rød / Rigtig god / 256GB,42544106176648,f6c77d02ae8e01beda,Rød,Rigtig god,256GB,continue,2949.00
Brugt iPhone 13 Mini,8191144296584,Rød / Rigtig god / 512GB,42544106209416,643fdad566b7c76957,Rød,Rigtig god,512GB,continue,3249.00
Brugt iPhone 13 Mini,8191144296584,Rød / Som ny / 128GB,42544106242184,042b0dd1a218e91db1,Rød,Som ny,128GB,continue,2849.00
Brugt iPhone 13 Mini,8191144296584,Rød / Som ny / 256GB,42544106274952,8a9352a06cac4f211e,Rød,Som ny,256GB,continue,3149.00
Brugt iPhone 13 Mini,8191144296584,Rød / Som ny / 512GB,42544106307720,ae4bebbf52c9a91087,Rød,Som ny,512GB,continue,3849.00
Brugt iPhone 13 Mini,8191144296584,Stjerneskær / Brugbar / 128GB,42544106340488,67177ff1d8badb7a51,Stjerneskær,Brugbar,128GB,continue,2449.00
Brugt iPhone 13 Mini,8191144296584,Stjerneskær / Brugbar / 256GB,42544106373256,7c142432dd34003325,Stjerneskær,Brugbar,256GB,continue,2649.00
Brugt iPhone 13 Mini,8191144296584,Stjerneskær / Brugbar / 512GB,42544106406024,94f5116b88c3f16c31,Stjerneskær,Brugbar,512GB,continue,2949.00
Brugt iPhone 13 Mini,8191144296584,Stjerneskær / Brugt / 128GB,42544106438792,16d88cfb61cbb70d7a,Stjerneskær,Brugt,128GB,continue,2549.00
Brugt iPhone 13 Mini,8191144296584,Stjerneskær / Brugt / 256GB,42544106471560,a411a534ff0e07fa10,Stjerneskær,Brugt,256GB,continue,2749.00
Brugt iPhone 13 Mini,8191144296584,Stjerneskær / Brugt / 512GB,42544106504328,a4ac14bc90e9898b03,Stjerneskær,Brugt,512GB,continue,3049.00
Brugt iPhone 13 Mini,8191144296584,Stjerneskær / Rigtig god / 128GB,42544106537096,709aa5ea4266ac9255,Stjerneskær,Rigtig god,128GB,continue,2649.00
Brugt iPhone 13 Mini,8191144296584,Stjerneskær / Rigtig god / 256GB,42544106569864,1a39ba64c7a887f6c4,Stjerneskær,Rigtig god,256GB,continue,2949.00
Brugt iPhone 13 Mini,8191144296584,Stjerneskær / Rigtig god / 512GB,42544106602632,ad4f05e3f515fc8c24,Stjerneskær,Rigtig god,512GB,continue,3249.00
Brugt iPhone 13 Mini,8191144296584,Stjerneskær / Som ny / 128GB,42544106635400,fe1faf6926a379b2bf,Stjerneskær,Som ny,128GB,continue,2849.00
Brugt iPhone 13 Mini,8191144296584,Stjerneskær / Som ny / 256GB,42544106668168,d89c3bbce97595cd8a,Stjerneskær,Som ny,256GB,continue,3149.00
Brugt iPhone 13 Mini,8191144296584,Stjerneskær / Som ny / 512GB,42544106700936,6ac134d66053103ed3,Stjerneskær,Som ny,512GB,continue,3849.00
Brugt iPhone 13 Pro,8191144427656,Grafitgrå / Brugbar / 128GB,42544107094152,56cf04387b281f1897,Grafitgrå,Brugbar,128GB,continue,3149.00
Brugt iPhone 13 Pro,8191144427656,Grafitgrå / Brugbar / 256GB,42544107126920,4ee625ab4d6930ae7f,Grafitgrå,Brugbar,256GB,continue,3349.00
Brugt iPhone 13 Pro,8191144427656,Grafitgrå / Brugbar / 512GB,42544107159688,2d5f03988c544e2e83,Grafitgrå,Brugbar,512GB,continue,3849.00
Brugt iPhone 13 Pro,8191144427656,Grafitgrå / Brugbar / 1024GB,55025146495351,AUTOSKU-0000005A,Grafitgrå,Brugbar,1024GB,continue,4249.00
Brugt iPhone 13 Pro,8191144427656,Grafitgrå / Brugt / 128GB,42544107192456,241d3dddcaf1c4dab2,Grafitgrå,Brugt,128GB,continue,3249.00
Brugt iPhone 13 Pro,8191144427656,Grafitgrå / Brugt / 256GB,42544107225224,bd9d7f7dc5ccb06ff8,Grafitgrå,Brugt,256GB,continue,3449.00
Brugt iPhone 13 Pro,8191144427656,Grafitgrå / Brugt / 512GB,42544107257992,6e7e3111ffc88f2fd7,Grafitgrå,Brugt,512GB,continue,3949.00
Brugt iPhone 13 Pro,8191144427656,Grafitgrå / Brugt / 1024GB,55025146528119,AUTOSKU-0000005B,Grafitgrå,Brugt,1024GB,continue,4449.00
Brugt iPhone 13 Pro,8191144427656,Grafitgrå / Rigtig god / 128GB,42544107290760,aebba0837381c81944,Grafitgrå,Rigtig god,128GB,continue,3549.00
Brugt iPhone 13 Pro,8191144427656,Grafitgrå / Rigtig god / 256GB,42544107323528,bd36a33239f8fcacac,Grafitgrå,Rigtig god,256GB,continue,3649.00
Brugt iPhone 13 Pro,8191144427656,Grafitgrå / Rigtig god / 512GB,42544107356296,72d113a17b5c6539a9,Grafitgrå,Rigtig god,512GB,continue,4249.00
Brugt iPhone 13 Pro,8191144427656,Grafitgrå / Rigtig god / 1024GB,55025146560887,AUTOSKU-0000005C,Grafitgrå,Rigtig god,1024GB,continue,4649.00
Brugt iPhone 13 Pro,8191144427656,Grafitgrå / Som ny / 128GB,42544107389064,7f82668229d2fa37cc,Grafitgrå,Som ny,128GB,continue,3949.00
Brugt iPhone 13 Pro,8191144427656,Grafitgrå / Som ny / 256GB,42544107421832,1b443c4caf358dee01,Grafitgrå,Som ny,256GB,continue,4049.00
Brugt iPhone 13 Pro,8191144427656,Grafitgrå / Som ny / 512GB,42544107454600,30602ebf8e22e1884e,Grafitgrå,Som ny,512GB,continue,4649.00
Brugt iPhone 13 Pro,8191144427656,Grafitgrå / Som ny / 1024GB,55025146593655,AUTOSKU-0000005D,Grafitgrå,Som ny,1024GB,continue,4949.00
Brugt iPhone 13 Pro,8191144427656,Grangrøn / Brugbar / 128GB,42544107487368,3ded44eb43eab9d429,Grangrøn,Brugbar,128GB,continue,3149.00
Brugt iPhone 13 Pro,8191144427656,Grangrøn / Brugbar / 256GB,42544107520136,537ecd56d3311e3e08,Grangrøn,Brugbar,256GB,continue,3349.00
Brugt iPhone 13 Pro,8191144427656,Grangrøn / Brugbar / 512GB,42544107552904,3ffc424792b5e710f1,Grangrøn,Brugbar,512GB,continue,3849.00
Brugt iPhone 13 Pro,8191144427656,Grangrøn / Brugbar / 1024GB,55025146626423,AUTOSKU-0000005E,Grangrøn,Brugbar,1024GB,continue,4249.00
Brugt iPhone 13 Pro,8191144427656,Grangrøn / Brugt / 128GB,42544107585672,215f4f8d944814e937,Grangrøn,Brugt,128GB,continue,3249.00
Brugt iPhone 13 Pro,8191144427656,Grangrøn / Brugt / 256GB,42544107618440,70687d350c7e341516,Grangrøn,Brugt,256GB,continue,3449.00
Brugt iPhone 13 Pro,8191144427656,Grangrøn / Brugt / 512GB,42544107651208,3dbc7f7be1b491b6b0,Grangrøn,Brugt,512GB,continue,3949.00
Brugt iPhone 13 Pro,8191144427656,Grangrøn / Brugt / 1024GB,55025146659191,AUTOSKU-0000005F,Grangrøn,Brugt,1024GB,continue,4449.00
Brugt iPhone 13 Pro,8191144427656,Grangrøn / Rigtig god / 128GB,42544107683976,e7d54d50fc3de7f592,Grangrøn,Rigtig god,128GB,continue,3549.00
Brugt iPhone 13 Pro,8191144427656,Grangrøn / Rigtig god / 256GB,42544107716744,5712af2c9f9a164180,Grangrøn,Rigtig god,256GB,continue,3649.00
Brugt iPhone 13 Pro,8191144427656,Grangrøn / Rigtig god / 512GB,42544107749512,fe1e9db1876b361380,Grangrøn,Rigtig god,512GB,continue,4249.00
Brugt iPhone 13 Pro,8191144427656,Grangrøn / Rigtig god / 1024GB,55025146691959,AUTOSKU-0000005G,Grangrøn,Rigtig god,1024GB,continue,4649.00
Brugt iPhone 13 Pro,8191144427656,Grangrøn / Som ny / 128GB,42544107782280,41fc639a4fcc58587c,Grangrøn,Som ny,128GB,continue,3949.00
Brugt iPhone 13 Pro,8191144427656,Grangrøn / Som ny / 256GB,42544107815048,2ee7653707202af7fc,Grangrøn,Som ny,256GB,continue,4049.00
Brugt iPhone 13 Pro,8191144427656,Grangrøn / Som ny / 512GB,42544107847816,9f70df6dbdd84b7d7f,Grangrøn,Som ny,512GB,continue,4649.00
Brugt iPhone 13 Pro,8191144427656,Grangrøn / Som ny / 1024GB,55025146724727,AUTOSKU-0000005H,Grangrøn,Som ny,1024GB,continue,4949.00
Brugt iPhone 13 Pro,8191144427656,Guld / Brugbar / 128GB,42544107880584,bbdb6ed73c2e268f27,Guld,Brugbar,128GB,continue,3149.00
Brugt iPhone 13 Pro,8191144427656,Guld / Brugbar / 256GB,42544107913352,e2ea30765382a13e92,Guld,Brugbar,256GB,continue,3349.00
Brugt iPhone 13 Pro,8191144427656,Guld / Brugbar / 512GB,42544107946120,cb4e941baa5019e4ba,Guld,Brugbar,512GB,continue,3849.00
Brugt iPhone 13 Pro,8191144427656,Guld / Brugbar / 1024GB,55025146757495,AUTOSKU-0000005I,Guld,Brugbar,1024GB,continue,4249.00
Brugt iPhone 13 Pro,8191144427656,Guld / Brugt / 128GB,42544107978888,a6c1e15532dec54a20,Guld,Brugt,128GB,continue,3249.00
Brugt iPhone 13 Pro,8191144427656,Guld / Brugt / 256GB,42544108011656,e5eb10ed9e36b73534,Guld,Brugt,256GB,continue,3449.00
Brugt iPhone 13 Pro,8191144427656,Guld / Brugt / 512GB,42544108044424,98618ee20ae9035839,Guld,Brugt,512GB,continue,3949.00
Brugt iPhone 13 Pro,8191144427656,Guld / Brugt / 1024GB,55025146790263,AUTOSKU-0000005J,Guld,Brugt,1024GB,continue,4449.00
Brugt iPhone 13 Pro,8191144427656,Guld / Rigtig god / 128GB,42544108077192,edafe4d370c1f8c000,Guld,Rigtig god,128GB,continue,3549.00
Brugt iPhone 13 Pro,8191144427656,Guld / Rigtig god / 256GB,42544108109960,0c8676a08184ad53b6,Guld,Rigtig god,256GB,continue,3649.00
Brugt iPhone 13 Pro,8191144427656,Guld / Rigtig god / 512GB,42544108142728,f994476255adaeedb1,Guld,Rigtig god,512GB,continue,4249.00
Brugt iPhone 13 Pro,8191144427656,Guld / Rigtig god / 1024GB,55025146823031,AUTOSKU-0000005K,Guld,Rigtig god,1024GB,continue,4649.00
Brugt iPhone 13 Pro,8191144427656,Guld / Som ny / 128GB,42544108175496,5d9f291c339e532935,Guld,Som ny,128GB,continue,3949.00
Brugt iPhone 13 Pro,8191144427656,Guld / Som ny / 256GB,42544108208264,440892691403eefe41,Guld,Som ny,256GB,continue,4049.00
Brugt iPhone 13 Pro,8191144427656,Guld / Som ny / 512GB,42544108241032,72c53ae6508d39909e,Guld,Som ny,512GB,continue,4649.00
Brugt iPhone 13 Pro,8191144427656,Guld / Som ny / 1024GB,55025146855799,AUTOSKU-0000005L,Guld,Som ny,1024GB,continue,4949.00
Brugt iPhone 13 Pro,8191144427656,Skyfri blå / Brugbar / 128GB,42544108273800,ee7a7917cefa5a706e,Skyfri blå,Brugbar,128GB,continue,3149.00
Brugt iPhone 13 Pro,8191144427656,Skyfri blå / Brugbar / 256GB,42544108306568,bf8b916d35733ba3f1,Skyfri blå,Brugbar,256GB,continue,3349.00
Brugt iPhone 13 Pro,8191144427656,Skyfri blå / Brugbar / 512GB,42544108339336,e234ebae682e0d4ec3,Skyfri blå,Brugbar,512GB,continue,3849.00
Brugt iPhone 13 Pro,8191144427656,Skyfri blå / Brugbar / 1024GB,55025146888567,AUTOSKU-0000005M,Skyfri blå,Brugbar,1024GB,continue,4249.00
Brugt iPhone 13 Pro,8191144427656,Skyfri blå / Brugt / 128GB,42544108372104,0667dc708102f155c0,Skyfri blå,Brugt,128GB,continue,3249.00
Brugt iPhone 13 Pro,8191144427656,Skyfri blå / Brugt / 256GB,42544108404872,fdf3958b663e99fc37,Skyfri blå,Brugt,256GB,continue,3449.00
Brugt iPhone 13 Pro,8191144427656,Skyfri blå / Brugt / 512GB,42544108437640,7ab54f0564618d449f,Skyfri blå,Brugt,512GB,continue,3949.00
Brugt iPhone 13 Pro,8191144427656,Skyfri blå / Brugt / 1024GB,55025146921335,AUTOSKU-0000005N,Skyfri blå,Brugt,1024GB,continue,4449.00
Brugt iPhone 13 Pro,8191144427656,Skyfri blå / Rigtig god / 128GB,42544108470408,3b26b66378f849df2b,Skyfri blå,Rigtig god,128GB,continue,3549.00
Brugt iPhone 13 Pro,8191144427656,Skyfri blå / Rigtig god / 256GB,42544108503176,7a05f9d0d4c1820dde,Skyfri blå,Rigtig god,256GB,continue,3649.00
Brugt iPhone 13 Pro,8191144427656,Skyfri blå / Rigtig god / 512GB,42544108535944,c589b5b8cbb4c4e23e,Skyfri blå,Rigtig god,512GB,continue,4249.00
Brugt iPhone 13 Pro,8191144427656,Skyfri blå / Rigtig god / 1024GB,55025146954103,AUTOSKU-0000005O,Skyfri blå,Rigtig god,1024GB,continue,4649.00
Brugt iPhone 13 Pro,8191144427656,Skyfri blå / Som ny / 128GB,42544108568712,b9a8964d0b94902cda,Skyfri blå,Som ny,128GB,continue,3949.00
Brugt iPhone 13 Pro,8191144427656,Skyfri blå / Som ny / 256GB,42544108601480,8eb7e0a41443d38f92,Skyfri blå,Som ny,256GB,continue,4049.00
Brugt iPhone 13 Pro,8191144427656,Skyfri blå / Som ny / 512GB,42544108634248,178f08dc7e75afe20f,Skyfri blå,Som ny,512GB,continue,4649.00
Brugt iPhone 13 Pro,8191144427656,Skyfri blå / Som ny / 1024GB,55025146986871,AUTOSKU-0000005P,Skyfri blå,Som ny,1024GB,continue,4949.00
Brugt iPhone 13 Pro,8191144427656,Sølv / Brugbar / 128GB,42544108667016,ddd45bb9719a75a709,Sølv,Brugbar,128GB,continue,3149.00
Brugt iPhone 13 Pro,8191144427656,Sølv / Brugbar / 256GB,42544108699784,544ba7c3c65d46e17e,Sølv,Brugbar,256GB,continue,3349.00
Brugt iPhone 13 Pro,8191144427656,Sølv / Brugbar / 512GB,42544108732552,c020fcb5b3e7504fce,Sølv,Brugbar,512GB,continue,3849.00
Brugt iPhone 13 Pro,8191144427656,Sølv / Brugbar / 1024GB,55025147019639,AUTOSKU-0000005Q,Sølv,Brugbar,1024GB,continue,4249.00
Brugt iPhone 13 Pro,8191144427656,Sølv / Brugt / 128GB,42544108765320,a11af9c78a81c42214,Sølv,Brugt,128GB,continue,3249.00
Brugt iPhone 13 Pro,8191144427656,Sølv / Brugt / 256GB,42544108798088,39565dcae633ff68bb,Sølv,Brugt,256GB,continue,3449.00
Brugt iPhone 13 Pro,8191144427656,Sølv / Brugt / 512GB,42544108830856,8c53300230a9d21776,Sølv,Brugt,512GB,continue,3949.00
Brugt iPhone 13 Pro,8191144427656,Sølv / Brugt / 1024GB,55025147052407,AUTOSKU-0000005R,Sølv,Brugt,1024GB,continue,4449.00
Brugt iPhone 13 Pro,8191144427656,Sølv / Rigtig god / 128GB,42544108863624,3500157938b14dd2af,Sølv,Rigtig god,128GB,continue,3549.00
Brugt iPhone 13 Pro,8191144427656,Sølv / Rigtig god / 256GB,42544108896392,f705fc31d4e1a98083,Sølv,Rigtig god,256GB,continue,3649.00
Brugt iPhone 13 Pro,8191144427656,Sølv / Rigtig god / 512GB,42544108929160,f71aaff7fed6ca64cc,Sølv,Rigtig god,512GB,continue,4249.00
Brugt iPhone 13 Pro,8191144427656,Sølv / Rigtig god / 1024GB,55025147085175,AUTOSKU-0000005S,Sølv,Rigtig god,1024GB,continue,4649.00
Brugt iPhone 13 Pro,8191144427656,Sølv / Som ny / 128GB,42544108961928,3c465e72d41176a6a9,Sølv,Som ny,128GB,continue,3949.00
Brugt iPhone 13 Pro,8191144427656,Sølv / Som ny / 256GB,42544108994696,3d31cf5f53d214476b,Sølv,Som ny,256GB,continue,4049.00
Brugt iPhone 13 Pro,8191144427656,Sølv / Som ny / 512GB,42544109027464,7799eee72cd200ce66,Sølv,Som ny,512GB,continue,4649.00
Brugt iPhone 13 Pro,8191144427656,Sølv / Som ny / 1024GB,55025147117943,AUTOSKU-0000005T,Sølv,Som ny,1024GB,continue,4949.00
Brugt iPhone 13 Pro Max,8191144657032,Grafitgrå / Brugbar / 128GB,42544109125768,41d633b314a8d73faa,Grafitgrå,Brugbar,128GB,continue,3249.00
Brugt iPhone 13 Pro Max,8191144657032,Grafitgrå / Brugbar / 256GB,42544109158536,42ddae76acf7cc9a32,Grafitgrå,Brugbar,256GB,continue,3549.00
Brugt iPhone 13 Pro Max,8191144657032,Grafitgrå / Brugbar / 512GB,42544109191304,5257b99eba26a0321d,Grafitgrå,Brugbar,512GB,continue,3749.00
Brugt iPhone 13 Pro Max,8191144657032,Grafitgrå / Brugbar / 1024GB,55025182376311,AUTOSKU-0000005U,Grafitgrå,Brugbar,1024GB,continue,3949.00
Brugt iPhone 13 Pro Max,8191144657032,Grafitgrå / Brugt / 128GB,42544109224072,c6d43d57cccbd73f8b,Grafitgrå,Brugt,128GB,continue,3349.00
Brugt iPhone 13 Pro Max,8191144657032,Grafitgrå / Brugt / 256GB,42544109256840,a00bd46092ef640795,Grafitgrå,Brugt,256GB,continue,3649.00
Brugt iPhone 13 Pro Max,8191144657032,Grafitgrå / Brugt / 512GB,42544109289608,125fe08f5917dca635,Grafitgrå,Brugt,512GB,continue,3949.00
Brugt iPhone 13 Pro Max,8191144657032,Grafitgrå / Brugt / 1024GB,55025182409079,AUTOSKU-0000005V,Grafitgrå,Brugt,1024GB,continue,4049.00
Brugt iPhone 13 Pro Max,8191144657032,Grafitgrå / Rigtig god / 128GB,42544109322376,e7287e9e9e4fc9bc63,Grafitgrå,Rigtig god,128GB,continue,3649.00
Brugt iPhone 13 Pro Max,8191144657032,Grafitgrå / Rigtig god / 256GB,42544109355144,be105acf84272f4583,Grafitgrå,Rigtig god,256GB,continue,3849.00
Brugt iPhone 13 Pro Max,8191144657032,Grafitgrå / Rigtig god / 512GB,42544109387912,eab285e90a325cb946,Grafitgrå,Rigtig god,512GB,continue,4349.00
Brugt iPhone 13 Pro Max,8191144657032,Grafitgrå / Rigtig god / 1024GB,55025182441847,AUTOSKU-0000005W,Grafitgrå,Rigtig god,1024GB,continue,4449.00
Brugt iPhone 13 Pro Max,8191144657032,Grafitgrå / Som ny / 128GB,42544109420680,20c5bb2ae470d98c29,Grafitgrå,Som ny,128GB,continue,4549.00
Brugt iPhone 13 Pro Max,8191144657032,Grafitgrå / Som ny / 256GB,42544109453448,63587b66374194be44,Grafitgrå,Som ny,256GB,continue,4849.00
Brugt iPhone 13 Pro Max,8191144657032,Grafitgrå / Som ny / 512GB,42544109486216,a3f917209a15f221fb,Grafitgrå,Som ny,512GB,continue,5349.00
Brugt iPhone 13 Pro Max,8191144657032,Grafitgrå / Som ny / 1024GB,55025182474615,AUTOSKU-0000005X,Grafitgrå,Som ny,1024GB,continue,5449.00
Brugt iPhone 13 Pro Max,8191144657032,Grangrøn / Brugbar / 128GB,42544109518984,a9dc61a8cc62ae9d57,Grangrøn,Brugbar,128GB,continue,3249.00
Brugt iPhone 13 Pro Max,8191144657032,Grangrøn / Brugbar / 256GB,42544109551752,ba7930ab09e122d7c5,Grangrøn,Brugbar,256GB,continue,3549.00
Brugt iPhone 13 Pro Max,8191144657032,Grangrøn / Brugbar / 512GB,42544109584520,ed3173d14e14001789,Grangrøn,Brugbar,512GB,continue,3749.00
Brugt iPhone 13 Pro Max,8191144657032,Grangrøn / Brugbar / 1024GB,55025182507383,AUTOSKU-0000005Y,Grangrøn,Brugbar,1024GB,continue,3949.00
Brugt iPhone 13 Pro Max,8191144657032,Grangrøn / Brugt / 128GB,42544109617288,c78cd59b72c0aaf1e1,Grangrøn,Brugt,128GB,continue,3349.00
Brugt iPhone 13 Pro Max,8191144657032,Grangrøn / Brugt / 256GB,42544109650056,dcb4521d47cf2e5f9a,Grangrøn,Brugt,256GB,continue,3649.00
Brugt iPhone 13 Pro Max,8191144657032,Grangrøn / Brugt / 512GB,42544109682824,32fc51824094d6d7cd,Grangrøn,Brugt,512GB,continue,3949.00
Brugt iPhone 13 Pro Max,8191144657032,Grangrøn / Brugt / 1024GB,55025182540151,AUTOSKU-0000005Z,Grangrøn,Brugt,1024GB,continue,4049.00
Brugt iPhone 13 Pro Max,8191144657032,Grangrøn / Rigtig god / 128GB,42544109715592,326cefffaa14eae98f,Grangrøn,Rigtig god,128GB,continue,3649.00
Brugt iPhone 13 Pro Max,8191144657032,Grangrøn / Rigtig god / 256GB,42544109748360,e2d97fe06317affcae,Grangrøn,Rigtig god,256GB,continue,3849.00
Brugt iPhone 13 Pro Max,8191144657032,Grangrøn / Rigtig god / 512GB,42544109781128,bfe076e465ad036359,Grangrøn,Rigtig god,512GB,continue,4349.00
Brugt iPhone 13 Pro Max,8191144657032,Grangrøn / Rigtig god / 1024GB,55025182572919,AUTOSKU-00000060,Grangrøn,Rigtig god,1024GB,continue,4449.00
Brugt iPhone 13 Pro Max,8191144657032,Grangrøn / Som ny / 128GB,42544109813896,03e4a825392a6356a9,Grangrøn,Som ny,128GB,continue,4549.00
Brugt iPhone 13 Pro Max,8191144657032,Grangrøn / Som ny / 256GB,42544109846664,fe330bdd7bb3d1cc68,Grangrøn,Som ny,256GB,continue,4849.00
Brugt iPhone 13 Pro Max,8191144657032,Grangrøn / Som ny / 512GB,42544109879432,c737836747bded996d,Grangrøn,Som ny,512GB,continue,5349.00
Brugt iPhone 13 Pro Max,8191144657032,Grangrøn / Som ny / 1024GB,55025182605687,AUTOSKU-00000061,Grangrøn,Som ny,1024GB,continue,5449.00
Brugt iPhone 13 Pro Max,8191144657032,Guld / Brugbar / 128GB,42544109912200,02d1725aa9b5cde9dd,Guld,Brugbar,128GB,continue,3249.00
Brugt iPhone 13 Pro Max,8191144657032,Guld / Brugbar / 256GB,42544109944968,a1be88ba85ab306a47,Guld,Brugbar,256GB,continue,3549.00
Brugt iPhone 13 Pro Max,8191144657032,Guld / Brugbar / 512GB,42544109977736,a6cf4ccbf471c1a65c,Guld,Brugbar,512GB,continue,3749.00
Brugt iPhone 13 Pro Max,8191144657032,Guld / Brugbar / 1024GB,55025182638455,AUTOSKU-00000062,Guld,Brugbar,1024GB,continue,3949.00
Brugt iPhone 13 Pro Max,8191144657032,Guld / Brugt / 128GB,42544110010504,c5d48dabaf1d63ade2,Guld,Brugt,128GB,continue,3349.00
Brugt iPhone 13 Pro Max,8191144657032,Guld / Brugt / 256GB,42544110043272,dd0048ff2fd67d8900,Guld,Brugt,256GB,continue,3649.00
Brugt iPhone 13 Pro Max,8191144657032,Guld / Brugt / 512GB,42544110076040,a52deb0137e77f4cfa,Guld,Brugt,512GB,continue,3949.00
Brugt iPhone 13 Pro Max,8191144657032,Guld / Brugt / 1024GB,55025182671223,AUTOSKU-00000063,Guld,Brugt,1024GB,continue,4049.00
Brugt iPhone 13 Pro Max,8191144657032,Guld / Rigtig god / 128GB,42544110108808,a7120935e8143c95e1,Guld,Rigtig god,128GB,continue,3649.00
Brugt iPhone 13 Pro Max,8191144657032,Guld / Rigtig god / 256GB,42544110141576,67bfc850f4de5f1aa6,Guld,Rigtig god,256GB,continue,3849.00
Brugt iPhone 13 Pro Max,8191144657032,Guld / Rigtig god / 512GB,42544110174344,f7fae9f18fb821f0bf,Guld,Rigtig god,512GB,continue,4349.00
Brugt iPhone 13 Pro Max,8191144657032,Guld / Rigtig god / 1024GB,55025182703991,AUTOSKU-00000064,Guld,Rigtig god,1024GB,continue,4449.00
Brugt iPhone 13 Pro Max,8191144657032,Guld / Som ny / 128GB,42544110207112,4e6498493c58e60c59,Guld,Som ny,128GB,continue,4549.00
Brugt iPhone 13 Pro Max,8191144657032,Guld / Som ny / 256GB,42544110239880,01aeff7db2dad619d4,Guld,Som ny,256GB,continue,4849.00
Brugt iPhone 13 Pro Max,8191144657032,Guld / Som ny / 512GB,42544110272648,10f978551bbd38f5aa,Guld,Som ny,512GB,continue,5349.00
Brugt iPhone 13 Pro Max,8191144657032,Guld / Som ny / 1024GB,55025182736759,AUTOSKU-00000065,Guld,Som ny,1024GB,continue,5449.00
Brugt iPhone 13 Pro Max,8191144657032,Skyfri blå / Brugbar / 128GB,42544110305416,c80c08f7d60bae9e71,Skyfri blå,Brugbar,128GB,continue,3249.00
Brugt iPhone 13 Pro Max,8191144657032,Skyfri blå / Brugbar / 256GB,42544110338184,433f7128feafd3420c,Skyfri blå,Brugbar,256GB,continue,3549.00
Brugt iPhone 13 Pro Max,8191144657032,Skyfri blå / Brugbar / 512GB,42544110370952,0d71994bf2ab0d1dce,Skyfri blå,Brugbar,512GB,continue,3749.00
Brugt iPhone 13 Pro Max,8191144657032,Skyfri blå / Brugbar / 1024GB,55025182769527,AUTOSKU-00000066,Skyfri blå,Brugbar,1024GB,continue,3949.00
Brugt iPhone 13 Pro Max,8191144657032,Skyfri blå / Brugt / 128GB,42544110403720,36e1511794bc59287f,Skyfri blå,Brugt,128GB,continue,3349.00
Brugt iPhone 13 Pro Max,8191144657032,Skyfri blå / Brugt / 256GB,42544110436488,9d3fc28a499cabe5cf,Skyfri blå,Brugt,256GB,continue,3649.00
Brugt iPhone 13 Pro Max,8191144657032,Skyfri blå / Brugt / 512GB,42544110469256,4627aabc2281dade99,Skyfri blå,Brugt,512GB,continue,3949.00
Brugt iPhone 13 Pro Max,8191144657032,Skyfri blå / Brugt / 1024GB,55025182802295,AUTOSKU-00000067,Skyfri blå,Brugt,1024GB,continue,4049.00
Brugt iPhone 13 Pro Max,8191144657032,Skyfri blå / Rigtig god / 128GB,42544110502024,88841ed4c3c813ac60,Skyfri blå,Rigtig god,128GB,continue,3649.00
Brugt iPhone 13 Pro Max,8191144657032,Skyfri blå / Rigtig god / 256GB,42544110534792,615c031cae9b5071f0,Skyfri blå,Rigtig god,256GB,continue,3849.00
Brugt iPhone 13 Pro Max,8191144657032,Skyfri blå / Rigtig god / 512GB,42544110567560,46913af6f0b4c51a81,Skyfri blå,Rigtig god,512GB,continue,4349.00
Brugt iPhone 13 Pro Max,8191144657032,Skyfri blå / Rigtig god / 1024GB,55025182835063,AUTOSKU-00000068,Skyfri blå,Rigtig god,1024GB,continue,4449.00
Brugt iPhone 13 Pro Max,8191144657032,Skyfri blå / Som ny / 128GB,42544110600328,bd9b732ed765795f88,Skyfri blå,Som ny,128GB,continue,4549.00
Brugt iPhone 13 Pro Max,8191144657032,Skyfri blå / Som ny / 256GB,42544110633096,d9854389f7b26308c6,Skyfri blå,Som ny,256GB,continue,4849.00
Brugt iPhone 13 Pro Max,8191144657032,Skyfri blå / Som ny / 512GB,42544110665864,6bbe20b665c8d3bd71,Skyfri blå,Som ny,512GB,continue,5349.00
Brugt iPhone 13 Pro Max,8191144657032,Skyfri blå / Som ny / 1024GB,55025182867831,AUTOSKU-00000069,Skyfri blå,Som ny,1024GB,continue,5449.00
Brugt iPhone 13 Pro Max,8191144657032,Sølv / Brugbar / 128GB,42544110698632,929bcccdfa2fdce4e0,Sølv,Brugbar,128GB,continue,3249.00
Brugt iPhone 13 Pro Max,8191144657032,Sølv / Brugbar / 256GB,42544110731400,ba012b2269e60c060b,Sølv,Brugbar,256GB,continue,3549.00
Brugt iPhone 13 Pro Max,8191144657032,Sølv / Brugbar / 512GB,42544110764168,03f3fcbb33462346e9,Sølv,Brugbar,512GB,continue,3749.00
Brugt iPhone 13 Pro Max,8191144657032,Sølv / Brugbar / 1024GB,55025182900599,AUTOSKU-0000006A,Sølv,Brugbar,1024GB,continue,3949.00
Brugt iPhone 13 Pro Max,8191144657032,Sølv / Brugt / 128GB,42544110796936,4e37a7e364412dcb38,Sølv,Brugt,128GB,continue,3349.00
Brugt iPhone 13 Pro Max,8191144657032,Sølv / Brugt / 256GB,42544110829704,a376f8dbb2216c3d0d,Sølv,Brugt,256GB,continue,3649.00
Brugt iPhone 13 Pro Max,8191144657032,Sølv / Brugt / 512GB,42544110862472,d002d041152fa9e9b7,Sølv,Brugt,512GB,continue,3949.00
Brugt iPhone 13 Pro Max,8191144657032,Sølv / Brugt / 1024GB,55025182933367,AUTOSKU-0000006B,Sølv,Brugt,1024GB,continue,4049.00
Brugt iPhone 13 Pro Max,8191144657032,Sølv / Rigtig god / 128GB,42544110895240,872d50b0c8ec03ccb5,Sølv,Rigtig god,128GB,continue,3649.00
Brugt iPhone 13 Pro Max,8191144657032,Sølv / Rigtig god / 256GB,42544110928008,bce9b6cfccf2b6ce00,Sølv,Rigtig god,256GB,continue,3849.00
Brugt iPhone 13 Pro Max,8191144657032,Sølv / Rigtig god / 512GB,42544110960776,1ba9caf9883e2fbb06,Sølv,Rigtig god,512GB,continue,4349.00
Brugt iPhone 13 Pro Max,8191144657032,Sølv / Rigtig god / 1024GB,55025182966135,AUTOSKU-0000006C,Sølv,Rigtig god,1024GB,continue,4449.00
Brugt iPhone 13 Pro Max,8191144657032,Sølv / Som ny / 128GB,42544110993544,9a30aa732c31a2f57c,Sølv,Som ny,128GB,continue,4549.00
Brugt iPhone 13 Pro Max,8191144657032,Sølv / Som ny / 256GB,42544111026312,1156b969f4b0c8d932,Sølv,Som ny,256GB,continue,4849.00
Brugt iPhone 13 Pro Max,8191144657032,Sølv / Som ny / 512GB,42544111059080,135de823809b45120e,Sølv,Som ny,512GB,continue,5349.00
Brugt iPhone 13 Pro Max,8191144657032,Sølv / Som ny / 1024GB,55025182998903,AUTOSKU-0000006D,Sølv,Som ny,1024GB,continue,5449.00
Brugt iPhone 14,8191145607304,Midnat / Brugbar / 128GB,42544112042120,f10282e630358a93f1,Midnat,Brugbar,128GB,continue,2949.00
Brugt iPhone 14,8191145607304,Midnat / Brugbar / 256GB,42544112074888,04b287314e23d54ffc,Midnat,Brugbar,256GB,continue,3549.00
Brugt iPhone 14,8191145607304,Midnat / Brugbar / 512GB,42544112107656,1d5d16477c5d6092aa,Midnat,Brugbar,512GB,continue,4249.00
Brugt iPhone 14,8191145607304,Midnat / Brugt / 128GB,42544112140424,8da2d9e6e9744e482a,Midnat,Brugt,128GB,continue,3049.00
Brugt iPhone 14,8191145607304,Midnat / Brugt / 256GB,42544112173192,f9e6d287275089c996,Midnat,Brugt,256GB,continue,3749.00
Brugt iPhone 14,8191145607304,Midnat / Brugt / 512GB,42544112205960,175eb6a25a80d1fffc,Midnat,Brugt,512GB,continue,4349.00
Brugt iPhone 14,8191145607304,Midnat / Rigtig god / 128GB,42544112238728,1fbcd317d596a423da,Midnat,Rigtig god,128GB,continue,3449.00
Brugt iPhone 14,8191145607304,Midnat / Rigtig god / 256GB,42544112271496,eed28f57eda96065d9,Midnat,Rigtig god,256GB,continue,3949.00
Brugt iPhone 14,8191145607304,Midnat / Rigtig god / 512GB,42544112304264,69509c0ec7d58203da,Midnat,Rigtig god,512GB,continue,4549.00
Brugt iPhone 14,8191145607304,Midnat / Som ny / 128GB,42544112337032,69882274707ac1c710,Midnat,Som ny,128GB,continue,3649.00
Brugt iPhone 14,8191145607304,Midnat / Som ny / 256GB,42544112369800,a328c08303a31ea0b9,Midnat,Som ny,256GB,continue,4249.00
Brugt iPhone 14,8191145607304,Midnat / Som ny / 512GB,42544112402568,7eab8290134712e3b9,Midnat,Som ny,512GB,continue,4649.00
Brugt iPhone 14,8191145607304,Rød / Brugbar / 128GB,42544112435336,5c380fa6aafeaa6dab,Rød,Brugbar,128GB,continue,2949.00
Brugt iPhone 14,8191145607304,Rød / Brugbar / 256GB,42544112468104,c801c593ee487f3796,Rød,Brugbar,256GB,continue,3549.00
Brugt iPhone 14,8191145607304,Rød / Brugbar / 512GB,42544112500872,2e1d50f756bad2415a,Rød,Brugbar,512GB,continue,4249.00
Brugt iPhone 14,8191145607304,Rød / Brugt / 128GB,42544112533640,895d1c794d88101e2e,Rød,Brugt,128GB,continue,3049.00
Brugt iPhone 14,8191145607304,Rød / Brugt / 256GB,42544112566408,33e474af4abb6ce19b,Rød,Brugt,256GB,continue,3749.00
Brugt iPhone 14,8191145607304,Rød / Brugt / 512GB,42544112599176,69cb9526c5e3bece11,Rød,Brugt,512GB,continue,4349.00
Brugt iPhone 14,8191145607304,Rød / Rigtig god / 128GB,42544112631944,08a921eeb7aab04169,Rød,Rigtig god,128GB,continue,3449.00
Brugt iPhone 14,8191145607304,Rød / Rigtig god / 256GB,42544112664712,77764a05b59f5841fe,Rød,Rigtig god,256GB,continue,3949.00
Brugt iPhone 14,8191145607304,Rød / Rigtig god / 512GB,42544112697480,018a06210d4e3031ab,Rød,Rigtig god,512GB,continue,4549.00
Brugt iPhone 14,8191145607304,Rød / Som ny / 128GB,42544112730248,c1b138edac40f4a9cb,Rød,Som ny,128GB,continue,3649.00
Brugt iPhone 14,8191145607304,Rød / Som ny / 256GB,42544112763016,527d0b016a34ee0735,Rød,Som ny,256GB,continue,4249.00
Brugt iPhone 14,8191145607304,Rød / Som ny / 512GB,42544112795784,f55bb6263832b206b9,Rød,Som ny,512GB,continue,4649.00
Brugt iPhone 14,8191145607304,Stjerneskær / Brugbar / 128GB,42544112828552,19a1569b7e44fc7a64,Stjerneskær,Brugbar,128GB,continue,2949.00
Brugt iPhone 14,8191145607304,Stjerneskær / Brugbar / 256GB,42544112861320,9bcefa3a1405500fbf,Stjerneskær,Brugbar,256GB,continue,3549.00
Brugt iPhone 14,8191145607304,Stjerneskær / Brugbar / 512GB,42544112894088,895c1a3259a1b1498e,Stjerneskær,Brugbar,512GB,continue,4249.00
Brugt iPhone 14,8191145607304,Stjerneskær / Brugt / 128GB,42544112926856,b760edf16b1e9ae421,Stjerneskær,Brugt,128GB,continue,3049.00
Brugt iPhone 14,8191145607304,Stjerneskær / Brugt / 256GB,42544112959624,ce75e1bc067a065ea3,Stjerneskær,Brugt,256GB,continue,3749.00
Brugt iPhone 14,8191145607304,Stjerneskær / Brugt / 512GB,42544112992392,73364b0bfcd5cdf0bd,Stjerneskær,Brugt,512GB,continue,4349.00
Brugt iPhone 14,8191145607304,Stjerneskær / Rigtig god / 128GB,42544113025160,54a4b22b547b143b84,Stjerneskær,Rigtig god,128GB,continue,3449.00
Brugt iPhone 14,8191145607304,Stjerneskær / Rigtig god / 256GB,42544113057928,599fa02199b53f3cf9,Stjerneskær,Rigtig god,256GB,continue,3949.00
Brugt iPhone 14,8191145607304,Stjerneskær / Rigtig god / 512GB,42544113090696,9cb6c635e88b6eeeaa,Stjerneskær,Rigtig god,512GB,continue,4549.00
Brugt iPhone 14,8191145607304,Stjerneskær / Som ny / 128GB,42544113123464,532362a7ed3e0de77d,Stjerneskær,Som ny,128GB,continue,3649.00
Brugt iPhone 14,8191145607304,Stjerneskær / Som ny / 256GB,42544113156232,14a23b41e2a4a40a98,Stjerneskær,Som ny,256GB,continue,4249.00
Brugt iPhone 14,8191145607304,Stjerneskær / Som ny / 512GB,42544113189000,bfd277ed30914cf581,Stjerneskær,Som ny,512GB,continue,4649.00
Brugt iPhone 14,8191145607304,Blå / Brugbar / 128GB,42544113221768,9ded1e68e737c0f58a,Blå,Brugbar,128GB,continue,2949.00
Brugt iPhone 14,8191145607304,Blå / Brugbar / 256GB,42544113254536,c4d63b8954d0ec8544,Blå,Brugbar,256GB,continue,3549.00
Brugt iPhone 14,8191145607304,Blå / Brugbar / 512GB,42544113287304,6da4d049313ec284ac,Blå,Brugbar,512GB,continue,4249.00
Brugt iPhone 14,8191145607304,Blå / Brugt / 128GB,42544113320072,755719d7e6d2d51e82,Blå,Brugt,128GB,continue,3049.00
Brugt iPhone 14,8191145607304,Blå / Brugt / 256GB,42544113352840,e6cfd99ea45ec3e0af,Blå,Brugt,256GB,continue,3749.00
Brugt iPhone 14,8191145607304,Blå / Brugt / 512GB,42544113385608,7b0068384f22bacdc9,Blå,Brugt,512GB,continue,4349.00
Brugt iPhone 14,8191145607304,Blå / Rigtig god / 128GB,42544113418376,d8cfdcd8c617cc5792,Blå,Rigtig god,128GB,continue,3449.00
Brugt iPhone 14,8191145607304,Blå / Rigtig god / 256GB,42544113451144,9273a243604824ebfb,Blå,Rigtig god,256GB,continue,3949.00
Brugt iPhone 14,8191145607304,Blå / Rigtig god / 512GB,42544113483912,3211f215ceba990d79,Blå,Rigtig god,512GB,continue,4549.00
Brugt iPhone 14,8191145607304,Blå / Som ny / 128GB,42544113516680,8b65a11a047d566f9d,Blå,Som ny,128GB,continue,3649.00
Brugt iPhone 14,8191145607304,Blå / Som ny / 256GB,42544113549448,944595ab34f64d54cb,Blå,Som ny,256GB,continue,4249.00
Brugt iPhone 14,8191145607304,Blå / Som ny / 512GB,42544113582216,8df5a2227fcbeb79c9,Blå,Som ny,512GB,continue,4649.00
Brugt iPhone 14,8191145607304,Lilla / Brugbar / 128GB,42544113614984,83749cd4ecbf60c0aa,Lilla,Brugbar,128GB,continue,2949.00
Brugt iPhone 14,8191145607304,Lilla / Brugbar / 256GB,42544113647752,5a9a964d0d33d13103,Lilla,Brugbar,256GB,continue,3549.00
Brugt iPhone 14,8191145607304,Lilla / Brugbar / 512GB,42544113680520,eccf598de49d282018,Lilla,Brugbar,512GB,continue,4249.00
Brugt iPhone 14,8191145607304,Lilla / Brugt / 128GB,42544113713288,bda17d8ef7beb5a055,Lilla,Brugt,128GB,continue,3049.00
Brugt iPhone 14,8191145607304,Lilla / Brugt / 256GB,42544113746056,3ba562a1e8489b1b19,Lilla,Brugt,256GB,continue,3749.00
Brugt iPhone 14,8191145607304,Lilla / Brugt / 512GB,42544113778824,5831cc8df7ffae44c2,Lilla,Brugt,512GB,continue,4349.00
Brugt iPhone 14,8191145607304,Lilla / Rigtig god / 128GB,42544113811592,ccdb6307bc3410ba02,Lilla,Rigtig god,128GB,continue,3449.00
Brugt iPhone 14,8191145607304,Lilla / Rigtig god / 256GB,42544113844360,5e11fecf7495bc69d5,Lilla,Rigtig god,256GB,continue,3949.00
Brugt iPhone 14,8191145607304,Lilla / Rigtig god / 512GB,42544113877128,b8d914173c1828c596,Lilla,Rigtig god,512GB,continue,4549.00
Brugt iPhone 14,8191145607304,Lilla / Som ny / 128GB,42544113909896,463e34c2b15d04f5a1,Lilla,Som ny,128GB,continue,3649.00
Brugt iPhone 14,8191145607304,Lilla / Som ny / 256GB,42544113942664,22cbd6c086b6ef3bbf,Lilla,Som ny,256GB,continue,4249.00
Brugt iPhone 14,8191145607304,Lilla / Som ny / 512GB,42544113975432,02b9d33afb7d30402e,Lilla,Som ny,512GB,continue,4649.00
Brugt iPhone 14 Plus,8191145672840,Midnat / Brugbar / 128GB,42544114073736,8a45d30e18ad620e0a,Midnat,Brugbar,128GB,continue,3249.00
Brugt iPhone 14 Plus,8191145672840,Midnat / Brugbar / 256GB,42544114106504,942fde9039c179bd39,Midnat,Brugbar,256GB,continue,3649.00
Brugt iPhone 14 Plus,8191145672840,Midnat / Brugbar / 512GB,42544114139272,fb76dfb3021bfe4390,Midnat,Brugbar,512GB,continue,4249.00
Brugt iPhone 14 Plus,8191145672840,Midnat / Brugt / 128GB,42544114172040,56ee89139c5bdb6ee8,Midnat,Brugt,128GB,continue,3449.00
Brugt iPhone 14 Plus,8191145672840,Midnat / Brugt / 256GB,42544114204808,5ef570e58b7c34b8c0,Midnat,Brugt,256GB,continue,3749.00
Brugt iPhone 14 Plus,8191145672840,Midnat / Brugt / 512GB,42544114237576,9651bc08285c0a03a5,Midnat,Brugt,512GB,continue,4449.00
Brugt iPhone 14 Plus,8191145672840,Midnat / Rigtig god / 128GB,42544114270344,d6967b3d5b447d4663,Midnat,Rigtig god,128GB,continue,3749.00
Brugt iPhone 14 Plus,8191145672840,Midnat / Rigtig god / 256GB,42544114303112,3c1716f9e0d65ddfd3,Midnat,Rigtig god,256GB,continue,3949.00
Brugt iPhone 14 Plus,8191145672840,Midnat / Rigtig god / 512GB,42544114335880,7722c87b760657e395,Midnat,Rigtig god,512GB,continue,4749.00
Brugt iPhone 14 Plus,8191145672840,Midnat / Som ny / 128GB,42544114368648,54853ee969daaa0bf3,Midnat,Som ny,128GB,continue,3949.00
Brugt iPhone 14 Plus,8191145672840,Midnat / Som ny / 256GB,42544114401416,abc1a3b097298db655,Midnat,Som ny,256GB,continue,4649.00
Brugt iPhone 14 Plus,8191145672840,Midnat / Som ny / 512GB,42544114434184,cdeb1b1123a84cf680,Midnat,Som ny,512GB,continue,4949.00
Brugt iPhone 14 Plus,8191145672840,Rød / Brugbar / 128GB,42544114466952,7e03597d38b797b7c1,Rød,Brugbar,128GB,continue,3249.00
Brugt iPhone 14 Plus,8191145672840,Rød / Brugbar / 256GB,42544114499720,232463d9b62c393872,Rød,Brugbar,256GB,continue,3649.00
Brugt iPhone 14 Plus,8191145672840,Rød / Brugbar / 512GB,42544114532488,ee643e5262d5dbd793,Rød,Brugbar,512GB,continue,4249.00
Brugt iPhone 14 Plus,8191145672840,Rød / Brugt / 128GB,42544114565256,44dff01669e3fbf865,Rød,Brugt,128GB,continue,3449.00
Brugt iPhone 14 Plus,8191145672840,Rød / Brugt / 256GB,42544114598024,37c89030f37c30fb5d,Rød,Brugt,256GB,continue,3749.00
Brugt iPhone 14 Plus,8191145672840,Rød / Brugt / 512GB,42544114630792,facc7098ce10520c4f,Rød,Brugt,512GB,continue,4449.00
Brugt iPhone 14 Plus,8191145672840,Rød / Rigtig god / 128GB,42544114663560,bcd27830ae62b55bf4,Rød,Rigtig god,128GB,continue,3749.00
Brugt iPhone 14 Plus,8191145672840,Rød / Rigtig god / 256GB,42544114696328,07a8ccc6447107a777,Rød,Rigtig god,256GB,continue,3949.00
Brugt iPhone 14 Plus,8191145672840,Rød / Rigtig god / 512GB,42544114729096,496fb5f9e9f6d0e028,Rød,Rigtig god,512GB,continue,4749.00
Brugt iPhone 14 Plus,8191145672840,Rød / Som ny / 128GB,42544114761864,f20676403fa98e81c9,Rød,Som ny,128GB,continue,3949.00
Brugt iPhone 14 Plus,8191145672840,Rød / Som ny / 256GB,42544114794632,6354e350a553176f62,Rød,Som ny,256GB,continue,4649.00
Brugt iPhone 14 Plus,8191145672840,Rød / Som ny / 512GB,42544114827400,297b1182dcf8612e53,Rød,Som ny,512GB,continue,4949.00
Brugt iPhone 14 Plus,8191145672840,Stjerneskær / Brugbar / 128GB,42544114860168,8259d025e2172bab9e,Stjerneskær,Brugbar,128GB,continue,3249.00
Brugt iPhone 14 Plus,8191145672840,Stjerneskær / Brugbar / 256GB,42544114892936,dab98aff6880e376ec,Stjerneskær,Brugbar,256GB,continue,3649.00
Brugt iPhone 14 Plus,8191145672840,Stjerneskær / Brugbar / 512GB,42544114925704,3bc4e3ae74f3e290b6,Stjerneskær,Brugbar,512GB,continue,4249.00
Brugt iPhone 14 Plus,8191145672840,Stjerneskær / Brugt / 128GB,42544114958472,5497450ff6d8429cea,Stjerneskær,Brugt,128GB,continue,3449.00
Brugt iPhone 14 Plus,8191145672840,Stjerneskær / Brugt / 256GB,42544114991240,f8539759569fc2f2ee,Stjerneskær,Brugt,256GB,continue,3749.00
Brugt iPhone 14 Plus,8191145672840,Stjerneskær / Brugt / 512GB,42544115024008,409cb75b1d957c3424,Stjerneskær,Brugt,512GB,continue,4449.00
Brugt iPhone 14 Plus,8191145672840,Stjerneskær / Rigtig god / 128GB,42544115056776,2a66a9dac01589b632,Stjerneskær,Rigtig god,128GB,continue,3749.00
Brugt iPhone 14 Plus,8191145672840,Stjerneskær / Rigtig god / 256GB,42544115089544,7547d61bed815a5e31,Stjerneskær,Rigtig god,256GB,continue,3949.00
Brugt iPhone 14 Plus,8191145672840,Stjerneskær / Rigtig god / 512GB,42544115122312,21b220718a0b57a10f,Stjerneskær,Rigtig god,512GB,continue,4749.00
Brugt iPhone 14 Plus,8191145672840,Stjerneskær / Som ny / 128GB,42544115155080,5bfda320adaad7cade,Stjerneskær,Som ny,128GB,continue,3949.00
Brugt iPhone 14 Plus,8191145672840,Stjerneskær / Som ny / 256GB,42544115187848,1de73b861787095f6e,Stjerneskær,Som ny,256GB,continue,4649.00
Brugt iPhone 14 Plus,8191145672840,Stjerneskær / Som ny / 512GB,42544115220616,51245afb9a0029d456,Stjerneskær,Som ny,512GB,continue,4949.00
Brugt iPhone 14 Plus,8191145672840,Blå / Brugbar / 128GB,42544115253384,b01ab7b8772a2c81fe,Blå,Brugbar,128GB,continue,3249.00
Brugt iPhone 14 Plus,8191145672840,Blå / Brugbar / 256GB,42544115286152,ec451bdb9e7522e072,Blå,Brugbar,256GB,continue,3649.00
Brugt iPhone 14 Plus,8191145672840,Blå / Brugbar / 512GB,42544115318920,0964c0288a10cfb9e8,Blå,Brugbar,512GB,continue,4249.00
Brugt iPhone 14 Plus,8191145672840,Blå / Brugt / 128GB,42544115351688,14d5a7d05ebeb1e602,Blå,Brugt,128GB,continue,3449.00
Brugt iPhone 14 Plus,8191145672840,Blå / Brugt / 256GB,42544115384456,38b3e8daf0bbd108d3,Blå,Brugt,256GB,continue,3749.00
Brugt iPhone 14 Plus,8191145672840,Blå / Brugt / 512GB,42544115417224,be9f0fbd765a341c5f,Blå,Brugt,512GB,continue,4449.00
Brugt iPhone 14 Plus,8191145672840,Blå / Rigtig god / 128GB,42544115449992,ae479182d658d1c30f,Blå,Rigtig god,128GB,continue,3749.00
Brugt iPhone 14 Plus,8191145672840,Blå / Rigtig god / 256GB,42544115482760,dc573f04c1fc512130,Blå,Rigtig god,256GB,continue,3949.00
Brugt iPhone 14 Plus,8191145672840,Blå / Rigtig god / 512GB,42544115515528,f134693b3ba1e4f8ee,Blå,Rigtig god,512GB,continue,4749.00
Brugt iPhone 14 Plus,8191145672840,Blå / Som ny / 128GB,42544115548296,aa604e51aeed527814,Blå,Som ny,128GB,continue,3949.00
Brugt iPhone 14 Plus,8191145672840,Blå / Som ny / 256GB,42544115581064,0c1a673ed3d71c4070,Blå,Som ny,256GB,continue,4649.00
Brugt iPhone 14 Plus,8191145672840,Blå / Som ny / 512GB,42544115613832,9e8f1c9f1c5b0a2faf,Blå,Som ny,512GB,continue,4949.00
Brugt iPhone 14 Plus,8191145672840,Lilla / Brugbar / 128GB,42544115646600,13733434c5e2a7926f,Lilla,Brugbar,128GB,continue,3249.00
Brugt iPhone 14 Plus,8191145672840,Lilla / Brugbar / 256GB,42544115679368,9f9a3b8a071953820a,Lilla,Brugbar,256GB,continue,3649.00
Brugt iPhone 14 Plus,8191145672840,Lilla / Brugbar / 512GB,42544115712136,43645ff0ef71cad51e,Lilla,Brugbar,512GB,continue,4249.00
Brugt iPhone 14 Plus,8191145672840,Lilla / Brugt / 128GB,42544115744904,941628b860715095db,Lilla,Brugt,128GB,continue,3449.00
Brugt iPhone 14 Plus,8191145672840,Lilla / Brugt / 256GB,42544115777672,bb9b705a00757a2676,Lilla,Brugt,256GB,continue,3749.00
Brugt iPhone 14 Plus,8191145672840,Lilla / Brugt / 512GB,42544115810440,6724710d807254fb30,Lilla,Brugt,512GB,continue,4449.00
Brugt iPhone 14 Plus,8191145672840,Lilla / Rigtig god / 128GB,42544115843208,547088468518eee493,Lilla,Rigtig god,128GB,continue,3749.00
Brugt iPhone 14 Plus,8191145672840,Lilla / Rigtig god / 256GB,42544115875976,c90fd5c7f4f10d40a7,Lilla,Rigtig god,256GB,continue,3949.00
Brugt iPhone 14 Plus,8191145672840,Lilla / Rigtig god / 512GB,42544115908744,bf5c07e4920a240e73,Lilla,Rigtig god,512GB,continue,4749.00
Brugt iPhone 14 Plus,8191145672840,Lilla / Som ny / 128GB,42544115941512,7a31545d664cabe098,Lilla,Som ny,128GB,continue,3949.00
Brugt iPhone 14 Plus,8191145672840,Lilla / Som ny / 256GB,42544115974280,f4e9173d4801f4bd55,Lilla,Som ny,256GB,continue,4649.00
Brugt iPhone 14 Plus,8191145672840,Lilla / Som ny / 512GB,42544116007048,38537b010072c0f9bc,Lilla,Som ny,512GB,continue,4949.00
Brugt iPhone 14 Pro,8191145803912,Dyblilla / Brugbar / 128GB,42544116695176,9a75caa06281ce71cd,Dyblilla,Brugbar,128GB,continue,3949.00
Brugt iPhone 14 Pro,8191145803912,Dyblilla / Brugbar / 256GB,42544116727944,861b6c7b8f07a7f629,Dyblilla,Brugbar,256GB,continue,4549.00
Brugt iPhone 14 Pro,8191145803912,Dyblilla / Brugbar / 512GB,42544116760712,d821415b9d1008fd24,Dyblilla,Brugbar,512GB,continue,5049.00
Brugt iPhone 14 Pro,8191145803912,Dyblilla / Brugbar / 1024GB,55025308336503,AUTOSKU-0000006E,Dyblilla,Brugbar,1024GB,continue,5549.00
Brugt iPhone 14 Pro,8191145803912,Dyblilla / Brugt / 128GB,42544116793480,3153d8a383f7ce7cc6,Dyblilla,Brugt,128GB,continue,4149.00
Brugt iPhone 14 Pro,8191145803912,Dyblilla / Brugt / 256GB,42544116826248,8afbeda448b6374c52,Dyblilla,Brugt,256GB,continue,4649.00
Brugt iPhone 14 Pro,8191145803912,Dyblilla / Brugt / 512GB,42544116859016,d525b0709bb1f065eb,Dyblilla,Brugt,512GB,continue,5149.00
Brugt iPhone 14 Pro,8191145803912,Dyblilla / Brugt / 1024GB,55025308369271,AUTOSKU-0000006F,Dyblilla,Brugt,1024GB,continue,5749.00
Brugt iPhone 14 Pro,8191145803912,Dyblilla / Rigtig god / 128GB,42544116891784,403f8b7c38009f6688,Dyblilla,Rigtig god,128GB,continue,4449.00
Brugt iPhone 14 Pro,8191145803912,Dyblilla / Rigtig god / 256GB,42544116924552,e359735fe0b890e11e,Dyblilla,Rigtig god,256GB,continue,4849.00
Brugt iPhone 14 Pro,8191145803912,Dyblilla / Rigtig god / 512GB,42544116957320,964893634018ce66a2,Dyblilla,Rigtig god,512GB,continue,5349.00
Brugt iPhone 14 Pro,8191145803912,Dyblilla / Rigtig god / 1024GB,55025308402039,AUTOSKU-0000006G,Dyblilla,Rigtig god,1024GB,continue,6049.00
Brugt iPhone 14 Pro,8191145803912,Dyblilla / Som ny / 128GB,42544116990088,f7da2915696facb992,Dyblilla,Som ny,128GB,continue,4649.00
Brugt iPhone 14 Pro,8191145803912,Dyblilla / Som ny / 256GB,42544117022856,4fc7afbdd7d5fe5860,Dyblilla,Som ny,256GB,continue,5149.00
Brugt iPhone 14 Pro,8191145803912,Dyblilla / Som ny / 512GB,42544117055624,e12a15eb8da0ef4567,Dyblilla,Som ny,512GB,continue,5949.00
Brugt iPhone 14 Pro,8191145803912,Dyblilla / Som ny / 1024GB,55025308434807,AUTOSKU-0000006H,Dyblilla,Som ny,1024GB,continue,6349.00
Brugt iPhone 14 Pro,8191145803912,Guld / Brugbar / 128GB,42544117088392,d12e55f01f2a69b805,Guld,Brugbar,128GB,continue,3949.00
Brugt iPhone 14 Pro,8191145803912,Guld / Brugbar / 256GB,42544117121160,60ca9ea0aa80696e89,Guld,Brugbar,256GB,continue,4549.00
Brugt iPhone 14 Pro,8191145803912,Guld / Brugbar / 512GB,42544117153928,74313207ce47be0e38,Guld,Brugbar,512GB,continue,5049.00
Brugt iPhone 14 Pro,8191145803912,Guld / Brugbar / 1024GB,55025308467575,AUTOSKU-0000006I,Guld,Brugbar,1024GB,continue,5549.00
Brugt iPhone 14 Pro,8191145803912,Guld / Brugt / 128GB,42544117186696,2be38e2166a6252fcf,Guld,Brugt,128GB,continue,4149.00
Brugt iPhone 14 Pro,8191145803912,Guld / Brugt / 256GB,42544117219464,41327e1806eab2dc27,Guld,Brugt,256GB,continue,4649.00
Brugt iPhone 14 Pro,8191145803912,Guld / Brugt / 512GB,42544117252232,ff5fd57a9e5554e8de,Guld,Brugt,512GB,continue,5149.00
Brugt iPhone 14 Pro,8191145803912,Guld / Brugt / 1024GB,55025308500343,AUTOSKU-0000006J,Guld,Brugt,1024GB,continue,5749.00
Brugt iPhone 14 Pro,8191145803912,Guld / Rigtig god / 128GB,42544117285000,4d0ed653afbd8ab095,Guld,Rigtig god,128GB,continue,4449.00
Brugt iPhone 14 Pro,8191145803912,Guld / Rigtig god / 256GB,42544117317768,e8c9cea7fcec750fa6,Guld,Rigtig god,256GB,continue,4849.00
Brugt iPhone 14 Pro,8191145803912,Guld / Rigtig god / 512GB,42544117350536,b5b1490658b250eefa,Guld,Rigtig god,512GB,continue,5349.00
Brugt iPhone 14 Pro,8191145803912,Guld / Rigtig god / 1024GB,55025308533111,AUTOSKU-0000006K,Guld,Rigtig god,1024GB,continue,6049.00
Brugt iPhone 14 Pro,8191145803912,Guld / Som ny / 128GB,42544117383304,812f42c8859a15c251,Guld,Som ny,128GB,continue,4649.00
Brugt iPhone 14 Pro,8191145803912,Guld / Som ny / 256GB,42544117416072,f2382ca9bff64b66aa,Guld,Som ny,256GB,continue,5149.00
Brugt iPhone 14 Pro,8191145803912,Guld / Som ny / 512GB,42544117448840,0855b9d548ec7048dd,Guld,Som ny,512GB,continue,5949.00
Brugt iPhone 14 Pro,8191145803912,Guld / Som ny / 1024GB,55025308565879,AUTOSKU-0000006L,Guld,Som ny,1024GB,continue,6349.00
Brugt iPhone 14 Pro,8191145803912,Sølv / Brugbar / 128GB,42544117481608,7500b1435c166cdabf,Sølv,Brugbar,128GB,continue,3949.00
Brugt iPhone 14 Pro,8191145803912,Sølv / Brugbar / 256GB,42544117514376,ab56c7de6632cb2ed7,Sølv,Brugbar,256GB,continue,4549.00
Brugt iPhone 14 Pro,8191145803912,Sølv / Brugbar / 512GB,42544117547144,bf70c829b5457824d0,Sølv,Brugbar,512GB,continue,5049.00
Brugt iPhone 14 Pro,8191145803912,Sølv / Brugbar / 1024GB,55025308598647,AUTOSKU-0000006M,Sølv,Brugbar,1024GB,continue,5549.00
Brugt iPhone 14 Pro,8191145803912,Sølv / Brugt / 128GB,42544117579912,27e6025b77f26ed581,Sølv,Brugt,128GB,continue,4149.00
Brugt iPhone 14 Pro,8191145803912,Sølv / Brugt / 256GB,42544117612680,bd685c704b4d8b00bd,Sølv,Brugt,256GB,continue,4649.00
Brugt iPhone 14 Pro,8191145803912,Sølv / Brugt / 512GB,42544117645448,b2fea74d56053ed734,Sølv,Brugt,512GB,continue,5149.00
Brugt iPhone 14 Pro,8191145803912,Sølv / Brugt / 1024GB,55025308631415,AUTOSKU-0000006N,Sølv,Brugt,1024GB,continue,5749.00
Brugt iPhone 14 Pro,8191145803912,Sølv / Rigtig god / 128GB,42544117678216,a256a058e8222b2f12,Sølv,Rigtig god,128GB,continue,4449.00
Brugt iPhone 14 Pro,8191145803912,Sølv / Rigtig god / 256GB,42544117710984,3df32a5a145d8332d7,Sølv,Rigtig god,256GB,continue,4849.00
Brugt iPhone 14 Pro,8191145803912,Sølv / Rigtig god / 512GB,42544117743752,97e4de3072ec2d4caf,Sølv,Rigtig god,512GB,continue,5349.00
Brugt iPhone 14 Pro,8191145803912,Sølv / Rigtig god / 1024GB,55025308664183,AUTOSKU-0000006O,Sølv,Rigtig god,1024GB,continue,6049.00
Brugt iPhone 14 Pro,8191145803912,Sølv / Som ny / 128GB,42544117776520,8a0ba7a9f58d743b8e,Sølv,Som ny,128GB,continue,4649.00
Brugt iPhone 14 Pro,8191145803912,Sølv / Som ny / 256GB,42544117809288,bf33a79abc72957a59,Sølv,Som ny,256GB,continue,5149.00
Brugt iPhone 14 Pro,8191145803912,Sølv / Som ny / 512GB,42544117842056,8f4ac067df64805023,Sølv,Som ny,512GB,continue,5949.00
Brugt iPhone 14 Pro,8191145803912,Sølv / Som ny / 1024GB,55025308696951,AUTOSKU-0000006P,Sølv,Som ny,1024GB,continue,6349.00
Brugt iPhone 14 Pro,8191145803912,Space black / Brugbar / 128GB,42544117874824,abeb6b6eabfda365a3,Space black,Brugbar,128GB,continue,3949.00
Brugt iPhone 14 Pro,8191145803912,Space black / Brugbar / 256GB,42544117907592,f9e52b8ae25956cbd5,Space black,Brugbar,256GB,continue,4549.00
Brugt iPhone 14 Pro,8191145803912,Space black / Brugbar / 512GB,42544117940360,8c7cf7a3762a45d2d2,Space black,Brugbar,512GB,continue,5049.00
Brugt iPhone 14 Pro,8191145803912,Space black / Brugbar / 1024GB,55025308729719,AUTOSKU-0000006Q,Space black,Brugbar,1024GB,continue,5549.00
Brugt iPhone 14 Pro,8191145803912,Space black / Brugt / 128GB,42544117973128,2d341bf22ad005dd00,Space black,Brugt,128GB,continue,4149.00
Brugt iPhone 14 Pro,8191145803912,Space black / Brugt / 256GB,42544118005896,6b59a45829da34051d,Space black,Brugt,256GB,continue,4649.00
Brugt iPhone 14 Pro,8191145803912,Space black / Brugt / 512GB,42544118038664,a2aa7083207eaa75eb,Space black,Brugt,512GB,continue,5149.00
Brugt iPhone 14 Pro,8191145803912,Space black / Brugt / 1024GB,55025308762487,AUTOSKU-0000006R,Space black,Brugt,1024GB,continue,5749.00
Brugt iPhone 14 Pro,8191145803912,Space black / Rigtig god / 128GB,42544118071432,25c47bc3b6f9e5fe86,Space black,Rigtig god,128GB,continue,4449.00
Brugt iPhone 14 Pro,8191145803912,Space black / Rigtig god / 256GB,42544118104200,6fb76d66f972c0f4a2,Space black,Rigtig god,256GB,continue,4849.00
Brugt iPhone 14 Pro,8191145803912,Space black / Rigtig god / 512GB,42544118136968,e28cafc59dbe2551f3,Space black,Rigtig god,512GB,continue,5349.00
Brugt iPhone 14 Pro,8191145803912,Space black / Rigtig god / 1024GB,55025308795255,AUTOSKU-0000006S,Space black,Rigtig god,1024GB,continue,6049.00
Brugt iPhone 14 Pro,8191145803912,Space black / Som ny / 128GB,42544118169736,385281b90897ceaf80,Space black,Som ny,128GB,continue,4649.00
Brugt iPhone 14 Pro,8191145803912,Space black / Som ny / 256GB,42544118202504,6b35d5c25fe9a333dd,Space black,Som ny,256GB,continue,5149.00
Brugt iPhone 14 Pro,8191145803912,Space black / Som ny / 512GB,42544118235272,9c2d6124770b95db39,Space black,Som ny,512GB,continue,5949.00
Brugt iPhone 14 Pro,8191145803912,Space black / Som ny / 1024GB,55025308828023,AUTOSKU-0000006T,Space black,Som ny,1024GB,continue,6349.00
Brugt iPhone 14 Pro Max,8191145902216,Dyblilla / Brugbar / 128GB,42544118464648,f18d7cb7b0d9383ebd,Dyblilla,Brugbar,128GB,continue,4349.00
Brugt iPhone 14 Pro Max,8191145902216,Dyblilla / Brugbar / 256GB,42544118497416,d94410fa2b020293bc,Dyblilla,Brugbar,256GB,continue,4549.00
Brugt iPhone 14 Pro Max,8191145902216,Dyblilla / Brugbar / 512GB,42544118530184,c4e295caf4de5e8e54,Dyblilla,Brugbar,512GB,continue,5149.00
Brugt iPhone 14 Pro Max,8191145902216,Dyblilla / Brugbar / 1024GB,55025318625655,AUTOSKU-0000006U,Dyblilla,Brugbar,1024GB,continue,6149.00
Brugt iPhone 14 Pro Max,8191145902216,Dyblilla / Brugt / 128GB,42544118562952,16514f2a60107aa73b,Dyblilla,Brugt,128GB,continue,4449.00
Brugt iPhone 14 Pro Max,8191145902216,Dyblilla / Brugt / 256GB,42544118595720,b233ecafa95a2e5924,Dyblilla,Brugt,256GB,continue,4749.00
Brugt iPhone 14 Pro Max,8191145902216,Dyblilla / Brugt / 512GB,42544118628488,fd258d501fb76e3113,Dyblilla,Brugt,512GB,continue,5349.00
Brugt iPhone 14 Pro Max,8191145902216,Dyblilla / Brugt / 1024GB,55025318658423,AUTOSKU-0000006V,Dyblilla,Brugt,1024GB,continue,6249.00
Brugt iPhone 14 Pro Max,8191145902216,Dyblilla / Rigtig god / 128GB,42544118661256,70acb99b26402f048f,Dyblilla,Rigtig god,128GB,continue,4849.00
Brugt iPhone 14 Pro Max,8191145902216,Dyblilla / Rigtig god / 256GB,42544118694024,96a0888b5294d65ec1,Dyblilla,Rigtig god,256GB,continue,5049.00
Brugt iPhone 14 Pro Max,8191145902216,Dyblilla / Rigtig god / 512GB,42544118726792,7bffe7fa19fadb1677,Dyblilla,Rigtig god,512GB,continue,5649.00
Brugt iPhone 14 Pro Max,8191145902216,Dyblilla / Rigtig god / 1024GB,55025318691191,AUTOSKU-0000006W,Dyblilla,Rigtig god,1024GB,continue,6549.00
Brugt iPhone 14 Pro Max,8191145902216,Dyblilla / Som ny / 128GB,42544118759560,465c33e26af1af32af,Dyblilla,Som ny,128GB,continue,5349.00
Brugt iPhone 14 Pro Max,8191145902216,Dyblilla / Som ny / 256GB,42544118792328,fa52fa89e325f28ab7,Dyblilla,Som ny,256GB,continue,5649.00
Brugt iPhone 14 Pro Max,8191145902216,Dyblilla / Som ny / 512GB,42544118825096,1dfa41d18426d4f470,Dyblilla,Som ny,512GB,continue,5949.00
Brugt iPhone 14 Pro Max,8191145902216,Dyblilla / Som ny / 1024GB,55025318723959,AUTOSKU-0000006X,Dyblilla,Som ny,1024GB,continue,7049.00
Brugt iPhone 14 Pro Max,8191145902216,Guld / Brugbar / 128GB,42544118857864,30f821aac1b5285db0,Guld,Brugbar,128GB,continue,4349.00
Brugt iPhone 14 Pro Max,8191145902216,Guld / Brugbar / 256GB,42544118890632,dc17a8126c39a60d7a,Guld,Brugbar,256GB,continue,4549.00
Brugt iPhone 14 Pro Max,8191145902216,Guld / Brugbar / 512GB,42544118923400,62bd943b55f472ac4c,Guld,Brugbar,512GB,continue,5149.00
Brugt iPhone 14 Pro Max,8191145902216,Guld / Brugbar / 1024GB,55025318756727,AUTOSKU-0000006Y,Guld,Brugbar,1024GB,continue,6149.00
Brugt iPhone 14 Pro Max,8191145902216,Guld / Brugt / 128GB,42544118956168,1e7fc3b0534db66ce2,Guld,Brugt,128GB,continue,4449.00
Brugt iPhone 14 Pro Max,8191145902216,Guld / Brugt / 256GB,42544118988936,b7853f8271dffd180d,Guld,Brugt,256GB,continue,4749.00
Brugt iPhone 14 Pro Max,8191145902216,Guld / Brugt / 512GB,42544119021704,9e3a7b3021fa6ff60a,Guld,Brugt,512GB,continue,5349.00
Brugt iPhone 14 Pro Max,8191145902216,Guld / Brugt / 1024GB,55025318789495,AUTOSKU-0000006Z,Guld,Brugt,1024GB,continue,6249.00
Brugt iPhone 14 Pro Max,8191145902216,Guld / Rigtig god / 128GB,42544119054472,f943737b4c9cf3d127,Guld,Rigtig god,128GB,continue,4849.00
Brugt iPhone 14 Pro Max,8191145902216,Guld / Rigtig god / 256GB,42544119087240,5354b4f885f1af1fce,Guld,Rigtig god,256GB,continue,5049.00
Brugt iPhone 14 Pro Max,8191145902216,Guld / Rigtig god / 512GB,42544119120008,6e991d4afa5a9eebf8,Guld,Rigtig god,512GB,continue,5649.00
Brugt iPhone 14 Pro Max,8191145902216,Guld / Rigtig god / 1024GB,55025318822263,AUTOSKU-00000070,Guld,Rigtig god,1024GB,continue,6549.00
Brugt iPhone 14 Pro Max,8191145902216,Guld / Som ny / 128GB,42544119152776,33029f7932a6bbab8b,Guld,Som ny,128GB,continue,5349.00
Brugt iPhone 14 Pro Max,8191145902216,Guld / Som ny / 256GB,42544119185544,23fae23d27ad1167ae,Guld,Som ny,256GB,continue,5649.00
Brugt iPhone 14 Pro Max,8191145902216,Guld / Som ny / 512GB,42544119218312,085cd53ca78c15830d,Guld,Som ny,512GB,continue,5949.00
Brugt iPhone 14 Pro Max,8191145902216,Guld / Som ny / 1024GB,55025318855031,AUTOSKU-00000071,Guld,Som ny,1024GB,continue,7049.00
Brugt iPhone 14 Pro Max,8191145902216,Sølv / Brugbar / 128GB,42544119251080,c33db3dd96f920e8d3,Sølv,Brugbar,128GB,continue,4349.00
Brugt iPhone 14 Pro Max,8191145902216,Sølv / Brugbar / 256GB,42544119283848,947115b8e4b407d286,Sølv,Brugbar,256GB,continue,4549.00
Brugt iPhone 14 Pro Max,8191145902216,Sølv / Brugbar / 512GB,42544119316616,5a05fede3b0f23599f,Sølv,Brugbar,512GB,continue,5149.00
Brugt iPhone 14 Pro Max,8191145902216,Sølv / Brugbar / 1024GB,55025318887799,AUTOSKU-00000072,Sølv,Brugbar,1024GB,continue,6149.00
Brugt iPhone 14 Pro Max,8191145902216,Sølv / Brugt / 128GB,42544119349384,487f9d8ccc0a7c5f5a,Sølv,Brugt,128GB,continue,4449.00
Brugt iPhone 14 Pro Max,8191145902216,Sølv / Brugt / 256GB,42544119382152,72d1e8ee947c7b0b1d,Sølv,Brugt,256GB,continue,4749.00
Brugt iPhone 14 Pro Max,8191145902216,Sølv / Brugt / 512GB,42544119414920,e81024dba4fcc2007a,Sølv,Brugt,512GB,continue,5349.00
Brugt iPhone 14 Pro Max,8191145902216,Sølv / Brugt / 1024GB,55025318920567,AUTOSKU-00000073,Sølv,Brugt,1024GB,continue,6249.00
Brugt iPhone 14 Pro Max,8191145902216,Sølv / Rigtig god / 128GB,42544119447688,e001317555b3f9565b,Sølv,Rigtig god,128GB,continue,4849.00
Brugt iPhone 14 Pro Max,8191145902216,Sølv / Rigtig god / 256GB,42544119480456,2b466d7ac481fdbe39,Sølv,Rigtig god,256GB,continue,5049.00
Brugt iPhone 14 Pro Max,8191145902216,Sølv / Rigtig god / 512GB,42544119513224,20b8812ab27ac8062f,Sølv,Rigtig god,512GB,continue,5649.00
Brugt iPhone 14 Pro Max,8191145902216,Sølv / Rigtig god / 1024GB,55025318953335,AUTOSKU-00000074,Sølv,Rigtig god,1024GB,continue,6549.00
Brugt iPhone 14 Pro Max,8191145902216,Sølv / Som ny / 128GB,42544119545992,ac9537b42633ab6b81,Sølv,Som ny,128GB,continue,5349.00
Brugt iPhone 14 Pro Max,8191145902216,Sølv / Som ny / 256GB,42544119578760,d30f2c4d6ab031e59d,Sølv,Som ny,256GB,continue,5649.00
Brugt iPhone 14 Pro Max,8191145902216,Sølv / Som ny / 512GB,42544119611528,afd91833bfbfaa0cdb,Sølv,Som ny,512GB,continue,5949.00
Brugt iPhone 14 Pro Max,8191145902216,Sølv / Som ny / 1024GB,55025318986103,AUTOSKU-00000075,Sølv,Som ny,1024GB,continue,7049.00
Brugt iPhone 14 Pro Max,8191145902216,Space black / Brugbar / 128GB,42544119644296,2067b2a0255ee50088,Space black,Brugbar,128GB,continue,4349.00
Brugt iPhone 14 Pro Max,8191145902216,Space black / Brugbar / 256GB,42544119677064,9c181a811c0e381cb7,Space black,Brugbar,256GB,continue,4549.00
Brugt iPhone 14 Pro Max,8191145902216,Space black / Brugbar / 512GB,42544119709832,54cf608f746cccfa87,Space black,Brugbar,512GB,continue,5149.00
Brugt iPhone 14 Pro Max,8191145902216,Space black / Brugbar / 1024GB,55025319018871,AUTOSKU-00000076,Space black,Brugbar,1024GB,continue,6149.00
Brugt iPhone 14 Pro Max,8191145902216,Space black / Brugt / 128GB,42544119742600,c72c155e46f12bbb6b,Space black,Brugt,128GB,continue,4449.00
Brugt iPhone 14 Pro Max,8191145902216,Space black / Brugt / 256GB,42544119775368,227ddae897b5f06a2d,Space black,Brugt,256GB,continue,4749.00
Brugt iPhone 14 Pro Max,8191145902216,Space black / Brugt / 512GB,42544119808136,c1b230c5416fe325c4,Space black,Brugt,512GB,continue,5349.00
Brugt iPhone 14 Pro Max,8191145902216,Space black / Brugt / 1024GB,55025319051639,AUTOSKU-00000077,Space black,Brugt,1024GB,continue,6249.00
Brugt iPhone 14 Pro Max,8191145902216,Space black / Rigtig god / 128GB,42544119840904,0a173b87511367f862,Space black,Rigtig god,128GB,continue,4849.00
Brugt iPhone 14 Pro Max,8191145902216,Space black / Rigtig god / 256GB,42544119873672,2472cda36b97af2e63,Space black,Rigtig god,256GB,continue,5049.00
Brugt iPhone 14 Pro Max,8191145902216,Space black / Rigtig god / 512GB,42544119906440,679162fd6c43dc7eec,Space black,Rigtig god,512GB,continue,5649.00
Brugt iPhone 14 Pro Max,8191145902216,Space black / Rigtig god / 1024GB,55025319084407,AUTOSKU-00000078,Space black,Rigtig god,1024GB,continue,6549.00
Brugt iPhone 14 Pro Max,8191145902216,Space black / Som ny / 128GB,42544119939208,69664c586773c8dc9e,Space black,Som ny,128GB,continue,5349.00
Brugt iPhone 14 Pro Max,8191145902216,Space black / Som ny / 256GB,42544119971976,b1a553afe35ec88735,Space black,Som ny,256GB,continue,5649.00
Brugt iPhone 14 Pro Max,8191145902216,Space black / Som ny / 512GB,42544120004744,6a13854af46f6219cb,Space black,Som ny,512GB,continue,5949.00
Brugt iPhone 14 Pro Max,8191145902216,Space black / Som ny / 1024GB,55025319117175,AUTOSKU-00000079,Space black,Som ny,1024GB,continue,7049.00
Brugt iPhone 15,8191146098824,Blå / Rigtig god / 128GB,42544120266888,5cebdd402288dd7204,Blå,Rigtig god,128GB,continue,4449.00
Brugt iPhone 15,8191146098824,Blå / Rigtig god / 256GB,42544120299656,f61ae032d66b56e860,Blå,Rigtig god,256GB,continue,5249.00
Brugt iPhone 15,8191146098824,Blå / Rigtig god / 512GB,42544120332424,960b1fdb5cf0e9f586,Blå,Rigtig god,512GB,continue,6349.00
Brugt iPhone 15,8191146098824,Blå / Som ny / 128GB,42544120365192,11a6fd6db54d7e9871,Blå,Som ny,128GB,continue,5049.00
Brugt iPhone 15,8191146098824,Blå / Som ny / 256GB,42544120397960,a9efeb3eb5ea829a18,Blå,Som ny,256GB,continue,5849.00
Brugt iPhone 15,8191146098824,Blå / Som ny / 512GB,42544120430728,c77abed659fa9d068c,Blå,Som ny,512GB,continue,6949.00
Brugt iPhone 15,8191146098824,Lyserød / Rigtig god / 128GB,42544120660104,e2e2ff856f1befb604,Lyserød,Rigtig god,128GB,continue,4449.00
Brugt iPhone 15,8191146098824,Lyserød / Rigtig god / 256GB,42544120692872,c74684cbb6fd1e8651,Lyserød,Rigtig god,256GB,continue,5249.00
Brugt iPhone 15,8191146098824,Lyserød / Rigtig god / 512GB,42544120725640,2bd0aa0c40b056d6c0,Lyserød,Rigtig god,512GB,continue,6349.00
Brugt iPhone 15,8191146098824,Lyserød / Som ny / 128GB,42544120758408,4db4c9e5f47a2636ff,Lyserød,Som ny,128GB,continue,5049.00
Brugt iPhone 15,8191146098824,Lyserød / Som ny / 256GB,42544120791176,8b830aed432d47693c,Lyserød,Som ny,256GB,continue,5849.00
Brugt iPhone 15,8191146098824,Lyserød / Som ny / 512GB,42544120823944,16cbd16f31d6ce6c33,Lyserød,Som ny,512GB,continue,6949.00
Brugt iPhone 15,8191146098824,Gul / Rigtig god / 128GB,42544121053320,3e6a0cc6584518c8df,Gul,Rigtig god,128GB,continue,4449.00
Brugt iPhone 15,8191146098824,Gul / Rigtig god / 256GB,42544121086088,28fd23a0c92439dd27,Gul,Rigtig god,256GB,continue,5249.00
Brugt iPhone 15,8191146098824,Gul / Rigtig god / 512GB,42544121118856,2d39bcf709fd79b3c7,Gul,Rigtig god,512GB,continue,6349.00
Brugt iPhone 15,8191146098824,Gul / Som ny / 128GB,42544121151624,b628966dcbc4f2c5fd,Gul,Som ny,128GB,continue,5049.00
Brugt iPhone 15,8191146098824,Gul / Som ny / 256GB,42544121184392,e65d04577af85e5066,Gul,Som ny,256GB,continue,5849.00
Brugt iPhone 15,8191146098824,Gul / Som ny / 512GB,42544121217160,27036d373f508782d0,Gul,Som ny,512GB,continue,6949.00
Brugt iPhone 15,8191146098824,Grøn / Rigtig god / 128GB,42544121446536,a63430a8df50988851,Grøn,Rigtig god,128GB,continue,4449.00
Brugt iPhone 15,8191146098824,Grøn / Rigtig god / 256GB,42544121479304,52c46bfc4f5e99c073,Grøn,Rigtig god,256GB,continue,5249.00
Brugt iPhone 15,8191146098824,Grøn / Rigtig god / 512GB,42544121512072,87cf261de8302ebd48,Grøn,Rigtig god,512GB,continue,6349.00
Brugt iPhone 15,8191146098824,Grøn / Som ny / 128GB,42544121544840,deb312bdec9a901b01,Grøn,Som ny,128GB,continue,5049.00
Brugt iPhone 15,8191146098824,Grøn / Som ny / 256GB,42544121577608,d7cd8392eb21f18b4d,Grøn,Som ny,256GB,continue,5849.00
Brugt iPhone 15,8191146098824,Grøn / Som ny / 512GB,42544121610376,1454168f16aa5b7b1f,Grøn,Som ny,512GB,continue,6949.00
Brugt iPhone 15,8191146098824,Sort / Rigtig god / 128GB,42544121839752,f36a7ff7cf7338e1fd,Sort,Rigtig god,128GB,continue,4449.00
Brugt iPhone 15,8191146098824,Sort / Rigtig god / 256GB,42544121872520,6ae218bf7e8b3c9d98,Sort,Rigtig god,256GB,continue,5249.00
Brugt iPhone 15,8191146098824,Sort / Rigtig god / 512GB,42544121905288,07b255933777a52470,Sort,Rigtig god,512GB,continue,6349.00
Brugt iPhone 15,8191146098824,Sort / Som ny / 128GB,42544121938056,6544e7bbdcf163daf2,Sort,Som ny,128GB,continue,5049.00
Brugt iPhone 15,8191146098824,Sort / Som ny / 256GB,42544121970824,95d3d3f47994be86e9,Sort,Som ny,256GB,continue,5849.00
Brugt iPhone 15,8191146098824,Sort / Som ny / 512GB,42544122003592,1d5664f649692ca2ba,Sort,Som ny,512GB,continue,6949.00
Brugt iPhone 15 Plus,8191146229896,Blå / Rigtig god / 128GB,42544122429576,19281cda8fd2296ff2,Blå,Rigtig god,128GB,continue,4949.00
Brugt iPhone 15 Plus,8191146229896,Blå / Rigtig god / 256GB,42544122462344,f6e271e3521743c598,Blå,Rigtig god,256GB,continue,5349.00
Brugt iPhone 15 Plus,8191146229896,Blå / Rigtig god / 512GB,42544122495112,09edc4173096bad361,Blå,Rigtig god,512GB,continue,7249.00
Brugt iPhone 15 Plus,8191146229896,Blå / Som ny / 128GB,42544122527880,06e035b9b228132381,Blå,Som ny,128GB,continue,5249.00
Brugt iPhone 15 Plus,8191146229896,Blå / Som ny / 256GB,42544122560648,a74d1f640f3c351deb,Blå,Som ny,256GB,continue,5649.00
Brugt iPhone 15 Plus,8191146229896,Blå / Som ny / 512GB,42544122593416,a4e450cdc0565c6a49,Blå,Som ny,512GB,continue,8049.00
Brugt iPhone 15 Plus,8191146229896,Lyserød / Rigtig god / 128GB,42544122822792,9e9b6a36c2134e9bac,Lyserød,Rigtig god,128GB,continue,4949.00
Brugt iPhone 15 Plus,8191146229896,Lyserød / Rigtig god / 256GB,42544122855560,46f39b16cddc1dff16,Lyserød,Rigtig god,256GB,continue,5349.00
Brugt iPhone 15 Plus,8191146229896,Lyserød / Rigtig god / 512GB,42544122888328,5a7d26a13244d9a261,Lyserød,Rigtig god,512GB,continue,7249.00
Brugt iPhone 15 Plus,8191146229896,Lyserød / Som ny / 128GB,42544122921096,2f7880862e3c66b389,Lyserød,Som ny,128GB,continue,5249.00
Brugt iPhone 15 Plus,8191146229896,Lyserød / Som ny / 256GB,42544122953864,4bef1bef68393beb9e,Lyserød,Som ny,256GB,continue,5649.00
Brugt iPhone 15 Plus,8191146229896,Lyserød / Som ny / 512GB,42544122986632,49fc3512872afc2e58,Lyserød,Som ny,512GB,continue,8049.00
Brugt iPhone 15 Plus,8191146229896,Gul / Rigtig god / 128GB,42544123216008,723f473a8cd33e6316,Gul,Rigtig god,128GB,continue,4949.00
Brugt iPhone 15 Plus,8191146229896,Gul / Rigtig god / 256GB,42544123248776,9bebfc6defb2f0700a,Gul,Rigtig god,256GB,continue,5349.00
Brugt iPhone 15 Plus,8191146229896,Gul / Rigtig god / 512GB,42544123281544,a0ce1e44b4fc56111f,Gul,Rigtig god,512GB,continue,7249.00
Brugt iPhone 15 Plus,8191146229896,Gul / Som ny / 128GB,42544123314312,7977c5109e36f034c1,Gul,Som ny,128GB,continue,5249.00
Brugt iPhone 15 Plus,8191146229896,Gul / Som ny / 256GB,42544123347080,de410b61b2ca44630e,Gul,Som ny,256GB,continue,5649.00
Brugt iPhone 15 Plus,8191146229896,Gul / Som ny / 512GB,42544123379848,3be840a90684936576,Gul,Som ny,512GB,continue,8049.00
Brugt iPhone 15 Plus,8191146229896,Grøn / Rigtig god / 128GB,42544123609224,0b1f17cab320f2b3a6,Grøn,Rigtig god,128GB,continue,4949.00
Brugt iPhone 15 Plus,8191146229896,Grøn / Rigtig god / 256GB,42544123641992,0edb227c81c69eb5a9,Grøn,Rigtig god,256GB,continue,5349.00
Brugt iPhone 15 Plus,8191146229896,Grøn / Rigtig god / 512GB,42544123674760,2fe30ceb5886b2923c,Grøn,Rigtig god,512GB,continue,7249.00
Brugt iPhone 15 Plus,8191146229896,Grøn / Som ny / 128GB,42544123707528,12de4e9bdb81d51634,Grøn,Som ny,128GB,continue,5249.00
Brugt iPhone 15 Plus,8191146229896,Grøn / Som ny / 256GB,42544123740296,683ce9363d6a74c961,Grøn,Som ny,256GB,continue,5649.00
Brugt iPhone 15 Plus,8191146229896,Grøn / Som ny / 512GB,42544123773064,13e5430c279008cb74,Grøn,Som ny,512GB,continue,8049.00
Brugt iPhone 15 Plus,8191146229896,Sort / Rigtig god / 128GB,42544124002440,60b2821204606de8c1,Sort,Rigtig god,128GB,continue,4949.00
Brugt iPhone 15 Plus,8191146229896,Sort / Rigtig god / 256GB,42544124035208,7531061416607dbde8,Sort,Rigtig god,256GB,continue,5349.00
Brugt iPhone 15 Plus,8191146229896,Sort / Rigtig god / 512GB,42544124067976,13afba7c86bbe791e8,Sort,Rigtig god,512GB,continue,7249.00
Brugt iPhone 15 Plus,8191146229896,Sort / Som ny / 128GB,42544124100744,55e0cca7f9cae5cef8,Sort,Som ny,128GB,continue,5249.00
Brugt iPhone 15 Plus,8191146229896,Sort / Som ny / 256GB,42544124133512,460cbb176cd28894ca,Sort,Som ny,256GB,continue,5649.00
Brugt iPhone 15 Plus,8191146229896,Sort / Som ny / 512GB,42544124166280,3e09e24503b01cae4a,Sort,Som ny,512GB,continue,8049.00
Brugt iPhone 15 Pro,8191146328200,Blå / Rigtig god / 128GB,42544125542536,c6e8a7649be7b9cdf4,Blå,Rigtig god,128GB,continue,5949.00
Brugt iPhone 15 Pro,8191146328200,Blå / Rigtig god / 256GB,42544125575304,74638b8f1007161ae5,Blå,Rigtig god,256GB,continue,6249.00
Brugt iPhone 15 Pro,8191146328200,Blå / Rigtig god / 512GB,42544125608072,873bee64718fa84f98,Blå,Rigtig god,512GB,continue,7649.00
Brugt iPhone 15 Pro,8191146328200,Blå / Rigtig god / 1024GB,42544125640840,d39b7a5e49c07ba9e6,Blå,Rigtig god,1024GB,continue,8349.00
Brugt iPhone 15 Pro,8191146328200,Blå / Som ny / 128GB,42544125673608,b9bde309f789d54be5,Blå,Som ny,128GB,continue,6849.00
Brugt iPhone 15 Pro,8191146328200,Blå / Som ny / 256GB,42544125706376,75f12c51ac7c4f02d2,Blå,Som ny,256GB,continue,7149.00
Brugt iPhone 15 Pro,8191146328200,Blå / Som ny / 512GB,42544125739144,9881e4f4a01cfdb253,Blå,Som ny,512GB,continue,8249.00
Brugt iPhone 15 Pro,8191146328200,Blå / Som ny / 1024GB,42544125771912,b5dd42c504d18f5dc9,Blå,Som ny,1024GB,continue,8849.00
Brugt iPhone 15 Pro,8191146328200,Titanium / Rigtig god / 128GB,42544125018248,d2a66f9fe2b5032120,Titanium,Rigtig god,128GB,continue,5949.00
Brugt iPhone 15 Pro,8191146328200,Titanium / Rigtig god / 256GB,42544125051016,19865ebacfd3de08c7,Titanium,Rigtig god,256GB,continue,6249.00
Brugt iPhone 15 Pro,8191146328200,Titanium / Rigtig god / 512GB,42544125083784,4ef8c6e012e79496b1,Titanium,Rigtig god,512GB,continue,7649.00
Brugt iPhone 15 Pro,8191146328200,Titanium / Rigtig god / 1024GB,42544125116552,1dad0cf813a6a27a47,Titanium,Rigtig god,1024GB,continue,8349.00
Brugt iPhone 15 Pro,8191146328200,Titanium / Som ny / 128GB,42544125149320,1887bdfed983f65878,Titanium,Som ny,128GB,continue,6849.00
Brugt iPhone 15 Pro,8191146328200,Titanium / Som ny / 256GB,42544125182088,8152578d213cb2e728,Titanium,Som ny,256GB,continue,7149.00
Brugt iPhone 15 Pro,8191146328200,Titanium / Som ny / 512GB,42544125214856,4774ab36383ecdf54b,Titanium,Som ny,512GB,continue,8249.00
Brugt iPhone 15 Pro,8191146328200,Titanium / Som ny / 1024GB,42544125247624,8e675c4a7f6a797f3b,Titanium,Som ny,1024GB,continue,8849.00
Brugt iPhone 15 Pro,8191146328200,Hvid / Rigtig god / 128GB,42544126066824,d4c9fc3501e25b6723,Hvid,Rigtig god,128GB,continue,5949.00
Brugt iPhone 15 Pro,8191146328200,Hvid / Rigtig god / 256GB,42544126099592,82978365ce1334f11f,Hvid,Rigtig god,256GB,continue,6249.00
Brugt iPhone 15 Pro,8191146328200,Hvid / Rigtig god / 512GB,42544126132360,56d895105bad772da8,Hvid,Rigtig god,512GB,continue,7649.00
Brugt iPhone 15 Pro,8191146328200,Hvid / Rigtig god / 1024GB,42544126165128,8eb9747719429e64c3,Hvid,Rigtig god,1024GB,continue,8349.00
Brugt iPhone 15 Pro,8191146328200,Hvid / Som ny / 128GB,42544126197896,d66e38d2ee40de24d2,Hvid,Som ny,128GB,continue,6849.00
Brugt iPhone 15 Pro,8191146328200,Hvid / Som ny / 256GB,42544126230664,a5e053c4a2f3f979ab,Hvid,Som ny,256GB,continue,7149.00
Brugt iPhone 15 Pro,8191146328200,Hvid / Som ny / 512GB,42544126263432,a9d43c19cb38130b23,Hvid,Som ny,512GB,continue,8249.00
Brugt iPhone 15 Pro,8191146328200,Hvid / Som ny / 1024GB,42544126296200,c1c8e9f444d83aec67,Hvid,Som ny,1024GB,continue,8849.00
Brugt iPhone 15 Pro,8191146328200,Sort / Rigtig god / 128GB,42544126591112,66ae95ee0983f3e07e,Sort,Rigtig god,128GB,continue,5949.00
Brugt iPhone 15 Pro,8191146328200,Sort / Rigtig god / 256GB,42544126623880,b1c29899a2acb7a271,Sort,Rigtig god,256GB,continue,6249.00
Brugt iPhone 15 Pro,8191146328200,Sort / Rigtig god / 512GB,42544126656648,d64f4be5c246dc6034,Sort,Rigtig god,512GB,continue,7649.00
Brugt iPhone 15 Pro,8191146328200,Sort / Rigtig god / 1024GB,42544126689416,0daf33407b349e3ede,Sort,Rigtig god,1024GB,continue,8349.00
Brugt iPhone 15 Pro,8191146328200,Sort / Som ny / 128GB,42544126722184,396d842f8ea28b9d92,Sort,Som ny,128GB,continue,6849.00
Brugt iPhone 15 Pro,8191146328200,Sort / Som ny / 256GB,42544126754952,a86f2ba6e292e643ab,Sort,Som ny,256GB,continue,7149.00
Brugt iPhone 15 Pro,8191146328200,Sort / Som ny / 512GB,42544126787720,fd75a6a2c3e07b6633,Sort,Som ny,512GB,continue,8249.00
Brugt iPhone 15 Pro,8191146328200,Sort / Som ny / 1024GB,42544126820488,db5c5a55c7fdeb9a1b,Sort,Som ny,1024GB,continue,8849.00
Brugt iPhone 15 Pro Max,8191146492040,Titanium / Rigtig god / 256GB,42544127508616,8782d85e26e11d5e2c,Titanium,Rigtig god,256GB,continue,6949.00
Brugt iPhone 15 Pro Max,8191146492040,Titanium / Rigtig god / 512GB,42544127541384,240940fa43b294f625,Titanium,Rigtig god,512GB,continue,7849.00
Brugt iPhone 15 Pro Max,8191146492040,Titanium / Rigtig god / 1024GB,42544127574152,c1e895d6179a6d70f0,Titanium,Rigtig god,1024GB,continue,8349.00
Brugt iPhone 15 Pro Max,8191146492040,Titanium / Som ny / 256GB,42544127606920,dc298e6457fe5815f3,Titanium,Som ny,256GB,continue,7249.00
Brugt iPhone 15 Pro Max,8191146492040,Titanium / Som ny / 512GB,42544127639688,79bfb720c2b7d56cc7,Titanium,Som ny,512GB,continue,8349.00
Brugt iPhone 15 Pro Max,8191146492040,Titanium / Som ny / 1024GB,42544127672456,312f791efa1be90586,Titanium,Som ny,1024GB,continue,8949.00
Brugt iPhone 15 Pro Max,8191146492040,Blå / Rigtig god / 256GB,42544127901832,9055b1b5099e57168a,Blå,Rigtig god,256GB,continue,6949.00
Brugt iPhone 15 Pro Max,8191146492040,Blå / Rigtig god / 512GB,42544127934600,c255edfebec851bd8c,Blå,Rigtig god,512GB,continue,7849.00
Brugt iPhone 15 Pro Max,8191146492040,Blå / Rigtig god / 1024GB,42544127967368,898ea523d27a7aac60,Blå,Rigtig god,1024GB,continue,8349.00
Brugt iPhone 15 Pro Max,8191146492040,Blå / Som ny / 256GB,42544128000136,b78b38072ad8f9ca63,Blå,Som ny,256GB,continue,7249.00
Brugt iPhone 15 Pro Max,8191146492040,Blå / Som ny / 512GB,42544128032904,30bc486162499577db,Blå,Som ny,512GB,continue,8349.00
Brugt iPhone 15 Pro Max,8191146492040,Blå / Som ny / 1024GB,42544128065672,3bd664cdc32d264e12,Blå,Som ny,1024GB,continue,8949.00
Brugt iPhone 15 Pro Max,8191146492040,Hvid / Rigtig god / 256GB,42544128295048,f88145e4a08d62c2af,Hvid,Rigtig god,256GB,continue,6949.00
Brugt iPhone 15 Pro Max,8191146492040,Hvid / Rigtig god / 512GB,42544128327816,a3434f62195b3ab947,Hvid,Rigtig god,512GB,continue,7849.00
Brugt iPhone 15 Pro Max,8191146492040,Hvid / Rigtig god / 1024GB,42544128360584,e6d2ac3880b661aa93,Hvid,Rigtig god,1024GB,continue,8349.00
Brugt iPhone 15 Pro Max,8191146492040,Hvid / Som ny / 256GB,42544128393352,218eb30607c13d28ba,Hvid,Som ny,256GB,continue,7249.00
Brugt iPhone 15 Pro Max,8191146492040,Hvid / Som ny / 512GB,42544128426120,a27f707857e183fa2b,Hvid,Som ny,512GB,continue,8349.00
Brugt iPhone 15 Pro Max,8191146492040,Hvid / Som ny / 1024GB,42544128458888,4880e7b34882532a07,Hvid,Som ny,1024GB,continue,8949.00
Brugt iPhone 15 Pro Max,8191146492040,Sort / Rigtig god / 256GB,42544128688264,9dde8cf25fce128bda,Sort,Rigtig god,256GB,continue,6949.00
Brugt iPhone 15 Pro Max,8191146492040,Sort / Rigtig god / 512GB,42544128721032,9f1a02cf5b3a20a5da,Sort,Rigtig god,512GB,continue,7849.00
Brugt iPhone 15 Pro Max,8191146492040,Sort / Rigtig god / 1024GB,42544128753800,6526e4fd8728e88fbe,Sort,Rigtig god,1024GB,continue,8349.00
Brugt iPhone 15 Pro Max,8191146492040,Sort / Som ny / 256GB,42544128786568,c82488a04fa82fea36,Sort,Som ny,256GB,continue,7249.00
Brugt iPhone 15 Pro Max,8191146492040,Sort / Som ny / 512GB,42544128819336,2f675148c195c6d8c5,Sort,Som ny,512GB,continue,8349.00
Brugt iPhone 15 Pro Max,8191146492040,Sort / Som ny / 1024GB,42544128852104,ef844d2e7e78e1525c,Sort,Som ny,1024GB,continue,8949.00
Brugt iPhone 16,14931339575671,Grønblå / Som ny / 128GB,55027198394743,AUTOSKU-0000007A,Grønblå,Som ny,128GB,continue,6849.00
Brugt iPhone 16,14931339575671,Grønblå / Som ny / 256GB,55027198427511,AUTOSKU-0000007B,Grønblå,Som ny,256GB,continue,6849.00
Brugt iPhone 16,14931339575671,Grønblå / Som ny / 512GB,55027198460279,AUTOSKU-0000007C,Grønblå,Som ny,512GB,continue,8849.00
Brugt iPhone 16,14931339575671,Lyserød / Som ny / 128GB,55027198591351,AUTOSKU-0000007D,Lyserød,Som ny,128GB,continue,6849.00
Brugt iPhone 16,14931339575671,Lyserød / Som ny / 256GB,55027198624119,AUTOSKU-0000007E,Lyserød,Som ny,256GB,continue,6849.00
Brugt iPhone 16,14931339575671,Lyserød / Som ny / 512GB,55027198656887,AUTOSKU-0000007F,Lyserød,Som ny,512GB,continue,8849.00
Brugt iPhone 16,14931339575671,Hvid / Som ny / 128GB,55027198787959,AUTOSKU-0000007G,Hvid,Som ny,128GB,continue,6849.00
Brugt iPhone 16,14931339575671,Hvid / Som ny / 256GB,55027198820727,AUTOSKU-0000007H,Hvid,Som ny,256GB,continue,6849.00
Brugt iPhone 16,14931339575671,Hvid / Som ny / 512GB,55027198853495,AUTOSKU-0000007I,Hvid,Som ny,512GB,continue,8849.00
Brugt iPhone 16,14931339575671,Sort / Som ny / 128GB,55027198984567,AUTOSKU-0000007J,Sort,Som ny,128GB,continue,6849.00
Brugt iPhone 16,14931339575671,Sort / Som ny / 256GB,55027199017335,AUTOSKU-0000007K,Sort,Som ny,256GB,continue,6849.00
Brugt iPhone 16,14931339575671,Sort / Som ny / 512GB,55027199050103,AUTOSKU-0000007L,Sort,Som ny,512GB,continue,8849.00
Brugt iPhone 16,14931339575671,Ultramarin / Som ny / 128GB,55027212714359,AUTOSKU-0000007M,Ultramarin,Som ny,128GB,continue,6849.00
Brugt iPhone 16,14931339575671,Ultramarin / Som ny / 256GB,55027212747127,AUTOSKU-0000007N,Ultramarin,Som ny,256GB,continue,6849.00
Brugt iPhone 16,14931339575671,Ultramarin / Som ny / 512GB,55027212779895,AUTOSKU-0000007O,Ultramarin,Som ny,512GB,continue,8849.00
Brugt iPhone 16 Pro,14931336298871,Sandfarvet titanium / Som ny / 128GB,55027181683063,AUTOSKU-0000007P,Sandfarvet titanium,Som ny,128GB,continue,7549.00
Brugt iPhone 16 Pro,14931336298871,Sandfarvet titanium / Som ny / 256GB,55027181715831,AUTOSKU-0000007Q,Sandfarvet titanium,Som ny,256GB,continue,8549.00
Brugt iPhone 16 Pro,14931336298871,Sandfarvet titanium / Som ny / 512GB,55241654567287,AUTOSKU-0000007R,Sandfarvet titanium,Som ny,512GB,continue,10249.00
Brugt iPhone 16 Pro,14931336298871,Sandfarvet titanium / Som ny / 1024GB,55241654600055,AUTOSKU-0000007S,Sandfarvet titanium,Som ny,1024GB,continue,12249.00
Brugt iPhone 16 Pro,14931336298871,Naturligt titanium / Som ny / 128GB,55027181879671,AUTOSKU-0000007T,Naturligt titanium,Som ny,128GB,continue,7549.00
Brugt iPhone 16 Pro,14931336298871,Naturligt titanium / Som ny / 256GB,55027181912439,AUTOSKU-0000007U,Naturligt titanium,Som ny,256GB,continue,8549.00
Brugt iPhone 16 Pro,14931336298871,Naturligt titanium / Som ny / 512GB,55241654632823,AUTOSKU-0000007V,Naturligt titanium,Som ny,512GB,continue,10249.00
Brugt iPhone 16 Pro,14931336298871,Naturligt titanium / Som ny / 1024GB,55241654665591,AUTOSKU-0000007W,Naturligt titanium,Som ny,1024GB,continue,12249.00
Brugt iPhone 16 Pro,14931336298871,Hvidt titanium / Som ny / 128GB,55027182076279,AUTOSKU-0000007X,Hvidt titanium,Som ny,128GB,continue,7549.00
Brugt iPhone 16 Pro,14931336298871,Hvidt titanium / Som ny / 256GB,55027182109047,AUTOSKU-0000007Y,Hvidt titanium,Som ny,256GB,continue,8549.00
Brugt iPhone 16 Pro,14931336298871,Hvidt titanium / Som ny / 512GB,55241654698359,AUTOSKU-0000007Z,Hvidt titanium,Som ny,512GB,continue,10249.00
Brugt iPhone 16 Pro,14931336298871,Hvidt titanium / Som ny / 1024GB,55241654731127,AUTOSKU-00000080,Hvidt titanium,Som ny,1024GB,continue,12249.00
Brugt iPhone 16 Pro,14931336298871,Sort titanium / Som ny / 128GB,55027182272887,AUTOSKU-00000081,Sort titanium,Som ny,128GB,continue,7549.00
Brugt iPhone 16 Pro,14931336298871,Sort titanium / Som ny / 256GB,55027182305655,AUTOSKU-00000082,Sort titanium,Som ny,256GB,continue,8549.00
Brugt iPhone 16 Pro,14931336298871,Sort titanium / Som ny / 512GB,55241654763895,AUTOSKU-00000083,Sort titanium,Som ny,512GB,continue,10249.00
Brugt iPhone 16 Pro,14931336298871,Sort titanium / Som ny / 1024GB,55241654796663,AUTOSKU-00000084,Sort titanium,Som ny,1024GB,continue,12249.00
Brugt iPhone 16 Pro Max,14931332628855,Sandfarvet titanium / Som ny / 256GB,55027158909303,AUTOSKU-00000085,Sandfarvet titanium,Som ny,256GB,continue,9449.00
Brugt iPhone 16 Pro Max,14931332628855,Sandfarvet titanium / Som ny / 512GB,55027158942071,AUTOSKU-00000086,Sandfarvet titanium,Som ny,512GB,continue,11249.00
Brugt iPhone 16 Pro Max,14931332628855,Sandfarvet titanium / Som ny / 1024GB,55027158974839,AUTOSKU-00000087,Sandfarvet titanium,Som ny,1024GB,continue,11249.00
Brugt iPhone 16 Pro Max,14931332628855,Naturligt titanium / Som ny / 256GB,55027159105911,AUTOSKU-00000088,Naturligt titanium,Som ny,256GB,continue,9449.00
Brugt iPhone 16 Pro Max,14931332628855,Naturligt titanium / Som ny / 512GB,55027159138679,AUTOSKU-00000089,Naturligt titanium,Som ny,512GB,continue,11249.00
Brugt iPhone 16 Pro Max,14931332628855,Naturligt titanium / Som ny / 1024GB,55027159171447,AUTOSKU-0000008A,Naturligt titanium,Som ny,1024GB,continue,11249.00
Brugt iPhone 16 Pro Max,14931332628855,Hvidt titanium / Som ny / 256GB,55027159302519,AUTOSKU-0000008B,Hvidt titanium,Som ny,256GB,continue,9449.00
Brugt iPhone 16 Pro Max,14931332628855,Hvidt titanium / Som ny / 512GB,55027159335287,AUTOSKU-0000008C,Hvidt titanium,Som ny,512GB,continue,11249.00
Brugt iPhone 16 Pro Max,14931332628855,Hvidt titanium / Som ny / 1024GB,55027159368055,AUTOSKU-0000008D,Hvidt titanium,Som ny,1024GB,continue,11249.00
Brugt iPhone 16 Pro Max,14931332628855,Sort titanium / Som ny / 256GB,55027159499127,AUTOSKU-0000008E,Sort titanium,Som ny,256GB,continue,9449.00
Brugt iPhone 16 Pro Max,14931332628855,Sort titanium / Som ny / 512GB,55027159531895,AUTOSKU-0000008F,Sort titanium,Som ny,512GB,continue,11249.00
Brugt iPhone 16 Pro Max,14931332628855,Sort titanium / Som ny / 1024GB,55027159564663,AUTOSKU-0000008G,Sort titanium,Som ny,1024GB,continue,11249.00
Brugt iPhone 7,8191146655880,Sort / Brugbar / 32GB,42544128884872,5ee33649a371086ec0,Sort,Brugbar,32GB,continue,549.00
Brugt iPhone 7,8191146655880,Sort / Brugbar / 128GB,42544128917640,d5fe3e4a348c8bc8b4,Sort,Brugbar,128GB,continue,649.00
Brugt iPhone 7,8191146655880,Sort / Brugbar / 256GB,42544128950408,8a074ba4952a3a39f0,Sort,Brugbar,256GB,continue,749.00
Brugt iPhone 7,8191146655880,Sort / Brugt / 32GB,42544128983176,d479204ed2812f8a3e,Sort,Brugt,32GB,continue,649.00
Brugt iPhone 7,8191146655880,Sort / Brugt / 128GB,42544129015944,4edee65fc107c3c2bd,Sort,Brugt,128GB,continue,749.00
Brugt iPhone 7,8191146655880,Sort / Brugt / 256GB,42544129048712,a63c1640395c5637d3,Sort,Brugt,256GB,continue,849.00
Brugt iPhone 7,8191146655880,Sort / Rigtig god / 32GB,42544129081480,6a852c257c89006499,Sort,Rigtig god,32GB,continue,749.00
Brugt iPhone 7,8191146655880,Sort / Rigtig god / 128GB,42544129114248,1f402d2395336b1c6a,Sort,Rigtig god,128GB,continue,849.00
Brugt iPhone 7,8191146655880,Sort / Rigtig god / 256GB,42544129147016,6f04f2fbbc20c4fe45,Sort,Rigtig god,256GB,continue,949.00
Brugt iPhone 7,8191146655880,Sort / Som ny / 32GB,42544129179784,1e5fb8eb8c14a00802,Sort,Som ny,32GB,continue,849.00
Brugt iPhone 7,8191146655880,Sort / Som ny / 128GB,42544129212552,c129fa93aafe2ef3c3,Sort,Som ny,128GB,continue,949.00
Brugt iPhone 7,8191146655880,Sort / Som ny / 256GB,42544129245320,213e46ae41b29bf403,Sort,Som ny,256GB,continue,1049.00
Brugt iPhone 7,8191146655880,Blank sort / Brugbar / 32GB,42544129278088,353caea339075ceb38,Blank sort,Brugbar,32GB,continue,549.00
Brugt iPhone 7,8191146655880,Blank sort / Brugbar / 128GB,42544129310856,3ebdb0e3f4e16abba1,Blank sort,Brugbar,128GB,continue,649.00
Brugt iPhone 7,8191146655880,Blank sort / Brugbar / 256GB,42544129343624,b9f23155502fde4bbd,Blank sort,Brugbar,256GB,continue,749.00
Brugt iPhone 7,8191146655880,Blank sort / Brugt / 32GB,42544129376392,6507fa48a084dfa5ad,Blank sort,Brugt,32GB,continue,649.00
Brugt iPhone 7,8191146655880,Blank sort / Brugt / 128GB,42544129409160,41e54ca40fbb98f0f9,Blank sort,Brugt,128GB,continue,749.00
Brugt iPhone 7,8191146655880,Blank sort / Brugt / 256GB,42544129441928,8e0211408bc7f28ebc,Blank sort,Brugt,256GB,continue,849.00
Brugt iPhone 7,8191146655880,Blank sort / Rigtig god / 32GB,42544129474696,dcfa8f53e2fc4ee814,Blank sort,Rigtig god,32GB,continue,749.00
Brugt iPhone 7,8191146655880,Blank sort / Rigtig god / 128GB,42544129507464,2b99f61201e75f4313,Blank sort,Rigtig god,128GB,continue,849.00
Brugt iPhone 7,8191146655880,Blank sort / Rigtig god / 256GB,42544129540232,63353b01eb18df1d86,Blank sort,Rigtig god,256GB,continue,949.00
Brugt iPhone 7,8191146655880,Blank sort / Som ny / 32GB,42544129573000,a9b5d784fc8b0dfe51,Blank sort,Som ny,32GB,continue,849.00
Brugt iPhone 7,8191146655880,Blank sort / Som ny / 128GB,42544129605768,e2fb70dd188f1a2772,Blank sort,Som ny,128GB,continue,949.00
Brugt iPhone 7,8191146655880,Blank sort / Som ny / 256GB,42544129638536,27c690670d8a5f8245,Blank sort,Som ny,256GB,continue,1049.00
Brugt iPhone 7,8191146655880,Rosa guld / Brugbar / 32GB,42544129671304,664bb424fd2f2e05c1,Rosa guld,Brugbar,32GB,continue,549.00
Brugt iPhone 7,8191146655880,Rosa guld / Brugbar / 128GB,42544129704072,b54165b5ad67c4fab6,Rosa guld,Brugbar,128GB,continue,649.00
Brugt iPhone 7,8191146655880,Rosa guld / Brugbar / 256GB,42544129736840,76db07ee06290273c0,Rosa guld,Brugbar,256GB,continue,749.00
Brugt iPhone 7,8191146655880,Rosa guld / Brugt / 32GB,42544129769608,ea5ffdc779326f1de4,Rosa guld,Brugt,32GB,continue,649.00
Brugt iPhone 7,8191146655880,Rosa guld / Brugt / 128GB,42544129802376,667c89614650e3ee04,Rosa guld,Brugt,128GB,continue,749.00
Brugt iPhone 7,8191146655880,Rosa guld / Brugt / 256GB,42544129835144,8911ce39131b14e008,Rosa guld,Brugt,256GB,continue,849.00
Brugt iPhone 7,8191146655880,Rosa guld / Rigtig god / 32GB,42544129867912,9afd943068b7c4ae65,Rosa guld,Rigtig god,32GB,continue,749.00
Brugt iPhone 7,8191146655880,Rosa guld / Rigtig god / 128GB,42544129900680,1c1c3669d505947459,Rosa guld,Rigtig god,128GB,continue,849.00
Brugt iPhone 7,8191146655880,Rosa guld / Rigtig god / 256GB,42544129933448,4b8b8a38efbd3209bb,Rosa guld,Rigtig god,256GB,continue,949.00
Brugt iPhone 7,8191146655880,Rosa guld / Som ny / 32GB,42544129966216,1da78ad341c8b2bbfb,Rosa guld,Som ny,32GB,continue,849.00
Brugt iPhone 7,8191146655880,Rosa guld / Som ny / 128GB,42544129998984,f37defc3a27963379a,Rosa guld,Som ny,128GB,continue,949.00
Brugt iPhone 7,8191146655880,Rosa guld / Som ny / 256GB,42544130031752,7f253e04ee0cd95c3c,Rosa guld,Som ny,256GB,continue,1049.00
Brugt iPhone 7,8191146655880,Sølv / Brugbar / 32GB,42544130064520,0ee1a1856edd1c2905,Sølv,Brugbar,32GB,continue,549.00
Brugt iPhone 7,8191146655880,Sølv / Brugbar / 128GB,42544130097288,93ebbdd8b43be40df2,Sølv,Brugbar,128GB,continue,649.00
Brugt iPhone 7,8191146655880,Sølv / Brugbar / 256GB,42544130130056,e36be8a05454b9d3f8,Sølv,Brugbar,256GB,continue,749.00
Brugt iPhone 7,8191146655880,Sølv / Brugt / 32GB,42544130162824,3d5e8ae146b3d3133e,Sølv,Brugt,32GB,continue,649.00
Brugt iPhone 7,8191146655880,Sølv / Brugt / 128GB,42544130195592,3f9bdcada19677d1bf,Sølv,Brugt,128GB,continue,749.00
Brugt iPhone 7,8191146655880,Sølv / Brugt / 256GB,42544130228360,f65c0000785ccd3560,Sølv,Brugt,256GB,continue,849.00
Brugt iPhone 7,8191146655880,Sølv / Rigtig god / 32GB,42544130261128,6afa4032b00dbf1ed5,Sølv,Rigtig god,32GB,continue,749.00
Brugt iPhone 7,8191146655880,Sølv / Rigtig god / 128GB,42544130293896,9cb023f6bd152bd4f2,Sølv,Rigtig god,128GB,continue,849.00
Brugt iPhone 7,8191146655880,Sølv / Rigtig god / 256GB,42544130326664,8291cb4478cb3af3b7,Sølv,Rigtig god,256GB,continue,949.00
Brugt iPhone 7,8191146655880,Sølv / Som ny / 32GB,42544130359432,44ae51c5b3c7ca08b0,Sølv,Som ny,32GB,continue,849.00
Brugt iPhone 7,8191146655880,Sølv / Som ny / 128GB,42544130392200,12fd1d1573b4183931,Sølv,Som ny,128GB,continue,949.00
Brugt iPhone 7,8191146655880,Sølv / Som ny / 256GB,42544130424968,f245652dad6a01f8c5,Sølv,Som ny,256GB,continue,1049.00
Brugt iPhone 7,8191146655880,Guld / Brugbar / 32GB,42544130457736,22f13ba3bbe94d4e92,Guld,Brugbar,32GB,continue,549.00
Brugt iPhone 7,8191146655880,Guld / Brugbar / 128GB,42544130490504,da3577e3a56233b52c,Guld,Brugbar,128GB,continue,649.00
Brugt iPhone 7,8191146655880,Guld / Brugbar / 256GB,42544130523272,2306f52ddedd8bc8a7,Guld,Brugbar,256GB,continue,749.00
Brugt iPhone 7,8191146655880,Guld / Brugt / 32GB,42544130556040,b229634f227932655a,Guld,Brugt,32GB,continue,649.00
Brugt iPhone 7,8191146655880,Guld / Brugt / 128GB,42544130588808,85ddc9b5a799ee09fc,Guld,Brugt,128GB,continue,749.00
Brugt iPhone 7,8191146655880,Guld / Brugt / 256GB,42544130621576,f2271b8a7911c7bfef,Guld,Brugt,256GB,continue,849.00
Brugt iPhone 7,8191146655880,Guld / Rigtig god / 32GB,42544130654344,1b3bb559d4ccfd9209,Guld,Rigtig god,32GB,continue,749.00
Brugt iPhone 7,8191146655880,Guld / Rigtig god / 128GB,42544130687112,9ac49c4375d519fd51,Guld,Rigtig god,128GB,continue,849.00
Brugt iPhone 7,8191146655880,Guld / Rigtig god / 256GB,42544130719880,28919b55bb15a02005,Guld,Rigtig god,256GB,continue,949.00
Brugt iPhone 7,8191146655880,Guld / Som ny / 32GB,42544130752648,0540e2388004201c01,Guld,Som ny,32GB,continue,849.00
Brugt iPhone 7,8191146655880,Guld / Som ny / 128GB,42544130785416,d574f7bc50a64a4339,Guld,Som ny,128GB,continue,949.00
Brugt iPhone 7,8191146655880,Guld / Som ny / 256GB,42544130818184,9c290e53e0df638bd4,Guld,Som ny,256GB,continue,1049.00
Brugt iPhone 7,8191146655880,Rød / Brugbar / 32GB,42544130850952,318aea48f7fd791623,Rød,Brugbar,32GB,continue,549.00
Brugt iPhone 7,8191146655880,Rød / Brugbar / 128GB,42544130883720,7765929d9917a5c72c,Rød,Brugbar,128GB,continue,649.00
Brugt iPhone 7,8191146655880,Rød / Brugbar / 256GB,42544130916488,8f53989223ed9c4c1a,Rød,Brugbar,256GB,continue,749.00
Brugt iPhone 7,8191146655880,Rød / Brugt / 32GB,42544130949256,06d5e0cf43782a4475,Rød,Brugt,32GB,continue,649.00
Brugt iPhone 7,8191146655880,Rød / Brugt / 128GB,42544130982024,33357cc55329b079d7,Rød,Brugt,128GB,continue,749.00
Brugt iPhone 7,8191146655880,Rød / Brugt / 256GB,42544131014792,a877278ab945d3ca49,Rød,Brugt,256GB,continue,849.00
Brugt iPhone 7,8191146655880,Rød / Rigtig god / 32GB,42544131047560,5c237b7af5d793dd74,Rød,Rigtig god,32GB,continue,749.00
Brugt iPhone 7,8191146655880,Rød / Rigtig god / 128GB,42544131080328,973cc47741e3eea32f,Rød,Rigtig god,128GB,continue,849.00
Brugt iPhone 7,8191146655880,Rød / Rigtig god / 256GB,42544131113096,4efb2c4a601faceb49,Rød,Rigtig god,256GB,continue,949.00
Brugt iPhone 7,8191146655880,Rød / Som ny / 32GB,42544131145864,e15a77935987c369fb,Rød,Som ny,32GB,continue,849.00
Brugt iPhone 7,8191146655880,Rød / Som ny / 128GB,42544131178632,88359a12eb11fb505d,Rød,Som ny,128GB,continue,949.00
Brugt iPhone 7,8191146655880,Rød / Som ny / 256GB,42544131211400,ed3055e60b75eee32f,Rød,Som ny,256GB,continue,1049.00
Brugt iPhone 7 Plus,8191146885256,Sort / Brugbar / 32GB,42544131604616,da52a5fc407ebc1dde,Sort,Brugbar,32GB,continue,749.00
Brugt iPhone 7 Plus,8191146885256,Sort / Brugbar / 128GB,42544131637384,1c8f5b6b8a2ccff663,Sort,Brugbar,128GB,continue,849.00
Brugt iPhone 7 Plus,8191146885256,Sort / Brugbar / 256GB,42544131670152,fee88b5265b32ab048,Sort,Brugbar,256GB,continue,949.00
Brugt iPhone 7 Plus,8191146885256,Sort / Brugt / 32GB,42544131702920,680eb5d8186d31b7f9,Sort,Brugt,32GB,continue,849.00
Brugt iPhone 7 Plus,8191146885256,Sort / Brugt / 128GB,42544131735688,1476c8f781c782ae58,Sort,Brugt,128GB,continue,949.00
Brugt iPhone 7 Plus,8191146885256,Sort / Brugt / 256GB,42544131768456,206d6b5894b6f2c4a0,Sort,Brugt,256GB,continue,1049.00
Brugt iPhone 7 Plus,8191146885256,Sort / Rigtig god / 32GB,42544131801224,16cef8371d083fd23b,Sort,Rigtig god,32GB,continue,949.00
Brugt iPhone 7 Plus,8191146885256,Sort / Rigtig god / 128GB,42544131833992,3cbd7f536f66aba946,Sort,Rigtig god,128GB,continue,1049.00
Brugt iPhone 7 Plus,8191146885256,Sort / Rigtig god / 256GB,42544131866760,06f4072f042871dc0e,Sort,Rigtig god,256GB,continue,1149.00
Brugt iPhone 7 Plus,8191146885256,Sort / Som ny / 32GB,42544131899528,e88ca126b33fe48ddb,Sort,Som ny,32GB,continue,1049.00
Brugt iPhone 7 Plus,8191146885256,Sort / Som ny / 128GB,42544131932296,8c43cc99253fef06db,Sort,Som ny,128GB,continue,1149.00
Brugt iPhone 7 Plus,8191146885256,Sort / Som ny / 256GB,42544131965064,5271b961c949c265d4,Sort,Som ny,256GB,continue,1249.00
Brugt iPhone 7 Plus,8191146885256,Blank sort / Brugbar / 32GB,42544131997832,9556b993561266ded8,Blank sort,Brugbar,32GB,continue,749.00
Brugt iPhone 7 Plus,8191146885256,Blank sort / Brugbar / 128GB,42544132030600,f8e6d747740b251b52,Blank sort,Brugbar,128GB,continue,849.00
Brugt iPhone 7 Plus,8191146885256,Blank sort / Brugbar / 256GB,42544132063368,be652616d0bfe12847,Blank sort,Brugbar,256GB,continue,949.00
Brugt iPhone 7 Plus,8191146885256,Blank sort / Brugt / 32GB,42544132096136,e5a0f9e313af189b85,Blank sort,Brugt,32GB,continue,849.00
Brugt iPhone 7 Plus,8191146885256,Blank sort / Brugt / 128GB,42544132128904,7acbe35081df981db1,Blank sort,Brugt,128GB,continue,949.00
Brugt iPhone 7 Plus,8191146885256,Blank sort / Brugt / 256GB,42544132161672,81886197c8d7a798c8,Blank sort,Brugt,256GB,continue,1049.00
Brugt iPhone 7 Plus,8191146885256,Blank sort / Rigtig god / 32GB,42544132194440,1d675959400cbcd564,Blank sort,Rigtig god,32GB,continue,949.00
Brugt iPhone 7 Plus,8191146885256,Blank sort / Rigtig god / 128GB,42544132227208,156a28420003f2f16f,Blank sort,Rigtig god,128GB,continue,1049.00
Brugt iPhone 7 Plus,8191146885256,Blank sort / Rigtig god / 256GB,42544132259976,5a01948141aa23bc41,Blank sort,Rigtig god,256GB,continue,1149.00
Brugt iPhone 7 Plus,8191146885256,Blank sort / Som ny / 32GB,42544132292744,16add6b83ac90f1183,Blank sort,Som ny,32GB,continue,1049.00
Brugt iPhone 7 Plus,8191146885256,Blank sort / Som ny / 128GB,42544132325512,6aa4cf38bfb476cf87,Blank sort,Som ny,128GB,continue,1149.00
Brugt iPhone 7 Plus,8191146885256,Blank sort / Som ny / 256GB,42544132358280,7281e665b2778fb3d1,Blank sort,Som ny,256GB,continue,1249.00
Brugt iPhone 7 Plus,8191146885256,Rosa guld / Brugbar / 32GB,42544132391048,f4658c4c9030b4b949,Rosa guld,Brugbar,32GB,continue,749.00
Brugt iPhone 7 Plus,8191146885256,Rosa guld / Brugbar / 128GB,42544132423816,c7bb9106dbecafe104,Rosa guld,Brugbar,128GB,continue,849.00
Brugt iPhone 7 Plus,8191146885256,Rosa guld / Brugbar / 256GB,42544132456584,01ac5f81c42deecbc5,Rosa guld,Brugbar,256GB,continue,949.00
Brugt iPhone 7 Plus,8191146885256,Rosa guld / Brugt / 32GB,42544132489352,83998e77b7af26637d,Rosa guld,Brugt,32GB,continue,849.00
Brugt iPhone 7 Plus,8191146885256,Rosa guld / Brugt / 128GB,42544132522120,ee72877f8d50882138,Rosa guld,Brugt,128GB,continue,949.00
Brugt iPhone 7 Plus,8191146885256,Rosa guld / Brugt / 256GB,42544132554888,2c8e3db7ba7b460142,Rosa guld,Brugt,256GB,continue,1049.00
Brugt iPhone 7 Plus,8191146885256,Rosa guld / Rigtig god / 32GB,42544132587656,2e9b6e2bc757b6c489,Rosa guld,Rigtig god,32GB,continue,949.00
Brugt iPhone 7 Plus,8191146885256,Rosa guld / Rigtig god / 128GB,42544132620424,1d3693969b661ecd27,Rosa guld,Rigtig god,128GB,continue,1049.00
Brugt iPhone 7 Plus,8191146885256,Rosa guld / Rigtig god / 256GB,42544132653192,033da3888d749070a8,Rosa guld,Rigtig god,256GB,continue,1149.00
Brugt iPhone 7 Plus,8191146885256,Rosa guld / Som ny / 32GB,42544132685960,bd6c630df550088b0e,Rosa guld,Som ny,32GB,continue,1049.00
Brugt iPhone 7 Plus,8191146885256,Rosa guld / Som ny / 128GB,42544132718728,efc795ae0c38d46101,Rosa guld,Som ny,128GB,continue,1149.00
Brugt iPhone 7 Plus,8191146885256,Rosa guld / Som ny / 256GB,42544132751496,18026edca1aa00fec5,Rosa guld,Som ny,256GB,continue,1249.00
Brugt iPhone 7 Plus,8191146885256,Sølv / Brugbar / 32GB,42544132784264,ba9991e3cdac8ec8d9,Sølv,Brugbar,32GB,continue,749.00
Brugt iPhone 7 Plus,8191146885256,Sølv / Brugbar / 128GB,42544132817032,b4011dbe44c0071ff2,Sølv,Brugbar,128GB,continue,849.00
Brugt iPhone 7 Plus,8191146885256,Sølv / Brugbar / 256GB,42544132849800,64faa20fc469fa360f,Sølv,Brugbar,256GB,continue,949.00
Brugt iPhone 7 Plus,8191146885256,Sølv / Brugt / 32GB,42544132882568,cfdbd59e6b7ce480db,Sølv,Brugt,32GB,continue,849.00
Brugt iPhone 7 Plus,8191146885256,Sølv / Brugt / 128GB,42544132915336,ad98f0de15e114a8c7,Sølv,Brugt,128GB,continue,949.00
Brugt iPhone 7 Plus,8191146885256,Sølv / Brugt / 256GB,42544132948104,f3a7eb05b5766c42bf,Sølv,Brugt,256GB,continue,1049.00
Brugt iPhone 7 Plus,8191146885256,Sølv / Rigtig god / 32GB,42544132980872,ceaaed9b1fc13ec0f7,Sølv,Rigtig god,32GB,continue,949.00
Brugt iPhone 7 Plus,8191146885256,Sølv / Rigtig god / 128GB,42544133013640,22ffa078b45a812c37,Sølv,Rigtig god,128GB,continue,1049.00
Brugt iPhone 7 Plus,8191146885256,Sølv / Rigtig god / 256GB,42544133046408,a63a823f6279ffeb13,Sølv,Rigtig god,256GB,continue,1149.00
Brugt iPhone 7 Plus,8191146885256,Sølv / Som ny / 32GB,42544133079176,4e1ac57a46be7ea889,Sølv,Som ny,32GB,continue,1049.00
Brugt iPhone 7 Plus,8191146885256,Sølv / Som ny / 128GB,42544133111944,1d7ad8fedab77977d2,Sølv,Som ny,128GB,continue,1149.00
Brugt iPhone 7 Plus,8191146885256,Sølv / Som ny / 256GB,42544133144712,85b52102c308d84550,Sølv,Som ny,256GB,continue,1249.00
Brugt iPhone 7 Plus,8191146885256,Guld / Brugbar / 32GB,42544133177480,a72fb5ad39db13c201,Guld,Brugbar,32GB,continue,749.00
Brugt iPhone 7 Plus,8191146885256,Guld / Brugbar / 128GB,42544133210248,86b254081fa1786387,Guld,Brugbar,128GB,continue,849.00
Brugt iPhone 7 Plus,8191146885256,Guld / Brugbar / 256GB,42544133243016,680c7f71c31a41f626,Guld,Brugbar,256GB,continue,949.00
Brugt iPhone 7 Plus,8191146885256,Guld / Brugt / 32GB,42544133275784,dad9e23c239de775e1,Guld,Brugt,32GB,continue,849.00
Brugt iPhone 7 Plus,8191146885256,Guld / Brugt / 128GB,42544133308552,cbcba758e48dabad0c,Guld,Brugt,128GB,continue,949.00
Brugt iPhone 7 Plus,8191146885256,Guld / Brugt / 256GB,42544133341320,ccbd23398fb467ce11,Guld,Brugt,256GB,continue,1049.00
Brugt iPhone 7 Plus,8191146885256,Guld / Rigtig god / 32GB,42544133374088,89f21013613ba6b9d0,Guld,Rigtig god,32GB,continue,949.00
Brugt iPhone 7 Plus,8191146885256,Guld / Rigtig god / 128GB,42544133406856,11e6b0f58cfe94e017,Guld,Rigtig god,128GB,continue,1049.00
Brugt iPhone 7 Plus,8191146885256,Guld / Rigtig god / 256GB,42544133439624,744286e225c86c56f2,Guld,Rigtig god,256GB,continue,1149.00
Brugt iPhone 7 Plus,8191146885256,Guld / Som ny / 32GB,42544133472392,392925b1f77f31325c,Guld,Som ny,32GB,continue,1049.00
Brugt iPhone 7 Plus,8191146885256,Guld / Som ny / 128GB,42544133505160,b848cd97800856533e,Guld,Som ny,128GB,continue,1149.00
Brugt iPhone 7 Plus,8191146885256,Guld / Som ny / 256GB,42544133537928,1f79f0cba880ab4ef4,Guld,Som ny,256GB,continue,1249.00
Brugt iPhone 7 Plus,8191146885256,Rød / Brugbar / 32GB,42544133570696,88e97e8712661ca3a5,Rød,Brugbar,32GB,continue,749.00
Brugt iPhone 7 Plus,8191146885256,Rød / Brugbar / 128GB,42544133603464,fbe303071a5174f11e,Rød,Brugbar,128GB,continue,849.00
Brugt iPhone 7 Plus,8191146885256,Rød / Brugbar / 256GB,42544133636232,eaf52b15df31396986,Rød,Brugbar,256GB,continue,949.00
Brugt iPhone 7 Plus,8191146885256,Rød / Brugt / 32GB,42544133669000,4683ff26ea24ebc4f6,Rød,Brugt,32GB,continue,849.00
Brugt iPhone 7 Plus,8191146885256,Rød / Brugt / 128GB,42544133701768,1e3ea0b6a9e6529431,Rød,Brugt,128GB,continue,949.00
Brugt iPhone 7 Plus,8191146885256,Rød / Brugt / 256GB,42544133734536,6a141136132b35ed02,Rød,Brugt,256GB,continue,1049.00
Brugt iPhone 7 Plus,8191146885256,Rød / Rigtig god / 32GB,42544133767304,0927da94769d84bc16,Rød,Rigtig god,32GB,continue,949.00
Brugt iPhone 7 Plus,8191146885256,Rød / Rigtig god / 128GB,42544133832840,c7738da491ebbd8bf8,Rød,Rigtig god,128GB,continue,1049.00
Brugt iPhone 7 Plus,8191146885256,Rød / Rigtig god / 256GB,42544133898376,66427d91c73147aae8,Rød,Rigtig god,256GB,continue,1149.00
Brugt iPhone 7 Plus,8191146885256,Rød / Som ny / 32GB,42544133996680,c0ce8ad6c053bd65aa,Rød,Som ny,32GB,continue,1049.00
Brugt iPhone 7 Plus,8191146885256,Rød / Som ny / 128GB,42544134062216,7618be942baab3d2df,Rød,Som ny,128GB,continue,1149.00
Brugt iPhone 7 Plus,8191146885256,Rød / Som ny / 256GB,42544134094984,7e4258727ef571ecc2,Rød,Som ny,256GB,continue,1249.00
Brugt iPhone 8,8191146983560,Guld / Brugbar / 64GB,42544134291592,797fe7c14d499f02ee,Guld,Brugbar,64GB,continue,749.00
Brugt iPhone 8,8191146983560,Guld / Brugbar / 128GB,42544134324360,3f2f8428eea4f19295,Guld,Brugbar,128GB,continue,849.00
Brugt iPhone 8,8191146983560,Guld / Brugbar / 256GB,42544134357128,2eb73118b56b6e3c69,Guld,Brugbar,256GB,continue,949.00
Brugt iPhone 8,8191146983560,Guld / Brugt / 64GB,42544134389896,2c4f6316fe22fd33d9,Guld,Brugt,64GB,continue,849.00
Brugt iPhone 8,8191146983560,Guld / Brugt / 128GB,42544134422664,0e604972ac480db1bd,Guld,Brugt,128GB,continue,949.00
Brugt iPhone 8,8191146983560,Guld / Brugt / 256GB,42544134455432,09f4e70ca4b2019739,Guld,Brugt,256GB,continue,1049.00
Brugt iPhone 8,8191146983560,Guld / Rigtig god / 64GB,42544134488200,ba26ae6bda64ab0a2e,Guld,Rigtig god,64GB,continue,949.00
Brugt iPhone 8,8191146983560,Guld / Rigtig god / 128GB,42544134520968,8b5256f9b5d28fb469,Guld,Rigtig god,128GB,continue,1049.00
Brugt iPhone 8,8191146983560,Guld / Rigtig god / 256GB,42544134553736,a59727344a82e7095b,Guld,Rigtig god,256GB,continue,1149.00
Brugt iPhone 8,8191146983560,Guld / Som ny / 64GB,42544134586504,b929912556f6c9196d,Guld,Som ny,64GB,continue,1049.00
Brugt iPhone 8,8191146983560,Guld / Som ny / 128GB,42544134619272,043dd7742f9d5d09ff,Guld,Som ny,128GB,continue,1149.00
Brugt iPhone 8,8191146983560,Guld / Som ny / 256GB,42544134652040,3da9a29051ce0a747a,Guld,Som ny,256GB,continue,1249.00
Brugt iPhone 8,8191146983560,Sølv / Brugbar / 64GB,42544134684808,64223a5b9970245c8c,Sølv,Brugbar,64GB,continue,749.00
Brugt iPhone 8,8191146983560,Sølv / Brugbar / 128GB,42544134717576,fd7246c1c3dea2e6ba,Sølv,Brugbar,128GB,continue,849.00
Brugt iPhone 8,8191146983560,Sølv / Brugbar / 256GB,42544134750344,b64545ab0fbacefbc4,Sølv,Brugbar,256GB,continue,949.00
Brugt iPhone 8,8191146983560,Sølv / Brugt / 64GB,42544134783112,890a314b9352141f8f,Sølv,Brugt,64GB,continue,849.00
Brugt iPhone 8,8191146983560,Sølv / Brugt / 128GB,42544134815880,82055451986ff3a115,Sølv,Brugt,128GB,continue,949.00
Brugt iPhone 8,8191146983560,Sølv / Brugt / 256GB,42544134848648,0aea10bdad7328e159,Sølv,Brugt,256GB,continue,1049.00
Brugt iPhone 8,8191146983560,Sølv / Rigtig god / 64GB,42544134881416,e27247749b4105d9cc,Sølv,Rigtig god,64GB,continue,949.00
Brugt iPhone 8,8191146983560,Sølv / Rigtig god / 128GB,42544134914184,944c705ba934304c70,Sølv,Rigtig god,128GB,continue,1049.00
Brugt iPhone 8,8191146983560,Sølv / Rigtig god / 256GB,42544134979720,db39585649d4101fe9,Sølv,Rigtig god,256GB,continue,1149.00
Brugt iPhone 8,8191146983560,Sølv / Som ny / 64GB,42544135012488,5a80d2961dd26bf267,Sølv,Som ny,64GB,continue,1049.00
Brugt iPhone 8,8191146983560,Sølv / Som ny / 128GB,42544135045256,21853ad84797cfe243,Sølv,Som ny,128GB,continue,1149.00
Brugt iPhone 8,8191146983560,Sølv / Som ny / 256GB,42544135078024,8e70116d1199020969,Sølv,Som ny,256GB,continue,1249.00
Brugt iPhone 8,8191146983560,Space grey / Brugbar / 64GB,42544135110792,52735e598f0dbd897b,Space grey,Brugbar,64GB,continue,749.00
Brugt iPhone 8,8191146983560,Space grey / Brugbar / 128GB,42544135143560,00c83c747647993fe4,Space grey,Brugbar,128GB,continue,849.00
Brugt iPhone 8,8191146983560,Space grey / Brugbar / 256GB,42544135176328,fb0d62ca11880e4d4b,Space grey,Brugbar,256GB,continue,949.00
Brugt iPhone 8,8191146983560,Space grey / Brugt / 64GB,42544135209096,7d71b92ce3a537861d,Space grey,Brugt,64GB,continue,849.00
Brugt iPhone 8,8191146983560,Space grey / Brugt / 128GB,42544135241864,9c63d1c1aef45e9d69,Space grey,Brugt,128GB,continue,949.00
Brugt iPhone 8,8191146983560,Space grey / Brugt / 256GB,42544135274632,10a5e660b6e2b69c36,Space grey,Brugt,256GB,continue,1049.00
Brugt iPhone 8,8191146983560,Space grey / Rigtig god / 64GB,42544135307400,1b79658e4a4cf36460,Space grey,Rigtig god,64GB,continue,949.00
Brugt iPhone 8,8191146983560,Space grey / Rigtig god / 128GB,42544135340168,dc64545653a02b550e,Space grey,Rigtig god,128GB,continue,1049.00
Brugt iPhone 8,8191146983560,Space grey / Rigtig god / 256GB,42544135372936,bbffa48aa6cd02df52,Space grey,Rigtig god,256GB,continue,1149.00
Brugt iPhone 8,8191146983560,Space grey / Som ny / 64GB,42544135405704,9c1dd8790a8f86a75c,Space grey,Som ny,64GB,continue,1049.00
Brugt iPhone 8,8191146983560,Space grey / Som ny / 128GB,42544135438472,9d011b2a97387feca1,Space grey,Som ny,128GB,continue,1149.00
Brugt iPhone 8,8191146983560,Space grey / Som ny / 256GB,42544135471240,c6dfc955624a2f61f0,Space grey,Som ny,256GB,continue,1249.00
Brugt iPhone 8,8191146983560,Rød / Brugbar / 64GB,42544135504008,fbdb4fb9116d04c4d2,Rød,Brugbar,64GB,continue,749.00
Brugt iPhone 8,8191146983560,Rød / Brugbar / 128GB,42544135536776,762acc82a0dbf9ef5d,Rød,Brugbar,128GB,continue,849.00
Brugt iPhone 8,8191146983560,Rød / Brugbar / 256GB,42544135569544,41b0e4a4a227442a03,Rød,Brugbar,256GB,continue,949.00
Brugt iPhone 8,8191146983560,Rød / Brugt / 64GB,42544135602312,5168256a028bf31a28,Rød,Brugt,64GB,continue,849.00
Brugt iPhone 8,8191146983560,Rød / Brugt / 128GB,42544135635080,1f8e0d32198e5835b9,Rød,Brugt,128GB,continue,949.00
Brugt iPhone 8,8191146983560,Rød / Brugt / 256GB,42544135667848,e0f5d3eafc0936bfc8,Rød,Brugt,256GB,continue,1049.00
Brugt iPhone 8,8191146983560,Rød / Rigtig god / 64GB,42544135700616,67938aa36a47363faa,Rød,Rigtig god,64GB,continue,949.00
Brugt iPhone 8,8191146983560,Rød / Rigtig god / 128GB,42544135733384,559f3dbc7fbb731474,Rød,Rigtig god,128GB,continue,1049.00
Brugt iPhone 8,8191146983560,Rød / Rigtig god / 256GB,42544135766152,85cafbc1896bd5b057,Rød,Rigtig god,256GB,continue,1149.00
Brugt iPhone 8,8191146983560,Rød / Som ny / 64GB,42544135798920,4cb45a28769f02057b,Rød,Som ny,64GB,continue,1049.00
Brugt iPhone 8,8191146983560,Rød / Som ny / 128GB,42544135831688,7a83e89bf1dd54cb64,Rød,Som ny,128GB,continue,1149.00
Brugt iPhone 8,8191146983560,Rød / Som ny / 256GB,42544135864456,ddaf5c6d1cb2aff235,Rød,Som ny,256GB,continue,1249.00
Brugt iPhone 8 Plus,8191147114632,Guld / Brugbar / 64GB,42544136061064,691577029af42b3549,Guld,Brugbar,64GB,continue,949.00
Brugt iPhone 8 Plus,8191147114632,Guld / Brugbar / 128GB,42544136093832,5415a4e6eb6510d84b,Guld,Brugbar,128GB,continue,1149.00
Brugt iPhone 8 Plus,8191147114632,Guld / Brugbar / 256GB,42544136126600,d708bea544ae65b8c5,Guld,Brugbar,256GB,continue,1149.00
Brugt iPhone 8 Plus,8191147114632,Guld / Brugt / 64GB,42544136159368,69f96178ba123018e7,Guld,Brugt,64GB,continue,1049.00
Brugt iPhone 8 Plus,8191147114632,Guld / Brugt / 128GB,42544136192136,ab537001402e5cf456,Guld,Brugt,128GB,continue,1249.00
Brugt iPhone 8 Plus,8191147114632,Guld / Brugt / 256GB,42544136224904,6d5710b8147cfe1bad,Guld,Brugt,256GB,continue,1249.00
Brugt iPhone 8 Plus,8191147114632,Guld / Rigtig god / 64GB,42544136257672,9e6793ced89cee70a1,Guld,Rigtig god,64GB,continue,1149.00
Brugt iPhone 8 Plus,8191147114632,Guld / Rigtig god / 128GB,42544136290440,5172aab4de8cd4c476,Guld,Rigtig god,128GB,continue,1349.00
Brugt iPhone 8 Plus,8191147114632,Guld / Rigtig god / 256GB,42544136323208,bf1da6a96fbeb6a030,Guld,Rigtig god,256GB,continue,1449.00
Brugt iPhone 8 Plus,8191147114632,Guld / Som ny / 64GB,42544136355976,c00c2864b66ffb16b9,Guld,Som ny,64GB,continue,1249.00
Brugt iPhone 8 Plus,8191147114632,Guld / Som ny / 128GB,42544136388744,82f278ce426d1b370d,Guld,Som ny,128GB,continue,1449.00
Brugt iPhone 8 Plus,8191147114632,Guld / Som ny / 256GB,42544136421512,69a8b38c7ea0f3faa7,Guld,Som ny,256GB,continue,1649.00
Brugt iPhone 8 Plus,8191147114632,Sølv / Brugbar / 64GB,42544136454280,3b87c46fc28d5b79ea,Sølv,Brugbar,64GB,continue,949.00
Brugt iPhone 8 Plus,8191147114632,Sølv / Brugbar / 128GB,42544136487048,d283106f6b9ecf47b7,Sølv,Brugbar,128GB,continue,1149.00
Brugt iPhone 8 Plus,8191147114632,Sølv / Brugbar / 256GB,42544136519816,e4c8fdbb757f23d949,Sølv,Brugbar,256GB,continue,1149.00
Brugt iPhone 8 Plus,8191147114632,Sølv / Brugt / 64GB,42544136552584,a3fbf57e44455cae49,Sølv,Brugt,64GB,continue,1049.00
Brugt iPhone 8 Plus,8191147114632,Sølv / Brugt / 128GB,42544136585352,cf979b412cb9c1c59c,Sølv,Brugt,128GB,continue,1249.00
Brugt iPhone 8 Plus,8191147114632,Sølv / Brugt / 256GB,42544136618120,80f426e442ac3aea47,Sølv,Brugt,256GB,continue,1249.00
Brugt iPhone 8 Plus,8191147114632,Sølv / Rigtig god / 64GB,42544136650888,8963d936d5ddfbc386,Sølv,Rigtig god,64GB,continue,1149.00
Brugt iPhone 8 Plus,8191147114632,Sølv / Rigtig god / 128GB,42544136683656,3522159d445cb08fa3,Sølv,Rigtig god,128GB,continue,1349.00
Brugt iPhone 8 Plus,8191147114632,Sølv / Rigtig god / 256GB,42544136716424,4bf464f8dcd2f4f4e3,Sølv,Rigtig god,256GB,continue,1449.00
Brugt iPhone 8 Plus,8191147114632,Sølv / Som ny / 64GB,42544136749192,e30f03592327c25fca,Sølv,Som ny,64GB,continue,1249.00
Brugt iPhone 8 Plus,8191147114632,Sølv / Som ny / 128GB,42544136781960,70374b3ff2e600e00b,Sølv,Som ny,128GB,continue,1449.00
Brugt iPhone 8 Plus,8191147114632,Sølv / Som ny / 256GB,42544136814728,8ac2d4e71162788e09,Sølv,Som ny,256GB,continue,1649.00
Brugt iPhone 8 Plus,8191147114632,Space grey / Brugbar / 64GB,42544136847496,3aa1931e4e6bf3d25b,Space grey,Brugbar,64GB,continue,949.00
Brugt iPhone 8 Plus,8191147114632,Space grey / Brugbar / 128GB,42544136880264,03496b0f06c76df6f6,Space grey,Brugbar,128GB,continue,1149.00
Brugt iPhone 8 Plus,8191147114632,Space grey / Brugbar / 256GB,42544136913032,fd85848a648a05e57b,Space grey,Brugbar,256GB,continue,1149.00
Brugt iPhone 8 Plus,8191147114632,Space grey / Brugt / 64GB,42544136945800,cdeb5df2058ddd53fa,Space grey,Brugt,64GB,continue,1049.00
Brugt iPhone 8 Plus,8191147114632,Space grey / Brugt / 128GB,42544136978568,561aa7d26abe82d0fb,Space grey,Brugt,128GB,continue,1249.00
Brugt iPhone 8 Plus,8191147114632,Space grey / Brugt / 256GB,42544137011336,548389d183332cd205,Space grey,Brugt,256GB,continue,1249.00
Brugt iPhone 8 Plus,8191147114632,Space grey / Rigtig god / 64GB,42544137044104,8f290431f46b2ad805,Space grey,Rigtig god,64GB,continue,1149.00
Brugt iPhone 8 Plus,8191147114632,Space grey / Rigtig god / 128GB,42544137076872,df689e6e5bd5a82dd6,Space grey,Rigtig god,128GB,continue,1349.00
Brugt iPhone 8 Plus,8191147114632,Space grey / Rigtig god / 256GB,42544137109640,b7fb5c2eaccb9c6484,Space grey,Rigtig god,256GB,continue,1449.00
Brugt iPhone 8 Plus,8191147114632,Space grey / Som ny / 64GB,42544137142408,554943792ac0f540e0,Space grey,Som ny,64GB,continue,1249.00
Brugt iPhone 8 Plus,8191147114632,Space grey / Som ny / 128GB,42544137175176,de48e12088577cb9fa,Space grey,Som ny,128GB,continue,1449.00
Brugt iPhone 8 Plus,8191147114632,Space grey / Som ny / 256GB,42544137207944,e6c6852a418c20dc16,Space grey,Som ny,256GB,continue,1649.00
Brugt iPhone 8 Plus,8191147114632,Rød / Brugbar / 64GB,42544137240712,0952216cca6ed09b81,Rød,Brugbar,64GB,continue,949.00
Brugt iPhone 8 Plus,8191147114632,Rød / Brugbar / 128GB,42544137273480,6f57293d1425e2e655,Rød,Brugbar,128GB,continue,1149.00
Brugt iPhone 8 Plus,8191147114632,Rød / Brugbar / 256GB,42544137306248,e341274159c3e8d54c,Rød,Brugbar,256GB,continue,1149.00
Brugt iPhone 8 Plus,8191147114632,Rød / Brugt / 64GB,42544137339016,091266bcf8aa90590c,Rød,Brugt,64GB,continue,1049.00
Brugt iPhone 8 Plus,8191147114632,Rød / Brugt / 128GB,42544137371784,393f5ebc2492cc1974,Rød,Brugt,128GB,continue,1249.00
Brugt iPhone 8 Plus,8191147114632,Rød / Brugt / 256GB,42544137404552,8477f0b5d903c87713,Rød,Brugt,256GB,continue,1249.00
Brugt iPhone 8 Plus,8191147114632,Rød / Rigtig god / 64GB,42544137437320,cfce31c77b2daebd9a,Rød,Rigtig god,64GB,continue,1149.00
Brugt iPhone 8 Plus,8191147114632,Rød / Rigtig god / 128GB,42544137470088,4a1c2ff9e0d1f0c7e4,Rød,Rigtig god,128GB,continue,1349.00
Brugt iPhone 8 Plus,8191147114632,Rød / Rigtig god / 256GB,42544137502856,8e8f957962d96207dc,Rød,Rigtig god,256GB,continue,1449.00
Brugt iPhone 8 Plus,8191147114632,Rød / Som ny / 64GB,42544137535624,ee24f87a210c479de0,Rød,Som ny,64GB,continue,1249.00
Brugt iPhone 8 Plus,8191147114632,Rød / Som ny / 128GB,42544137568392,2219bed4657419d7b6,Rød,Som ny,128GB,continue,1449.00
Brugt iPhone 8 Plus,8191147114632,Rød / Som ny / 256GB,42544137601160,76876cd1f2f8e650dd,Rød,Som ny,256GB,continue,1649.00
Brugt iPhone SE 2020,8191147344008,Sort / Brugbar / 64GB,42544138190984,1b45e0d870db86f6c9,Sort,Brugbar,64GB,continue,849.00
Brugt iPhone SE 2020,8191147344008,Sort / Brugbar / 128GB,42544138223752,035792aab107dd7016,Sort,Brugbar,128GB,continue,1049.00
Brugt iPhone SE 2020,8191147344008,Sort / Brugbar / 256GB,42544138256520,1b34f5bd04c4946abf,Sort,Brugbar,256GB,continue,1449.00
Brugt iPhone SE 2020,8191147344008,Sort / Brugt / 64GB,42544138289288,03f0546b5cd87815ce,Sort,Brugt,64GB,continue,949.00
Brugt iPhone SE 2020,8191147344008,Sort / Brugt / 128GB,42544138322056,81ae59be2e98c6b158,Sort,Brugt,128GB,continue,1149.00
Brugt iPhone SE 2020,8191147344008,Sort / Brugt / 256GB,42544138354824,95ca2d5fd339cf489b,Sort,Brugt,256GB,continue,1549.00
Brugt iPhone SE 2020,8191147344008,Sort / Rigtig god / 64GB,42544138387592,0ad2fdc33a9ee0e119,Sort,Rigtig god,64GB,continue,1049.00
Brugt iPhone SE 2020,8191147344008,Sort / Rigtig god / 128GB,42544138420360,6d64864cf08503bb64,Sort,Rigtig god,128GB,continue,1249.00
Brugt iPhone SE 2020,8191147344008,Sort / Rigtig god / 256GB,42544138453128,77eb7a3007aa8664ba,Sort,Rigtig god,256GB,continue,1649.00
Brugt iPhone SE 2020,8191147344008,Sort / Som ny / 64GB,42544138485896,11aad2b7b58fecb4e2,Sort,Som ny,64GB,continue,1149.00
Brugt iPhone SE 2020,8191147344008,Sort / Som ny / 128GB,42544138518664,44af78bdd1fe6ec5db,Sort,Som ny,128GB,continue,1349.00
Brugt iPhone SE 2020,8191147344008,Sort / Som ny / 256GB,42544138551432,ff58a1d628eb78e5ae,Sort,Som ny,256GB,continue,1749.00
Brugt iPhone SE 2020,8191147344008,Hvid / Brugbar / 64GB,42544138584200,0e9a78ca4fb48efeb8,Hvid,Brugbar,64GB,continue,849.00
Brugt iPhone SE 2020,8191147344008,Hvid / Brugbar / 128GB,42544138616968,fb9bafb5a15b085da8,Hvid,Brugbar,128GB,continue,1049.00
Brugt iPhone SE 2020,8191147344008,Hvid / Brugbar / 256GB,42544138649736,86f5c84418fe8fb70a,Hvid,Brugbar,256GB,continue,1449.00
Brugt iPhone SE 2020,8191147344008,Hvid / Brugt / 64GB,42544138682504,cfc8474fc346cf4bb9,Hvid,Brugt,64GB,continue,949.00
Brugt iPhone SE 2020,8191147344008,Hvid / Brugt / 128GB,42544138715272,4210497a2db8e7f7ad,Hvid,Brugt,128GB,continue,1149.00
Brugt iPhone SE 2020,8191147344008,Hvid / Brugt / 256GB,42544138748040,8e4fa286454547041b,Hvid,Brugt,256GB,continue,1549.00
Brugt iPhone SE 2020,8191147344008,Hvid / Rigtig god / 64GB,42544138780808,7d3f4660ca415fbc1b,Hvid,Rigtig god,64GB,continue,1049.00
Brugt iPhone SE 2020,8191147344008,Hvid / Rigtig god / 128GB,42544138813576,04eaa947b2a548655f,Hvid,Rigtig god,128GB,continue,1249.00
Brugt iPhone SE 2020,8191147344008,Hvid / Rigtig god / 256GB,42544138846344,6d549e5c5234b82c61,Hvid,Rigtig god,256GB,continue,1649.00
Brugt iPhone SE 2020,8191147344008,Hvid / Som ny / 64GB,42544138879112,16583a7aa4cd0c7ad0,Hvid,Som ny,64GB,continue,1149.00
Brugt iPhone SE 2020,8191147344008,Hvid / Som ny / 128GB,42544138911880,85609d39719dd1ada9,Hvid,Som ny,128GB,continue,1349.00
Brugt iPhone SE 2020,8191147344008,Hvid / Som ny / 256GB,42544138944648,4caf3f3887e953fcbb,Hvid,Som ny,256GB,continue,1749.00
Brugt iPhone SE 2020,8191147344008,Rød / Brugbar / 64GB,42544138977416,94d9f9bb6462972b9f,Rød,Brugbar,64GB,continue,849.00
Brugt iPhone SE 2020,8191147344008,Rød / Brugbar / 128GB,42544139010184,037f15e2e13d95755e,Rød,Brugbar,128GB,continue,1049.00
Brugt iPhone SE 2020,8191147344008,Rød / Brugbar / 256GB,42544139042952,7e678e289396e0a734,Rød,Brugbar,256GB,continue,1449.00
Brugt iPhone SE 2020,8191147344008,Rød / Brugt / 64GB,42544139075720,0d53218db3bb2c1c44,Rød,Brugt,64GB,continue,949.00
Brugt iPhone SE 2020,8191147344008,Rød / Brugt / 128GB,42544139108488,6a793cc2e6e9548be9,Rød,Brugt,128GB,continue,1149.00
Brugt iPhone SE 2020,8191147344008,Rød / Brugt / 256GB,42544139141256,37061a21bd3225c438,Rød,Brugt,256GB,continue,1549.00
Brugt iPhone SE 2020,8191147344008,Rød / Rigtig god / 64GB,42544139174024,29482dfdce830a38e4,Rød,Rigtig god,64GB,continue,1049.00
Brugt iPhone SE 2020,8191147344008,Rød / Rigtig god / 128GB,42544139206792,9457afd87e89c4c361,Rød,Rigtig god,128GB,continue,1249.00
Brugt iPhone SE 2020,8191147344008,Rød / Rigtig god / 256GB,42544139239560,a9d816bab9b9b8aabc,Rød,Rigtig god,256GB,continue,1649.00
Brugt iPhone SE 2020,8191147344008,Rød / Som ny / 64GB,42544139272328,0f6c5740c0e2b2910d,Rød,Som ny,64GB,continue,1149.00
Brugt iPhone SE 2020,8191147344008,Rød / Som ny / 128GB,42544139305096,1712319dbd4314e8a5,Rød,Som ny,128GB,continue,1349.00
Brugt iPhone SE 2020,8191147344008,Rød / Som ny / 256GB,42544139337864,4cb00335bcb8e241a7,Rød,Som ny,256GB,continue,1749.00
Brugt iPhone SE 2022,8191147769992,Midnat / Brugbar / 64GB,54779477754231,48763bacaf394ae3,Midnat,Brugbar,64GB,continue,1349.00
Brugt iPhone SE 2022,8191147769992,Midnat / Brugbar / 128GB,42544139993224,c03676bc3d87d20a1b,Midnat,Brugbar,128GB,continue,1649.00
Brugt iPhone SE 2022,8191147769992,Midnat / Brugbar / 256GB,42544140025992,1ba5831b4e43994278,Midnat,Brugbar,256GB,continue,2049.00
Brugt iPhone SE 2022,8191147769992,Midnat / Brugt / 64GB,54779477786999,d342b06f9dd94873,Midnat,Brugt,64GB,continue,1449.00
Brugt iPhone SE 2022,8191147769992,Midnat / Brugt / 128GB,42544140058760,a7800059ee4dba34f1,Midnat,Brugt,128GB,continue,1749.00
Brugt iPhone SE 2022,8191147769992,Midnat / Brugt / 256GB,42544140091528,fe6a6270ebd929ad7e,Midnat,Brugt,256GB,continue,2149.00
Brugt iPhone SE 2022,8191147769992,Midnat / Rigtig god / 64GB,54779477819767,38e9d3853d5d4e20,Midnat,Rigtig god,64GB,continue,1549.00
Brugt iPhone SE 2022,8191147769992,Midnat / Rigtig god / 128GB,42544140124296,7a7a3e156de74940bf,Midnat,Rigtig god,128GB,continue,1949.00
Brugt iPhone SE 2022,8191147769992,Midnat / Rigtig god / 256GB,42544140157064,6d87152553b7c8a635,Midnat,Rigtig god,256GB,continue,2449.00
Brugt iPhone SE 2022,8191147769992,Midnat / Som ny / 64GB,54779477852535,5e85aad983ea4381,Midnat,Som ny,64GB,continue,1749.00
Brugt iPhone SE 2022,8191147769992,Midnat / Som ny / 128GB,42544140189832,e9f97adb817edd93fd,Midnat,Som ny,128GB,continue,2149.00
Brugt iPhone SE 2022,8191147769992,Midnat / Som ny / 256GB,42544140222600,06635e186845bd76ad,Midnat,Som ny,256GB,continue,2649.00
Brugt iPhone SE 2022,8191147769992,Rød / Brugbar / 64GB,54779477885303,9113478f738c424f,Rød,Brugbar,64GB,continue,1349.00
Brugt iPhone SE 2022,8191147769992,Rød / Brugbar / 128GB,42544140255368,3373b863ccc68f61a3,Rød,Brugbar,128GB,continue,1649.00
Brugt iPhone SE 2022,8191147769992,Rød / Brugbar / 256GB,42544140288136,eab996bca97ede6a7f,Rød,Brugbar,256GB,continue,2049.00
Brugt iPhone SE 2022,8191147769992,Rød / Brugt / 64GB,54779477918071,e497dc58f0374531,Rød,Brugt,64GB,continue,1449.00
Brugt iPhone SE 2022,8191147769992,Rød / Brugt / 128GB,42544140320904,3ce932ab533c663fce,Rød,Brugt,128GB,continue,1749.00
Brugt iPhone SE 2022,8191147769992,Rød / Brugt / 256GB,42544140353672,7f405145e95485dc0b,Rød,Brugt,256GB,continue,2149.00
Brugt iPhone SE 2022,8191147769992,Rød / Rigtig god / 64GB,54779477950839,d22a6ba7faa84031,Rød,Rigtig god,64GB,continue,1549.00
Brugt iPhone SE 2022,8191147769992,Rød / Rigtig god / 128GB,42544140386440,68e597f5480ffd4cad,Rød,Rigtig god,128GB,continue,1949.00
Brugt iPhone SE 2022,8191147769992,Rød / Rigtig god / 256GB,42544140419208,40118f2ef1060b60e8,Rød,Rigtig god,256GB,continue,2449.00
Brugt iPhone SE 2022,8191147769992,Rød / Som ny / 64GB,54779477983607,28ba8819fc61461f,Rød,Som ny,64GB,continue,1749.00
Brugt iPhone SE 2022,8191147769992,Rød / Som ny / 128GB,42544140451976,7bf43a5bf12047ca29,Rød,Som ny,128GB,continue,2149.00
Brugt iPhone SE 2022,8191147769992,Rød / Som ny / 256GB,42544140484744,9079dbd2b931b8eedd,Rød,Som ny,256GB,continue,2649.00
Brugt iPhone SE 2022,8191147769992,Stjerneskær / Brugbar / 64GB,54779478016375,42149efnjfsjn23i92i93,Stjerneskær,Brugbar,64GB,continue,1349.00
Brugt iPhone SE 2022,8191147769992,Stjerneskær / Brugbar / 128GB,42544140517512,bf06de5e825891c47d,Stjerneskær,Brugbar,128GB,continue,1649.00
Brugt iPhone SE 2022,8191147769992,Stjerneskær / Brugbar / 256GB,42544140550280,6865ba45ba0e3c3426,Stjerneskær,Brugbar,256GB,continue,2049.00
Brugt iPhone SE 2022,8191147769992,Stjerneskær / Brugt / 64GB,54779478049143,18aacd1dcb1c4be7,Stjerneskær,Brugt,64GB,continue,1449.00
Brugt iPhone SE 2022,8191147769992,Stjerneskær / Brugt / 128GB,42544140583048,117994000c972991fc,Stjerneskær,Brugt,128GB,continue,1749.00
Brugt iPhone SE 2022,8191147769992,Stjerneskær / Brugt / 256GB,42544140615816,6ae94d551d82a483d4,Stjerneskær,Brugt,256GB,continue,2149.00
Brugt iPhone SE 2022,8191147769992,Stjerneskær / Rigtig god / 64GB,54779478081911,278628fe0408434a,Stjerneskær,Rigtig god,64GB,continue,1549.00
Brugt iPhone SE 2022,8191147769992,Stjerneskær / Rigtig god / 128GB,42544140648584,cf175ca84137435cfc,Stjerneskær,Rigtig god,128GB,continue,1949.00
Brugt iPhone SE 2022,8191147769992,Stjerneskær / Rigtig god / 256GB,42544140681352,97e0b28745d91e9d04,Stjerneskær,Rigtig god,256GB,continue,2449.00
Brugt iPhone SE 2022,8191147769992,Stjerneskær / Som ny / 64GB,54779478114679,8fb83a1f1b4943a1,Stjerneskær,Som ny,64GB,continue,1749.00
Brugt iPhone SE 2022,8191147769992,Stjerneskær / Som ny / 128GB,42544140714120,d141e3bd48c68e41f0,Stjerneskær,Som ny,128GB,continue,2149.00
Brugt iPhone SE 2022,8191147769992,Stjerneskær / Som ny / 256GB,42544140746888,444e0508a8b3085b38,Stjerneskær,Som ny,256GB,continue,2649.00
Brugt iPhone X,8191148097672,Sølv / Brugbar / 64GB,42544141107336,0e3e5cdbee3dc9d0a6,Sølv,Brugbar,64GB,continue,1049.00
Brugt iPhone X,8191148097672,Sølv / Brugbar / 256GB,42544141140104,50209f89ec8670babe,Sølv,Brugbar,256GB,continue,1249.00
Brugt iPhone X,8191148097672,Sølv / Brugt / 64GB,42544141172872,51e1e916fbb1d98ae2,Sølv,Brugt,64GB,continue,1149.00
Brugt iPhone X,8191148097672,Sølv / Brugt / 256GB,42544141238408,1ce9e6270f95978f2f,Sølv,Brugt,256GB,continue,1349.00
Brugt iPhone X,8191148097672,Sølv / Rigtig god / 64GB,42544141369480,24c7db5d58bf5ef6b0,Sølv,Rigtig god,64GB,continue,1249.00
Brugt iPhone X,8191148097672,Sølv / Rigtig god / 256GB,42544141435016,00eae2ff7aec951639,Sølv,Rigtig god,256GB,continue,1449.00
Brugt iPhone X,8191148097672,Sølv / Som ny / 64GB,42544141467784,e34767418795e4cc59,Sølv,Som ny,64GB,continue,1349.00
Brugt iPhone X,8191148097672,Sølv / Som ny / 256GB,42544141500552,9e84a1925bb0be8a72,Sølv,Som ny,256GB,continue,1549.00
Brugt iPhone X,8191148097672,Space grey / Brugbar / 64GB,42544141533320,7b2b8814a3918f6ece,Space grey,Brugbar,64GB,continue,1049.00
Brugt iPhone X,8191148097672,Space grey / Brugbar / 256GB,42544141566088,cf9ed51a63be125dbe,Space grey,Brugbar,256GB,continue,1249.00
Brugt iPhone X,8191148097672,Space grey / Brugt / 64GB,42544141598856,3abeb470f3bc3c8ea7,Space grey,Brugt,64GB,continue,1149.00
Brugt iPhone X,8191148097672,Space grey / Brugt / 256GB,42544141631624,47a1d61a0f3e85c83b,Space grey,Brugt,256GB,continue,1349.00
Brugt iPhone X,8191148097672,Space grey / Rigtig god / 64GB,42544141664392,750c056a9514480929,Space grey,Rigtig god,64GB,continue,1249.00
Brugt iPhone X,8191148097672,Space grey / Rigtig god / 256GB,42544141697160,946d3df8cd5c3eccc2,Space grey,Rigtig god,256GB,continue,1449.00
Brugt iPhone X,8191148097672,Space grey / Som ny / 64GB,42544141729928,b525a9004953d1ca2b,Space grey,Som ny,64GB,continue,1349.00
Brugt iPhone X,8191148097672,Space grey / Som ny / 256GB,42544141762696,813a22b400bb68f139,Space grey,Som ny,256GB,continue,1549.00
Brugt iPhone XR,8191148621960,Blå / Brugbar / 64GB,42544142352520,0b1286aba4388ff8f5,Blå,Brugbar,64GB,continue,949.00
Brugt iPhone XR,8191148621960,Blå / Brugbar / 128GB,42544142385288,3ce23a966d12211950,Blå,Brugbar,128GB,continue,1049.00
Brugt iPhone XR,8191148621960,Blå / Brugbar / 256GB,42544142418056,63385d97198cb04660,Blå,Brugbar,256GB,continue,1349.00
Brugt iPhone XR,8191148621960,Blå / Brugt / 64GB,42544142450824,0ecfb867ae7afd5c92,Blå,Brugt,64GB,continue,1049.00
Brugt iPhone XR,8191148621960,Blå / Brugt / 128GB,42544142483592,1c67e764f776a5bf4e,Blå,Brugt,128GB,continue,1249.00
Brugt iPhone XR,8191148621960,Blå / Brugt / 256GB,42544142516360,539987a4c3981b35f4,Blå,Brugt,256GB,continue,1549.00
Brugt iPhone XR,8191148621960,Blå / Rigtig god / 64GB,42544142549128,22b05816938b3f5285,Blå,Rigtig god,64GB,continue,1249.00
Brugt iPhone XR,8191148621960,Blå / Rigtig god / 128GB,42544142581896,35eebb5d7e5dadadbd,Blå,Rigtig god,128GB,continue,1349.00
Brugt iPhone XR,8191148621960,Blå / Rigtig god / 256GB,42544142614664,f3f4a2774bb248ebba,Blå,Rigtig god,256GB,continue,1849.00
Brugt iPhone XR,8191148621960,Blå / Som ny / 64GB,42544142647432,815d989f7e6e6f3957,Blå,Som ny,64GB,continue,1349.00
Brugt iPhone XR,8191148621960,Blå / Som ny / 128GB,42544142680200,3755903d72db169cec,Blå,Som ny,128GB,continue,1649.00
Brugt iPhone XR,8191148621960,Blå / Som ny / 256GB,42544142712968,28ddd9d1e0c5f8c9e1,Blå,Som ny,256GB,continue,2049.00
Brugt iPhone XR,8191148621960,Gul / Brugbar / 64GB,42544142745736,d9dcb2f65b21d428bb,Gul,Brugbar,64GB,continue,949.00
Brugt iPhone XR,8191148621960,Gul / Brugbar / 128GB,42544142778504,bb51e977097913d669,Gul,Brugbar,128GB,continue,1049.00
Brugt iPhone XR,8191148621960,Gul / Brugbar / 256GB,42544142811272,33e401bf42e67f132f,Gul,Brugbar,256GB,continue,1349.00
Brugt iPhone XR,8191148621960,Gul / Brugt / 64GB,42544142844040,5e5122cfbb7594016e,Gul,Brugt,64GB,continue,1049.00
Brugt iPhone XR,8191148621960,Gul / Brugt / 128GB,42544142876808,a49839a70d364ddfc4,Gul,Brugt,128GB,continue,1249.00
Brugt iPhone XR,8191148621960,Gul / Brugt / 256GB,42544142909576,09b7214a0462718985,Gul,Brugt,256GB,continue,1549.00
Brugt iPhone XR,8191148621960,Gul / Rigtig god / 64GB,42544142942344,fe96c673d7582ae8df,Gul,Rigtig god,64GB,continue,1249.00
Brugt iPhone XR,8191148621960,Gul / Rigtig god / 128GB,42544142975112,080dc37a7973186f29,Gul,Rigtig god,128GB,continue,1349.00
Brugt iPhone XR,8191148621960,Gul / Rigtig god / 256GB,42544143007880,848076db31f78c067f,Gul,Rigtig god,256GB,continue,1849.00
Brugt iPhone XR,8191148621960,Gul / Som ny / 64GB,42544143040648,b26c5e050375020ada,Gul,Som ny,64GB,continue,1349.00
Brugt iPhone XR,8191148621960,Gul / Som ny / 128GB,42544143073416,8bb03a649380e1b661,Gul,Som ny,128GB,continue,1649.00
Brugt iPhone XR,8191148621960,Gul / Som ny / 256GB,42544143106184,f007f382a39c8bf616,Gul,Som ny,256GB,continue,2049.00
Brugt iPhone XR,8191148621960,Hvid / Brugbar / 64GB,42544143138952,5ecbd9d7003a633953,Hvid,Brugbar,64GB,continue,949.00
Brugt iPhone XR,8191148621960,Hvid / Brugbar / 128GB,42544143171720,ccd48e515497a7ca0f,Hvid,Brugbar,128GB,continue,1049.00
Brugt iPhone XR,8191148621960,Hvid / Brugbar / 256GB,42544143204488,d0234daf7243949ea4,Hvid,Brugbar,256GB,continue,1349.00
Brugt iPhone XR,8191148621960,Hvid / Brugt / 64GB,42544143237256,3ffaf909e66da1401c,Hvid,Brugt,64GB,continue,1049.00
Brugt iPhone XR,8191148621960,Hvid / Brugt / 128GB,42544143270024,2b29448f34088edcba,Hvid,Brugt,128GB,continue,1249.00
Brugt iPhone XR,8191148621960,Hvid / Brugt / 256GB,42544143302792,739caeb45d4c19996d,Hvid,Brugt,256GB,continue,1549.00
Brugt iPhone XR,8191148621960,Hvid / Rigtig god / 64GB,42544143335560,03963962a03fc978ba,Hvid,Rigtig god,64GB,continue,1249.00
Brugt iPhone XR,8191148621960,Hvid / Rigtig god / 128GB,42544143368328,e9293742856c481eb5,Hvid,Rigtig god,128GB,continue,1349.00
Brugt iPhone XR,8191148621960,Hvid / Rigtig god / 256GB,42544143401096,946e169a2f82eb9d15,Hvid,Rigtig god,256GB,continue,1849.00
Brugt iPhone XR,8191148621960,Hvid / Som ny / 64GB,42544143433864,3b7569aa024d0971ea,Hvid,Som ny,64GB,continue,1349.00
Brugt iPhone XR,8191148621960,Hvid / Som ny / 128GB,42544143466632,8c59f1eb477fbc557f,Hvid,Som ny,128GB,continue,1649.00
Brugt iPhone XR,8191148621960,Hvid / Som ny / 256GB,42544143499400,46d14aa8c702a35d04,Hvid,Som ny,256GB,continue,2049.00
Brugt iPhone XR,8191148621960,Koral / Brugbar / 64GB,42544143532168,bad3c22db29452c580,Koral,Brugbar,64GB,continue,949.00
Brugt iPhone XR,8191148621960,Koral / Brugbar / 128GB,42544143564936,e01cf0eda465164e54,Koral,Brugbar,128GB,continue,1049.00
Brugt iPhone XR,8191148621960,Koral / Brugbar / 256GB,42544143597704,52a1388820da5e2327,Koral,Brugbar,256GB,continue,1349.00
Brugt iPhone XR,8191148621960,Koral / Brugt / 64GB,42544143630472,9985c395895df9dd0f,Koral,Brugt,64GB,continue,1049.00
Brugt iPhone XR,8191148621960,Koral / Brugt / 128GB,42544143663240,bb6b9a46dad9155407,Koral,Brugt,128GB,continue,1249.00
Brugt iPhone XR,8191148621960,Koral / Brugt / 256GB,42544143696008,22da66f8b0bd67e0b2,Koral,Brugt,256GB,continue,1549.00
Brugt iPhone XR,8191148621960,Koral / Rigtig god / 64GB,42544143728776,6b98a4eb3a7c04700d,Koral,Rigtig god,64GB,continue,1249.00
Brugt iPhone XR,8191148621960,Koral / Rigtig god / 128GB,42544143761544,7fafe7309b37dcd0fc,Koral,Rigtig god,128GB,continue,1349.00
Brugt iPhone XR,8191148621960,Koral / Rigtig god / 256GB,42544143794312,913c624f2abd92a40d,Koral,Rigtig god,256GB,continue,1849.00
Brugt iPhone XR,8191148621960,Koral / Som ny / 64GB,42544143827080,0ca0126033c92ee574,Koral,Som ny,64GB,continue,1349.00
Brugt iPhone XR,8191148621960,Koral / Som ny / 128GB,42544143859848,ba132df92315b10f0f,Koral,Som ny,128GB,continue,1649.00
Brugt iPhone XR,8191148621960,Koral / Som ny / 256GB,42544143892616,2739fde38df4387f77,Koral,Som ny,256GB,continue,2049.00
Brugt iPhone XR,8191148621960,Sort / Brugbar / 64GB,42544143925384,b68dddb4fee03518c1,Sort,Brugbar,64GB,continue,949.00
Brugt iPhone XR,8191148621960,Sort / Brugbar / 128GB,42544143958152,222b3be3ba29c3056a,Sort,Brugbar,128GB,continue,1049.00
Brugt iPhone XR,8191148621960,Sort / Brugbar / 256GB,42544143990920,3c85a55a6cf6140d82,Sort,Brugbar,256GB,continue,1349.00
Brugt iPhone XR,8191148621960,Sort / Brugt / 64GB,42544144023688,6aba6bddea2433020c,Sort,Brugt,64GB,continue,1049.00
Brugt iPhone XR,8191148621960,Sort / Brugt / 128GB,42544144056456,e6fa6b381045c9e059,Sort,Brugt,128GB,continue,1249.00
Brugt iPhone XR,8191148621960,Sort / Brugt / 256GB,42544144089224,f944902a9dee3c3693,Sort,Brugt,256GB,continue,1549.00
Brugt iPhone XR,8191148621960,Sort / Rigtig god / 64GB,42544144121992,fd4df0d8c55249bfef,Sort,Rigtig god,64GB,continue,1249.00
Brugt iPhone XR,8191148621960,Sort / Rigtig god / 128GB,42544144154760,3e44494a2859f5ab0f,Sort,Rigtig god,128GB,continue,1349.00
Brugt iPhone XR,8191148621960,Sort / Rigtig god / 256GB,42544144187528,ebdfb31610b0af63e4,Sort,Rigtig god,256GB,continue,1849.00
Brugt iPhone XR,8191148621960,Sort / Som ny / 64GB,42544144220296,47b435611a41429f1f,Sort,Som ny,64GB,continue,1349.00
Brugt iPhone XR,8191148621960,Sort / Som ny / 128GB,42544144253064,279b6bd062606fa6fa,Sort,Som ny,128GB,continue,1649.00
Brugt iPhone XR,8191148621960,Sort / Som ny / 256GB,42544144285832,ebfdc767e1de489056,Sort,Som ny,256GB,continue,2049.00
Brugt iPhone XR,8191148621960,Rød / Brugbar / 64GB,42544144318600,cc9c251158fbea3d1a,Rød,Brugbar,64GB,continue,949.00
Brugt iPhone XR,8191148621960,Rød / Brugbar / 128GB,42544144351368,1890fc915af121fd4f,Rød,Brugbar,128GB,continue,1049.00
Brugt iPhone XR,8191148621960,Rød / Brugbar / 256GB,42544144384136,841ac7b39555303276,Rød,Brugbar,256GB,continue,1349.00
Brugt iPhone XR,8191148621960,Rød / Brugt / 64GB,42544144416904,83a637bfae044eceae,Rød,Brugt,64GB,continue,1049.00
Brugt iPhone XR,8191148621960,Rød / Brugt / 128GB,42544144449672,aeb9432d4f974c9e8b,Rød,Brugt,128GB,continue,1249.00
Brugt iPhone XR,8191148621960,Rød / Brugt / 256GB,42544144482440,106924c6f7ece018c6,Rød,Brugt,256GB,continue,1549.00
Brugt iPhone XR,8191148621960,Rød / Rigtig god / 64GB,42544144515208,c66c80755ea9a68528,Rød,Rigtig god,64GB,continue,1249.00
Brugt iPhone XR,8191148621960,Rød / Rigtig god / 128GB,42544144547976,e05ee0504dcfcc0518,Rød,Rigtig god,128GB,continue,1349.00
Brugt iPhone XR,8191148621960,Rød / Rigtig god / 256GB,42544144580744,ee980dfbbefa74d521,Rød,Rigtig god,256GB,continue,1849.00
Brugt iPhone XR,8191148621960,Rød / Som ny / 64GB,42544144613512,62830eb97d2a840680,Rød,Som ny,64GB,continue,1349.00
Brugt iPhone XR,8191148621960,Rød / Som ny / 128GB,42544144646280,0740a84003eee96aca,Rød,Som ny,128GB,continue,1649.00
Brugt iPhone XR,8191148621960,Rød / Som ny / 256GB,42544144679048,628cd405a82cdf8bfe,Rød,Som ny,256GB,continue,2049.00
Brugt iPhone XS,8191149113480,Space grey / Brugbar / 64GB,42544145563784,50d3175eb70a220f56,Space grey,Brugbar,64GB,continue,854.00
Brugt iPhone XS,8191149113480,Space grey / Brugbar / 256GB,54916358930807,2d6075c76ae396d5e1,Space grey,Brugbar,256GB,continue,1124.00
Brugt iPhone XS,8191149113480,Space grey / Brugbar / 512GB,54916358963575,0611a2d9e5f187d6b5,Space grey,Brugbar,512GB,continue,1394.00
Brugt iPhone XS,8191149113480,Space grey / Brugt / 64GB,54916358996343,3bd42ff30930ee1a21,Space grey,Brugt,64GB,continue,1034.00
Brugt iPhone XS,8191149113480,Space grey / Brugt / 256GB,54916359029111,8e7de9ace198c43b21,Space grey,Brugt,256GB,continue,1304.00
Brugt iPhone XS,8191149113480,Space grey / Brugt / 512GB,54916359061879,30b38bc8e4355816e3,Space grey,Brugt,512GB,continue,1574.00
Brugt iPhone XS,8191149113480,Space grey / Rigtig god / 64GB,54916359094647,332600847df8f41199,Space grey,Rigtig god,64GB,continue,1214.00
Brugt iPhone XS,8191149113480,Space grey / Rigtig god / 256GB,54916359127415,e27a9881408abcb180,Space grey,Rigtig god,256GB,continue,1484.00
Brugt iPhone XS,8191149113480,Space grey / Rigtig god / 512GB,54916359160183,ef0ad1a488bec012f4,Space grey,Rigtig god,512GB,continue,1754.00
Brugt iPhone XS,8191149113480,Space grey / Som ny / 64GB,54916359192951,e75c2175af845cd9d4,Space grey,Som ny,64GB,continue,1394.00
Brugt iPhone XS,8191149113480,Space grey / Som ny / 256GB,54916359225719,1141cee4aa15849ea8,Space grey,Som ny,256GB,continue,1664.00
Brugt iPhone XS,8191149113480,Space grey / Som ny / 512GB,54916359258487,621bfb7942e4bad208,Space grey,Som ny,512GB,continue,1934.00
Brugt iPhone XS,8191149113480,Guld / Brugbar / 64GB,54916359291255,1e9b71a2e6f3cc034f,Guld,Brugbar,64GB,continue,854.00
Brugt iPhone XS,8191149113480,Guld / Brugbar / 256GB,54916359324023,175e9eb0a4c0345f09,Guld,Brugbar,256GB,continue,1124.00
Brugt iPhone XS,8191149113480,Guld / Brugbar / 512GB,54916359356791,b56c0387f1a6ce6d46,Guld,Brugbar,512GB,continue,1394.00
Brugt iPhone XS,8191149113480,Guld / Brugt / 64GB,54916359389559,86f3da25f1e8f1fa7c,Guld,Brugt,64GB,continue,1034.00
Brugt iPhone XS,8191149113480,Guld / Brugt / 256GB,54916359422327,a8cdb0be21f51e773d,Guld,Brugt,256GB,continue,1304.00
Brugt iPhone XS,8191149113480,Guld / Brugt / 512GB,54916359455095,c4593d746c53036aee,Guld,Brugt,512GB,continue,1574.00
Brugt iPhone XS,8191149113480,Guld / Rigtig god / 64GB,54916359487863,e46d2f7bd4ec9f50cf,Guld,Rigtig god,64GB,continue,1214.00
Brugt iPhone XS,8191149113480,Guld / Rigtig god / 256GB,54916359520631,88ed3be808fdeaf07c,Guld,Rigtig god,256GB,continue,1484.00
Brugt iPhone XS,8191149113480,Guld / Rigtig god / 512GB,54916359553399,4a473bc015c41718a2,Guld,Rigtig god,512GB,continue,1754.00
Brugt iPhone XS,8191149113480,Guld / Som ny / 64GB,54916359586167,c77e24b4e89c727bc7,Guld,Som ny,64GB,continue,1394.00
Brugt iPhone XS,8191149113480,Guld / Som ny / 256GB,54916359618935,df24eaf99a2d192bff,Guld,Som ny,256GB,continue,1664.00
Brugt iPhone XS,8191149113480,Guld / Som ny / 512GB,54916359651703,de6442513b4b49a1b3,Guld,Som ny,512GB,continue,1934.00
Brugt iPhone XS,8191149113480,Sølv / Brugbar / 64GB,54916359684471,cd0061956843e35381,Sølv,Brugbar,64GB,continue,854.00
Brugt iPhone XS,8191149113480,Sølv / Brugbar / 256GB,54916359717239,ba2fda033468db41ce,Sølv,Brugbar,256GB,continue,1124.00
Brugt iPhone XS,8191149113480,Sølv / Brugbar / 512GB,54916359750007,b029d253d0712f3db6,Sølv,Brugbar,512GB,continue,1394.00
Brugt iPhone XS,8191149113480,Sølv / Brugt / 64GB,54916359782775,9f912eb1bbdfd10332,Sølv,Brugt,64GB,continue,1034.00
Brugt iPhone XS,8191149113480,Sølv / Brugt / 256GB,54916359815543,45b2c050b8059a932b,Sølv,Brugt,256GB,continue,1304.00
Brugt iPhone XS,8191149113480,Sølv / Brugt / 512GB,54916359848311,8d171a0392c9ffc6c8,Sølv,Brugt,512GB,continue,1574.00
Brugt iPhone XS,8191149113480,Sølv / Rigtig god / 64GB,54916359881079,8cab124fdf2c922357,Sølv,Rigtig god,64GB,continue,1214.00
Brugt iPhone XS,8191149113480,Sølv / Rigtig god / 256GB,54916359913847,db9b350a5dc9fdabbf,Sølv,Rigtig god,256GB,continue,1484.00
Brugt iPhone XS,8191149113480,Sølv / Rigtig god / 512GB,54916359946615,981d01e527d1e0f803,Sølv,Rigtig god,512GB,continue,1754.00
Brugt iPhone XS,8191149113480,Sølv / Som ny / 64GB,54916359979383,1fd55ad8bfc721d806,Sølv,Som ny,64GB,continue,1394.00
Brugt iPhone XS,8191149113480,Sølv / Som ny / 256GB,54916360012151,cf204f024511a36ed1,Sølv,Som ny,256GB,continue,1664.00
Brugt iPhone XS,8191149113480,Sølv / Som ny / 512GB,54916360044919,37848452232dcb410b,Sølv,Som ny,512GB,continue,1934.00
Brugt iPhone XS Max,8191149211784,Space grey / Brugbar / 64GB,42544147103880,83154e6d8d8e18c810,Space grey,Brugbar,64GB,continue,1149.00
Brugt iPhone XS Max,8191149211784,Space grey / Brugbar / 256GB,42544147136648,94d1e8bc319ab04cc8,Space grey,Brugbar,256GB,continue,1349.00
Brugt iPhone XS Max,8191149211784,Space grey / Brugbar / 512GB,42544147169416,f0e3cbc525f96a0f2c,Space grey,Brugbar,512GB,continue,1649.00
Brugt iPhone XS Max,8191149211784,Space grey / Brugt / 64GB,42544147202184,910bf4db6b578c16df,Space grey,Brugt,64GB,continue,1349.00
Brugt iPhone XS Max,8191149211784,Space grey / Brugt / 256GB,42544147234952,0e7e3163a16a3db9de,Space grey,Brugt,256GB,continue,1549.00
Brugt iPhone XS Max,8191149211784,Space grey / Brugt / 512GB,42544147267720,fd5b9992850baf5c37,Space grey,Brugt,512GB,continue,1849.00
Brugt iPhone XS Max,8191149211784,Space grey / Rigtig god / 64GB,42544147300488,995c921f4e4dad3068,Space grey,Rigtig god,64GB,continue,1549.00
Brugt iPhone XS Max,8191149211784,Space grey / Rigtig god / 256GB,42544147333256,a03046053dada06ff2,Space grey,Rigtig god,256GB,continue,1749.00
Brugt iPhone XS Max,8191149211784,Space grey / Rigtig god / 512GB,42544147366024,5eebc3dd5bc2f2551d,Space grey,Rigtig god,512GB,continue,2049.00
Brugt iPhone XS Max,8191149211784,Space grey / Som ny / 64GB,42544147398792,eb95f09905f9dcd665,Space grey,Som ny,64GB,continue,1749.00
Brugt iPhone XS Max,8191149211784,Space grey / Som ny / 256GB,42544147431560,7e5eb219cbacbe3dd9,Space grey,Som ny,256GB,continue,1949.00
Brugt iPhone XS Max,8191149211784,Space grey / Som ny / 512GB,42544147464328,1766b2cec1481642b7,Space grey,Som ny,512GB,continue,2149.00
Brugt iPhone XS Max,8191149211784,Guld / Brugbar / 64GB,42544147497096,1d100bb5656e7179f1,Guld,Brugbar,64GB,continue,1149.00
Brugt iPhone XS Max,8191149211784,Guld / Brugbar / 256GB,42544147529864,79c6471456ca7b4717,Guld,Brugbar,256GB,continue,1349.00
Brugt iPhone XS Max,8191149211784,Guld / Brugbar / 512GB,42544147562632,be620856955acdb214,Guld,Brugbar,512GB,continue,1649.00
Brugt iPhone XS Max,8191149211784,Guld / Brugt / 64GB,42544147595400,e6f771511b5a3dd331,Guld,Brugt,64GB,continue,1349.00
Brugt iPhone XS Max,8191149211784,Guld / Brugt / 256GB,42544147628168,f8a4b9e700286d4dcc,Guld,Brugt,256GB,continue,1549.00
Brugt iPhone XS Max,8191149211784,Guld / Brugt / 512GB,42544147660936,a1fbbe723d5a6cb1c3,Guld,Brugt,512GB,continue,1849.00
Brugt iPhone XS Max,8191149211784,Guld / Rigtig god / 64GB,42544147693704,5316e0dfe6938e4f92,Guld,Rigtig god,64GB,continue,1549.00
Brugt iPhone XS Max,8191149211784,Guld / Rigtig god / 256GB,42544147726472,bc567a1c2cba6e35c1,Guld,Rigtig god,256GB,continue,1749.00
Brugt iPhone XS Max,8191149211784,Guld / Rigtig god / 512GB,42544147759240,5016b81906bbdf5073,Guld,Rigtig god,512GB,continue,2049.00
Brugt iPhone XS Max,8191149211784,Guld / Som ny / 64GB,42544147792008,1e833090af75eb4bdd,Guld,Som ny,64GB,continue,1749.00
Brugt iPhone XS Max,8191149211784,Guld / Som ny / 256GB,42544147824776,0b8d34a25142e7aba2,Guld,Som ny,256GB,continue,1949.00
Brugt iPhone XS Max,8191149211784,Guld / Som ny / 512GB,42544147857544,2a15c60309b2616c2c,Guld,Som ny,512GB,continue,2149.00
Brugt iPhone XS Max,8191149211784,Sølv / Brugbar / 64GB,42544147890312,e65f686e9b1fbd7720,Sølv,Brugbar,64GB,continue,1149.00
Brugt iPhone XS Max,8191149211784,Sølv / Brugbar / 256GB,42544147923080,e2117de022fa74cf31,Sølv,Brugbar,256GB,continue,1349.00
Brugt iPhone XS Max,8191149211784,Sølv / Brugbar / 512GB,42544147955848,ef90c7d4ed7988bc9f,Sølv,Brugbar,512GB,continue,1649.00
Brugt iPhone XS Max,8191149211784,Sølv / Brugt / 64GB,42544147988616,4ee5e001d9e402863a,Sølv,Brugt,64GB,continue,1349.00
Brugt iPhone XS Max,8191149211784,Sølv / Brugt / 256GB,42544148021384,1bcb36767055a1bc70,Sølv,Brugt,256GB,continue,1549.00
Brugt iPhone XS Max,8191149211784,Sølv / Brugt / 512GB,42544148054152,eb6cdf0e4aedad21a1,Sølv,Brugt,512GB,continue,1849.00
Brugt iPhone XS Max,8191149211784,Sølv / Rigtig god / 64GB,42544148086920,1d6405c303b68bc5ac,Sølv,Rigtig god,64GB,continue,1549.00
Brugt iPhone XS Max,8191149211784,Sølv / Rigtig god / 256GB,42544148119688,452f3d33fd9af3310d,Sølv,Rigtig god,256GB,continue,1749.00
Brugt iPhone XS Max,8191149211784,Sølv / Rigtig god / 512GB,42544148152456,ddc075275720edf2a3,Sølv,Rigtig god,512GB,continue,2049.00
Brugt iPhone XS Max,8191149211784,Sølv / Som ny / 64GB,42544148185224,442ffdb43042f3b2b0,Sølv,Som ny,64GB,continue,1749.00
Brugt iPhone XS Max,8191149211784,Sølv / Som ny / 256GB,42544148217992,b9e2d046a8d4b955e4,Sølv,Som ny,256GB,continue,1949.00
Brugt iPhone XS Max,8191149211784,Sølv / Som ny / 512GB,42544148250760,f739acf61a1d160b1f,Sølv,Som ny,512GB,continue,2149.00
Brugt Samsung Galaxy S20 5G,14948721459575,Hvid / Brugbar / 128GB,55086557167991,AUTOSKU-0000008H,Hvid,Brugbar,128GB,deny,1699.00
Brugt Samsung Galaxy S20 5G,14948721459575,Hvid / Brugt / 128GB,55086557069687,AUTOSKU-0000008I,Hvid,Brugt,128GB,deny,1829.00
Brugt Samsung Galaxy S20 5G,14948721459575,Hvid / Rigtig god / 128GB,55086556971383,AUTOSKU-0000008J,Hvid,Rigtig god,128GB,deny,1969.00
Brugt Samsung Galaxy S20 5G,14948721459575,Hvid / Som ny / 128GB,55086556873079,AUTOSKU-0000008K,Hvid,Som ny,128GB,deny,2269.00
Brugt Samsung Galaxy S20 5G,14948721459575,Grå / Brugbar / 128GB,55086557561207,AUTOSKU-0000008L,Grå,Brugbar,128GB,deny,1699.00
Brugt Samsung Galaxy S20 5G,14948721459575,Grå / Brugt / 128GB,55086557462903,AUTOSKU-0000008M,Grå,Brugt,128GB,deny,1829.00
Brugt Samsung Galaxy S20 5G,14948721459575,Grå / Rigtig god / 128GB,55086557364599,AUTOSKU-0000008N,Grå,Rigtig god,128GB,deny,1969.00
Brugt Samsung Galaxy S20 5G,14948721459575,Grå / Som ny / 128GB,55086557266295,AUTOSKU-0000008O,Grå,Som ny,128GB,deny,2269.00
Brugt Samsung Galaxy S20 5G,14948721459575,Blå / Brugbar / 128GB,55086565392759,AUTOSKU-0000008P,Blå,Brugbar,128GB,deny,1699.00
Brugt Samsung Galaxy S20 5G,14948721459575,Blå / Brugt / 128GB,55086565294455,AUTOSKU-0000008Q,Blå,Brugt,128GB,deny,1829.00
Brugt Samsung Galaxy S20 5G,14948721459575,Blå / Rigtig god / 128GB,55086565196151,AUTOSKU-0000008R,Blå,Rigtig god,128GB,deny,1969.00
Brugt Samsung Galaxy S20 5G,14948721459575,Blå / Som ny / 128GB,55086565097847,AUTOSKU-0000008S,Blå,Som ny,128GB,deny,2269.00
Brugt Samsung Galaxy S20 FE 5G,14948728635767,Hvid / Brugbar / 128GB,55086592917879,AUTOSKU-0000008T,Hvid,Brugbar,128GB,deny,1499.00
Brugt Samsung Galaxy S20 FE 5G,14948728635767,Hvid / Brugt / 128GB,55086592885111,AUTOSKU-0000008U,Hvid,Brugt,128GB,deny,1609.00
Brugt Samsung Galaxy S20 FE 5G,14948728635767,Hvid / Rigtig god / 128GB,55086592852343,AUTOSKU-0000008V,Hvid,Rigtig god,128GB,deny,1719.00
Brugt Samsung Galaxy S20 FE 5G,14948728635767,Hvid / Som ny / 128GB,55086592819575,AUTOSKU-0000008W,Hvid,Som ny,128GB,deny,1969.00
Brugt Samsung Galaxy S20 FE 5G,14948728635767,Lilla / Brugbar / 128GB,55086593048951,AUTOSKU-0000008X,Lilla,Brugbar,128GB,deny,1499.00
Brugt Samsung Galaxy S20 FE 5G,14948728635767,Lilla / Brugt / 128GB,55086593016183,AUTOSKU-0000008Y,Lilla,Brugt,128GB,deny,1609.00
Brugt Samsung Galaxy S20 FE 5G,14948728635767,Lilla / Rigtig god / 128GB,55086592983415,AUTOSKU-0000008Z,Lilla,Rigtig god,128GB,deny,1719.00
Brugt Samsung Galaxy S20 FE 5G,14948728635767,Lilla / Som ny / 128GB,55086592950647,AUTOSKU-00000090,Lilla,Som ny,128GB,deny,1969.00
Brugt Samsung Galaxy S20 FE 5G,14948728635767,Blå / Brugbar / 128GB,55086593180023,AUTOSKU-00000091,Blå,Brugbar,128GB,deny,1499.00
Brugt Samsung Galaxy S20 FE 5G,14948728635767,Blå / Brugt / 128GB,55086593147255,AUTOSKU-00000092,Blå,Brugt,128GB,deny,1609.00
Brugt Samsung Galaxy S20 FE 5G,14948728635767,Blå / Rigtig god / 128GB,55086593114487,AUTOSKU-00000093,Blå,Rigtig god,128GB,deny,1719.00
Brugt Samsung Galaxy S20 FE 5G,14948728635767,Blå / Som ny / 128GB,55086593081719,AUTOSKU-00000094,Blå,Som ny,128GB,deny,1969.00
Brugt Samsung Galaxy S20 FE 5G,14948728635767,Grøn / Brugbar / 128GB,55086597472631,AUTOSKU-00000095,Grøn,Brugbar,128GB,deny,1499.00
Brugt Samsung Galaxy S20 FE 5G,14948728635767,Grøn / Brugt / 128GB,55086597439863,AUTOSKU-00000096,Grøn,Brugt,128GB,deny,1609.00
Brugt Samsung Galaxy S20 FE 5G,14948728635767,Grøn / Rigtig god / 128GB,55086597407095,AUTOSKU-00000097,Grøn,Rigtig god,128GB,deny,1719.00
Brugt Samsung Galaxy S20 FE 5G,14948728635767,Grøn / Som ny / 128GB,55086597374327,AUTOSKU-00000098,Grøn,Som ny,128GB,deny,1969.00
Brugt Samsung Galaxy S21 5G,14952324268407,Hvid / Brugbar / 128GB,55105451884919,AUTOSKU-00000099,Hvid,Brugbar,128GB,deny,1799.00
Brugt Samsung Galaxy S21 5G,14952324268407,Hvid / Brugbar / 256GB,55105460928887,AUTOSKU-0000009A,Hvid,Brugbar,256GB,deny,1999.00
Brugt Samsung Galaxy S21 5G,14952324268407,Hvid / Brugt / 128GB,55105451852151,AUTOSKU-0000009B,Hvid,Brugt,128GB,deny,1969.00
Brugt Samsung Galaxy S21 5G,14952324268407,Hvid / Brugt / 256GB,55105460896119,AUTOSKU-0000009C,Hvid,Brugt,256GB,deny,2219.00
Brugt Samsung Galaxy S21 5G,14952324268407,Hvid / Rigtig god / 128GB,55105451819383,AUTOSKU-0000009D,Hvid,Rigtig god,128GB,deny,2149.00
Brugt Samsung Galaxy S21 5G,14952324268407,Hvid / Rigtig god / 256GB,55105460863351,AUTOSKU-0000009E,Hvid,Rigtig god,256GB,deny,2449.00
Brugt Samsung Galaxy S21 5G,14952324268407,Hvid / Som ny / 128GB,55105451786615,AUTOSKU-0000009F,Hvid,Som ny,128GB,deny,2699.00
Brugt Samsung Galaxy S21 5G,14952324268407,Hvid / Som ny / 256GB,55105460830583,AUTOSKU-0000009G,Hvid,Som ny,256GB,deny,2949.00
Brugt Samsung Galaxy S21 5G,14952324268407,Lilla / Brugbar / 128GB,55105452015991,AUTOSKU-0000009H,Lilla,Brugbar,128GB,deny,1799.00
Brugt Samsung Galaxy S21 5G,14952324268407,Lilla / Brugbar / 256GB,55105461059959,AUTOSKU-0000009I,Lilla,Brugbar,256GB,deny,1999.00
Brugt Samsung Galaxy S21 5G,14952324268407,Lilla / Brugt / 128GB,55105451983223,AUTOSKU-0000009J,Lilla,Brugt,128GB,deny,1969.00
Brugt Samsung Galaxy S21 5G,14952324268407,Lilla / Brugt / 256GB,55105461027191,AUTOSKU-0000009K,Lilla,Brugt,256GB,deny,2219.00
Brugt Samsung Galaxy S21 5G,14952324268407,Lilla / Rigtig god / 128GB,55105451950455,AUTOSKU-0000009L,Lilla,Rigtig god,128GB,deny,2149.00
Brugt Samsung Galaxy S21 5G,14952324268407,Lilla / Rigtig god / 256GB,55105460994423,AUTOSKU-0000009M,Lilla,Rigtig god,256GB,deny,2449.00
Brugt Samsung Galaxy S21 5G,14952324268407,Lilla / Som ny / 128GB,55105451917687,AUTOSKU-0000009N,Lilla,Som ny,128GB,deny,2699.00
Brugt Samsung Galaxy S21 5G,14952324268407,Lilla / Som ny / 256GB,55105460961655,AUTOSKU-0000009O,Lilla,Som ny,256GB,deny,2949.00
Brugt Samsung Galaxy S21 5G,14952324268407,Grå / Brugbar / 128GB,55105452147063,AUTOSKU-0000009P,Grå,Brugbar,128GB,deny,1799.00
Brugt Samsung Galaxy S21 5G,14952324268407,Grå / Brugbar / 256GB,55105461191031,AUTOSKU-0000009Q,Grå,Brugbar,256GB,deny,1999.00
Brugt Samsung Galaxy S21 5G,14952324268407,Grå / Brugt / 128GB,55105452114295,AUTOSKU-0000009R,Grå,Brugt,128GB,deny,1969.00
Brugt Samsung Galaxy S21 5G,14952324268407,Grå / Brugt / 256GB,55105461158263,AUTOSKU-0000009S,Grå,Brugt,256GB,deny,2219.00
Brugt Samsung Galaxy S21 5G,14952324268407,Grå / Rigtig god / 128GB,55105452081527,AUTOSKU-0000009T,Grå,Rigtig god,128GB,deny,2149.00
Brugt Samsung Galaxy S21 5G,14952324268407,Grå / Rigtig god / 256GB,55105461125495,AUTOSKU-0000009U,Grå,Rigtig god,256GB,deny,2449.00
Brugt Samsung Galaxy S21 5G,14952324268407,Grå / Som ny / 128GB,55105452048759,AUTOSKU-0000009V,Grå,Som ny,128GB,deny,2699.00
Brugt Samsung Galaxy S21 5G,14952324268407,Grå / Som ny / 256GB,55105461092727,AUTOSKU-0000009W,Grå,Som ny,256GB,deny,2949.00
Brugt Samsung Galaxy S21 FE 5G,14948730175863,Hvid / Brugbar / 128GB,55086601503095,AUTOSKU-0000009X,Hvid,Brugbar,128GB,deny,1699.00
Brugt Samsung Galaxy S21 FE 5G,14948730175863,Hvid / Brugt / 128GB,55086601470327,AUTOSKU-0000009Y,Hvid,Brugt,128GB,deny,1859.00
Brugt Samsung Galaxy S21 FE 5G,14948730175863,Hvid / Rigtig god / 128GB,55086601437559,AUTOSKU-0000009Z,Hvid,Rigtig god,128GB,deny,2029.00
Brugt Samsung Galaxy S21 FE 5G,14948730175863,Hvid / Som ny / 128GB,55086601404791,AUTOSKU-000000A0,Hvid,Som ny,128GB,deny,2269.00
Brugt Samsung Galaxy S21 FE 5G,14948730175863,Lilla / Brugbar / 128GB,55086601634167,AUTOSKU-000000A1,Lilla,Brugbar,128GB,deny,1499.00
Brugt Samsung Galaxy S21 FE 5G,14948730175863,Lilla / Brugt / 128GB,55086601601399,AUTOSKU-000000A2,Lilla,Brugt,128GB,deny,1609.00
Brugt Samsung Galaxy S21 FE 5G,14948730175863,Lilla / Rigtig god / 128GB,55086601568631,AUTOSKU-000000A3,Lilla,Rigtig god,128GB,deny,1719.00
Brugt Samsung Galaxy S21 FE 5G,14948730175863,Lilla / Som ny / 128GB,55086601535863,AUTOSKU-000000A4,Lilla,Som ny,128GB,deny,1969.00
Brugt Samsung Galaxy S21 FE 5G,14948730175863,Sort / Brugbar / 128GB,55086601765239,AUTOSKU-000000A5,Sort,Brugbar,128GB,deny,1499.00
Brugt Samsung Galaxy S21 FE 5G,14948730175863,Sort / Brugt / 128GB,55086601732471,AUTOSKU-000000A6,Sort,Brugt,128GB,deny,1609.00
Brugt Samsung Galaxy S21 FE 5G,14948730175863,Sort / Rigtig god / 128GB,55086601699703,AUTOSKU-000000A7,Sort,Rigtig god,128GB,deny,1719.00
Brugt Samsung Galaxy S21 FE 5G,14948730175863,Sort / Som ny / 128GB,55086601666935,AUTOSKU-000000A8,Sort,Som ny,128GB,deny,1969.00
Brugt Samsung Galaxy S21 FE 5G,14948730175863,Grøn / Brugbar / 128GB,55086601896311,AUTOSKU-000000A9,Grøn,Brugbar,128GB,deny,1499.00
Brugt Samsung Galaxy S21 FE 5G,14948730175863,Grøn / Brugt / 128GB,55086601863543,AUTOSKU-000000AA,Grøn,Brugt,128GB,deny,1609.00
Brugt Samsung Galaxy S21 FE 5G,14948730175863,Grøn / Rigtig god / 128GB,55086601830775,AUTOSKU-000000AB,Grøn,Rigtig god,128GB,deny,1719.00
Brugt Samsung Galaxy S21 FE 5G,14948730175863,Grøn / Som ny / 128GB,55086601798007,AUTOSKU-000000AC,Grøn,Som ny,128GB,deny,1969.00
Brugt Samsung Galaxy S21 Plus 5G,14952326988151,Sølv / Brugbar / 128GB,55105463484791,AUTOSKU-000000AD,Sølv,Brugbar,128GB,deny,1899.00
Brugt Samsung Galaxy S21 Plus 5G,14952326988151,Sølv / Brugbar / 256GB,55105463517559,AUTOSKU-000000AE,Sølv,Brugbar,256GB,deny,1999.00
Brugt Samsung Galaxy S21 Plus 5G,14952326988151,Sølv / Brugt / 128GB,55105463419255,AUTOSKU-000000AF,Sølv,Brugt,128GB,deny,2079.00
Brugt Samsung Galaxy S21 Plus 5G,14952326988151,Sølv / Brugt / 256GB,55105463452023,AUTOSKU-000000AG,Sølv,Brugt,256GB,deny,2219.00
Brugt Samsung Galaxy S21 Plus 5G,14952326988151,Sølv / Rigtig god / 128GB,55105463353719,AUTOSKU-000000AH,Sølv,Rigtig god,128GB,deny,2269.00
Brugt Samsung Galaxy S21 Plus 5G,14952326988151,Sølv / Rigtig god / 256GB,55105463386487,AUTOSKU-000000AI,Sølv,Rigtig god,256GB,deny,2449.00
Brugt Samsung Galaxy S21 Plus 5G,14952326988151,Sølv / Som ny / 128GB,55105463288183,AUTOSKU-000000AJ,Sølv,Som ny,128GB,deny,2639.00
Brugt Samsung Galaxy S21 Plus 5G,14952326988151,Sølv / Som ny / 256GB,55105463320951,AUTOSKU-000000AK,Sølv,Som ny,256GB,deny,3019.00
Brugt Samsung Galaxy S21 Plus 5G,14952326988151,Sort / Brugbar / 128GB,55105463746935,AUTOSKU-000000AL,Sort,Brugbar,128GB,deny,1899.00
Brugt Samsung Galaxy S21 Plus 5G,14952326988151,Sort / Brugbar / 256GB,55105463779703,AUTOSKU-000000AM,Sort,Brugbar,256GB,deny,1999.00
Brugt Samsung Galaxy S21 Plus 5G,14952326988151,Sort / Brugt / 128GB,55105463681399,AUTOSKU-000000AN,Sort,Brugt,128GB,deny,2079.00
Brugt Samsung Galaxy S21 Plus 5G,14952326988151,Sort / Brugt / 256GB,55105463714167,AUTOSKU-000000AO,Sort,Brugt,256GB,deny,2219.00
Brugt Samsung Galaxy S21 Plus 5G,14952326988151,Sort / Rigtig god / 128GB,55105463615863,AUTOSKU-000000AP,Sort,Rigtig god,128GB,deny,2269.00
Brugt Samsung Galaxy S21 Plus 5G,14952326988151,Sort / Rigtig god / 256GB,55105463648631,AUTOSKU-000000AQ,Sort,Rigtig god,256GB,deny,2449.00
Brugt Samsung Galaxy S21 Plus 5G,14952326988151,Sort / Som ny / 128GB,55105463550327,AUTOSKU-000000AR,Sort,Som ny,128GB,deny,2639.00
Brugt Samsung Galaxy S21 Plus 5G,14952326988151,Sort / Som ny / 256GB,55105463583095,AUTOSKU-000000AS,Sort,Som ny,256GB,deny,3019.00
Brugt Samsung Galaxy S21 Plus 5G,14952326988151,Lilla / Brugbar / 128GB,55105464009079,AUTOSKU-000000AT,Lilla,Brugbar,128GB,deny,1899.00
Brugt Samsung Galaxy S21 Plus 5G,14952326988151,Lilla / Brugbar / 256GB,55105464041847,AUTOSKU-000000AU,Lilla,Brugbar,256GB,deny,1999.00
Brugt Samsung Galaxy S21 Plus 5G,14952326988151,Lilla / Brugt / 128GB,55105463943543,AUTOSKU-000000AV,Lilla,Brugt,128GB,deny,2079.00
Brugt Samsung Galaxy S21 Plus 5G,14952326988151,Lilla / Brugt / 256GB,55105463976311,AUTOSKU-000000AW,Lilla,Brugt,256GB,deny,2219.00
Brugt Samsung Galaxy S21 Plus 5G,14952326988151,Lilla / Rigtig god / 128GB,55105463878007,AUTOSKU-000000AX,Lilla,Rigtig god,128GB,deny,2269.00
Brugt Samsung Galaxy S21 Plus 5G,14952326988151,Lilla / Rigtig god / 256GB,55105463910775,AUTOSKU-000000AY,Lilla,Rigtig god,256GB,deny,2449.00
Brugt Samsung Galaxy S21 Plus 5G,14952326988151,Lilla / Som ny / 128GB,55105463812471,AUTOSKU-000000AZ,Lilla,Som ny,128GB,deny,2639.00
Brugt Samsung Galaxy S21 Plus 5G,14952326988151,Lilla / Som ny / 256GB,55105463845239,AUTOSKU-000000B0,Lilla,Som ny,256GB,deny,3019.00
Brugt Samsung Galaxy S21 Ultra 5G,14952330527095,Sølv / Brugbar / 128GB,55105473642871,AUTOSKU-000000B1,Sølv,Brugbar,128GB,deny,2799.00
Brugt Samsung Galaxy S21 Ultra 5G,14952330527095,Sølv / Brugbar / 256GB,55105473675639,AUTOSKU-000000B2,Sølv,Brugbar,256GB,deny,2799.00
Brugt Samsung Galaxy S21 Ultra 5G,14952330527095,Sølv / Brugbar / 512GB,55105474625911,AUTOSKU-000000B3,Sølv,Brugbar,512GB,deny,3599.00
Brugt Samsung Galaxy S21 Ultra 5G,14952330527095,Sølv / Brugt / 128GB,55105473577335,AUTOSKU-000000B4,Sølv,Brugt,128GB,deny,2959.00
Brugt Samsung Galaxy S21 Ultra 5G,14952330527095,Sølv / Brugt / 256GB,55105473610103,AUTOSKU-000000B5,Sølv,Brugt,256GB,deny,3089.00
Brugt Samsung Galaxy S21 Ultra 5G,14952330527095,Sølv / Brugt / 512GB,55105474593143,AUTOSKU-000000B6,Sølv,Brugt,512GB,deny,3759.00
Brugt Samsung Galaxy S21 Ultra 5G,14952330527095,Sølv / Rigtig god / 128GB,55105473511799,AUTOSKU-000000B7,Sølv,Rigtig god,128GB,deny,3129.00
Brugt Samsung Galaxy S21 Ultra 5G,14952330527095,Sølv / Rigtig god / 256GB,55105473544567,AUTOSKU-000000B8,Sølv,Rigtig god,256GB,deny,3379.00
Brugt Samsung Galaxy S21 Ultra 5G,14952330527095,Sølv / Rigtig god / 512GB,55105474560375,AUTOSKU-000000B9,Sølv,Rigtig god,512GB,deny,3929.00
Brugt Samsung Galaxy S21 Ultra 5G,14952330527095,Sølv / Som ny / 128GB,55105473446263,AUTOSKU-000000BA,Sølv,Som ny,128GB,deny,3679.00
Brugt Samsung Galaxy S21 Ultra 5G,14952330527095,Sølv / Som ny / 256GB,55105473479031,AUTOSKU-000000BB,Sølv,Som ny,256GB,deny,3749.00
Brugt Samsung Galaxy S21 Ultra 5G,14952330527095,Sølv / Som ny / 512GB,55105474527607,AUTOSKU-000000BC,Sølv,Som ny,512GB,deny,4669.00
Brugt Samsung Galaxy S21 Ultra 5G,14952330527095,Sort / Brugbar / 128GB,55105473905015,AUTOSKU-000000BD,Sort,Brugbar,128GB,deny,2799.00
Brugt Samsung Galaxy S21 Ultra 5G,14952330527095,Sort / Brugbar / 256GB,55105473937783,AUTOSKU-000000BE,Sort,Brugbar,256GB,deny,2799.00
Brugt Samsung Galaxy S21 Ultra 5G,14952330527095,Sort / Brugbar / 512GB,55105474756983,AUTOSKU-000000BF,Sort,Brugbar,512GB,deny,3599.00
Brugt Samsung Galaxy S21 Ultra 5G,14952330527095,Sort / Brugt / 128GB,55105473839479,AUTOSKU-000000BG,Sort,Brugt,128GB,deny,2959.00
Brugt Samsung Galaxy S21 Ultra 5G,14952330527095,Sort / Brugt / 256GB,55105473872247,AUTOSKU-000000BH,Sort,Brugt,256GB,deny,3089.00
Brugt Samsung Galaxy S21 Ultra 5G,14952330527095,Sort / Brugt / 512GB,55105474724215,AUTOSKU-000000BI,Sort,Brugt,512GB,deny,3759.00
Brugt Samsung Galaxy S21 Ultra 5G,14952330527095,Sort / Rigtig god / 128GB,55105473773943,AUTOSKU-000000BJ,Sort,Rigtig god,128GB,deny,3129.00
Brugt Samsung Galaxy S21 Ultra 5G,14952330527095,Sort / Rigtig god / 256GB,55105473806711,AUTOSKU-000000BK,Sort,Rigtig god,256GB,deny,3379.00
Brugt Samsung Galaxy S21 Ultra 5G,14952330527095,Sort / Rigtig god / 512GB,55105474691447,AUTOSKU-000000BL,Sort,Rigtig god,512GB,deny,3929.00
Brugt Samsung Galaxy S21 Ultra 5G,14952330527095,Sort / Som ny / 128GB,55105473708407,AUTOSKU-000000BM,Sort,Som ny,128GB,deny,3679.00
Brugt Samsung Galaxy S21 Ultra 5G,14952330527095,Sort / Som ny / 256GB,55105473741175,AUTOSKU-000000BN,Sort,Som ny,256GB,deny,3749.00
Brugt Samsung Galaxy S21 Ultra 5G,14952330527095,Sort / Som ny / 512GB,55105474658679,AUTOSKU-000000BO,Sort,Som ny,512GB,deny,4669.00
Brugt Samsung Galaxy S22 5G,14948638065015,Sort / Brugbar / 128GB,55086040088951,AUTOSKU-000000BP,Sort,Brugbar,128GB,deny,2399.00
Brugt Samsung Galaxy S22 5G,14948638065015,Sort / Brugbar / 256GB,55086040121719,AUTOSKU-000000BQ,Sort,Brugbar,256GB,deny,2699.00
Brugt Samsung Galaxy S22 5G,14948638065015,Sort / Brugt / 128GB,55086040023415,AUTOSKU-000000BR,Sort,Brugt,128GB,deny,2549.00
Brugt Samsung Galaxy S22 5G,14948638065015,Sort / Brugt / 256GB,55086040056183,AUTOSKU-000000BS,Sort,Brugt,256GB,deny,2909.00
Brugt Samsung Galaxy S22 5G,14948638065015,Sort / Rigtig god / 128GB,55086039957879,AUTOSKU-000000BT,Sort,Rigtig god,128GB,deny,2699.00
Brugt Samsung Galaxy S22 5G,14948638065015,Sort / Rigtig god / 256GB,55086039990647,AUTOSKU-000000BU,Sort,Rigtig god,256GB,deny,3129.00
Brugt Samsung Galaxy S22 5G,14948638065015,Sort / Som ny / 128GB,55086039892343,AUTOSKU-000000BV,Sort,Som ny,128GB,deny,3129.00
Brugt Samsung Galaxy S22 5G,14948638065015,Sort / Som ny / 256GB,55086039925111,AUTOSKU-000000BW,Sort,Som ny,256GB,deny,3619.00
Brugt Samsung Galaxy S22 5G,14948638065015,Hvid / Brugbar / 128GB,55086040351095,AUTOSKU-000000BX,Hvid,Brugbar,128GB,deny,2399.00
Brugt Samsung Galaxy S22 5G,14948638065015,Hvid / Brugbar / 256GB,55086040383863,AUTOSKU-000000BY,Hvid,Brugbar,256GB,deny,2699.00
Brugt Samsung Galaxy S22 5G,14948638065015,Hvid / Brugt / 128GB,55086040285559,AUTOSKU-000000BZ,Hvid,Brugt,128GB,deny,2549.00
Brugt Samsung Galaxy S22 5G,14948638065015,Hvid / Brugt / 256GB,55086040318327,AUTOSKU-000000C0,Hvid,Brugt,256GB,deny,2909.00
Brugt Samsung Galaxy S22 5G,14948638065015,Hvid / Rigtig god / 128GB,55086040220023,AUTOSKU-000000C1,Hvid,Rigtig god,128GB,deny,2699.00
Brugt Samsung Galaxy S22 5G,14948638065015,Hvid / Rigtig god / 256GB,55086040252791,AUTOSKU-000000C2,Hvid,Rigtig god,256GB,deny,3129.00
Brugt Samsung Galaxy S22 5G,14948638065015,Hvid / Som ny / 128GB,55086040154487,AUTOSKU-000000C3,Hvid,Som ny,128GB,deny,3129.00
Brugt Samsung Galaxy S22 5G,14948638065015,Hvid / Som ny / 256GB,55086040187255,AUTOSKU-000000C4,Hvid,Som ny,256GB,deny,3619.00
Brugt Samsung Galaxy S22 5G,14948638065015,Grøn / Brugbar / 128GB,55086040613239,AUTOSKU-000000C5,Grøn,Brugbar,128GB,deny,2399.00
Brugt Samsung Galaxy S22 5G,14948638065015,Grøn / Brugbar / 256GB,55086040646007,AUTOSKU-000000C6,Grøn,Brugbar,256GB,deny,2699.00
Brugt Samsung Galaxy S22 5G,14948638065015,Grøn / Brugt / 128GB,55086040547703,AUTOSKU-000000C7,Grøn,Brugt,128GB,deny,2549.00
Brugt Samsung Galaxy S22 5G,14948638065015,Grøn / Brugt / 256GB,55086040580471,AUTOSKU-000000C8,Grøn,Brugt,256GB,deny,2909.00
Brugt Samsung Galaxy S22 5G,14948638065015,Grøn / Rigtig god / 128GB,55086040482167,AUTOSKU-000000C9,Grøn,Rigtig god,128GB,deny,2699.00
Brugt Samsung Galaxy S22 5G,14948638065015,Grøn / Rigtig god / 256GB,55086040514935,AUTOSKU-000000CA,Grøn,Rigtig god,256GB,deny,3129.00
Brugt Samsung Galaxy S22 5G,14948638065015,Grøn / Som ny / 128GB,55086040416631,AUTOSKU-000000CB,Grøn,Som ny,128GB,deny,3129.00
Brugt Samsung Galaxy S22 5G,14948638065015,Grøn / Som ny / 256GB,55086040449399,AUTOSKU-000000CC,Grøn,Som ny,256GB,deny,3619.00
Brugt Samsung Galaxy S22 5G,14948638065015,Lilla / Brugbar / 128GB,55086040875383,AUTOSKU-000000CD,Lilla,Brugbar,128GB,deny,2399.00
Brugt Samsung Galaxy S22 5G,14948638065015,Lilla / Brugbar / 256GB,55086040908151,AUTOSKU-000000CE,Lilla,Brugbar,256GB,deny,2699.00
Brugt Samsung Galaxy S22 5G,14948638065015,Lilla / Brugt / 128GB,55086040809847,AUTOSKU-000000CF,Lilla,Brugt,128GB,deny,2549.00
Brugt Samsung Galaxy S22 5G,14948638065015,Lilla / Brugt / 256GB,55086040842615,AUTOSKU-000000CG,Lilla,Brugt,256GB,deny,2909.00
Brugt Samsung Galaxy S22 5G,14948638065015,Lilla / Rigtig god / 128GB,55086040744311,AUTOSKU-000000CH,Lilla,Rigtig god,128GB,deny,2699.00
Brugt Samsung Galaxy S22 5G,14948638065015,Lilla / Rigtig god / 256GB,55086040777079,AUTOSKU-000000CI,Lilla,Rigtig god,256GB,deny,3129.00
Brugt Samsung Galaxy S22 5G,14948638065015,Lilla / Som ny / 128GB,55086040678775,AUTOSKU-000000CJ,Lilla,Som ny,128GB,deny,3129.00
Brugt Samsung Galaxy S22 5G,14948638065015,Lilla / Som ny / 256GB,55086040711543,AUTOSKU-000000CK,Lilla,Som ny,256GB,deny,3619.00
Brugt Samsung Galaxy S22 Plus 5G,14947974119799,Sort / Brugbar / 128GB,55083748721015,AUTOSKU-000000CL,Sort,Brugbar,128GB,deny,2519.00
Brugt Samsung Galaxy S22 Plus 5G,14947974119799,Sort / Brugbar / 256GB,55083748753783,AUTOSKU-000000CM,Sort,Brugbar,256GB,deny,2769.00
Brugt Samsung Galaxy S22 Plus 5G,14947974119799,Sort / Brugt / 128GB,55083748655479,AUTOSKU-000000CN,Sort,Brugt,128GB,deny,2729.00
Brugt Samsung Galaxy S22 Plus 5G,14947974119799,Sort / Brugt / 256GB,55083748688247,AUTOSKU-000000CO,Sort,Brugt,256GB,deny,3039.00
Brugt Samsung Galaxy S22 Plus 5G,14947974119799,Sort / Rigtig god / 128GB,55083748589943,AUTOSKU-000000CP,Sort,Rigtig god,128GB,deny,2949.00
Brugt Samsung Galaxy S22 Plus 5G,14947974119799,Sort / Rigtig god / 256GB,55083748622711,AUTOSKU-000000CQ,Sort,Rigtig god,256GB,deny,3319.00
Brugt Samsung Galaxy S22 Plus 5G,14947974119799,Sort / Som ny / 128GB,55083748524407,AUTOSKU-000000CR,Sort,Som ny,128GB,deny,3499.00
Brugt Samsung Galaxy S22 Plus 5G,14947974119799,Sort / Som ny / 256GB,55083748557175,AUTOSKU-000000CS,Sort,Som ny,256GB,deny,3929.00
Brugt Samsung Galaxy S22 Plus 5G,14947974119799,Hvid / Brugbar / 128GB,55083748983159,AUTOSKU-000000CT,Hvid,Brugbar,128GB,deny,2519.00
Brugt Samsung Galaxy S22 Plus 5G,14947974119799,Hvid / Brugbar / 256GB,55083749015927,AUTOSKU-000000CU,Hvid,Brugbar,256GB,deny,2769.00
Brugt Samsung Galaxy S22 Plus 5G,14947974119799,Hvid / Brugt / 128GB,55083748917623,AUTOSKU-000000CV,Hvid,Brugt,128GB,deny,2729.00
Brugt Samsung Galaxy S22 Plus 5G,14947974119799,Hvid / Brugt / 256GB,55083748950391,AUTOSKU-000000CW,Hvid,Brugt,256GB,deny,3039.00
Brugt Samsung Galaxy S22 Plus 5G,14947974119799,Hvid / Rigtig god / 128GB,55083748852087,AUTOSKU-000000CX,Hvid,Rigtig god,128GB,deny,2949.00
Brugt Samsung Galaxy S22 Plus 5G,14947974119799,Hvid / Rigtig god / 256GB,55083748884855,AUTOSKU-000000CY,Hvid,Rigtig god,256GB,deny,3319.00
Brugt Samsung Galaxy S22 Plus 5G,14947974119799,Hvid / Som ny / 128GB,55083748786551,AUTOSKU-000000CZ,Hvid,Som ny,128GB,deny,3499.00
Brugt Samsung Galaxy S22 Plus 5G,14947974119799,Hvid / Som ny / 256GB,55083748819319,AUTOSKU-000000D0,Hvid,Som ny,256GB,deny,3929.00
Brugt Samsung Galaxy S22 Plus 5G,14947974119799,Grøn / Brugbar / 128GB,55083749245303,AUTOSKU-000000D1,Grøn,Brugbar,128GB,deny,2519.00
Brugt Samsung Galaxy S22 Plus 5G,14947974119799,Grøn / Brugbar / 256GB,55083749278071,AUTOSKU-000000D2,Grøn,Brugbar,256GB,deny,2769.00
Brugt Samsung Galaxy S22 Plus 5G,14947974119799,Grøn / Brugt / 128GB,55083749179767,AUTOSKU-000000D3,Grøn,Brugt,128GB,deny,2729.00
Brugt Samsung Galaxy S22 Plus 5G,14947974119799,Grøn / Brugt / 256GB,55083749212535,AUTOSKU-000000D4,Grøn,Brugt,256GB,deny,3039.00
Brugt Samsung Galaxy S22 Plus 5G,14947974119799,Grøn / Rigtig god / 128GB,55083749114231,AUTOSKU-000000D5,Grøn,Rigtig god,128GB,deny,2949.00
Brugt Samsung Galaxy S22 Plus 5G,14947974119799,Grøn / Rigtig god / 256GB,55083749146999,AUTOSKU-000000D6,Grøn,Rigtig god,256GB,deny,3319.00
Brugt Samsung Galaxy S22 Plus 5G,14947974119799,Grøn / Som ny / 128GB,55083749048695,AUTOSKU-000000D7,Grøn,Som ny,128GB,deny,3499.00
Brugt Samsung Galaxy S22 Plus 5G,14947974119799,Grøn / Som ny / 256GB,55083749081463,AUTOSKU-000000D8,Grøn,Som ny,256GB,deny,3929.00
Brugt Samsung Galaxy S22 Plus 5G,14947974119799,Lilla / Brugbar / 128GB,55083749507447,AUTOSKU-000000D9,Lilla,Brugbar,128GB,deny,2519.00
Brugt Samsung Galaxy S22 Plus 5G,14947974119799,Lilla / Brugbar / 256GB,55083749540215,AUTOSKU-000000DA,Lilla,Brugbar,256GB,deny,2769.00
Brugt Samsung Galaxy S22 Plus 5G,14947974119799,Lilla / Brugt / 128GB,55083749441911,AUTOSKU-000000DB,Lilla,Brugt,128GB,deny,2729.00
Brugt Samsung Galaxy S22 Plus 5G,14947974119799,Lilla / Brugt / 256GB,55083749474679,AUTOSKU-000000DC,Lilla,Brugt,256GB,deny,3039.00
Brugt Samsung Galaxy S22 Plus 5G,14947974119799,Lilla / Rigtig god / 128GB,55083749376375,AUTOSKU-000000DD,Lilla,Rigtig god,128GB,deny,2949.00
Brugt Samsung Galaxy S22 Plus 5G,14947974119799,Lilla / Rigtig god / 256GB,55083749409143,AUTOSKU-000000DE,Lilla,Rigtig god,256GB,deny,3319.00
Brugt Samsung Galaxy S22 Plus 5G,14947974119799,Lilla / Som ny / 128GB,55083749310839,AUTOSKU-000000DF,Lilla,Som ny,128GB,deny,3499.00
Brugt Samsung Galaxy S22 Plus 5G,14947974119799,Lilla / Som ny / 256GB,55083749343607,AUTOSKU-000000DG,Lilla,Som ny,256GB,deny,3929.00
Brugt Samsung Galaxy S22 Ultra 5G,14952338391415,Hvid / Brugbar / 128GB,55105495892343,AUTOSKU-000000DH,Hvid,Brugbar,128GB,deny,3199.00
Brugt Samsung Galaxy S22 Ultra 5G,14952338391415,Hvid / Brugbar / 256GB,55105495925111,AUTOSKU-000000DI,Hvid,Brugbar,256GB,deny,3699.00
Brugt Samsung Galaxy S22 Ultra 5G,14952338391415,Hvid / Brugbar / 512GB,55105497432439,AUTOSKU-000000DJ,Hvid,Brugbar,512GB,deny,4099.00
Brugt Samsung Galaxy S22 Ultra 5G,14952338391415,Hvid / Brugbar / 1TB,55105497465207,AUTOSKU-000000DK,Hvid,Brugbar,1TB,deny,4799.00
Brugt Samsung Galaxy S22 Ultra 5G,14952338391415,Hvid / Brugt / 128GB,55105495826807,AUTOSKU-000000DL,Hvid,Brugt,128GB,deny,3469.00
Brugt Samsung Galaxy S22 Ultra 5G,14952338391415,Hvid / Brugt / 256GB,55105495859575,AUTOSKU-000000DM,Hvid,Brugt,256GB,deny,3969.00
Brugt Samsung Galaxy S22 Ultra 5G,14952338391415,Hvid / Brugt / 512GB,55105497366903,AUTOSKU-000000DN,Hvid,Brugt,512GB,deny,4349.00
Brugt Samsung Galaxy S22 Ultra 5G,14952338391415,Hvid / Brugt / 1TB,55105497399671,AUTOSKU-000000DO,Hvid,Brugt,1TB,deny,5159.00
Brugt Samsung Galaxy S22 Ultra 5G,14952338391415,Hvid / Rigtig god / 128GB,55105495761271,AUTOSKU-000000DP,Hvid,Rigtig god,128GB,deny,3749.00
Brugt Samsung Galaxy S22 Ultra 5G,14952338391415,Hvid / Rigtig god / 256GB,55105495794039,AUTOSKU-000000DQ,Hvid,Rigtig god,256GB,deny,4239.00
Brugt Samsung Galaxy S22 Ultra 5G,14952338391415,Hvid / Rigtig god / 512GB,55105497301367,AUTOSKU-000000DR,Hvid,Rigtig god,512GB,deny,4599.00
Brugt Samsung Galaxy S22 Ultra 5G,14952338391415,Hvid / Rigtig god / 1TB,55105497334135,AUTOSKU-000000DS,Hvid,Rigtig god,1TB,deny,5519.00
Brugt Samsung Galaxy S22 Ultra 5G,14952338391415,Hvid / Som ny / 128GB,55105495695735,AUTOSKU-000000DT,Hvid,Som ny,128GB,deny,4299.00
Brugt Samsung Galaxy S22 Ultra 5G,14952338391415,Hvid / Som ny / 256GB,55105495728503,AUTOSKU-000000DU,Hvid,Som ny,256GB,deny,4909.00
Brugt Samsung Galaxy S22 Ultra 5G,14952338391415,Hvid / Som ny / 512GB,55105497235831,AUTOSKU-000000DV,Hvid,Som ny,512GB,deny,5219.00
Brugt Samsung Galaxy S22 Ultra 5G,14952338391415,Hvid / Som ny / 1TB,55105497268599,AUTOSKU-000000DW,Hvid,Som ny,1TB,deny,6129.00
Brugt Samsung Galaxy S22 Ultra 5G,14952338391415,Lilla / Brugbar / 128GB,55105496154487,AUTOSKU-000000DX,Lilla,Brugbar,128GB,deny,3199.00
Brugt Samsung Galaxy S22 Ultra 5G,14952338391415,Lilla / Brugbar / 256GB,55105496187255,AUTOSKU-000000DY,Lilla,Brugbar,256GB,deny,3699.00
Brugt Samsung Galaxy S22 Ultra 5G,14952338391415,Lilla / Brugbar / 512GB,55105497694583,AUTOSKU-000000DZ,Lilla,Brugbar,512GB,deny,4099.00
Brugt Samsung Galaxy S22 Ultra 5G,14952338391415,Lilla / Brugbar / 1TB,55105497727351,AUTOSKU-000000E0,Lilla,Brugbar,1TB,deny,4799.00
Brugt Samsung Galaxy S22 Ultra 5G,14952338391415,Lilla / Brugt / 128GB,55105496088951,AUTOSKU-000000E1,Lilla,Brugt,128GB,deny,3469.00
Brugt Samsung Galaxy S22 Ultra 5G,14952338391415,Lilla / Brugt / 256GB,55105496121719,AUTOSKU-000000E2,Lilla,Brugt,256GB,deny,3969.00
Brugt Samsung Galaxy S22 Ultra 5G,14952338391415,Lilla / Brugt / 512GB,55105497629047,AUTOSKU-000000E3,Lilla,Brugt,512GB,deny,4349.00
Brugt Samsung Galaxy S22 Ultra 5G,14952338391415,Lilla / Brugt / 1TB,55105497661815,AUTOSKU-000000E4,Lilla,Brugt,1TB,deny,5159.00
Brugt Samsung Galaxy S22 Ultra 5G,14952338391415,Lilla / Rigtig god / 128GB,55105496023415,AUTOSKU-000000E5,Lilla,Rigtig god,128GB,deny,3749.00
Brugt Samsung Galaxy S22 Ultra 5G,14952338391415,Lilla / Rigtig god / 256GB,55105496056183,AUTOSKU-000000E6,Lilla,Rigtig god,256GB,deny,4239.00
Brugt Samsung Galaxy S22 Ultra 5G,14952338391415,Lilla / Rigtig god / 512GB,55105497563511,AUTOSKU-000000E7,Lilla,Rigtig god,512GB,deny,4599.00
Brugt Samsung Galaxy S22 Ultra 5G,14952338391415,Lilla / Rigtig god / 1TB,55105497596279,AUTOSKU-000000E8,Lilla,Rigtig god,1TB,deny,5519.00
Brugt Samsung Galaxy S22 Ultra 5G,14952338391415,Lilla / Som ny / 128GB,55105495957879,AUTOSKU-000000E9,Lilla,Som ny,128GB,deny,4299.00
Brugt Samsung Galaxy S22 Ultra 5G,14952338391415,Lilla / Som ny / 256GB,55105495990647,AUTOSKU-000000EA,Lilla,Som ny,256GB,deny,4909.00
Brugt Samsung Galaxy S22 Ultra 5G,14952338391415,Lilla / Som ny / 512GB,55105497497975,AUTOSKU-000000EB,Lilla,Som ny,512GB,deny,5219.00
Brugt Samsung Galaxy S22 Ultra 5G,14952338391415,Lilla / Som ny / 1TB,55105497530743,AUTOSKU-000000EC,Lilla,Som ny,1TB,deny,6129.00
Brugt Samsung Galaxy S22 Ultra 5G,14952338391415,Sort / Brugbar / 128GB,55105496416631,AUTOSKU-000000ED,Sort,Brugbar,128GB,deny,3199.00
Brugt Samsung Galaxy S22 Ultra 5G,14952338391415,Sort / Brugbar / 256GB,55105496449399,AUTOSKU-000000EE,Sort,Brugbar,256GB,deny,3699.00
Brugt Samsung Galaxy S22 Ultra 5G,14952338391415,Sort / Brugbar / 512GB,55105497956727,AUTOSKU-000000EF,Sort,Brugbar,512GB,deny,4099.00
Brugt Samsung Galaxy S22 Ultra 5G,14952338391415,Sort / Brugbar / 1TB,55105497989495,AUTOSKU-000000EG,Sort,Brugbar,1TB,deny,4799.00
Brugt Samsung Galaxy S22 Ultra 5G,14952338391415,Sort / Brugt / 128GB,55105496351095,AUTOSKU-000000EH,Sort,Brugt,128GB,deny,3469.00
Brugt Samsung Galaxy S22 Ultra 5G,14952338391415,Sort / Brugt / 256GB,55105496383863,AUTOSKU-000000EI,Sort,Brugt,256GB,deny,3969.00
Brugt Samsung Galaxy S22 Ultra 5G,14952338391415,Sort / Brugt / 512GB,55105497891191,AUTOSKU-000000EJ,Sort,Brugt,512GB,deny,4349.00
Brugt Samsung Galaxy S22 Ultra 5G,14952338391415,Sort / Brugt / 1TB,55105497923959,AUTOSKU-000000EK,Sort,Brugt,1TB,deny,5159.00
Brugt Samsung Galaxy S22 Ultra 5G,14952338391415,Sort / Rigtig god / 128GB,55105496285559,AUTOSKU-000000EL,Sort,Rigtig god,128GB,deny,3749.00
Brugt Samsung Galaxy S22 Ultra 5G,14952338391415,Sort / Rigtig god / 256GB,55105496318327,AUTOSKU-000000EM,Sort,Rigtig god,256GB,deny,4239.00
Brugt Samsung Galaxy S22 Ultra 5G,14952338391415,Sort / Rigtig god / 512GB,55105497825655,AUTOSKU-000000EN,Sort,Rigtig god,512GB,deny,4599.00
Brugt Samsung Galaxy S22 Ultra 5G,14952338391415,Sort / Rigtig god / 1TB,55105497858423,AUTOSKU-000000EO,Sort,Rigtig god,1TB,deny,5519.00
Brugt Samsung Galaxy S22 Ultra 5G,14952338391415,Sort / Som ny / 128GB,55105496220023,AUTOSKU-000000EP,Sort,Som ny,128GB,deny,4299.00
Brugt Samsung Galaxy S22 Ultra 5G,14952338391415,Sort / Som ny / 256GB,55105496252791,AUTOSKU-000000EQ,Sort,Som ny,256GB,deny,4909.00
Brugt Samsung Galaxy S22 Ultra 5G,14952338391415,Sort / Som ny / 512GB,55105497760119,AUTOSKU-000000ER,Sort,Som ny,512GB,deny,5219.00
Brugt Samsung Galaxy S22 Ultra 5G,14952338391415,Sort / Som ny / 1TB,55105497792887,AUTOSKU-000000ES,Sort,Som ny,1TB,deny,6129.00
Brugt Samsung Galaxy S22 Ultra 5G,14952338391415,Grøn / Brugbar / 128GB,55105496678775,AUTOSKU-000000ET,Grøn,Brugbar,128GB,deny,3199.00
Brugt Samsung Galaxy S22 Ultra 5G,14952338391415,Grøn / Brugbar / 256GB,55105496711543,AUTOSKU-000000EU,Grøn,Brugbar,256GB,deny,3699.00
Brugt Samsung Galaxy S22 Ultra 5G,14952338391415,Grøn / Brugbar / 512GB,55105498218871,AUTOSKU-000000EV,Grøn,Brugbar,512GB,deny,4099.00
Brugt Samsung Galaxy S22 Ultra 5G,14952338391415,Grøn / Brugbar / 1TB,55105498251639,AUTOSKU-000000EW,Grøn,Brugbar,1TB,deny,4799.00
Brugt Samsung Galaxy S22 Ultra 5G,14952338391415,Grøn / Brugt / 128GB,55105496613239,AUTOSKU-000000EX,Grøn,Brugt,128GB,deny,3469.00
Brugt Samsung Galaxy S22 Ultra 5G,14952338391415,Grøn / Brugt / 256GB,55105496646007,AUTOSKU-000000EY,Grøn,Brugt,256GB,deny,3969.00
Brugt Samsung Galaxy S22 Ultra 5G,14952338391415,Grøn / Brugt / 512GB,55105498153335,AUTOSKU-000000EZ,Grøn,Brugt,512GB,deny,4349.00
Brugt Samsung Galaxy S22 Ultra 5G,14952338391415,Grøn / Brugt / 1TB,55105498186103,AUTOSKU-000000F0,Grøn,Brugt,1TB,deny,5159.00
Brugt Samsung Galaxy S22 Ultra 5G,14952338391415,Grøn / Rigtig god / 128GB,55105496547703,AUTOSKU-000000F1,Grøn,Rigtig god,128GB,deny,3749.00
Brugt Samsung Galaxy S22 Ultra 5G,14952338391415,Grøn / Rigtig god / 256GB,55105496580471,AUTOSKU-000000F2,Grøn,Rigtig god,256GB,deny,4239.00
Brugt Samsung Galaxy S22 Ultra 5G,14952338391415,Grøn / Rigtig god / 512GB,55105498087799,AUTOSKU-000000F3,Grøn,Rigtig god,512GB,deny,4599.00
Brugt Samsung Galaxy S22 Ultra 5G,14952338391415,Grøn / Rigtig god / 1TB,55105498120567,AUTOSKU-000000F4,Grøn,Rigtig god,1TB,deny,5519.00
Brugt Samsung Galaxy S22 Ultra 5G,14952338391415,Grøn / Som ny / 128GB,55105496482167,AUTOSKU-000000F5,Grøn,Som ny,128GB,deny,4299.00
Brugt Samsung Galaxy S22 Ultra 5G,14952338391415,Grøn / Som ny / 256GB,55105496514935,AUTOSKU-000000F6,Grøn,Som ny,256GB,deny,4909.00
Brugt Samsung Galaxy S22 Ultra 5G,14952338391415,Grøn / Som ny / 512GB,55105498022263,AUTOSKU-000000F7,Grøn,Som ny,512GB,deny,5219.00
Brugt Samsung Galaxy S22 Ultra 5G,14952338391415,Grøn / Som ny / 1TB,55105498055031,AUTOSKU-000000F8,Grøn,Som ny,1TB,deny,6129.00
Brugt Samsung Galaxy S23 5G,14952356118903,Beige / Brugbar / 128GB,55105548517751,AUTOSKU-000000F9,Beige,Brugbar,128GB,deny,3699.00
Brugt Samsung Galaxy S23 5G,14952356118903,Beige / Brugbar / 256GB,55105548550519,AUTOSKU-000000FA,Beige,Brugbar,256GB,deny,4199.00
Brugt Samsung Galaxy S23 5G,14952356118903,Beige / Brugt / 128GB,55105548452215,AUTOSKU-000000FB,Beige,Brugt,128GB,deny,3909.00
Brugt Samsung Galaxy S23 5G,14952356118903,Beige / Brugt / 256GB,55105548484983,AUTOSKU-000000FC,Beige,Brugt,256GB,deny,4239.00
Brugt Samsung Galaxy S23 5G,14952356118903,Beige / Rigtig god / 128GB,55105548386679,AUTOSKU-000000FD,Beige,Rigtig god,128GB,deny,4119.00
Brugt Samsung Galaxy S23 5G,14952356118903,Beige / Rigtig god / 256GB,55105548419447,AUTOSKU-000000FE,Beige,Rigtig god,256GB,deny,4279.00
Brugt Samsung Galaxy S23 5G,14952356118903,Beige / Som ny / 128GB,55105548321143,AUTOSKU-000000FF,Beige,Som ny,128GB,deny,4419.00
Brugt Samsung Galaxy S23 5G,14952356118903,Beige / Som ny / 256GB,55105548353911,AUTOSKU-000000FG,Beige,Som ny,256GB,deny,4669.00
Brugt Samsung Galaxy S23 5G,14952356118903,Lilla / Brugbar / 128GB,55105548779895,AUTOSKU-000000FH,Lilla,Brugbar,128GB,deny,3699.00
Brugt Samsung Galaxy S23 5G,14952356118903,Lilla / Brugbar / 256GB,55105548812663,AUTOSKU-000000FI,Lilla,Brugbar,256GB,deny,4199.00
Brugt Samsung Galaxy S23 5G,14952356118903,Lilla / Brugt / 128GB,55105548714359,AUTOSKU-000000FJ,Lilla,Brugt,128GB,deny,3909.00
Brugt Samsung Galaxy S23 5G,14952356118903,Lilla / Brugt / 256GB,55105548747127,AUTOSKU-000000FK,Lilla,Brugt,256GB,deny,4239.00
Brugt Samsung Galaxy S23 5G,14952356118903,Lilla / Rigtig god / 128GB,55105548648823,AUTOSKU-000000FL,Lilla,Rigtig god,128GB,deny,4119.00
Brugt Samsung Galaxy S23 5G,14952356118903,Lilla / Rigtig god / 256GB,55105548681591,AUTOSKU-000000FM,Lilla,Rigtig god,256GB,deny,4279.00
Brugt Samsung Galaxy S23 5G,14952356118903,Lilla / Som ny / 128GB,55105548583287,AUTOSKU-000000FN,Lilla,Som ny,128GB,deny,4419.00
Brugt Samsung Galaxy S23 5G,14952356118903,Lilla / Som ny / 256GB,55105548616055,AUTOSKU-000000FO,Lilla,Som ny,256GB,deny,4669.00
Brugt Samsung Galaxy S23 5G,14952356118903,Sort / Brugbar / 128GB,55105549042039,AUTOSKU-000000FP,Sort,Brugbar,128GB,deny,3699.00
Brugt Samsung Galaxy S23 5G,14952356118903,Sort / Brugbar / 256GB,55105549074807,AUTOSKU-000000FQ,Sort,Brugbar,256GB,deny,4199.00
Brugt Samsung Galaxy S23 5G,14952356118903,Sort / Brugt / 128GB,55105548976503,AUTOSKU-000000FR,Sort,Brugt,128GB,deny,3909.00
Brugt Samsung Galaxy S23 5G,14952356118903,Sort / Brugt / 256GB,55105549009271,AUTOSKU-000000FS,Sort,Brugt,256GB,deny,4239.00
Brugt Samsung Galaxy S23 5G,14952356118903,Sort / Rigtig god / 128GB,55105548910967,AUTOSKU-000000FT,Sort,Rigtig god,128GB,deny,4119.00
Brugt Samsung Galaxy S23 5G,14952356118903,Sort / Rigtig god / 256GB,55105548943735,AUTOSKU-000000FU,Sort,Rigtig god,256GB,deny,4279.00
Brugt Samsung Galaxy S23 5G,14952356118903,Sort / Som ny / 128GB,55105548845431,AUTOSKU-000000FV,Sort,Som ny,128GB,deny,4419.00
Brugt Samsung Galaxy S23 5G,14952356118903,Sort / Som ny / 256GB,55105548878199,AUTOSKU-000000FW,Sort,Som ny,256GB,deny,4669.00
Brugt Samsung Galaxy S23 5G,14952356118903,Grøn / Brugbar / 128GB,55105549304183,AUTOSKU-000000FX,Grøn,Brugbar,128GB,deny,3699.00
Brugt Samsung Galaxy S23 5G,14952356118903,Grøn / Brugbar / 256GB,55105549336951,AUTOSKU-000000FY,Grøn,Brugbar,256GB,deny,4199.00
Brugt Samsung Galaxy S23 5G,14952356118903,Grøn / Brugt / 128GB,55105549238647,AUTOSKU-000000FZ,Grøn,Brugt,128GB,deny,3909.00
Brugt Samsung Galaxy S23 5G,14952356118903,Grøn / Brugt / 256GB,55105549271415,AUTOSKU-000000G0,Grøn,Brugt,256GB,deny,4239.00
Brugt Samsung Galaxy S23 5G,14952356118903,Grøn / Rigtig god / 128GB,55105549173111,AUTOSKU-000000G1,Grøn,Rigtig god,128GB,deny,4119.00
Brugt Samsung Galaxy S23 5G,14952356118903,Grøn / Rigtig god / 256GB,55105549205879,AUTOSKU-000000G2,Grøn,Rigtig god,256GB,deny,4279.00
Brugt Samsung Galaxy S23 5G,14952356118903,Grøn / Som ny / 128GB,55105549107575,AUTOSKU-000000G3,Grøn,Som ny,128GB,deny,4419.00
Brugt Samsung Galaxy S23 5G,14952356118903,Grøn / Som ny / 256GB,55105549140343,AUTOSKU-000000G4,Grøn,Som ny,256GB,deny,4669.00
Brugt Samsung Galaxy S23 Plus 5G,14952364999031,Lilla / Brugbar / 128GB,55105573683575,AUTOSKU-000000G5,Lilla,Brugbar,128GB,deny,4299.00
Brugt Samsung Galaxy S23 Plus 5G,14952364999031,Lilla / Brugbar / 256GB,55105573716343,AUTOSKU-000000G6,Lilla,Brugbar,256GB,deny,4399.00
Brugt Samsung Galaxy S23 Plus 5G,14952364999031,Lilla / Brugt / 128GB,55105573618039,AUTOSKU-000000G7,Lilla,Brugt,128GB,deny,4449.00
Brugt Samsung Galaxy S23 Plus 5G,14952364999031,Lilla / Brugt / 256GB,55105573650807,AUTOSKU-000000G8,Lilla,Brugt,256GB,deny,4589.00
Brugt Samsung Galaxy S23 Plus 5G,14952364999031,Lilla / Rigtig god / 128GB,55105573552503,AUTOSKU-000000G9,Lilla,Rigtig god,128GB,deny,4599.00
Brugt Samsung Galaxy S23 Plus 5G,14952364999031,Lilla / Rigtig god / 256GB,55105573585271,AUTOSKU-000000GA,Lilla,Rigtig god,256GB,deny,4789.00
Brugt Samsung Galaxy S23 Plus 5G,14952364999031,Lilla / Som ny / 128GB,55105573486967,AUTOSKU-000000GB,Lilla,Som ny,128GB,deny,5219.00
Brugt Samsung Galaxy S23 Plus 5G,14952364999031,Lilla / Som ny / 256GB,55105573519735,AUTOSKU-000000GC,Lilla,Som ny,256GB,deny,5399.00
Brugt Samsung Galaxy S23 Plus 5G,14952364999031,Sort / Brugbar / 128GB,55105573945719,AUTOSKU-000000GD,Sort,Brugbar,128GB,deny,4299.00
Brugt Samsung Galaxy S23 Plus 5G,14952364999031,Sort / Brugbar / 256GB,55105573978487,AUTOSKU-000000GE,Sort,Brugbar,256GB,deny,4399.00
Brugt Samsung Galaxy S23 Plus 5G,14952364999031,Sort / Brugt / 128GB,55105573880183,AUTOSKU-000000GF,Sort,Brugt,128GB,deny,4449.00
Brugt Samsung Galaxy S23 Plus 5G,14952364999031,Sort / Brugt / 256GB,55105573912951,AUTOSKU-000000GG,Sort,Brugt,256GB,deny,4589.00
Brugt Samsung Galaxy S23 Plus 5G,14952364999031,Sort / Rigtig god / 128GB,55105573814647,AUTOSKU-000000GH,Sort,Rigtig god,128GB,deny,4599.00
Brugt Samsung Galaxy S23 Plus 5G,14952364999031,Sort / Rigtig god / 256GB,55105573847415,AUTOSKU-000000GI,Sort,Rigtig god,256GB,deny,4789.00
Brugt Samsung Galaxy S23 Plus 5G,14952364999031,Sort / Som ny / 128GB,55105573749111,AUTOSKU-000000GJ,Sort,Som ny,128GB,deny,5219.00
Brugt Samsung Galaxy S23 Plus 5G,14952364999031,Sort / Som ny / 256GB,55105573781879,AUTOSKU-000000GK,Sort,Som ny,256GB,deny,5399.00
Brugt Samsung Galaxy S23 Ultra 5G,14948706255223,Sort / Brugbar / 256GB,55086468432247,AUTOSKU-000000GL,Sort,Brugbar,256GB,deny,5199.00
Brugt Samsung Galaxy S23 Ultra 5G,14948706255223,Sort / Brugbar / 512GB,55086478000503,AUTOSKU-000000GM,Sort,Brugbar,512GB,deny,5299.00
Brugt Samsung Galaxy S23 Ultra 5G,14948706255223,Sort / Brugbar / 1TB,55086478033271,AUTOSKU-000000GN,Sort,Brugbar,1TB,deny,6099.00
Brugt Samsung Galaxy S23 Ultra 5G,14948706255223,Sort / Brugt / 256GB,55086468366711,AUTOSKU-000000GO,Sort,Brugt,256GB,deny,5359.00
Brugt Samsung Galaxy S23 Ultra 5G,14948706255223,Sort / Brugt / 512GB,55086477934967,AUTOSKU-000000GP,Sort,Brugt,512GB,deny,5499.00
Brugt Samsung Galaxy S23 Ultra 5G,14948706255223,Sort / Brugt / 1TB,55086477967735,AUTOSKU-000000GQ,Sort,Brugt,1TB,deny,6509.00
Brugt Samsung Galaxy S23 Ultra 5G,14948706255223,Sort / Rigtig god / 256GB,55086468301175,AUTOSKU-000000GR,Sort,Rigtig god,256GB,deny,5519.00
Brugt Samsung Galaxy S23 Ultra 5G,14948706255223,Sort / Rigtig god / 512GB,55086477869431,AUTOSKU-000000GS,Sort,Rigtig god,512GB,deny,5699.00
Brugt Samsung Galaxy S23 Ultra 5G,14948706255223,Sort / Rigtig god / 1TB,55086477902199,AUTOSKU-000000GT,Sort,Rigtig god,1TB,deny,6929.00
Brugt Samsung Galaxy S23 Ultra 5G,14948706255223,Sort / Som ny / 256GB,55086468235639,AUTOSKU-000000GU,Sort,Som ny,256GB,deny,6019.00
Brugt Samsung Galaxy S23 Ultra 5G,14948706255223,Sort / Som ny / 512GB,55086477803895,AUTOSKU-000000GV,Sort,Som ny,512GB,deny,6259.00
Brugt Samsung Galaxy S23 Ultra 5G,14948706255223,Sort / Som ny / 1TB,55086477836663,AUTOSKU-000000GW,Sort,Som ny,1TB,deny,7479.00
Brugt Samsung Galaxy S23 Ultra 5G,14948706255223,Lilla / Brugbar / 256GB,55086468694391,AUTOSKU-000000GX,Lilla,Brugbar,256GB,deny,5199.00
Brugt Samsung Galaxy S23 Ultra 5G,14948706255223,Lilla / Brugbar / 512GB,55086478262647,AUTOSKU-000000GY,Lilla,Brugbar,512GB,deny,5299.00
Brugt Samsung Galaxy S23 Ultra 5G,14948706255223,Lilla / Brugbar / 1TB,55086478295415,AUTOSKU-000000GZ,Lilla,Brugbar,1TB,deny,6099.00
Brugt Samsung Galaxy S23 Ultra 5G,14948706255223,Lilla / Brugt / 256GB,55086468628855,AUTOSKU-000000H0,Lilla,Brugt,256GB,deny,5359.00
Brugt Samsung Galaxy S23 Ultra 5G,14948706255223,Lilla / Brugt / 512GB,55086478197111,AUTOSKU-000000H1,Lilla,Brugt,512GB,deny,5499.00
Brugt Samsung Galaxy S23 Ultra 5G,14948706255223,Lilla / Brugt / 1TB,55086478229879,AUTOSKU-000000H2,Lilla,Brugt,1TB,deny,6509.00
Brugt Samsung Galaxy S23 Ultra 5G,14948706255223,Lilla / Rigtig god / 256GB,55086468563319,AUTOSKU-000000H3,Lilla,Rigtig god,256GB,deny,5519.00
Brugt Samsung Galaxy S23 Ultra 5G,14948706255223,Lilla / Rigtig god / 512GB,55086478131575,AUTOSKU-000000H4,Lilla,Rigtig god,512GB,deny,5699.00
Brugt Samsung Galaxy S23 Ultra 5G,14948706255223,Lilla / Rigtig god / 1TB,55086478164343,AUTOSKU-000000H5,Lilla,Rigtig god,1TB,deny,6929.00
Brugt Samsung Galaxy S23 Ultra 5G,14948706255223,Lilla / Som ny / 256GB,55086468497783,AUTOSKU-000000H6,Lilla,Som ny,256GB,deny,6019.00
Brugt Samsung Galaxy S23 Ultra 5G,14948706255223,Lilla / Som ny / 512GB,55086478066039,AUTOSKU-000000H7,Lilla,Som ny,512GB,deny,6259.00
Brugt Samsung Galaxy S23 Ultra 5G,14948706255223,Lilla / Som ny / 1TB,55086478098807,AUTOSKU-000000H8,Lilla,Som ny,1TB,deny,7479.00
Brugt Samsung Galaxy S23 Ultra 5G,14948706255223,Grøn / Brugbar / 256GB,55086468956535,AUTOSKU-000000H9,Grøn,Brugbar,256GB,deny,5199.00
Brugt Samsung Galaxy S23 Ultra 5G,14948706255223,Grøn / Brugbar / 512GB,55086478524791,AUTOSKU-000000HA,Grøn,Brugbar,512GB,deny,5299.00
Brugt Samsung Galaxy S23 Ultra 5G,14948706255223,Grøn / Brugbar / 1TB,55086478557559,AUTOSKU-000000HB,Grøn,Brugbar,1TB,deny,6099.00
Brugt Samsung Galaxy S23 Ultra 5G,14948706255223,Grøn / Brugt / 256GB,55086468890999,AUTOSKU-000000HC,Grøn,Brugt,256GB,deny,5359.00
Brugt Samsung Galaxy S23 Ultra 5G,14948706255223,Grøn / Brugt / 512GB,55086478459255,AUTOSKU-000000HD,Grøn,Brugt,512GB,deny,5499.00
Brugt Samsung Galaxy S23 Ultra 5G,14948706255223,Grøn / Brugt / 1TB,55086478492023,AUTOSKU-000000HE,Grøn,Brugt,1TB,deny,6509.00
Brugt Samsung Galaxy S23 Ultra 5G,14948706255223,Grøn / Rigtig god / 256GB,55086468825463,AUTOSKU-000000HF,Grøn,Rigtig god,256GB,deny,5519.00
Brugt Samsung Galaxy S23 Ultra 5G,14948706255223,Grøn / Rigtig god / 512GB,55086478393719,AUTOSKU-000000HG,Grøn,Rigtig god,512GB,deny,5699.00
Brugt Samsung Galaxy S23 Ultra 5G,14948706255223,Grøn / Rigtig god / 1TB,55086478426487,AUTOSKU-000000HH,Grøn,Rigtig god,1TB,deny,6929.00
Brugt Samsung Galaxy S23 Ultra 5G,14948706255223,Grøn / Som ny / 256GB,55086468759927,AUTOSKU-000000HI,Grøn,Som ny,256GB,deny,6019.00
Brugt Samsung Galaxy S23 Ultra 5G,14948706255223,Grøn / Som ny / 512GB,55086478328183,AUTOSKU-000000HJ,Grøn,Som ny,512GB,deny,6259.00
Brugt Samsung Galaxy S23 Ultra 5G,14948706255223,Grøn / Som ny / 1TB,55086478360951,AUTOSKU-000000HK,Grøn,Som ny,1TB,deny,7479.00
Brugt Samsung Galaxy S23 Ultra 5G,14948706255223,Beige / Brugbar / 256GB,55086469218679,AUTOSKU-000000HL,Beige,Brugbar,256GB,deny,5199.00
Brugt Samsung Galaxy S23 Ultra 5G,14948706255223,Beige / Brugbar / 512GB,55086478786935,AUTOSKU-000000HM,Beige,Brugbar,512GB,deny,5299.00
Brugt Samsung Galaxy S23 Ultra 5G,14948706255223,Beige / Brugbar / 1TB,55086478819703,AUTOSKU-000000HN,Beige,Brugbar,1TB,deny,6099.00
Brugt Samsung Galaxy S23 Ultra 5G,14948706255223,Beige / Brugt / 256GB,55086469153143,AUTOSKU-000000HO,Beige,Brugt,256GB,deny,5359.00
Brugt Samsung Galaxy S23 Ultra 5G,14948706255223,Beige / Brugt / 512GB,55086478721399,AUTOSKU-000000HP,Beige,Brugt,512GB,deny,5499.00
Brugt Samsung Galaxy S23 Ultra 5G,14948706255223,Beige / Brugt / 1TB,55086478754167,AUTOSKU-000000HQ,Beige,Brugt,1TB,deny,6509.00
Brugt Samsung Galaxy S23 Ultra 5G,14948706255223,Beige / Rigtig god / 256GB,55086469087607,AUTOSKU-000000HR,Beige,Rigtig god,256GB,deny,5519.00
Brugt Samsung Galaxy S23 Ultra 5G,14948706255223,Beige / Rigtig god / 512GB,55086478655863,AUTOSKU-000000HS,Beige,Rigtig god,512GB,deny,5699.00
Brugt Samsung Galaxy S23 Ultra 5G,14948706255223,Beige / Rigtig god / 1TB,55086478688631,AUTOSKU-000000HT,Beige,Rigtig god,1TB,deny,6929.00
Brugt Samsung Galaxy S23 Ultra 5G,14948706255223,Beige / Som ny / 256GB,55086469022071,AUTOSKU-000000HU,Beige,Som ny,256GB,deny,6019.00
Brugt Samsung Galaxy S23 Ultra 5G,14948706255223,Beige / Som ny / 512GB,55086478590327,AUTOSKU-000000HV,Beige,Som ny,512GB,deny,6259.00
Brugt Samsung Galaxy S23 Ultra 5G,14948706255223,Beige / Som ny / 1TB,55086478623095,AUTOSKU-000000HW,Beige,Som ny,1TB,deny,7479.00
Brugt Samsung Galaxy S24 Ultra 5G,14948712317303,Lilla / Brugbar / 256GB,55086506312055,AUTOSKU-000000HX,Lilla,Brugbar,256GB,deny,6299.00
Brugt Samsung Galaxy S24 Ultra 5G,14948712317303,Lilla / Brugbar / 512GB,55086506344823,AUTOSKU-000000HY,Lilla,Brugbar,512GB,deny,7799.00
Brugt Samsung Galaxy S24 Ultra 5G,14948712317303,Lilla / Brugbar / 1TB,55086506377591,AUTOSKU-000000HZ,Lilla,Brugbar,1TB,deny,8899.00
Brugt Samsung Galaxy S24 Ultra 5G,14948712317303,Lilla / Brugt / 256GB,55086506213751,AUTOSKU-000000I0,Lilla,Brugt,256GB,deny,6949.00
Brugt Samsung Galaxy S24 Ultra 5G,14948712317303,Lilla / Brugt / 512GB,55086506246519,AUTOSKU-000000I1,Lilla,Brugt,512GB,deny,7949.00
Brugt Samsung Galaxy S24 Ultra 5G,14948712317303,Lilla / Brugt / 1TB,55086506279287,AUTOSKU-000000I2,Lilla,Brugt,1TB,deny,9049.00
Brugt Samsung Galaxy S24 Ultra 5G,14948712317303,Lilla / Rigtig god / 256GB,55086506115447,AUTOSKU-000000I3,Lilla,Rigtig god,256GB,deny,7609.00
Brugt Samsung Galaxy S24 Ultra 5G,14948712317303,Lilla / Rigtig god / 512GB,55086506148215,AUTOSKU-000000I4,Lilla,Rigtig god,512GB,deny,8099.00
Brugt Samsung Galaxy S24 Ultra 5G,14948712317303,Lilla / Rigtig god / 1TB,55086506180983,AUTOSKU-000000I5,Lilla,Rigtig god,1TB,deny,9199.00
Brugt Samsung Galaxy S24 Ultra 5G,14948712317303,Lilla / Som ny / 256GB,55086506017143,AUTOSKU-000000I6,Lilla,Som ny,256GB,deny,7979.00
Brugt Samsung Galaxy S24 Ultra 5G,14948712317303,Lilla / Som ny / 512GB,55086506049911,AUTOSKU-000000I7,Lilla,Som ny,512GB,deny,8469.00
Brugt Samsung Galaxy S24 Ultra 5G,14948712317303,Lilla / Som ny / 1TB,55086506082679,AUTOSKU-000000I8,Lilla,Som ny,1TB,deny,9569.00
Brugt Samsung Galaxy S24 Ultra 5G,14948712317303,Sort / Brugbar / 256GB,55086505918839,AUTOSKU-000000I9,Sort,Brugbar,256GB,deny,6299.00
Brugt Samsung Galaxy S24 Ultra 5G,14948712317303,Sort / Brugbar / 512GB,55086505951607,AUTOSKU-000000IA,Sort,Brugbar,512GB,deny,7799.00
Brugt Samsung Galaxy S24 Ultra 5G,14948712317303,Sort / Brugbar / 1TB,55086505984375,AUTOSKU-000000IB,Sort,Brugbar,1TB,deny,8899.00
Brugt Samsung Galaxy S24 Ultra 5G,14948712317303,Sort / Brugt / 256GB,55086505820535,AUTOSKU-000000IC,Sort,Brugt,256GB,deny,6949.00
Brugt Samsung Galaxy S24 Ultra 5G,14948712317303,Sort / Brugt / 512GB,55086505853303,AUTOSKU-000000ID,Sort,Brugt,512GB,deny,7949.00
Brugt Samsung Galaxy S24 Ultra 5G,14948712317303,Sort / Brugt / 1TB,55086505886071,AUTOSKU-000000IE,Sort,Brugt,1TB,deny,9049.00
Brugt Samsung Galaxy S24 Ultra 5G,14948712317303,Sort / Rigtig god / 256GB,55086505722231,AUTOSKU-000000IF,Sort,Rigtig god,256GB,deny,7609.00
Brugt Samsung Galaxy S24 Ultra 5G,14948712317303,Sort / Rigtig god / 512GB,55086505754999,AUTOSKU-000000IG,Sort,Rigtig god,512GB,deny,8099.00
Brugt Samsung Galaxy S24 Ultra 5G,14948712317303,Sort / Rigtig god / 1TB,55086505787767,AUTOSKU-000000IH,Sort,Rigtig god,1TB,deny,9199.00
Brugt Samsung Galaxy S24 Ultra 5G,14948712317303,Sort / Som ny / 256GB,55086505623927,AUTOSKU-000000II,Sort,Som ny,256GB,deny,7979.00
Brugt Samsung Galaxy S24 Ultra 5G,14948712317303,Sort / Som ny / 512GB,55086505656695,AUTOSKU-000000IJ,Sort,Som ny,512GB,deny,8469.00
Brugt Samsung Galaxy S24 Ultra 5G,14948712317303,Sort / Som ny / 1TB,55086505689463,AUTOSKU-000000IK,Sort,Som ny,1TB,deny,9569.00
Brugt Samsung Galaxy S24 Ultra 5G,14948712317303,Grøn / Brugbar / 256GB,55086506705271,AUTOSKU-000000IL,Grøn,Brugbar,256GB,deny,6299.00
Brugt Samsung Galaxy S24 Ultra 5G,14948712317303,Grøn / Brugbar / 512GB,55086506738039,AUTOSKU-000000IM,Grøn,Brugbar,512GB,deny,7799.00
Brugt Samsung Galaxy S24 Ultra 5G,14948712317303,Grøn / Brugbar / 1TB,55086506770807,AUTOSKU-000000IN,Grøn,Brugbar,1TB,deny,8899.00
Brugt Samsung Galaxy S24 Ultra 5G,14948712317303,Grøn / Brugt / 256GB,55086506606967,AUTOSKU-000000IO,Grøn,Brugt,256GB,deny,6949.00
Brugt Samsung Galaxy S24 Ultra 5G,14948712317303,Grøn / Brugt / 512GB,55086506639735,AUTOSKU-000000IP,Grøn,Brugt,512GB,deny,7949.00
Brugt Samsung Galaxy S24 Ultra 5G,14948712317303,Grøn / Brugt / 1TB,55086506672503,AUTOSKU-000000IQ,Grøn,Brugt,1TB,deny,9049.00
Brugt Samsung Galaxy S24 Ultra 5G,14948712317303,Grøn / Rigtig god / 256GB,55086506508663,AUTOSKU-000000IR,Grøn,Rigtig god,256GB,deny,7609.00
Brugt Samsung Galaxy S24 Ultra 5G,14948712317303,Grøn / Rigtig god / 512GB,55086506541431,AUTOSKU-000000IS,Grøn,Rigtig god,512GB,deny,8099.00
Brugt Samsung Galaxy S24 Ultra 5G,14948712317303,Grøn / Rigtig god / 1TB,55086506574199,AUTOSKU-000000IT,Grøn,Rigtig god,1TB,deny,9199.00
Brugt Samsung Galaxy S24 Ultra 5G,14948712317303,Grøn / Som ny / 256GB,55086506410359,AUTOSKU-000000IU,Grøn,Som ny,256GB,deny,7979.00
Brugt Samsung Galaxy S24 Ultra 5G,14948712317303,Grøn / Som ny / 512GB,55086506443127,AUTOSKU-000000IV,Grøn,Som ny,512GB,deny,8469.00
Brugt Samsung Galaxy S24 Ultra 5G,14948712317303,Grøn / Som ny / 1TB,55086506475895,AUTOSKU-000000IW,Grøn,Som ny,1TB,deny,9569.00
Brugt Samsung Galaxy S24 Ultra 5G,14948712317303,Grå / Brugbar / 256GB,55086507098487,AUTOSKU-000000IX,Grå,Brugbar,256GB,deny,6299.00
Brugt Samsung Galaxy S24 Ultra 5G,14948712317303,Grå / Brugbar / 512GB,55086507131255,AUTOSKU-000000IY,Grå,Brugbar,512GB,deny,7799.00
Brugt Samsung Galaxy S24 Ultra 5G,14948712317303,Grå / Brugbar / 1TB,55086507164023,AUTOSKU-000000IZ,Grå,Brugbar,1TB,deny,8899.00
Brugt Samsung Galaxy S24 Ultra 5G,14948712317303,Grå / Brugt / 256GB,55086507000183,AUTOSKU-000000J0,Grå,Brugt,256GB,deny,6949.00
Brugt Samsung Galaxy S24 Ultra 5G,14948712317303,Grå / Brugt / 512GB,55086507032951,AUTOSKU-000000J1,Grå,Brugt,512GB,deny,7949.00
Brugt Samsung Galaxy S24 Ultra 5G,14948712317303,Grå / Brugt / 1TB,55086507065719,AUTOSKU-000000J2,Grå,Brugt,1TB,deny,9049.00
Brugt Samsung Galaxy S24 Ultra 5G,14948712317303,Grå / Rigtig god / 256GB,55086506901879,AUTOSKU-000000J3,Grå,Rigtig god,256GB,deny,7909.00
Brugt Samsung Galaxy S24 Ultra 5G,14948712317303,Grå / Rigtig god / 512GB,55086506934647,AUTOSKU-000000J4,Grå,Rigtig god,512GB,deny,8099.00
Brugt Samsung Galaxy S24 Ultra 5G,14948712317303,Grå / Rigtig god / 1TB,55086506967415,AUTOSKU-000000J5,Grå,Rigtig god,1TB,deny,9199.00
Brugt Samsung Galaxy S24 Ultra 5G,14948712317303,Grå / Som ny / 256GB,55086506803575,AUTOSKU-000000J6,Grå,Som ny,256GB,deny,7979.00
Brugt Samsung Galaxy S24 Ultra 5G,14948712317303,Grå / Som ny / 512GB,55086506836343,AUTOSKU-000000J7,Grå,Som ny,512GB,deny,8469.00
Brugt Samsung Galaxy S24 Ultra 5G,14948712317303,Grå / Som ny / 1TB,55086506869111,AUTOSKU-000000J8,Grå,Som ny,1TB,deny,9569.00
Brugt Samsung Galaxy S24 Ultra 5G,14948712317303,Gul / Brugbar / 256GB,55086518960503,AUTOSKU-000000J9,Gul,Brugbar,256GB,deny,6299.00
Brugt Samsung Galaxy S24 Ultra 5G,14948712317303,Gul / Brugbar / 512GB,55086518993271,AUTOSKU-000000JA,Gul,Brugbar,512GB,deny,7799.00
Brugt Samsung Galaxy S24 Ultra 5G,14948712317303,Gul / Brugbar / 1TB,55086519026039,AUTOSKU-000000JB,Gul,Brugbar,1TB,deny,8899.00
Brugt Samsung Galaxy S24 Ultra 5G,14948712317303,Gul / Brugt / 256GB,55086518862199,AUTOSKU-000000JC,Gul,Brugt,256GB,deny,6949.00
Brugt Samsung Galaxy S24 Ultra 5G,14948712317303,Gul / Brugt / 512GB,55086518894967,AUTOSKU-000000JD,Gul,Brugt,512GB,deny,7949.00
Brugt Samsung Galaxy S24 Ultra 5G,14948712317303,Gul / Brugt / 1TB,55086518927735,AUTOSKU-000000JE,Gul,Brugt,1TB,deny,9049.00
Brugt Samsung Galaxy S24 Ultra 5G,14948712317303,Gul / Rigtig god / 256GB,55086518763895,AUTOSKU-000000JF,Gul,Rigtig god,256GB,deny,7609.00
Brugt Samsung Galaxy S24 Ultra 5G,14948712317303,Gul / Rigtig god / 512GB,55086518796663,AUTOSKU-000000JG,Gul,Rigtig god,512GB,deny,8099.00
Brugt Samsung Galaxy S24 Ultra 5G,14948712317303,Gul / Rigtig god / 1TB,55086518829431,AUTOSKU-000000JH,Gul,Rigtig god,1TB,deny,9199.00
Brugt Samsung Galaxy S24 Ultra 5G,14948712317303,Gul / Som ny / 256GB,55086518665591,AUTOSKU-000000JI,Gul,Som ny,256GB,deny,7979.00
Brugt Samsung Galaxy S24 Ultra 5G,14948712317303,Gul / Som ny / 512GB,55086518698359,AUTOSKU-000000JJ,Gul,Som ny,512GB,deny,8469.00
Brugt Samsung Galaxy S24 Ultra 5G,14948712317303,Gul / Som ny / 1TB,55086518731127,AUTOSKU-000000JK,Gul,Som ny,1TB,deny,9569.00
Brugt Samsung Galaxy Z Flip 6,15011121234295,Blå / 256 / Som Ny,55313193599351,SAM-ZFLIP6-256-SN-Blue,Blå,256,Som Ny,deny,4999.00
Brugt Samsung Galaxy Z Fold 6,15011186475383,Sølv / 256 / Rigtig god,55331079192951,AUTOSKU-000000JL,Sølv,256,Rigtig god,deny,5999.00
Brugt Samsung Galaxy Z Fold 6,15011186475383,Sølv / 256 / Som Ny,55313303863671,SAM-ZFOLD6-256-SN-Silver,Sølv,256,Som Ny,deny,6499.00
Brugt Samsung Watch 7,15011191751031,Grøn / 40mm / Som ny,55313312874871,SAM-WATCH7-40-SN,Grøn,40mm,Som ny,deny,1299.00
Brugt Samsung Watch Ultra,15011192897911,Sølv / 47 mm / Rigtig god,55313316807031,SAM-WATCHULTRA-47-SN-SILVER,Sølv,47 mm,Rigtig god,deny,2599.00
Brugte AirPods (4. gen) med aktiv støjreduktion – Premium lyd med ANC,15009045447031,Rigtig god,55304388608375,AP4G-ANC-B-128,Rigtig god,,,deny,0.00
Brugte AirPods (4. gen) med aktiv støjreduktion – Premium lyd med ANC,15009045447031,Som ny,55304388641143,AP4G-ANC-RG-128,Som ny,,,deny,0.00
Brugte AirPods (4. gen) – Apples nyeste høretelefoner med H2-chip,15009024475511,Rigtig god,55304329593207,AP4G-B-128,Rigtig god,,,deny,0.00
Brugte AirPods (4. gen) – Apples nyeste høretelefoner med H2-chip,15009024475511,Som ny,55304329625975,AP4G-RG-128,Som ny,,,deny,0.00
EarPods,8191984009352,Default Title,42545065623688,Earpods-Kabel,Default Title,,,deny,179.00
EQ21 - Trådløse høretelefoner med smart touch-display,15008874889591,Default Title,55303733084535,EQ21-001,Default Title,,,deny,299.00
EQ22 - Trådløse høretelefoner med ANC støjreduktion,15008875741559,Default Title,55303742980471,HOCO-EQ22-WHT-ANC,Default Title,,,deny,199.00
iPad 2 Reparation,8191136301192,Udskiftning af glas,42544064037000,ipad-2-generation-reparation-10005,Udskiftning af glas,,,continue,499.00
iPad 2 Reparation,8191136301192,Udskiftning af batteri,42544064069768,ipad-2-generation-reparation-10006,Udskiftning af batteri,,,continue,499.00
iPad 2 Reparation,8191136301192,Alm. beskyttelsesglas,42544064102536,ipad-2-generation-reparation-10007,Alm. beskyttelsesglas,,,continue,199.00
iPad 2 Reparation,8191136301192,Fullframe beskyttelsesglas,42544064135304,ipad-2-generation-reparation-10008,Fullframe beskyttelsesglas,,,continue,249.00
iPad 2 Reparation,8191136301192,Håndteringsgebyr (inkl. gratis fejlfinding),42544064168072,ipad-2-generation-reparation-10009,Håndteringsgebyr (inkl. gratis fejlfinding),,,continue,99.00
iPad 4 Reparation,8191136399496,Udskiftning af glas/touch,42544064233608,ipad-4-generation-reparation-10010,Udskiftning af glas/touch,,,continue,699.00
iPad 4 Reparation,8191136399496,Udskiftning af batteri,42544064266376,ipad-4-generation-reparation-10011,Udskiftning af batteri,,,continue,699.00
iPad 4 Reparation,8191136399496,Alm. beskyttelsesglas,42544064299144,ipad-4-generation-reparation-10012,Alm. beskyttelsesglas,,,continue,199.00
iPad 4 Reparation,8191136399496,Fullframe beskyttelsesglas,42544064331912,ipad-4-generation-reparation-10013,Fullframe beskyttelsesglas,,,continue,249.00
iPad 4 Reparation,8191136399496,Håndteringsgebyr (inkl. gratis fejlfinding),42544064364680,ipad-4-generation-reparation-10014,Håndteringsgebyr (inkl. gratis fejlfinding),,,continue,0.00
iPad 5. – 8. generation reparation,8191136432264,Udskiftning af batteri,42544064397448,ipad-5-8-generation-reparation-10015,Udskiftning af batteri,,,continue,1699.00
iPad 5. – 8. generation reparation,8191136432264,Alm. beskyttelsesglas,42544064430216,ipad-5-8-generation-reparation-10016,Alm. beskyttelsesglas,,,continue,199.00
iPad 5. – 8. generation reparation,8191136432264,Fullframe beskyttelsesglas,42544064462984,ipad-5-8-generation-reparation-10017,Fullframe beskyttelsesglas,,,continue,249.00
iPad 5. – 8. generation reparation,8191136432264,Håndteringsgebyr (inkl. gratis fejlfinding),42544064495752,ipad-5-8-generation-reparation-10018,Håndteringsgebyr (inkl. gratis fejlfinding),,,continue,99.00
iPad 9 Reparation,8191136268424,Udskiftning af skærm,42544063840392,ipad-9-generation-reparation-10000,Udskiftning af skærm,,,continue,899.00
iPad 9 Reparation,8191136268424,Udskiftning af batteri,42544063873160,ipad-9-generation-reparation-10001,Udskiftning af batteri,,,continue,888.00
iPad 9 Reparation,8191136268424,Alm. beskyttelsesglas,42544063905928,ipad-9-generation-reparation-10002,Alm. beskyttelsesglas,,,continue,199.00
iPad 9 Reparation,8191136268424,Fullframe beskyttelsesglas,42544063938696,ipad-9-generation-reparation-10003,Fullframe beskyttelsesglas,,,continue,249.00
iPad 9 Reparation,8191136268424,Håndteringsgebyr (inkl. gratis fejlfinding),42544063971464,ipad-9-generation-reparation-10004,Håndteringsgebyr (inkl. gratis fejlfinding),,,continue,99.00
iPad Air 1 reparation,8191137251464,Alm. beskyttelsesglas,42544070230152,ipad-air-1-reparation-10111,Alm. beskyttelsesglas,,,continue,199.00
iPad Air 1 reparation,8191137251464,Fullframe beskyttelsesglas,42544070262920,ipad-air-1-reparation-10112,Fullframe beskyttelsesglas,,,continue,249.00
iPad Air 1 reparation,8191137251464,Håndteringsgebyr (inkl. gratis fejlfinding),42544070295688,ipad-air-1-reparation-10113,Håndteringsgebyr (inkl. gratis fejlfinding),,,continue,99.00
iPad Air 2 reparation,8191137284232,Udskiftning af skærm,42544070328456,ipad-air-2-reparation-10114,Udskiftning af skærm,,,continue,999.00
iPad Air 2 reparation,8191137284232,Udskiftning af batteri,42544070361224,ipad-air-2-reparation-10115,Udskiftning af batteri,,,continue,777.00
iPad Air 2 reparation,8191137284232,Udskiftning af dock connector,42544070393992,ipad-air-2-reparation-10116,Udskiftning af dock connector,,,continue,777.00
iPad Air 2 reparation,8191137284232,Alm. beskyttelsesglas,42544070426760,ipad-air-2-reparation-10117,Alm. beskyttelsesglas,,,continue,199.00
iPad Air 2 reparation,8191137284232,Fullframe beskyttelsesglas,42544070459528,ipad-air-2-reparation-10118,Fullframe beskyttelsesglas,,,continue,249.00
iPad Air 2 reparation,8191137284232,Håndteringsgebyr (inkl. gratis fejlfinding),42544070492296,ipad-air-2-reparation-10119,Håndteringsgebyr (inkl. gratis fejlfinding),,,continue,0.00
iPad Air 3 reparation,8191137185928,Udskiftning af skærm,42544069705864,ipad-air-3-reparation-10105,Udskiftning af skærm,,,continue,1888.00
iPad Air 3 reparation,8191137185928,Udskiftning af batteri,42544069738632,ipad-air-3-reparation-10106,Udskiftning af batteri,,,continue,999.00
iPad Air 3 reparation,8191137185928,Udskiftning af ladestik,42544069771400,ipad-air-3-reparation-10107,Udskiftning af ladestik,,,continue,1111.00
iPad Air 3 reparation,8191137185928,Alm. beskyttelsesglas,42544069804168,ipad-air-3-reparation-10108,Alm. beskyttelsesglas,,,continue,199.00
iPad Air 3 reparation,8191137185928,Fullframe beskyttelsesglas,42544069836936,ipad-air-3-reparation-10109,Fullframe beskyttelsesglas,,,continue,249.00
iPad Air 3 reparation,8191137185928,Håndteringsgebyr (inkl. gratis fejlfinding),42544069869704,ipad-air-3-reparation-10110,Håndteringsgebyr (inkl. gratis fejlfinding),,,continue,0.00
iPad Air 4 reparation,8191137153160,Udskiftning af skærm,42544069509256,ipad-air-4-reparation-10099,Udskiftning af skærm,,,continue,2666.00
iPad Air 4 reparation,8191137153160,Udskiftning af batteri,42544069542024,ipad-air-4-reparation-10100,Udskiftning af batteri,,,continue,999.00
iPad Air 4 reparation,8191137153160,Udskiftning af dock connector,42544069574792,ipad-air-4-reparation-10101,Udskiftning af dock connector,,,continue,999.00
iPad Air 4 reparation,8191137153160,Alm. beskyttelsesglas,42544069607560,ipad-air-4-reparation-10102,Alm. beskyttelsesglas,,,continue,199.00
iPad Air 4 reparation,8191137153160,Fullframe beskyttelsesglas,42544069640328,ipad-air-4-reparation-10103,Fullframe beskyttelsesglas,,,continue,249.00
iPad Air 4 reparation,8191137153160,Håndteringsgebyr (inkl. gratis fejlfinding),42544069673096,ipad-air-4-reparation-10104,Håndteringsgebyr (inkl. gratis fejlfinding),,,continue,0.00
iPad Air 5 reparation,8191137382536,Udskiftning af skærm,42544070590600,ipad-air-5-reparation-10120,Udskiftning af skærm,,,continue,2666.00
iPad Air 5 reparation,8191137382536,Udskiftning af batteri,42544070623368,ipad-air-5-reparation-10121,Udskiftning af batteri,,,continue,999.00
iPad Air 5 reparation,8191137382536,Udskiftning af dock connector,42544070656136,ipad-air-5-reparation-10122,Udskiftning af dock connector,,,continue,999.00
iPad Air 5 reparation,8191137382536,Alm. beskyttelsesglas,42544070688904,ipad-air-5-reparation-10123,Alm. beskyttelsesglas,,,continue,199.00
iPad Air 5 reparation,8191137382536,Fullframe beskyttelsesglas,42544070721672,ipad-air-5-reparation-10124,Fullframe beskyttelsesglas,,,continue,249.00
iPad Air 5 reparation,8191137382536,Håndteringsgebyr (inkl. gratis fejlfinding),42544070754440,ipad-air-5-reparation-10125,Håndteringsgebyr (inkl. gratis fejlfinding),,,continue,0.00
"iPad Mini 2, 3, 4 reparation",8191137120392,Udskiftning af glas/touch,42544069279880,ipad-mini-2-3-4-reparation-10092,Udskiftning af glas/touch,,,continue,444.00
"iPad Mini 2, 3, 4 reparation",8191137120392,Udskiftning af LCD skærm,42544069312648,ipad-mini-2-3-4-reparation-10093,Udskiftning af LCD skærm,,,continue,555.00
"iPad Mini 2, 3, 4 reparation",8191137120392,Udskiftning af dock connector,42544069345416,ipad-mini-2-3-4-reparation-10094,Udskiftning af dock connector,,,continue,555.00
"iPad Mini 2, 3, 4 reparation",8191137120392,Udskiftning af batteri,42544069378184,ipad-mini-2-3-4-reparation-10095,Udskiftning af batteri,,,continue,667.00
"iPad Mini 2, 3, 4 reparation",8191137120392,Alm. beskyttelsesglas,42544069410952,ipad-mini-2-3-4-reparation-10096,Alm. beskyttelsesglas,,,continue,199.00
"iPad Mini 2, 3, 4 reparation",8191137120392,Fullframe beskyttelsesglas,42544069443720,ipad-mini-2-3-4-reparation-10097,Fullframe beskyttelsesglas,,,continue,249.00
"iPad Mini 2, 3, 4 reparation",8191137120392,Håndteringsgebyr (inkl. gratis fejlfinding),42544069476488,ipad-mini-2-3-4-reparation-10098,Håndteringsgebyr (inkl. gratis fejlfinding),,,continue,99.00
iPad Mini 5 reparation,8191137087624,Udskiftning af skærm,42544069083272,ipad-mini-5-reparation-10086,Udskiftning af skærm,,,continue,1444.00
iPad Mini 5 reparation,8191137087624,Udskiftning af batteri,42544069116040,ipad-mini-5-reparation-10087,Udskiftning af batteri,,,continue,888.00
iPad Mini 5 reparation,8191137087624,Udskiftning af ladestik,42544069148808,ipad-mini-5-reparation-10088,Udskiftning af ladestik,,,continue,888.00
iPad Mini 5 reparation,8191137087624,Alm. beskyttelsesglas,42544069181576,ipad-mini-5-reparation-10089,Alm. beskyttelsesglas,,,continue,199.00
iPad Mini 5 reparation,8191137087624,Fullframe beskyttelsesglas,42544069214344,ipad-mini-5-reparation-10090,Fullframe beskyttelsesglas,,,continue,249.00
iPad Mini 5 reparation,8191137087624,Håndteringsgebyr (inkl. gratis fejlfinding),42544069247112,ipad-mini-5-reparation-10091,Håndteringsgebyr (inkl. gratis fejlfinding),,,continue,0.00
iPad Mini 6 reparation,8191137054856,Udskiftning af skærm,42544067248264,ipad-mini-6-reparation-10080,Udskiftning af skærm,,,continue,1444.00
iPad Mini 6 reparation,8191137054856,Udskiftning af batteri,42544067281032,ipad-mini-6-reparation-10081,Udskiftning af batteri,,,continue,888.00
iPad Mini 6 reparation,8191137054856,Udskiftning af ladestik,42544067313800,ipad-mini-6-reparation-10082,Udskiftning af ladestik,,,continue,888.00
iPad Mini 6 reparation,8191137054856,Alm. beskyttelsesglas,42544067346568,ipad-mini-6-reparation-10083,Alm. beskyttelsesglas,,,continue,199.00
iPad Mini 6 reparation,8191137054856,Fullframe beskyttelsesglas,42544067379336,ipad-mini-6-reparation-10084,Fullframe beskyttelsesglas,,,continue,249.00
iPad Mini 6 reparation,8191137054856,Håndteringsgebyr (inkl. gratis fejlfinding),42544067412104,ipad-mini-6-reparation-10085,Håndteringsgebyr (inkl. gratis fejlfinding),,,continue,0.00
iPad Pro 10.5″ reparation,8191136563336,Udskiftning af skærm,42544064725128,ipad-pro-10-5-reparation-10031,Udskiftning af skærm,,,continue,1888.00
iPad Pro 10.5″ reparation,8191136563336,Udskiftning af power-knap,42544064757896,ipad-pro-10-5-reparation-10032,Udskiftning af power-knap,,,continue,999.00
iPad Pro 10.5″ reparation,8191136563336,Udskiftning af ladestik,42544064790664,ipad-pro-10-5-reparation-10033,Udskiftning af ladestik,,,continue,999.00
iPad Pro 10.5″ reparation,8191136563336,Udskiftning af batteri,42544064823432,ipad-pro-10-5-reparation-10034,Udskiftning af batteri,,,continue,1111.00
iPad Pro 10.5″ reparation,8191136563336,Alm. beskyttelsesglas,42544064856200,ipad-pro-10-5-reparation-10035,Alm. beskyttelsesglas,,,continue,199.00
iPad Pro 10.5″ reparation,8191136563336,Fullframe beskyttelsesglas,42544064888968,ipad-pro-10-5-reparation-10036,Fullframe beskyttelsesglas,,,continue,249.00
iPad Pro 10.5″ reparation,8191136563336,Håndteringsgebyr (inkl. gratis fejlfinding),42544064921736,ipad-pro-10-5-reparation-10037,Håndteringsgebyr (inkl. gratis fejlfinding),,,continue,99.00
"iPad Pro 11"" 2.G. reparation",8191136661640,Udskiftning af batteri,42544064954504,ipad-pro-11-2-gen-reparation-10038,Udskiftning af batteri,,,continue,2777.00
"iPad Pro 11"" 2.G. reparation",8191136661640,Udskiftning af ladestik,42544064987272,ipad-pro-11-2-gen-reparation-10039,Udskiftning af ladestik,,,continue,1555.00
"iPad Pro 11"" 2.G. reparation",8191136661640,Alm. beskyttelsesglas,42544065020040,ipad-pro-11-2-gen-reparation-10040,Alm. beskyttelsesglas,,,continue,199.00
"iPad Pro 11"" 2.G. reparation",8191136661640,Fullframe beskyttelsesglas,42544065052808,ipad-pro-11-2-gen-reparation-10041,Fullframe beskyttelsesglas,,,continue,249.00
"iPad Pro 11"" 2.G. reparation",8191136661640,Håndteringsgebyr (inkl. gratis fejlfinding),42544065085576,ipad-pro-11-2-gen-reparation-10042,Håndteringsgebyr (inkl. gratis fejlfinding),,,continue,0.00
iPad Pro 11″ - 1. generation reparation,8191136727176,Udskiftning af batteri,42544065118344,ipad-pro-11-reparation-10043,Udskiftning af batteri,,,continue,2777.00
iPad Pro 11″ - 1. generation reparation,8191136727176,Udskiftning af ladestik,42544065151112,ipad-pro-11-reparation-10044,Udskiftning af ladestik,,,continue,1444.00
iPad Pro 11″ - 1. generation reparation,8191136727176,Alm. beskyttelsesglas,42544065183880,ipad-pro-11-reparation-10045,Alm. beskyttelsesglas,,,continue,199.00
iPad Pro 11″ - 1. generation reparation,8191136727176,Fullframe beskyttelsesglas,42544065216648,ipad-pro-11-reparation-10046,Fullframe beskyttelsesglas,,,continue,249.00
iPad Pro 11″ - 1. generation reparation,8191136727176,Håndteringsgebyr (inkl. gratis fejlfinding),42544065249416,ipad-pro-11-reparation-10047,Håndteringsgebyr (inkl. gratis fejlfinding),,,continue,0.00
iPad Pro 11″ 2022 reparation,8191136923784,Udskiftning af skærm,42544065708168,ipad-pro-11-2022-generation-reparation-10065,Udskiftning af skærm,,,continue,3000.00
iPad Pro 11″ 2022 reparation,8191136923784,Udskiftning af batteri,42544065740936,ipad-pro-11-2022-generation-reparation-10066,Udskiftning af batteri,,,continue,1999.00
iPad Pro 11″ 2022 reparation,8191136923784,Udskiftning af ladestik,42544065773704,ipad-pro-11-2022-generation-reparation-10067,Udskiftning af ladestik,,,continue,1666.00
iPad Pro 11″ 2022 reparation,8191136923784,Alm. beskyttelsesglas,42544065806472,ipad-pro-11-2022-generation-reparation-10068,Alm. beskyttelsesglas,,,continue,199.00
iPad Pro 11″ 2022 reparation,8191136923784,Fullframe beskyttelsesglas,42544065839240,ipad-pro-11-2022-generation-reparation-10069,Fullframe beskyttelsesglas,,,continue,249.00
iPad Pro 11″ 2022 reparation,8191136923784,Håndteringsgebyr (inkl. gratis fejlfinding),42544065872008,ipad-pro-11-2022-generation-reparation-10070,Håndteringsgebyr (inkl. gratis fejlfinding),,,continue,0.00
iPad Pro 12.9 6. generation reparation,8191137022088,Udskiftning af skærm,42544066068616,ipad-pro-12-9-6-generation-reparation-10075,Udskiftning af skærm,,,continue,5000.00
iPad Pro 12.9 6. generation reparation,8191137022088,Udskiftning af batteri,42544066101384,ipad-pro-12-9-6-generation-reparation-10076,Udskiftning af batteri,,,continue,1699.00
iPad Pro 12.9 6. generation reparation,8191137022088,Alm. beskyttelsesglas,42544066134152,ipad-pro-12-9-6-generation-reparation-10077,Alm. beskyttelsesglas,,,continue,199.00
iPad Pro 12.9 6. generation reparation,8191137022088,Fullframe beskyttelsesglas,42544066166920,ipad-pro-12-9-6-generation-reparation-10078,Fullframe beskyttelsesglas,,,continue,249.00
iPad Pro 12.9 6. generation reparation,8191137022088,Håndteringsgebyr (inkl. gratis fejlfinding),42544066199688,ipad-pro-12-9-6-generation-reparation-10079,Håndteringsgebyr (inkl. gratis fejlfinding),,,continue,0.00
iPad Pro 12.9″ – 1. generation reparation,8191136792712,Skærm reparation,42544065282184,ipad-pro-12-9-1-generation-reparation-10048,Skærm reparation,,,continue,2777.00
iPad Pro 12.9″ – 1. generation reparation,8191136792712,Udskiftning af batteri,42544065314952,ipad-pro-12-9-1-generation-reparation-10049,Udskiftning af batteri,,,continue,1444.00
iPad Pro 12.9″ – 1. generation reparation,8191136792712,Udskifting af ladestik,42544065347720,ipad-pro-12-9-1-generation-reparation-10050,Udskifting af ladestik,,,continue,1777.00
iPad Pro 12.9″ – 1. generation reparation,8191136792712,Alm. beskyttelsesglas,42544065380488,ipad-pro-12-9-1-generation-reparation-10051,Alm. beskyttelsesglas,,,continue,199.00
iPad Pro 12.9″ – 1. generation reparation,8191136792712,Fullframe beskyttelsesglas,42544065413256,ipad-pro-12-9-1-generation-reparation-10052,Fullframe beskyttelsesglas,,,continue,249.00
iPad Pro 12.9″ – 1. generation reparation,8191136792712,Håndteringsgebyr (inkl. gratis fejlfinding),42544065446024,ipad-pro-12-9-1-generation-reparation-10053,Håndteringsgebyr (inkl. gratis fejlfinding),,,continue,99.00
iPad Pro 12.9″ – 2. generation reparation,8191136858248,Ny skærm,42544065478792,ipad-pro-12-9-2-generation-reparation-1-10054,Ny skærm,,,continue,2999.00
iPad Pro 12.9″ – 2. generation reparation,8191136858248,Udskiftning af batteri,42544065511560,ipad-pro-12-9-2-generation-reparation-1-10055,Udskiftning af batteri,,,continue,1444.00
iPad Pro 12.9″ – 2. generation reparation,8191136858248,Alm. beskyttelsesglas,42544065544328,ipad-pro-12-9-2-generation-reparation-1-10056,Alm. beskyttelsesglas,,,continue,199.00
iPad Pro 12.9″ – 2. generation reparation,8191136858248,Fullframe beskyttelsesglas,42544065577096,ipad-pro-12-9-2-generation-reparation-1-10057,Fullframe beskyttelsesglas,,,continue,249.00
iPad Pro 12.9″ – 2. generation reparation,8191136858248,Håndteringsgebyr (inkl. gratis fejlfinding),42544065609864,ipad-pro-12-9-2-generation-reparation-1-10058,Håndteringsgebyr (inkl. gratis fejlfinding),,,continue,0.00
iPad Pro 12.9″ – 3. – 5. generation reparation,8191136989320,Udskiftning af skærm,42544065937544,ipad-pro-12-9-3-5-generation-reparation-10071,Udskiftning af skærm,,,continue,4111.00
iPad Pro 12.9″ – 3. – 5. generation reparation,8191136989320,Udskiftning af batteri,42544065970312,ipad-pro-12-9-3-5-generation-reparation-10072,Udskiftning af batteri,,,continue,1999.00
iPad Pro 12.9″ – 3. – 5. generation reparation,8191136989320,Alm. beskyttelsesglas,42544066003080,ipad-pro-12-9-3-5-generation-reparation-10073,Alm. beskyttelsesglas,,,continue,199.00
iPad Pro 12.9″ – 3. – 5. generation reparation,8191136989320,Fullframe beskyttelsesglas,42544066035848,ipad-pro-12-9-3-5-generation-reparation-10074,Fullframe beskyttelsesglas,,,continue,249.00
iPad Pro 9.7″ reparation,8191136497800,Udskiftning af batteri,42544064528520,ipad-pro-9-7-reparation-10025,Udskiftning af batteri,,,continue,1111.00
iPad Pro 9.7″ reparation,8191136497800,Udskiftning af glas/touch + LCD,42544064561288,ipad-pro-9-7-reparation-10026,Udskiftning af glas/touch + LCD,,,continue,1444.00
iPad Pro 9.7″ reparation,8191136497800,Udskiftning af dock connector,42544064594056,ipad-pro-9-7-reparation-10027,Udskiftning af dock connector,,,continue,888.00
iPad Pro 9.7″ reparation,8191136497800,Alm. beskyttelsesglas,42544064626824,ipad-pro-9-7-reparation-10028,Alm. beskyttelsesglas,,,continue,199.00
iPad Pro 9.7″ reparation,8191136497800,Fullframe beskyttelsesglas,42544064659592,ipad-pro-9-7-reparation-10029,Fullframe beskyttelsesglas,,,continue,249.00
iPad Pro 9.7″ reparation,8191136497800,Håndteringsgebyr (inkl. gratis fejlfinding),42544064692360,ipad-pro-9-7-reparation-10030,Håndteringsgebyr (inkl. gratis fejlfinding),,,continue,99.00
iPhone 11 Pro Max reparation,8191142396040,Udskiftning af display (Premium),42544089989256,iphone-11-pro-max-reparation-10705,Udskiftning af display (Premium),,,continue,999.00
iPhone 11 Pro Max reparation,8191142396040,Udskiftning af batteri (Premium),42544090022024,iphone-11-pro-max-reparation-10706,Udskiftning af batteri (Premium),,,continue,799.00
iPhone 11 Pro Max reparation,8191142396040,Udskiftning af bagcover (Premium),42544090054792,iphone-11-pro-max-reparation-10707,Udskiftning af bagcover (Premium),,,continue,1199.00
iPhone 11 Pro Max reparation,8191142396040,Udskiftning af bagkamera (ikke glas),42544090087560,iphone-11-pro-max-reparation-10708,Udskiftning af bagkamera (ikke glas),,,continue,1499.00
iPhone 11 Pro Max reparation,8191142396040,Alm. beskyttelsesglas,42544090120328,iphone-11-pro-max-reparation-10709,Alm. beskyttelsesglas,,,continue,199.00
iPhone 11 Pro Max reparation,8191142396040,Fullframe beskyttelsesglas,42544090153096,iphone-11-pro-max-reparation-10710,Fullframe beskyttelsesglas,,,continue,249.00
iPhone 11 Pro Max reparation,8191142396040,Diagnose,42544090185864,iphone-11-pro-max-reparation-10711,Diagnose,,,continue,99.00
iPhone 11 Pro reparation,8191142461576,Udskiftning af display (Premium),42544090251400,iphone-11-pro-reparation-10712,Udskiftning af display (Premium),,,continue,899.00
iPhone 11 Pro reparation,8191142461576,Udskiftning af batteri (Premium),42544090284168,iphone-11-pro-reparation-10713,Udskiftning af batteri (Premium),,,continue,649.00
iPhone 11 Pro reparation,8191142461576,Udskiftning af bagcover (Premium),42544090316936,iphone-11-pro-reparation-10714,Udskiftning af bagcover (Premium),,,continue,999.00
iPhone 11 Pro reparation,8191142461576,Udskiftning af bagkamera (ikke glas),42544090349704,iphone-11-pro-reparation-10715,Udskiftning af bagkamera (ikke glas),,,continue,1197.00
iPhone 11 Pro reparation,8191142461576,Alm. beskyttelsesglas,42544090382472,iphone-11-pro-reparation-10716,Alm. beskyttelsesglas,,,continue,199.00
iPhone 11 Pro reparation,8191142461576,Fullframe beskyttelsesglas,42544090415240,iphone-11-pro-reparation-10717,Fullframe beskyttelsesglas,,,continue,249.00
iPhone 11 Pro reparation,8191142461576,Diagnose,42544090448008,iphone-11-pro-reparation-10718,Diagnose,,,continue,99.00
iPhone 11 reparation,8191142854792,Udskiftning af display (Premium),42544095264904,iphone-11-reparation-10843,Udskiftning af display (Premium),,,continue,899.00
iPhone 11 reparation,8191142854792,Udskiftning af batteri (Premium),42544095297672,iphone-11-reparation-10844,Udskiftning af batteri (Premium),,,continue,649.00
iPhone 11 reparation,8191142854792,Udskiftning af bagcover (Premium),42544095330440,iphone-11-reparation-10845,Udskiftning af bagcover (Premium),,,continue,999.00
iPhone 11 reparation,8191142854792,Udskiftning af bagkamera (ikke glas),42544095363208,iphone-11-reparation-10846,Udskiftning af bagkamera (ikke glas),,,continue,1197.00
iPhone 11 reparation,8191142854792,Alm. beskyttelsesglas,42544095395976,iphone-11-reparation-10847,Alm. beskyttelsesglas,,,continue,199.00
iPhone 11 reparation,8191142854792,Fullframe beskyttelsesglas,42544095428744,iphone-11-reparation-10848,Fullframe beskyttelsesglas,,,continue,249.00
iPhone 11 reparation,8191142854792,Diagnose,42544095461512,iphone-11-reparation-10849,Diagnose,,,continue,99.00
iPhone 12 Mini reparation,8191142166664,Udskiftning af display (Premium),42544089727112,iphone-12-mini-reparation-10650,Udskiftning af display (Premium),,,continue,1049.00
iPhone 12 Mini reparation,8191142166664,Udskiftning af batteri (Premium),42544089759880,iphone-12-mini-reparation-10651,Udskiftning af batteri (Premium),,,continue,749.00
iPhone 12 Mini reparation,8191142166664,Udskiftning af bagcover (Premium),42544089792648,iphone-12-mini-reparation-10652,Udskiftning af bagcover (Premium),,,continue,1098.00
iPhone 12 Mini reparation,8191142166664,Udskiftning af bagkamera (ikke glas),42544089825416,iphone-12-mini-reparation-10653,Udskiftning af bagkamera (ikke glas),,,continue,1888.00
iPhone 12 Mini reparation,8191142166664,Alm. beskyttelsesglas,42544089858184,iphone-12-mini-reparation-10654,Alm. beskyttelsesglas,,,continue,199.00
iPhone 12 Mini reparation,8191142166664,Fullframe beskyttelsesglas,42544089890952,iphone-12-mini-reparation-10655,Fullframe beskyttelsesglas,,,continue,249.00
iPhone 12 Mini reparation,8191142166664,Diagnose,42544089923720,iphone-12-mini-reparation-10656,Diagnose,,,continue,99.00
iPhone 12 Pro Max reparation,8191142068360,Udskiftning af display (Premium),42544089038984,iphone-12-pro-max-reparation-10629,Udskiftning af display (Premium),,,continue,1499.00
iPhone 12 Pro Max reparation,8191142068360,Udskiftning af batteri (Premium),42544089071752,iphone-12-pro-max-reparation-10630,Udskiftning af batteri (Premium),,,continue,699.00
iPhone 12 Pro Max reparation,8191142068360,Udskiftning af bagcover (Premium),42544089104520,iphone-12-pro-max-reparation-10631,Udskiftning af bagcover (Premium),,,continue,1299.00
iPhone 12 Pro Max reparation,8191142068360,Udskiftning af bagkamera (ikke glas),42544089137288,iphone-12-pro-max-reparation-10632,Udskiftning af bagkamera (ikke glas),,,continue,1399.00
iPhone 12 Pro Max reparation,8191142068360,Alm. beskyttelsesglas,42544089170056,iphone-12-pro-max-reparation-10633,Alm. beskyttelsesglas,,,continue,199.00
iPhone 12 Pro Max reparation,8191142068360,Fullframe beskyttelsesglas,42544089202824,iphone-12-pro-max-reparation-10634,Fullframe beskyttelsesglas,,,continue,249.00
iPhone 12 Pro Max reparation,8191142068360,Diagnose,42544089235592,iphone-12-pro-max-reparation-10635,Diagnose,,,continue,99.00
iPhone 12 Pro reparation,8191142101128,Udskiftning af display (Premium),42544089268360,iphone-12-pro-reparation-10636,Udskiftning af display (Premium),,,continue,1499.00
iPhone 12 Pro reparation,8191142101128,Udskiftning af batteri (Premium),42544089301128,iphone-12-pro-reparation-10637,Udskiftning af batteri (Premium),,,continue,699.00
iPhone 12 Pro reparation,8191142101128,Udskiftning af bagcover (Premium),42544089333896,iphone-12-pro-reparation-10638,Udskiftning af bagcover (Premium),,,continue,1299.00
iPhone 12 Pro reparation,8191142101128,Udskiftning af bagkamera (ikke glas),42544089366664,iphone-12-pro-reparation-10639,Udskiftning af bagkamera (ikke glas),,,continue,1999.00
iPhone 12 Pro reparation,8191142101128,Alm. beskyttelsesglas,42544089399432,iphone-12-pro-reparation-10640,Alm. beskyttelsesglas,,,continue,199.00
iPhone 12 Pro reparation,8191142101128,Fullframe beskyttelsesglas,42544089432200,iphone-12-pro-reparation-10641,Fullframe beskyttelsesglas,,,continue,249.00
iPhone 12 Pro reparation,8191142101128,Diagnose,42544089464968,iphone-12-pro-reparation-10642,Diagnose,,,continue,99.00
iPhone 12 reparation,8191142133896,Udskiftning af display (Premium),42544089497736,iphone-12-reparation-1-10643,Udskiftning af display (Premium),,,continue,1099.00
iPhone 12 reparation,8191142133896,Udskiftning af batteri (Premium),42544089530504,iphone-12-reparation-1-10644,Udskiftning af batteri (Premium),,,continue,549.00
iPhone 12 reparation,8191142133896,Udskiftning af bagcover (Premium),42544089563272,iphone-12-reparation-1-10645,Udskiftning af bagcover (Premium),,,continue,1199.00
iPhone 12 reparation,8191142133896,Udskiftning af bagkamera (ikke glas),42544089596040,iphone-12-reparation-1-10646,Udskiftning af bagkamera (ikke glas),,,continue,1099.00
iPhone 12 reparation,8191142133896,Alm. beskyttelsesglas,42544089628808,iphone-12-reparation-1-10647,Alm. beskyttelsesglas,,,continue,199.00
iPhone 12 reparation,8191142133896,Fullframe beskyttelsesglas,42544089661576,iphone-12-reparation-1-10648,Fullframe beskyttelsesglas,,,continue,249.00
iPhone 12 reparation,8191142133896,Diagnose,42544089694344,iphone-12-reparation-1-10649,Diagnose,,,continue,99.00
iPhone 13 Mini reparation,8191141871752,Udskiftning af display (Premium),42544088055944,iphone-13-mini-reparation-10601,Udskiftning af display (Premium),,,continue,1999.00
iPhone 13 Mini reparation,8191141871752,Udskiftning af batteri (Premium),42544088088712,iphone-13-mini-reparation-10602,Udskiftning af batteri (Premium),,,continue,999.00
iPhone 13 Mini reparation,8191141871752,Udskiftning af bagcover (Premium),42544088121480,iphone-13-mini-reparation-10603,Udskiftning af bagcover (Premium),,,continue,1299.00
iPhone 13 Mini reparation,8191141871752,Udskiftning af bagkamera (ikke glas),42544088154248,iphone-13-mini-reparation-10604,Udskiftning af bagkamera (ikke glas),,,continue,1199.00
iPhone 13 Mini reparation,8191141871752,Alm. beskyttelsesglas,42544088187016,iphone-13-mini-reparation-10605,Alm. beskyttelsesglas,,,continue,199.00
iPhone 13 Mini reparation,8191141871752,Fullframe beskyttelsesglas,42544088219784,iphone-13-mini-reparation-10606,Fullframe beskyttelsesglas,,,continue,249.00
iPhone 13 Mini reparation,8191141871752,Diagnose,42544088252552,iphone-13-mini-reparation-10607,Diagnose,,,continue,99.00
iPhone 13 Pro Max reparation,8191142035592,Udskiftning af display (Premium),42544088809608,iphone-13-pro-max-reparation-10622,Udskiftning af display (Premium),,,continue,1999.00
iPhone 13 Pro Max reparation,8191142035592,Udskiftning af batteri (Premium),42544088842376,iphone-13-pro-max-reparation-10623,Udskiftning af batteri (Premium),,,continue,849.00
iPhone 13 Pro Max reparation,8191142035592,Udskiftning af bagcover (Premium),42544088875144,iphone-13-pro-max-reparation-10624,Udskiftning af bagcover (Premium),,,continue,5099.00
iPhone 13 Pro Max reparation,8191142035592,Udskiftning af bagkamera (ikke glas),42544088907912,iphone-13-pro-max-reparation-10625,Udskiftning af bagkamera (ikke glas),,,continue,1499.00
iPhone 13 Pro Max reparation,8191142035592,Alm. beskyttelsesglas,42544088940680,iphone-13-pro-max-reparation-10626,Alm. beskyttelsesglas,,,continue,199.00
iPhone 13 Pro Max reparation,8191142035592,Fullframe beskyttelsesglas,42544088973448,iphone-13-pro-max-reparation-10627,Fullframe beskyttelsesglas,,,continue,249.00
iPhone 13 Pro Max reparation,8191142035592,Diagnose,42544089006216,iphone-13-pro-max-reparation-10628,Diagnose,,,continue,99.00
iPhone 13 Pro reparation,8191141970056,Udskiftning af display (Premium),42544088547464,iphone-13-pro-reparation-10615,Udskiftning af display (Premium),,,continue,2599.00
iPhone 13 Pro reparation,8191141970056,Udskiftning af batteri (Premium),42544088580232,iphone-13-pro-reparation-10616,Udskiftning af batteri (Premium),,,continue,949.00
iPhone 13 Pro reparation,8191141970056,Udskiftning af bagcover (Premium),42544088613000,iphone-13-pro-reparation-10617,Udskiftning af bagcover (Premium),,,continue,1499.00
iPhone 13 Pro reparation,8191141970056,Udskiftning af bagkamera (ikke glas),42544088645768,iphone-13-pro-reparation-10618,Udskiftning af bagkamera (ikke glas),,,continue,1599.00
iPhone 13 Pro reparation,8191141970056,Alm. beskyttelsesglas,42544088678536,iphone-13-pro-reparation-10619,Alm. beskyttelsesglas,,,continue,199.00
iPhone 13 Pro reparation,8191141970056,Fullframe beskyttelsesglas,42544088711304,iphone-13-pro-reparation-10620,Fullframe beskyttelsesglas,,,continue,249.00
iPhone 13 Pro reparation,8191141970056,Diagnose,42544088744072,iphone-13-pro-reparation-10621,Diagnose,,,continue,99.00
iPhone 13 reparation,8191141904520,Udskiftning af display (Premium),42544088285320,iphone-13-reparation-10608,Udskiftning af display (Premium),,,continue,1999.00
iPhone 13 reparation,8191141904520,Udskiftning af batteri (Premium),42544088318088,iphone-13-reparation-10609,Udskiftning af batteri (Premium),,,continue,899.00
iPhone 13 reparation,8191141904520,Udskiftning af bagcover (Premium),42544088350856,iphone-13-reparation-10610,Udskiftning af bagcover (Premium),,,continue,1199.00
iPhone 13 reparation,8191141904520,Udskiftning af bagkamera (ikke glas),42544088383624,iphone-13-reparation-10611,Udskiftning af bagkamera (ikke glas),,,continue,1199.00
iPhone 13 reparation,8191141904520,Alm. beskyttelsesglas,42544088416392,iphone-13-reparation-10612,Alm. beskyttelsesglas,,,continue,199.00
iPhone 13 reparation,8191141904520,Fullframe beskyttelsesglas,42544088449160,iphone-13-reparation-10613,Fullframe beskyttelsesglas,,,continue,249.00
iPhone 13 reparation,8191141904520,Diagnose,42544088481928,iphone-13-reparation-10614,Diagnose,,,continue,99.00
iPhone 14 Plus reparation,8191141773448,Udskiftning af display (Premium),42544087531656,iphone-14-plus-reparation-10587,Udskiftning af display (Premium),,,continue,2299.00
iPhone 14 Plus reparation,8191141773448,Udskiftning af batteri (Premium),42544087564424,iphone-14-plus-reparation-10588,Udskiftning af batteri (Premium),,,continue,999.00
iPhone 14 Plus reparation,8191141773448,Udskiftning af bagcover (Ikke glas),42544087597192,iphone-14-plus-reparation-10589,Udskiftning af bagcover (Ikke glas),,,continue,1499.00
iPhone 14 Plus reparation,8191141773448,Udskiftning af bagkamera (ikke glas),42544087629960,iphone-14-plus-reparation-10590,Udskiftning af bagkamera (ikke glas),,,continue,1499.00
iPhone 14 Plus reparation,8191141773448,Alm. beskyttelsesglas,42544087662728,iphone-14-plus-reparation-10591,Alm. beskyttelsesglas,,,continue,199.00
iPhone 14 Plus reparation,8191141773448,Fullframe beskyttelsesglas,42544087695496,iphone-14-plus-reparation-10592,Fullframe beskyttelsesglas,,,continue,249.00
iPhone 14 Plus reparation,8191141773448,Diagnose,42544087728264,iphone-14-plus-reparation-10593,Diagnose,,,continue,99.00
iPhone 14 Pro Max reparation,8191141838984,Udskiftning af display (Premium),42544087793800,iphone-14-pro-max-reparation-10594,Udskiftning af display (Premium),,,continue,3399.00
iPhone 14 Pro Max reparation,8191141838984,Udskiftning af batteri (Premium),42544087826568,iphone-14-pro-max-reparation-10595,Udskiftning af batteri (Premium),,,continue,949.00
iPhone 14 Pro Max reparation,8191141838984,Udskiftning af bagcover (Kun Glas - Premium),42544087859336,iphone-14-pro-max-reparation-10596,Udskiftning af bagcover (Kun Glas - Premium),,,continue,1599.00
iPhone 14 Pro Max reparation,8191141838984,Udskiftning af bagkamera (ikke glas),42544087892104,iphone-14-pro-max-reparation-10597,Udskiftning af bagkamera (ikke glas),,,continue,1699.00
iPhone 14 Pro Max reparation,8191141838984,Alm. beskyttelsesglas,42544087924872,iphone-14-pro-max-reparation-10598,Alm. beskyttelsesglas,,,continue,199.00
iPhone 14 Pro Max reparation,8191141838984,Fullframe beskyttelsesglas,42544087957640,iphone-14-pro-max-reparation-10599,Fullframe beskyttelsesglas,,,continue,249.00
iPhone 14 Pro Max reparation,8191141838984,Diagnose,42544087990408,iphone-14-pro-max-reparation-10600,Diagnose,,,continue,99.00
iPhone 14 Pro reparation,8191149998216,Udskiftning af display (Premium),42544151036040,iphone-14-pro-reparation-12365,Udskiftning af display (Premium),,,continue,2499.00
iPhone 14 Pro reparation,8191149998216,Batteri,42544151068808,iphone-14-pro-reparation-12366,Batteri,,,continue,999.00
iPhone 14 Pro reparation,8191149998216,Udskiftning af bagkamera (ikke glas),42544151101576,iphone-14-pro-reparation-12367,Udskiftning af bagkamera (ikke glas),,,continue,2699.00
iPhone 14 Pro reparation,8191149998216,Udskiftning af bagcover (Premium),42544151134344,iphone-14-pro-reparation-12368,Udskiftning af bagcover (Premium),,,continue,1599.00
iPhone 14 Pro reparation,8191149998216,Diagnose,42544151232648,iphone-14-pro-reparation-12369,Diagnose,,,continue,99.00
iPhone 14 Pro reparation,8191149998216,Beskyttelsesglas,42544151298184,iphone-14-pro-reparation-12370,Beskyttelsesglas,,,continue,149.00
iPhone 14 reparation,8191141740680,Udskiftning af display (Premium),42544087302280,iphone-14-reparation-10580,Udskiftning af display (Premium),,,continue,1999.00
iPhone 14 reparation,8191141740680,Udskiftning af batteri (Premium),42544087335048,iphone-14-reparation-10581,Udskiftning af batteri (Premium),,,continue,849.00
iPhone 14 reparation,8191141740680,Udskiftning af bagkamera (Ikke glas),42544087367816,iphone-14-reparation-10582,Udskiftning af bagkamera (Ikke glas),,,continue,1499.00
iPhone 14 reparation,8191141740680,Udskiftning af bagcover (Premium),42544087400584,iphone-14-reparation-10583,Udskiftning af bagcover (Premium),,,continue,1499.00
iPhone 14 reparation,8191141740680,Alm. beskyttelsesglas,42544087433352,iphone-14-reparation-10584,Alm. beskyttelsesglas,,,continue,199.00
iPhone 14 reparation,8191141740680,Fullframe beskyttelsesglas,42544087466120,iphone-14-reparation-10585,Fullframe beskyttelsesglas,,,continue,249.00
iPhone 14 reparation,8191141740680,Diagnose,42544087498888,iphone-14-reparation-10586,Diagnose,,,continue,99.00
iPhone 15 Plus reparation,8191141544072,Udskiftning af skærm (Premium),42544086614152,iphone-15-plus-reparation-10559,Udskiftning af skærm (Premium),,,continue,2799.00
iPhone 15 Plus reparation,8191141544072,Udskiftning af batteri (Premium),42544086646920,iphone-15-plus-reparation-10560,Udskiftning af batteri (Premium),,,continue,1199.00
iPhone 15 Plus reparation,8191141544072,Udskiftning af bagcover,42544086679688,iphone-15-plus-reparation-10561,Udskiftning af bagcover,,,continue,1699.00
iPhone 15 Plus reparation,8191141544072,Udskiftning af bagkamera (ikke glas),42544086712456,iphone-15-plus-reparation-10562,Udskiftning af bagkamera (ikke glas),,,continue,1599.00
iPhone 15 Plus reparation,8191141544072,Alm. beskyttelsesglas,42544086745224,iphone-15-plus-reparation-10563,Alm. beskyttelsesglas,,,continue,199.00
iPhone 15 Plus reparation,8191141544072,Fullframe beskyttelsesglas,42544086777992,iphone-15-plus-reparation-10564,Fullframe beskyttelsesglas,,,continue,249.00
iPhone 15 Plus reparation,8191141544072,Diagnose,42544086810760,iphone-15-plus-reparation-10565,Diagnose,,,continue,99.00
iPhone 15 Pro Max reparation,8191141675144,Udskiftning af skærm (Premium),42544087072904,iphone-15-pro-max-reparation-10573,Udskiftning af skærm (Premium),,,continue,3199.00
iPhone 15 Pro Max reparation,8191141675144,Udskiftning af batteri (Premium),42544087105672,iphone-15-pro-max-reparation-10574,Udskiftning af batteri (Premium),,,continue,999.00
iPhone 15 Pro Max reparation,8191141675144,Udskiftning af bagcover,42544087138440,iphone-15-pro-max-reparation-10575,Udskiftning af bagcover,,,continue,1799.00
iPhone 15 Pro Max reparation,8191141675144,Udskiftning af bagkamera (ikke glas),42544087171208,iphone-15-pro-max-reparation-10576,Udskiftning af bagkamera (ikke glas),,,continue,1799.00
iPhone 15 Pro Max reparation,8191141675144,Alm. beskyttelsesglas,42544087203976,iphone-15-pro-max-reparation-10577,Alm. beskyttelsesglas,,,continue,199.00
iPhone 15 Pro Max reparation,8191141675144,Fullframe beskyttelsesglas,42544087236744,iphone-15-pro-max-reparation-10578,Fullframe beskyttelsesglas,,,continue,249.00
iPhone 15 Pro Max reparation,8191141675144,Diagnose,42544087269512,iphone-15-pro-max-reparation-10579,Diagnose,,,continue,99.00
iPhone 15 Pro reparation,8191141609608,Udskiftning af skærm (Premium),42544086843528,iphone-15-pro-reparation-10566,Udskiftning af skærm (Premium),,,continue,3199.00
iPhone 15 Pro reparation,8191141609608,Udskiftning af batteri (Premium),42544086876296,iphone-15-pro-reparation-10567,Udskiftning af batteri (Premium),,,continue,1199.00
iPhone 15 Pro reparation,8191141609608,Udskiftning af bagcover,42544086909064,iphone-15-pro-reparation-10568,Udskiftning af bagcover,,,continue,1699.00
iPhone 15 Pro reparation,8191141609608,Udskiftning af bagkamera (ikke glas),42544086941832,iphone-15-pro-reparation-10569,Udskiftning af bagkamera (ikke glas),,,continue,1799.00
iPhone 15 Pro reparation,8191141609608,Alm. beskyttelsesglas,42544086974600,iphone-15-pro-reparation-10570,Alm. beskyttelsesglas,,,continue,199.00
iPhone 15 Pro reparation,8191141609608,Fullframe beskyttelsesglas,42544087007368,iphone-15-pro-reparation-10571,Fullframe beskyttelsesglas,,,continue,249.00
iPhone 15 Pro reparation,8191141609608,Diagnose,42544087040136,iphone-15-pro-reparation-10572,Diagnose,,,continue,99.00
iPhone 15 reparation,8191141413000,Udskiftning af display (Premium),42544086352008,iphone-15-reparation-10552,Udskiftning af display (Premium),,,continue,2799.00
iPhone 15 reparation,8191141413000,Udskiftning af batteri (Premium),42544086384776,iphone-15-reparation-10553,Udskiftning af batteri (Premium),,,continue,1199.00
iPhone 15 reparation,8191141413000,Udskiftning af bagkamera (ikke glas),42544086417544,iphone-15-reparation-10554,Udskiftning af bagkamera (ikke glas),,,continue,1599.00
iPhone 15 reparation,8191141413000,Udskiftning af bagcover,42544086450312,iphone-15-reparation-10555,Udskiftning af bagcover,,,continue,1699.00
iPhone 15 reparation,8191141413000,Alm. beskyttelsesglas,42544086483080,iphone-15-reparation-10556,Alm. beskyttelsesglas,,,continue,199.00
iPhone 15 reparation,8191141413000,Fullframe beskyttelsesglas,42544086515848,iphone-15-reparation-10557,Fullframe beskyttelsesglas,,,continue,249.00
iPhone 15 reparation,8191141413000,Diagnose,42544086548616,iphone-15-reparation-10558,Diagnose,,,continue,99.00
iPhone 16 Plus reparation,8371336970376,Diagnose,42924108775560,AUTOSKU-000000JM,Diagnose,,,continue,99.00
iPhone 16 Pro Max reparation,8371337396360,Diagnose,42924110151816,AUTOSKU-000000JN,Diagnose,,,continue,99.00
iPhone 16 Pro reparation,8371337265288,Diagnose,42924109529224,AUTOSKU-000000JO,Diagnose,,,continue,99.00
iPhone 16 reparation,8371335692424,Diagnose,42924106219656,AUTOSKU-000000JP,Diagnose,,,continue,99.00
iPhone 6 Plus reparation,8191149736072,Udskiftning af display (Premium),42544149889160,iphone-6-plus-reparation-12348,Udskiftning af display (Premium),,,continue,449.00
iPhone 6 Plus reparation,8191149736072,Udskiftning af batteri (Premium),42544149921928,iphone-6-plus-reparation-12349,Udskiftning af batteri (Premium),,,continue,449.00
iPhone 6 Plus reparation,8191149736072,Alm. beskyttelsesglas,42544149954696,iphone-6-plus-reparation-12350,Alm. beskyttelsesglas,,,continue,199.00
iPhone 6 Plus reparation,8191149736072,Fullframe beskyttelsesglas,42544149987464,iphone-6-plus-reparation-12351,Fullframe beskyttelsesglas,,,continue,249.00
iPhone 6 Plus reparation,8191149736072,Håndteringsgebyr (inkl. gratis fejlfinding),42544150020232,iphone-6-plus-reparation-12352,Håndteringsgebyr (inkl. gratis fejlfinding),,,continue,99.00
iPhone 6 reparation,8191149801608,Udskiftning af display (Premium),42544150216840,iphone-6-reparation-12353,Udskiftning af display (Premium),,,continue,399.00
iPhone 6 reparation,8191149801608,Udskiftning af batteri (Premium),42544150249608,iphone-6-reparation-12354,Udskiftning af batteri (Premium),,,continue,449.00
iPhone 6 reparation,8191149801608,Alm. beskyttelsesglas,42544150282376,iphone-6-reparation-12355,Alm. beskyttelsesglas,,,continue,199.00
iPhone 6 reparation,8191149801608,Fullframe beskyttelsesglas,42544150315144,iphone-6-reparation-12356,Fullframe beskyttelsesglas,,,continue,249.00
iPhone 6 reparation,8191149801608,Håndteringsgebyr (inkl. gratis fejlfinding),42544150347912,iphone-6-reparation-12357,Håndteringsgebyr (inkl. gratis fejlfinding),,,continue,99.00
iPhone 6S Plus reparation,8191149572232,Udskiftning af display (Premium),42544149495944,iphone-6s-plus-reparation-12336,Udskiftning af display (Premium),,,continue,549.00
iPhone 6S Plus reparation,8191149572232,Udskiftning af batteri (Premium),42544149528712,iphone-6s-plus-reparation-12337,Udskiftning af batteri (Premium),,,continue,449.00
iPhone 6S Plus reparation,8191149572232,Udskiftning af bagkamera (ikke glas),42544149561480,iphone-6s-plus-reparation-12338,Udskiftning af bagkamera (ikke glas),,,continue,449.00
iPhone 6S Plus reparation,8191149572232,Alm. beskyttelsesglas,42544149594248,iphone-6s-plus-reparation-12339,Alm. beskyttelsesglas,,,continue,199.00
iPhone 6S Plus reparation,8191149572232,Fullframe beskyttelsesglas,42544149627016,iphone-6s-plus-reparation-12340,Fullframe beskyttelsesglas,,,continue,249.00
iPhone 6S Plus reparation,8191149572232,Diagnose,42544149659784,iphone-6s-plus-reparation-12341,Diagnose,,,continue,99.00
iPhone 6S reparation,8191149637768,Udskiftning af display (Premium),42544149692552,iphone-6s-reparation-12342,Udskiftning af display (Premium),,,continue,499.00
iPhone 6S reparation,8191149637768,Udskiftning af batteri (Premium),42544149725320,iphone-6s-reparation-12343,Udskiftning af batteri (Premium),,,continue,499.00
iPhone 6S reparation,8191149637768,Udskiftning af bagcover,42544149758088,iphone-6s-reparation-12344,Udskiftning af bagcover,,,continue,899.00
iPhone 6S reparation,8191149637768,Alm. beskyttelsesglas,42544149790856,iphone-6s-reparation-12345,Alm. beskyttelsesglas,,,continue,199.00
iPhone 6S reparation,8191149637768,Fullframe beskyttelsesglas,42544149823624,iphone-6s-reparation-12346,Fullframe beskyttelsesglas,,,continue,249.00
iPhone 6S reparation,8191149637768,Diagnose,42544149856392,iphone-6s-reparation-12347,Diagnose,,,continue,99.00
iPhone 7 Plus reparation,8191149899912,Udskiftning af display (Premium),42544150708360,iphone-7-plus-reparation-12358,Udskiftning af display (Premium),,,continue,649.00
iPhone 7 Plus reparation,8191149899912,Udskiftning af batteri (Premium),42544150741128,iphone-7-plus-reparation-12359,Udskiftning af batteri (Premium),,,continue,549.00
iPhone 7 Plus reparation,8191149899912,Udskiftning af bagcover (Premium),42544150773896,iphone-7-plus-reparation-12360,Udskiftning af bagcover (Premium),,,continue,1199.00
iPhone 7 Plus reparation,8191149899912,Udskiftning af bagkamera (Premium),42544150806664,iphone-7-plus-reparation-12361,Udskiftning af bagkamera (Premium),,,continue,849.00
iPhone 7 Plus reparation,8191149899912,Alm. beskyttelsesglas,42544150839432,iphone-7-plus-reparation-12362,Alm. beskyttelsesglas,,,continue,199.00
iPhone 7 Plus reparation,8191149899912,Fullframe beskyttelsesglas,42544150872200,iphone-7-plus-reparation-12363,Fullframe beskyttelsesglas,,,continue,249.00
iPhone 7 Plus reparation,8191149899912,Diagnose,42544150904968,iphone-7-plus-reparation-12364,Diagnose,,,continue,99.00
iPhone 7 reparation,8191149506696,Udskiftning af display (Premium),42544149102728,iphone-7-reparation-12329,Udskiftning af display (Premium),,,continue,649.00
iPhone 7 reparation,8191149506696,Udskiftning af batteri (Premium),42544149135496,iphone-7-reparation-12330,Udskiftning af batteri (Premium),,,continue,499.00
iPhone 7 reparation,8191149506696,Udskiftning af bagcover (Premium),42544149168264,iphone-7-reparation-12331,Udskiftning af bagcover (Premium),,,continue,999.00
iPhone 7 reparation,8191149506696,Udskiftning af bagkamera (ikke glas),42544149201032,iphone-7-reparation-12332,Udskiftning af bagkamera (ikke glas),,,continue,699.00
iPhone 7 reparation,8191149506696,Alm. beskyttelsesglas,42544149233800,iphone-7-reparation-12333,Alm. beskyttelsesglas,,,continue,199.00
iPhone 7 reparation,8191149506696,Fullframe beskyttelsesglas,42544149266568,iphone-7-reparation-12334,Fullframe beskyttelsesglas,,,continue,249.00
iPhone 7 reparation,8191149506696,Diagnose,42544149299336,iphone-7-reparation-12335,Diagnose,,,continue,99.00
iPhone 8 Plus reparation,8191149277320,Udskiftning af display (Premium),42544148316296,iphone-8-plus-reparation-12315,Udskiftning af display (Premium),,,continue,699.00
iPhone 8 Plus reparation,8191149277320,Udskiftning af batteri (Premium),42544148349064,iphone-8-plus-reparation-12316,Udskiftning af batteri (Premium),,,continue,599.00
iPhone 8 Plus reparation,8191149277320,Udskiftning af bagcover (Premium),42544148381832,iphone-8-plus-reparation-12317,Udskiftning af bagcover (Premium),,,continue,599.00
iPhone 8 Plus reparation,8191149277320,Udskiftning af bagkamera (ikke glas),42544148414600,iphone-8-plus-reparation-12318,Udskiftning af bagkamera (ikke glas),,,continue,899.00
iPhone 8 Plus reparation,8191149277320,Alm. beskyttelsesglas,42544148447368,iphone-8-plus-reparation-12319,Alm. beskyttelsesglas,,,continue,199.00
iPhone 8 Plus reparation,8191149277320,Fullframe beskyttelsesglas,42544148480136,iphone-8-plus-reparation-12320,Fullframe beskyttelsesglas,,,continue,249.00
iPhone 8 Plus reparation,8191149277320,Diagnose,42544148512904,iphone-8-plus-reparation-12321,Diagnose,,,continue,99.00
iPhone 8 reparation,8191149375624,Udskiftning af display (Premium),42544148709512,iphone-8-reparation-12322,Udskiftning af display (Premium),,,continue,599.00
iPhone 8 reparation,8191149375624,Udskiftning af batteri (Premium),42544148742280,iphone-8-reparation-12323,Udskiftning af batteri (Premium),,,continue,499.00
iPhone 8 reparation,8191149375624,Udskiftning af bagcover (Premium),42544148775048,iphone-8-reparation-12324,Udskiftning af bagcover (Premium),,,continue,899.00
iPhone 8 reparation,8191149375624,Udskiftning af bagkamera (ikke glas),42544148807816,iphone-8-reparation-12325,Udskiftning af bagkamera (ikke glas),,,continue,899.00
iPhone 8 reparation,8191149375624,Alm. beskyttelsesglas,42544148840584,iphone-8-reparation-12326,Alm. beskyttelsesglas,,,continue,199.00
iPhone 8 reparation,8191149375624,Fullframe beskyttelsesglas,42544148873352,iphone-8-reparation-12327,Fullframe beskyttelsesglas,,,continue,249.00
iPhone 8 reparation,8191149375624,Diagnose,42544148906120,iphone-8-reparation-12328,Diagnose,,,continue,99.00
iPhone SE 1 generation reparation,8191143280776,Udskiftning af batteri,42544096411784,iphone-se-1-generation-reparation-10916,Udskiftning af batteri,,,continue,499.00
iPhone SE 1 generation reparation,8191143280776,Alm. beskyttelsesglas,42544096444552,iphone-se-1-generation-reparation-10917,Alm. beskyttelsesglas,,,continue,199.00
iPhone SE 1 generation reparation,8191143280776,Fullframe beskyttelsesglas,42544096477320,iphone-se-1-generation-reparation-10918,Fullframe beskyttelsesglas,,,continue,249.00
iPhone SE 1 generation reparation,8191143280776,Diagnose,42544096510088,iphone-se-1-generation-reparation-10919,Diagnose,,,continue,99.00
iPhone SE 2020 reparation,8191143313544,Udskiftning af display (Premium),42544096542856,iphone-se-2-generation-reparation-10920,Udskiftning af display (Premium),,,continue,349.00
iPhone SE 2020 reparation,8191143313544,Udskiftning af batteri (Premium),42544096575624,iphone-se-2-generation-reparation-10921,Udskiftning af batteri (Premium),,,continue,499.00
iPhone SE 2020 reparation,8191143313544,Udskiftning af bagcover (Premium),42544096608392,iphone-se-2-generation-reparation-10922,Udskiftning af bagcover (Premium),,,continue,599.00
iPhone SE 2020 reparation,8191143313544,Udskiftning af bagkamera (ikke glas),42544096641160,iphone-se-2-generation-reparation-10923,Udskiftning af bagkamera (ikke glas),,,continue,999.00
iPhone SE 2020 reparation,8191143313544,Alm. beskyttelsesglas,42544096673928,iphone-se-2-generation-reparation-10924,Alm. beskyttelsesglas,,,continue,199.00
iPhone SE 2020 reparation,8191143313544,Fullframe beskyttelsesglas,42544096706696,iphone-se-2-generation-reparation-10925,Fullframe beskyttelsesglas,,,continue,249.00
iPhone SE 2020 reparation,8191143313544,Diagnose,42544096739464,iphone-se-2-generation-reparation-10926,Diagnose,,,continue,99.00
iPhone SE 2022 reparation,8191143248008,Udskiftning af display (Premium),42544096149640,iphone-se-2022-reparation-10910,Udskiftning af display (Premium),,,continue,649.00
iPhone SE 2022 reparation,8191143248008,Udskiftning af batteri (Premium),42544096182408,iphone-se-2022-reparation-10911,Udskiftning af batteri (Premium),,,continue,599.00
iPhone SE 2022 reparation,8191143248008,Udskiftning af bagcover (Premium),42544096215176,iphone-se-2022-reparation-10912,Udskiftning af bagcover (Premium),,,continue,899.00
iPhone SE 2022 reparation,8191143248008,Udskiftning af bagkamera (ikke glas),42544096247944,iphone-se-2022-reparation-10913,Udskiftning af bagkamera (ikke glas),,,continue,899.00
iPhone SE 2022 reparation,8191143248008,Alm. beskyttelsesglas,42544096280712,iphone-se-2022-reparation-10914,Alm. beskyttelsesglas,,,continue,199.00
iPhone SE 2022 reparation,8191143248008,Fullframe beskyttelsesglas,42544096313480,iphone-se-2022-reparation-10915,Fullframe beskyttelsesglas,,,continue,249.00
iPhone X reparation,8191143477384,Udskiftning af display (Premium),42544097230984,iphone-x-reparation-10941,Udskiftning af display (Premium),,,continue,899.00
iPhone X reparation,8191143477384,Udskiftning af batteri (Premium),42544097263752,iphone-x-reparation-10942,Udskiftning af batteri (Premium),,,continue,649.00
iPhone X reparation,8191143477384,Udskiftning af bagcover (Premium),42544097296520,iphone-x-reparation-10943,Udskiftning af bagcover (Premium),,,continue,899.00
iPhone X reparation,8191143477384,Udskiftning af bagkamera (ikke glas),42544097329288,iphone-x-reparation-10944,Udskiftning af bagkamera (ikke glas),,,continue,1199.00
iPhone X reparation,8191143477384,Alm. beskyttelsesglas,42544097362056,iphone-x-reparation-10945,Alm. beskyttelsesglas,,,continue,199.00
iPhone X reparation,8191143477384,Fullframe beskyttelsesglas,42544097394824,iphone-x-reparation-10946,Fullframe beskyttelsesglas,,,continue,249.00
iPhone X reparation,8191143477384,Diagnose,42544097427592,iphone-x-reparation-10947,Diagnose,,,continue,99.00
iPhone XR reparation,8191143542920,Udskiftning af display (Premium),42544097460360,iphone-xr-reparation-10948,Udskiftning af display (Premium),,,continue,799.00
iPhone XR reparation,8191143542920,Udskiftning af batteri (Premium),42544097493128,iphone-xr-reparation-10949,Udskiftning af batteri (Premium),,,continue,599.00
iPhone XR reparation,8191143542920,Udskiftning af bagcover (Premium),42544097525896,iphone-xr-reparation-10950,Udskiftning af bagcover (Premium),,,continue,899.00
iPhone XR reparation,8191143542920,Udskiftning af bagkamera (ikke glas),42544097558664,iphone-xr-reparation-10951,Udskiftning af bagkamera (ikke glas),,,continue,999.00
iPhone XR reparation,8191143542920,Alm. beskyttelsesglas,42544097591432,iphone-xr-reparation-10952,Alm. beskyttelsesglas,,,continue,199.00
iPhone XR reparation,8191143542920,Fullframe beskyttelsesglas,42544097624200,iphone-xr-reparation-10953,Fullframe beskyttelsesglas,,,continue,249.00
iPhone XR reparation,8191143542920,Diagnose,42544097656968,iphone-xr-reparation-10954,Diagnose,,,continue,99.00
iPhone XS Max reparation,8191143411848,Udskiftning af display (Premium),42544097001608,iphone-xs-max-reparation-10934,Udskiftning af display (Premium),,,continue,999.00
iPhone XS Max reparation,8191143411848,Udskiftning af batteri (Premium),42544097034376,iphone-xs-max-reparation-10935,Udskiftning af batteri (Premium),,,continue,649.00
iPhone XS Max reparation,8191143411848,Udskiftning af bagcover (Premium),42544097067144,iphone-xs-max-reparation-10936,Udskiftning af bagcover (Premium),,,continue,899.00
iPhone XS Max reparation,8191143411848,Udskiftning af bagkamera (ikke glas),42544097099912,iphone-xs-max-reparation-10937,Udskiftning af bagkamera (ikke glas),,,continue,997.00
iPhone XS Max reparation,8191143411848,Alm. beskyttelsesglas,42544097132680,iphone-xs-max-reparation-10938,Alm. beskyttelsesglas,,,continue,199.00
iPhone XS Max reparation,8191143411848,Fullframe beskyttelsesglas,42544097165448,iphone-xs-max-reparation-10939,Fullframe beskyttelsesglas,,,continue,249.00
iPhone XS Max reparation,8191143411848,Diagnose,42544097198216,iphone-xs-max-reparation-10940,Diagnose,,,continue,99.00
iPhone XS reparation,8191143346312,Udskiftning af display (Premium),42544096772232,iphone-xs-reparation-10927,Udskiftning af display (Premium),,,continue,899.00
iPhone XS reparation,8191143346312,Udskiftning af batteri (Premium),42544096805000,iphone-xs-reparation-10928,Udskiftning af batteri (Premium),,,continue,699.00
iPhone XS reparation,8191143346312,Udskiftning af bagcover (Premium),42544096837768,iphone-xs-reparation-10929,Udskiftning af bagcover (Premium),,,continue,899.00
iPhone XS reparation,8191143346312,Udskiftning af bagkamera (ikke glas),42544096870536,iphone-xs-reparation-10930,Udskiftning af bagkamera (ikke glas),,,continue,999.00
iPhone XS reparation,8191143346312,Alm. beskyttelsesglas,42544096903304,iphone-xs-reparation-10931,Alm. beskyttelsesglas,,,continue,199.00
iPhone XS reparation,8191143346312,Fullframe beskyttelsesglas,42544096936072,iphone-xs-reparation-10932,Fullframe beskyttelsesglas,,,continue,249.00
iPhone XS reparation,8191143346312,Diagnose,42544096968840,iphone-xs-reparation-10933,Diagnose,,,continue,99.00
MacBook 12″ (2015) reparation,8191139086472,Udskiftning af display (Premium),42544075276424,macbook-12-2015-reparation-10238,Udskiftning af display (Premium),,,continue,4222.00
MacBook 12″ (2015) reparation,8191139086472,Udskiftning af tastatur (Premium),42544075309192,macbook-12-2015-reparation-10239,Udskiftning af tastatur (Premium),,,continue,1599.00
MacBook 12″ (2015) reparation,8191139086472,Udskiftning af batteri (Premium),42544075341960,macbook-12-2015-reparation-10240,Udskiftning af batteri (Premium),,,continue,1444.00
MacBook 12″ (2015) reparation,8191139086472,Udskiftning af bottom case (Premium),42544075374728,macbook-12-2015-reparation-10241,Udskiftning af bottom case (Premium),,,continue,999.00
MacBook 12″ (2015) reparation,8191139086472,Håndteringsgebyr (inkl. gratis fejlfinding),42544075407496,macbook-12-2015-reparation-10242,Håndteringsgebyr (inkl. gratis fejlfinding),,,continue,249.00
MacBook 12″ (2016) reparation,8191139020936,Udskiftning af display (Premium),42544074948744,macbook-12-2016-reparation-10228,Udskiftning af display (Premium),,,continue,4222.00
MacBook 12″ (2016) reparation,8191139020936,Udskiftning af tastatur (Premium),42544074981512,macbook-12-2016-reparation-10229,Udskiftning af tastatur (Premium),,,continue,1599.00
MacBook 12″ (2016) reparation,8191139020936,Udskiftning af batteri (Premium),42544075014280,macbook-12-2016-reparation-10230,Udskiftning af batteri (Premium),,,continue,1444.00
MacBook 12″ (2016) reparation,8191139020936,Udskiftning af bottom case (Premium),42544075047048,macbook-12-2016-reparation-10231,Udskiftning af bottom case (Premium),,,continue,999.00
MacBook 12″ (2016) reparation,8191139020936,Håndteringsgebyr (inkl. gratis fejlfinding),42544075079816,macbook-12-2016-reparation-10232,Håndteringsgebyr (inkl. gratis fejlfinding),,,continue,349.00
MacBook 12″ (2017) reparation,8191139053704,Udskiftning af display (Premium),42544075112584,macbook-12-2017-reparation-10233,Udskiftning af display (Premium),,,continue,4222.00
MacBook 12″ (2017) reparation,8191139053704,Udskiftning af tastatur (Premium),42544075145352,macbook-12-2017-reparation-10234,Udskiftning af tastatur (Premium),,,continue,1599.00
MacBook 12″ (2017) reparation,8191139053704,Udskiftning af batteri (Premium),42544075178120,macbook-12-2017-reparation-10235,Udskiftning af batteri (Premium),,,continue,1444.00
MacBook 12″ (2017) reparation,8191139053704,Udskiftning af bottom case (Premium),42544075210888,macbook-12-2017-reparation-10236,Udskiftning af bottom case (Premium),,,continue,999.00
MacBook 12″ (2017) reparation,8191139053704,Håndteringsgebyr (inkl. gratis fejlfinding),42544075243656,macbook-12-2017-reparation-10237,Håndteringsgebyr (inkl. gratis fejlfinding),,,continue,349.00
MacBook Air 11″ (2013-2015) reparation,8191138431112,Udskiftning af display (Premium),42544073965704,macbook-air-11-2013-2015-reparation-10195,Udskiftning af display (Premium),,,continue,2499.00
MacBook Air 11″ (2013-2015) reparation,8191138431112,Udskiftning af tastatur (Premium),42544073998472,macbook-air-11-2013-2015-reparation-10196,Udskiftning af tastatur (Premium),,,continue,1499.00
MacBook Air 11″ (2013-2015) reparation,8191138431112,Udskiftning af batteri (Premium),42544074031240,macbook-air-11-2013-2015-reparation-10197,Udskiftning af batteri (Premium),,,continue,1299.00
"MacBook Air 13,6″ M2 reparation",8191138758792,Udskiftning af display (Premium),42544074391688,macbook-air-13-6-m2-reparation-1-10211,Udskiftning af display (Premium),,,continue,5299.00
"MacBook Air 13,6″ M2 reparation",8191138758792,Udskiftning af tastatur (Premium),42544074424456,macbook-air-13-6-m2-reparation-1-10212,Udskiftning af tastatur (Premium),,,continue,2899.00
"MacBook Air 13,6″ M2 reparation",8191138758792,Udskiftning af batteri (Premium),42544074457224,macbook-air-13-6-m2-reparation-1-10213,Udskiftning af batteri (Premium),,,continue,1899.00
"MacBook Air 13,6″ M3 reparation",8191138889864,Udskiftning af display,42544074555528,macbook-air-13-6-m2-reparation-10214,Udskiftning af display,,,continue,5299.00
"MacBook Air 13,6″ M3 reparation",8191138889864,Udskiftning af top case,42544074588296,macbook-air-13-6-m2-reparation-10215,Udskiftning af top case,,,continue,4999.00
"MacBook Air 13,6″ M3 reparation",8191138889864,Udskiftning af bundkort,42544074621064,macbook-air-13-6-m2-reparation-10216,Udskiftning af bundkort,,,continue,5299.00
"MacBook Air 13,6″ M3 reparation",8191138889864,Udskiftning af batteri,42544074653832,macbook-air-13-6-m2-reparation-10217,Udskiftning af batteri,,,continue,2199.00
"MacBook Air 13,6″ M3 reparation",8191138889864,Håndteringsgebyr (inkl. gratis fejlfinding),42544074686600,macbook-air-13-6-m2-reparation-10218,Håndteringsgebyr (inkl. gratis fejlfinding),,,continue,349.00
MacBook Air 13″ (2013-2017) reparation,8191138529416,Udskiftning af display (Premium),42544074064008,macbook-air-13-2013-2017-reparation-10198,Udskiftning af display (Premium),,,continue,2499.00
MacBook Air 13″ (2013-2017) reparation,8191138529416,Udskiftning af tastatur (Premium),42544074096776,macbook-air-13-2013-2017-reparation-10199,Udskiftning af tastatur (Premium),,,continue,1499.00
MacBook Air 13″ (2013-2017) reparation,8191138529416,Udskiftning af batteri (Premium),42544074129544,macbook-air-13-2013-2017-reparation-10200,Udskiftning af batteri (Premium),,,continue,1299.00
MacBook Air 13″ (2018-2020) reparation,8191138627720,Udskiftning af display (Premium),42544074162312,macbook-air-13-2018-2020-reparation-10201,Udskiftning af display (Premium),,,continue,3999.00
MacBook Air 13″ (2018-2020) reparation,8191138627720,Udskiftning af tastatur (Premium),42544074195080,macbook-air-13-2018-2020-reparation-10202,Udskiftning af tastatur (Premium),,,continue,0.00
MacBook Air 13″ (2018-2020) reparation,8191138627720,Udskiftning af bundplade (Inkl. montering),42544074227848,macbook-air-13-2018-2020-reparation-10203,Udskiftning af bundplade (Inkl. montering),,,continue,999.00
MacBook Air 13″ (2018-2020) reparation,8191138627720,Udskiftning af batteri (Premium),42544074260616,macbook-air-13-2018-2020-reparation-10204,Udskiftning af batteri (Premium),,,continue,1499.00
MacBook Air 13″ M1 reparation,8191138693256,Udskiftning af display (Premium),42544074293384,macbook-air-13-m1-reparation-1-10205,Udskiftning af display (Premium),,,continue,4499.00
MacBook Air 13″ M1 reparation,8191138693256,Udskiftning af tastatur (Premium),42544074326152,macbook-air-13-m1-reparation-1-10206,Udskiftning af tastatur (Premium),,,continue,2499.00
MacBook Air 13″ M1 reparation,8191138693256,Udskiftning af batteri (Premium),42544074358920,macbook-air-13-m1-reparation-1-10207,Udskiftning af batteri (Premium),,,continue,1599.00
MacBook Air 15″ M2 reparation,8191138988168,Skærmskifte,42544074817672,macbook-air-15-m2-reparation-10219,Skærmskifte,,,continue,5499.00
MacBook Air 15″ M2 reparation,8191138988168,Udskiftning af top case,42544074850440,macbook-air-15-m2-reparation-10220,Udskiftning af top case,,,continue,5299.00
MacBook Air 15″ M2 reparation,8191138988168,Udskiftning af bundkort,42544074883208,macbook-air-15-m2-reparation-10221,Udskiftning af bundkort,,,continue,4999.00
MacBook Air 15″ M2 reparation,8191138988168,Udskiftning af batteri,42544074915976,macbook-air-15-m2-reparation-10222,Udskiftning af batteri,,,continue,2199.00
MacBook Pro 13″ (2012-2015) reparation,8191138267272,Udskiftning af display,42544073343112,macbook-pro-13-2012-2015-reparation-10178,Udskiftning af display,,,continue,5111.00
MacBook Pro 13″ (2012-2015) reparation,8191138267272,Udskiftning af tastatur,42544073375880,macbook-pro-13-2012-2015-reparation-10179,Udskiftning af tastatur,,,continue,1499.00
MacBook Pro 13″ (2012-2015) reparation,8191138267272,Udskiftning af bundplade (Inkl. montering),42544073408648,macbook-pro-13-2012-2015-reparation-10180,Udskiftning af bundplade (Inkl. montering),,,continue,799.00
MacBook Pro 13″ (2012-2015) reparation,8191138267272,Udskiftning af batteri,42544073441416,macbook-pro-13-2012-2015-reparation-10181,Udskiftning af batteri,,,continue,1499.00
MacBook Pro 13″ (2016-2017) 2 thunderbolt reparation,8191138300040,Udskiftning af display,42544073474184,mbp-13-16-17-2-tbt-reparation-10182,Udskiftning af display,,,continue,4444.00
MacBook Pro 13″ (2016-2017) 2 thunderbolt reparation,8191138300040,Udskiftning af tastatur,42544073506952,mbp-13-16-17-2-tbt-reparation-10183,Udskiftning af tastatur,,,continue,1999.00
MacBook Pro 13″ (2016-2017) 2 thunderbolt reparation,8191138300040,Udskiftning af bundplade (Inkl. montering),42544073539720,mbp-13-16-17-2-tbt-reparation-10184,Udskiftning af bundplade (Inkl. montering),,,continue,999.00
MacBook Pro 13″ (2016-2017) 2 thunderbolt reparation,8191138300040,Udskiftning af batteri,42544073572488,mbp-13-16-17-2-tbt-reparation-10185,Udskiftning af batteri,,,continue,1499.00
MacBook Pro 13″ (2016-2017) 4 Thunderbolt reparation,8191138332808,Udskiftning af display,42544073605256,mbp-13-16-17-4-tbt-reparation-10186,Udskiftning af display,,,continue,4444.00
MacBook Pro 13″ (2016-2017) 4 Thunderbolt reparation,8191138332808,Udskiftning af tastatur,42544073638024,mbp-13-16-17-4-tbt-reparation-10187,Udskiftning af tastatur,,,continue,1999.00
MacBook Pro 13″ (2016-2017) 4 Thunderbolt reparation,8191138332808,Udskiftning af bundplade (Inkl. montering),42544073670792,mbp-13-16-17-4-tbt-reparation-10188,Udskiftning af bundplade (Inkl. montering),,,continue,999.00
MacBook Pro 13″ (2016-2017) 4 Thunderbolt reparation,8191138332808,Udskiftning af batteri,42544073703560,mbp-13-16-17-4-tbt-reparation-10189,Udskiftning af batteri,,,continue,1499.00
MacBook Pro 13″ 2018-2020 reparation,8191138201736,Udskiftning af display,42544073212040,macbook-pro-13-2018-2020-reparation-10175,Udskiftning af display,,,continue,4444.00
MacBook Pro 13″ 2018-2020 reparation,8191138201736,Udskiftning af tastatur,42544073244808,macbook-pro-13-2018-2020-reparation-10176,Udskiftning af tastatur,,,continue,5999.00
MacBook Pro 13″ 2018-2020 reparation,8191138201736,Udskiftning af batteri,42544073277576,macbook-pro-13-2018-2020-reparation-10177,Udskiftning af batteri,,,continue,1555.00
MacBook Pro 13″ M1 reparation,8191138168968,Udskiftning af display,42544073080968,macbook-pro-13-m1-reparation-10171,Udskiftning af display,,,continue,5699.00
MacBook Pro 13″ M1 reparation,8191138168968,Udskiftning af top case,42544073113736,macbook-pro-13-m1-reparation-10172,Udskiftning af top case,,,continue,5499.00
MacBook Pro 13″ M1 reparation,8191138168968,Udskiftning af bundkort,42544073146504,macbook-pro-13-m1-reparation-10173,Udskiftning af bundkort,,,continue,5599.00
MacBook Pro 13″ M1 reparation,8191138168968,Udskiftning af batteri,42544073179272,macbook-pro-13-m1-reparation-10174,Udskiftning af batteri,,,continue,3499.00
MacBook Pro 13″ M2 reparation,8191138398344,Udskiftning af display,42544073769096,macbook-pro-13-m2-reparation-10190,Udskiftning af display,,,continue,5699.00
MacBook Pro 13″ M2 reparation,8191138398344,Udskiftning af top case,42544073801864,macbook-pro-13-m2-reparation-10191,Udskiftning af top case,,,continue,5499.00
MacBook Pro 13″ M2 reparation,8191138398344,Udskiftning af bundkort,42544073834632,macbook-pro-13-m2-reparation-10192,Udskiftning af bundkort,,,continue,5599.00
MacBook Pro 13″ M2 reparation,8191138398344,Udskiftning af batteri,42544073867400,macbook-pro-13-m2-reparation-10193,Udskiftning af batteri,,,continue,3499.00
MacBook Pro 13″ M2 reparation,8191138398344,Håndteringsgebyr (inkl. gratis fejlfinding),42544073900168,macbook-pro-13-m2-reparation-10194,Håndteringsgebyr (inkl. gratis fejlfinding),,,continue,349.00
MacBook Pro 14″ M1 (2021) reparation,8191138037896,Udskiftning af display,42544072392840,macbook-pro-14-m1-2021-reparation-10158,Udskiftning af display,,,continue,6799.00
MacBook Pro 14″ M1 (2021) reparation,8191138037896,Udskiftning af top case,42544072425608,macbook-pro-14-m1-2021-reparation-10159,Udskiftning af top case,,,continue,5999.00
MacBook Pro 14″ M1 (2021) reparation,8191138037896,Udskiftning af bundkort,42544072491144,macbook-pro-14-m1-2021-reparation-10160,Udskiftning af bundkort,,,continue,5599.00
MacBook Pro 14″ M1 (2021) reparation,8191138037896,Udskiftning af batteri,42544072523912,macbook-pro-14-m1-2021-reparation-10161,Udskiftning af batteri,,,continue,3499.00
MacBook Pro 14″ M2 (2023) reparation,8191138070664,Udskiftning af display,42544072687752,macbook-pro-14-m2-2023-reparation-10162,Udskiftning af display,,,continue,6799.00
MacBook Pro 14″ M2 (2023) reparation,8191138070664,Udskiftning af top case,42544072720520,macbook-pro-14-m2-2023-reparation-10163,Udskiftning af top case,,,continue,5999.00
MacBook Pro 14″ M2 (2023) reparation,8191138070664,Udskiftning af bundkort,42544072753288,macbook-pro-14-m2-2023-reparation-10164,Udskiftning af bundkort,,,continue,5599.00
MacBook Pro 14″ M2 (2023) reparation,8191138070664,Udskiftning af batteri,42544072786056,macbook-pro-14-m2-2023-reparation-10165,Udskiftning af batteri,,,continue,3499.00
MacBook Pro 14″ M2 (2023) reparation,8191138070664,Håndteringsgebyr (inkl. gratis fejlfinding),42544072818824,macbook-pro-14-m2-2023-reparation-10166,Håndteringsgebyr (inkl. gratis fejlfinding),,,continue,349.00
MacBook Pro 14″ M3 (2024) reparation,8191138136200,Udskiftning af skærm,42544072949896,macbook-pro-14-m3-2024-reparation-10167,Udskiftning af skærm,,,continue,6799.00
MacBook Pro 14″ M3 (2024) reparation,8191138136200,Udskiftning af top case,42544072982664,macbook-pro-14-m3-2024-reparation-10168,Udskiftning af top case,,,continue,5999.00
MacBook Pro 14″ M3 (2024) reparation,8191138136200,Udskiftning af bundkort,42544073015432,macbook-pro-14-m3-2024-reparation-10169,Udskiftning af bundkort,,,continue,5599.00
MacBook Pro 14″ M3 (2024) reparation,8191138136200,Udskiftning af batteri,42544073048200,macbook-pro-14-m3-2024-reparation-10170,Udskiftning af batteri,,,continue,3499.00
MacBook Pro 15″ (2012-2015) reparation,8191137710216,Udskiftning af display (Premium),42544071508104,macbook-pro-15-2012-2015-reparation-10135,Udskiftning af display (Premium),,,continue,5599.00
MacBook Pro 15″ (2012-2015) reparation,8191137710216,Udskiftning af tastatur (Premium),42544071540872,macbook-pro-15-2012-2015-reparation-10136,Udskiftning af tastatur (Premium),,,continue,1499.00
MacBook Pro 15″ (2012-2015) reparation,8191137710216,Udskiftning af bundplade (Inkl. montering),42544071573640,macbook-pro-15-2012-2015-reparation-10137,Udskiftning af bundplade (Inkl. montering),,,continue,799.00
MacBook Pro 15″ (2012-2015) reparation,8191137710216,Udskiftning af batteri,42544071606408,macbook-pro-15-2012-2015-reparation-10138,Udskiftning af batteri,,,continue,1399.00
MacBook Pro 15″ (2016-2019) reparation,8191137480840,Udskiftning af display (Premium),42544070787208,macbook-pro-15-2016-2019-reparation-10126,Udskiftning af display (Premium),,,continue,5555.00
MacBook Pro 15″ (2016-2019) reparation,8191137480840,Udskiftning af tastatur (Premium),42544070819976,macbook-pro-15-2016-2019-reparation-10127,Udskiftning af tastatur (Premium),,,continue,5222.00
MacBook Pro 15″ (2016-2019) reparation,8191137480840,Udskiftning af bundplade (Inkl. montering),42544070852744,macbook-pro-15-2016-2019-reparation-10128,Udskiftning af bundplade (Inkl. montering),,,continue,999.00
MacBook Pro 15″ (2016-2019) reparation,8191137480840,Udskiftning af batteri,42544070885512,macbook-pro-15-2016-2019-reparation-10129,Udskiftning af batteri,,,continue,1499.00
MacBook Pro 15″ (Mid 2012) reparation,8191137611912,Udskiftning af display (Premium),42544070951048,macbook-pro-15-mid-2012-reparation-10130,Udskiftning af display (Premium),,,continue,3299.00
MacBook Pro 15″ (Mid 2012) reparation,8191137611912,Udskiftning af tastatur (Premium),42544070983816,macbook-pro-15-mid-2012-reparation-10131,Udskiftning af tastatur (Premium),,,continue,1299.00
MacBook Pro 15″ (Mid 2012) reparation,8191137611912,Udskiftning af bundplade (Inkl. montering),42544071016584,macbook-pro-15-mid-2012-reparation-10132,Udskiftning af bundplade (Inkl. montering),,,continue,799.00
MacBook Pro 15″ (Mid 2012) reparation,8191137611912,Udskiftning af batteri,42544071049352,macbook-pro-15-mid-2012-reparation-10133,Udskiftning af batteri,,,continue,1299.00
MacBook Pro 15″ (Mid 2012) reparation,8191137611912,Håndteringsgebyr (inkl. gratis fejlfinding),42544071082120,macbook-pro-15-mid-2012-reparation-10134,Håndteringsgebyr (inkl. gratis fejlfinding),,,continue,349.00
MacBook Pro 16″ (2019) reparation,8191137808520,Udskiftning af display (Premium),42544071671944,macbook-pro-16-2019-reparation-10139,Udskiftning af display (Premium),,,continue,6299.00
MacBook Pro 16″ (2019) reparation,8191137808520,Udskiftning af topcase+tastatur (Premium),42544071704712,macbook-pro-16-2019-reparation-10140,Udskiftning af topcase+tastatur (Premium),,,continue,4999.00
MacBook Pro 16″ (2019) reparation,8191137808520,Udskiftning af bundkort,42544071737480,macbook-pro-16-2019-reparation-10141,Udskiftning af bundkort,,,continue,6399.00
MacBook Pro 16″ (2019) reparation,8191137808520,Udskiftning af batteri,42544071770248,macbook-pro-16-2019-reparation-10142,Udskiftning af batteri,,,continue,3499.00
MacBook Pro 16″ M1 (2021) reparation,8191137906824,Udskiftning af display,42544071835784,macbook-pro-16-m1-2021-reparation-10143,Udskiftning af display,,,continue,7599.00
MacBook Pro 16″ M1 (2021) reparation,8191137906824,Udskiftning af top case,42544071868552,macbook-pro-16-m1-2021-reparation-10144,Udskiftning af top case,,,continue,6399.00
MacBook Pro 16″ M1 (2021) reparation,8191137906824,Udskiftning af bundkort,42544071901320,macbook-pro-16-m1-2021-reparation-10145,Udskiftning af bundkort,,,continue,6399.00
MacBook Pro 16″ M1 (2021) reparation,8191137906824,Udskiftning af batteri,42544071934088,macbook-pro-16-m1-2021-reparation-10146,Udskiftning af batteri,,,continue,3499.00
MacBook Pro 16″ M1 (2021) reparation,8191137906824,Håndteringsgebyr (inkl. gratis fejlfinding),42544071966856,macbook-pro-16-m1-2021-reparation-10147,Håndteringsgebyr (inkl. gratis fejlfinding),,,continue,349.00
MacBook Pro 16″ M2 (2023) reparation,8191137939592,Skærmskift,42544071999624,macbook-pro-16-m2-2023-reparation-10148,Skærmskift,,,continue,7599.00
MacBook Pro 16″ M2 (2023) reparation,8191137939592,Udskiftning af top case,42544072032392,macbook-pro-16-m2-2023-reparation-10149,Udskiftning af top case,,,continue,6399.00
MacBook Pro 16″ M2 (2023) reparation,8191137939592,Udskiftning af bundkort,42544072065160,macbook-pro-16-m2-2023-reparation-10150,Udskiftning af bundkort,,,continue,6399.00
MacBook Pro 16″ M2 (2023) reparation,8191137939592,Udskiftning af batteri,42544072097928,macbook-pro-16-m2-2023-reparation-10151,Udskiftning af batteri,,,continue,3499.00
MacBook Pro 16″ M2 (2023) reparation,8191137939592,Håndteringsgebyr (inkl. gratis fejlfinding),42544072130696,macbook-pro-16-m2-2023-reparation-10152,Håndteringsgebyr (inkl. gratis fejlfinding),,,continue,349.00
MacBook Pro 16″ M3 (2024) reparation,8191137972360,Udskiftning af skærm,42544072163464,macbook-pro-16-m3-2024-reparation-10153,Udskiftning af skærm,,,continue,7599.00
MacBook Pro 16″ M3 (2024) reparation,8191137972360,Udskiftning af top case,42544072196232,macbook-pro-16-m3-2024-reparation-10154,Udskiftning af top case,,,continue,6399.00
MacBook Pro 16″ M3 (2024) reparation,8191137972360,Udskiftning af bundkort,42544072229000,macbook-pro-16-m3-2024-reparation-10155,Udskiftning af bundkort,,,continue,6399.00
MacBook Pro 16″ M3 (2024) reparation,8191137972360,Udskiftning af batteri,42544072261768,macbook-pro-16-m3-2024-reparation-10156,Udskiftning af batteri,,,continue,3499.00
MacBook Pro 16″ M3 (2024) reparation,8191137972360,Håndteringsgebyr (inkl. gratis fejlfinding),42544072294536,macbook-pro-16-m3-2024-reparation-10157,Håndteringsgebyr (inkl. gratis fejlfinding),,,continue,349.00
N51 - 65W Wallplug med 3 porte og sikker opladning,15008876200311,Default Title,55303744586103,HOCO-N51-65W-3PORT-1,Default Title,,,deny,199.00
N65 - 20W Wallplug med hurtig PD opladning,15008876757367,Default Title,55303747043703,HOCO-N65-20W-WHT,Default Title,,,deny,99.00
NZ10 - 45W Biloplader med hurtig PD opladning,15008879837559,Default Title,55303761985911,HOCO-NZ10-45W-BILOPLADER,Default Title,,,deny,0.00
Q44 - Powerbank 10.000 mAh med trådløs opladning og fastcharging,15008917422455,Default Title,55303900758391,HOCO-Q44-10000MAH-WIRELESS,Default Title,,,deny,299.00
Q44A - Powerbank 20.000 mAh med trådløs opladning og fastcharging,15008929087863,Default Title,55303946338679,HOCO-Q44A-20000MAH-WIRELESS,Default Title,,,deny,599.00
Samsung Galaxy A03 reparation,8191140921480,Udskiftning af display,42544083599496,samsung-galaxy-a03-reparation-10470,Udskiftning af display,,,continue,969.00
Samsung Galaxy A03 reparation,8191140921480,Udskiftning af batteri,42544083632264,samsung-galaxy-a03-reparation-10471,Udskiftning af batteri,,,continue,539.00
Samsung Galaxy A03 reparation,8191140921480,Udskiftning af bagcover,42544083665032,samsung-galaxy-a03-reparation-10472,Udskiftning af bagcover,,,continue,519.00
Samsung Galaxy A03 reparation,8191140921480,Udskiftning af ladestik,42544083697800,samsung-galaxy-a03-reparation-10473,Udskiftning af ladestik,,,continue,519.00
Samsung Galaxy A03 reparation,8191140921480,Reparation af væskeskade,42544083730568,samsung-galaxy-a03-reparation-10474,Reparation af væskeskade,,,continue,999.00
Samsung Galaxy A03 reparation,8191140921480,Alm. beskyttelsesglas,42544083763336,samsung-galaxy-a03-reparation-10475,Alm. beskyttelsesglas,,,continue,199.00
Samsung Galaxy A03 reparation,8191140921480,Fullframe beskyttelsesglas,42544083796104,samsung-galaxy-a03-reparation-10476,Fullframe beskyttelsesglas,,,continue,249.00
Samsung Galaxy A03 reparation,8191140921480,Diagnose,42544083828872,samsung-galaxy-a03-reparation-10477,Diagnose,,,continue,299.00
Samsung Galaxy A04s reparation,8191140954248,Udskiftning af display,42544083861640,samsung-galaxy-a04s-reparation-10478,Udskiftning af display,,,continue,979.00
Samsung Galaxy A04s reparation,8191140954248,Udskiftning af batteri,42544083894408,samsung-galaxy-a04s-reparation-10479,Udskiftning af batteri,,,continue,519.00
Samsung Galaxy A04s reparation,8191140954248,Udskiftning af bagcover,42544083927176,samsung-galaxy-a04s-reparation-10480,Udskiftning af bagcover,,,continue,529.00
Samsung Galaxy A04s reparation,8191140954248,Udskiftning af ladestik,42544083959944,samsung-galaxy-a04s-reparation-10481,Udskiftning af ladestik,,,continue,509.00
Samsung Galaxy A04s reparation,8191140954248,Reparation af væskeskade,42544083992712,samsung-galaxy-a04s-reparation-10482,Reparation af væskeskade,,,continue,999.00
Samsung Galaxy A04s reparation,8191140954248,Alm. beskyttelsesglas,42544084025480,samsung-galaxy-a04s-reparation-10483,Alm. beskyttelsesglas,,,continue,199.00
Samsung Galaxy A04s reparation,8191140954248,Fullframe beskyttelsesglas,42544084058248,samsung-galaxy-a04s-reparation-10484,Fullframe beskyttelsesglas,,,continue,249.00
Samsung Galaxy A04s reparation,8191140954248,Diagnose,42544084091016,samsung-galaxy-a04s-reparation-10485,Diagnose,,,continue,299.00
Samsung Galaxy A13 5G reparation,8191141052552,Udskiftning af display,42544084418696,samsung-galaxy-a13-5g-reparation-10494,Udskiftning af display,,,continue,1222.00
Samsung Galaxy A13 5G reparation,8191141052552,Udskiftning af batteri,42544084451464,samsung-galaxy-a13-5g-reparation-10495,Udskiftning af batteri,,,continue,666.00
Samsung Galaxy A13 5G reparation,8191141052552,Udskiftning af bagcover,42544084484232,samsung-galaxy-a13-5g-reparation-10496,Udskiftning af bagcover,,,continue,666.00
Samsung Galaxy A13 5G reparation,8191141052552,Udskiftning af ladestik,42544084517000,samsung-galaxy-a13-5g-reparation-10497,Udskiftning af ladestik,,,continue,666.00
Samsung Galaxy A13 5G reparation,8191141052552,Reparation af væskeskade,42544084549768,samsung-galaxy-a13-5g-reparation-10498,Reparation af væskeskade,,,continue,1499.00
Samsung Galaxy A13 5G reparation,8191141052552,Diagnose,42544084582536,samsung-galaxy-a13-5g-reparation-10499,Diagnose,,,continue,299.00
Samsung Galaxy A13 reparation,8191140987016,Udskiftning af display,42544084123784,samsung-galaxy-a13-reparation-10486,Udskiftning af display,,,continue,989.00
Samsung Galaxy A13 reparation,8191140987016,Udskiftning af batteri,42544084156552,samsung-galaxy-a13-reparation-10487,Udskiftning af batteri,,,continue,549.00
Samsung Galaxy A13 reparation,8191140987016,Udskiftning af bagcover,42544084189320,samsung-galaxy-a13-reparation-10488,Udskiftning af bagcover,,,continue,549.00
Samsung Galaxy A13 reparation,8191140987016,Udskiftning af ladestik,42544084222088,samsung-galaxy-a13-reparation-10489,Udskiftning af ladestik,,,continue,519.00
Samsung Galaxy A13 reparation,8191140987016,Reparation af væskeskade,42544084254856,samsung-galaxy-a13-reparation-10490,Reparation af væskeskade,,,continue,999.00
Samsung Galaxy A13 reparation,8191140987016,Alm. beskyttelsesglas,42544084287624,samsung-galaxy-a13-reparation-10491,Alm. beskyttelsesglas,,,continue,199.00
Samsung Galaxy A13 reparation,8191140987016,Fullframe beskyttelsesglas,42544084320392,samsung-galaxy-a13-reparation-10492,Fullframe beskyttelsesglas,,,continue,249.00
Samsung Galaxy A13 reparation,8191140987016,Diagnose,42544084353160,samsung-galaxy-a13-reparation-10493,Diagnose,,,continue,299.00
Samsung Galaxy A22 5G reparation,8191141281928,Udskiftning af display,42544085893256,samsung-galaxy-a22-5g-reparation-10538,Udskiftning af display,,,continue,1222.00
Samsung Galaxy A22 5G reparation,8191141281928,Udskiftning af batteri,42544085926024,samsung-galaxy-a22-5g-reparation-10539,Udskiftning af batteri,,,continue,666.00
Samsung Galaxy A22 5G reparation,8191141281928,Udskiftning af bagcover,42544085958792,samsung-galaxy-a22-5g-reparation-10540,Udskiftning af bagcover,,,continue,666.00
Samsung Galaxy A22 5G reparation,8191141281928,Udskiftning af ladestik,42544085991560,samsung-galaxy-a22-5g-reparation-10541,Udskiftning af ladestik,,,continue,666.00
Samsung Galaxy A22 5G reparation,8191141281928,Reparation af væskeskade,42544086024328,samsung-galaxy-a22-5g-reparation-10542,Reparation af væskeskade,,,continue,1499.00
Samsung Galaxy A22 5G reparation,8191141281928,Diagnose,42544086057096,samsung-galaxy-a22-5g-reparation-10543,Diagnose,,,continue,299.00
Samsung Galaxy A22 reparation,8191141347464,Udskiftning af display,42544086089864,samsung-galaxy-a22-reparation-10544,Udskiftning af display,,,continue,989.00
Samsung Galaxy A22 reparation,8191141347464,Udskiftning af batteri,42544086122632,samsung-galaxy-a22-reparation-10545,Udskiftning af batteri,,,continue,539.00
Samsung Galaxy A22 reparation,8191141347464,Udskiftning af bagcover,42544086155400,samsung-galaxy-a22-reparation-10546,Udskiftning af bagcover,,,continue,539.00
Samsung Galaxy A22 reparation,8191141347464,Udskiftning af ladestik,42544086188168,samsung-galaxy-a22-reparation-10547,Udskiftning af ladestik,,,continue,519.00
Samsung Galaxy A22 reparation,8191141347464,Reparation af væskeskade,42544086220936,samsung-galaxy-a22-reparation-10548,Reparation af væskeskade,,,continue,999.00
Samsung Galaxy A22 reparation,8191141347464,Alm. beskyttelsesglas,42544086253704,samsung-galaxy-a22-reparation-10549,Alm. beskyttelsesglas,,,continue,199.00
Samsung Galaxy A22 reparation,8191141347464,Fullframe beskyttelsesglas,42544086286472,samsung-galaxy-a22-reparation-10550,Fullframe beskyttelsesglas,,,continue,249.00
Samsung Galaxy A22 reparation,8191141347464,Diagnose,42544086319240,samsung-galaxy-a22-reparation-10551,Diagnose,,,continue,299.00
Samsung Galaxy A32 5G reparation,8191141183624,Udskiftning af display,42544085401736,samsung-galaxy-a32-5g-reparation-10524,Udskiftning af display,,,continue,1222.00
Samsung Galaxy A32 5G reparation,8191141183624,Udskiftning af batteri,42544085434504,samsung-galaxy-a32-5g-reparation-10525,Udskiftning af batteri,,,continue,666.00
Samsung Galaxy A32 5G reparation,8191141183624,Udskiftning af bagcover,42544085467272,samsung-galaxy-a32-5g-reparation-10526,Udskiftning af bagcover,,,continue,666.00
Samsung Galaxy A32 5G reparation,8191141183624,Udskiftning af ladestik,42544085500040,samsung-galaxy-a32-5g-reparation-10527,Udskiftning af ladestik,,,continue,666.00
Samsung Galaxy A32 5G reparation,8191141183624,Reparation af væskeskade,42544085532808,samsung-galaxy-a32-5g-reparation-10528,Reparation af væskeskade,,,continue,1499.00
Samsung Galaxy A32 5G reparation,8191141183624,Diagnose,42544085565576,samsung-galaxy-a32-5g-reparation-10529,Diagnose,,,continue,299.00
Samsung Galaxy A32 reparation,8191141249160,Udskiftning af display,42544085631112,samsung-galaxy-a32-reparation-10530,Udskiftning af display,,,continue,1059.00
Samsung Galaxy A32 reparation,8191141249160,Udskiftning af batteri,42544085663880,samsung-galaxy-a32-reparation-10531,Udskiftning af batteri,,,continue,549.00
Samsung Galaxy A32 reparation,8191141249160,Udskiftning af bagcover,42544085696648,samsung-galaxy-a32-reparation-10532,Udskiftning af bagcover,,,continue,539.00
Samsung Galaxy A32 reparation,8191141249160,Udskiftning af ladestik,42544085729416,samsung-galaxy-a32-reparation-10533,Udskiftning af ladestik,,,continue,519.00
Samsung Galaxy A32 reparation,8191141249160,Reparation af væskeskade,42544085762184,samsung-galaxy-a32-reparation-10534,Reparation af væskeskade,,,continue,999.00
Samsung Galaxy A32 reparation,8191141249160,Alm. beskyttelsesglas,42544085794952,samsung-galaxy-a32-reparation-10535,Alm. beskyttelsesglas,,,continue,199.00
Samsung Galaxy A32 reparation,8191141249160,Fullframe beskyttelsesglas,42544085827720,samsung-galaxy-a32-reparation-10536,Fullframe beskyttelsesglas,,,continue,249.00
Samsung Galaxy A32 reparation,8191141249160,Diagnose,42544085860488,samsung-galaxy-a32-reparation-10537,Diagnose,,,continue,299.00
Samsung Galaxy A33 reparation,8191141150856,Udskiftning af display,42544085139592,samsung-galaxy-a33-reparation-10516,Udskiftning af display,,,continue,1269.00
Samsung Galaxy A33 reparation,8191141150856,Udskiftning af batteri,42544085172360,samsung-galaxy-a33-reparation-10517,Udskiftning af batteri,,,continue,529.00
Samsung Galaxy A33 reparation,8191141150856,Udskiftning af bagcover,42544085205128,samsung-galaxy-a33-reparation-10518,Udskiftning af bagcover,,,continue,579.00
Samsung Galaxy A33 reparation,8191141150856,Udskiftning af ladestik,42544085237896,samsung-galaxy-a33-reparation-10519,Udskiftning af ladestik,,,continue,549.00
Samsung Galaxy A33 reparation,8191141150856,Reparation af væskeskade,42544085270664,samsung-galaxy-a33-reparation-10520,Reparation af væskeskade,,,continue,999.00
Samsung Galaxy A33 reparation,8191141150856,Alm. beskyttelsesglas,42544085303432,samsung-galaxy-a33-reparation-10521,Alm. beskyttelsesglas,,,continue,199.00
Samsung Galaxy A33 reparation,8191141150856,Fullframe beskyttelsesglas,42544085336200,samsung-galaxy-a33-reparation-10522,Fullframe beskyttelsesglas,,,continue,249.00
Samsung Galaxy A33 reparation,8191141150856,Diagnose,42544085368968,samsung-galaxy-a33-reparation-10523,Diagnose,,,continue,299.00
Samsung Galaxy A52s reparation,8191141085320,Udskiftning af display,42544084615304,samsung-galaxy-a52s-reparation-10500,Udskiftning af display,,,continue,1249.00
Samsung Galaxy A52s reparation,8191141085320,Udskiftning af batteri,42544084648072,samsung-galaxy-a52s-reparation-10501,Udskiftning af batteri,,,continue,529.00
Samsung Galaxy A52s reparation,8191141085320,Udskiftning af bagcover,42544084680840,samsung-galaxy-a52s-reparation-10502,Udskiftning af bagcover,,,continue,569.00
Samsung Galaxy A52s reparation,8191141085320,Udskiftning af ladestik,42544084713608,samsung-galaxy-a52s-reparation-10503,Udskiftning af ladestik,,,continue,569.00
Samsung Galaxy A52s reparation,8191141085320,Reparation af væskeskade,42544084746376,samsung-galaxy-a52s-reparation-10504,Reparation af væskeskade,,,continue,999.00
Samsung Galaxy A52s reparation,8191141085320,Alm. beskyttelsesglas,42544084779144,samsung-galaxy-a52s-reparation-10505,Alm. beskyttelsesglas,,,continue,199.00
Samsung Galaxy A52s reparation,8191141085320,Fullframe beskyttelsesglas,42544084811912,samsung-galaxy-a52s-reparation-10506,Fullframe beskyttelsesglas,,,continue,249.00
Samsung Galaxy A52s reparation,8191141085320,Diagnose,42544084844680,samsung-galaxy-a52s-reparation-10507,Diagnose,,,continue,299.00
Samsung Galaxy A53 reparation,8191141118088,Udskiftning af display,42544084877448,samsung-galaxy-a53-reparation-10508,Udskiftning af display,,,continue,1389.00
Samsung Galaxy A53 reparation,8191141118088,Udskiftning af batteri,42544084910216,samsung-galaxy-a53-reparation-10509,Udskiftning af batteri,,,continue,529.00
Samsung Galaxy A53 reparation,8191141118088,Udskiftning af bagcover,42544084942984,samsung-galaxy-a53-reparation-10510,Udskiftning af bagcover,,,continue,579.00
Samsung Galaxy A53 reparation,8191141118088,Udskiftning af ladestik,42544084975752,samsung-galaxy-a53-reparation-10511,Udskiftning af ladestik,,,continue,579.00
Samsung Galaxy A53 reparation,8191141118088,Reparation af væskeskade,42544085008520,samsung-galaxy-a53-reparation-10512,Reparation af væskeskade,,,continue,999.00
Samsung Galaxy A53 reparation,8191141118088,Alm. beskyttelsesglas,42544085041288,samsung-galaxy-a53-reparation-10513,Alm. beskyttelsesglas,,,continue,199.00
Samsung Galaxy A53 reparation,8191141118088,Fullframe beskyttelsesglas,42544085074056,samsung-galaxy-a53-reparation-10514,Fullframe beskyttelsesglas,,,continue,249.00
Samsung Galaxy A53 reparation,8191141118088,Diagnose,42544085106824,samsung-galaxy-a53-reparation-10515,Diagnose,,,continue,299.00
Samsung Galaxy S20 FE reparation,8191140888712,Udskiftning af display,42544083304584,samsung-galaxy-s20-fe-reparation-10462,Udskiftning af display,,,continue,1499.00
Samsung Galaxy S20 FE reparation,8191140888712,Udskiftning af batteri,42544083337352,samsung-galaxy-s20-fe-reparation-10463,Udskiftning af batteri,,,continue,769.00
Samsung Galaxy S20 FE reparation,8191140888712,Udskiftning af bagcover,42544083370120,samsung-galaxy-s20-fe-reparation-10464,Udskiftning af bagcover,,,continue,569.00
Samsung Galaxy S20 FE reparation,8191140888712,Udskiftning af ladestik,42544083402888,samsung-galaxy-s20-fe-reparation-10465,Udskiftning af ladestik,,,continue,629.00
Samsung Galaxy S20 FE reparation,8191140888712,Reparation af væskeskade,42544083435656,samsung-galaxy-s20-fe-reparation-10466,Reparation af væskeskade,,,continue,999.00
Samsung Galaxy S20 FE reparation,8191140888712,Alm. beskyttelsesglas,42544083501192,samsung-galaxy-s20-fe-reparation-10467,Alm. beskyttelsesglas,,,continue,199.00
Samsung Galaxy S20 FE reparation,8191140888712,Fullframe beskyttelsesglas,42544083533960,samsung-galaxy-s20-fe-reparation-10468,Fullframe beskyttelsesglas,,,continue,249.00
Samsung Galaxy S20 FE reparation,8191140888712,Diagnose,42544083566728,samsung-galaxy-s20-fe-reparation-10469,Diagnose,,,continue,299.00
Samsung Galaxy S20 Plus reparation,8191140724872,Udskiftning af display,42544082780296,samsung-galaxy-s20-plus-reparation-10446,Udskiftning af display,,,continue,2999.00
Samsung Galaxy S20 Plus reparation,8191140724872,Udskiftning af batteri,42544082813064,samsung-galaxy-s20-plus-reparation-10447,Udskiftning af batteri,,,continue,739.00
Samsung Galaxy S20 Plus reparation,8191140724872,Udskiftning af bagcover,42544082845832,samsung-galaxy-s20-plus-reparation-10448,Udskiftning af bagcover,,,continue,779.00
Samsung Galaxy S20 Plus reparation,8191140724872,Udskiftning af ladestik,42544082878600,samsung-galaxy-s20-plus-reparation-10449,Udskiftning af ladestik,,,continue,659.00
Samsung Galaxy S20 Plus reparation,8191140724872,Reparation af væskeskade,42544082911368,samsung-galaxy-s20-plus-reparation-10450,Reparation af væskeskade,,,continue,999.00
Samsung Galaxy S20 Plus reparation,8191140724872,Alm. beskyttelsesglas,42544082944136,samsung-galaxy-s20-plus-reparation-10451,Alm. beskyttelsesglas,,,continue,199.00
Samsung Galaxy S20 Plus reparation,8191140724872,Fullframe beskyttelsesglas,42544082976904,samsung-galaxy-s20-plus-reparation-10452,Fullframe beskyttelsesglas,,,continue,249.00
Samsung Galaxy S20 Plus reparation,8191140724872,Diagnose,42544083009672,samsung-galaxy-s20-plus-reparation-10453,Diagnose,,,continue,299.00
Samsung Galaxy S20 reparation,8191140823176,Udskiftning af display,42544083042440,samsung-galaxy-s20-reparation-10454,Udskiftning af display,,,continue,2599.00
Samsung Galaxy S20 reparation,8191140823176,Udskiftning af batteri,42544083075208,samsung-galaxy-s20-reparation-10455,Udskiftning af batteri,,,continue,729.00
Samsung Galaxy S20 reparation,8191140823176,Udskiftning af bagcover,42544083107976,samsung-galaxy-s20-reparation-10456,Udskiftning af bagcover,,,continue,739.00
Samsung Galaxy S20 reparation,8191140823176,Udskiftning af ladestik,42544083140744,samsung-galaxy-s20-reparation-10457,Udskiftning af ladestik,,,continue,639.00
Samsung Galaxy S20 reparation,8191140823176,Reparation af væskeskade,42544083173512,samsung-galaxy-s20-reparation-10458,Reparation af væskeskade,,,continue,999.00
Samsung Galaxy S20 reparation,8191140823176,Alm. beskyttelsesglas,42544083206280,samsung-galaxy-s20-reparation-10459,Alm. beskyttelsesglas,,,continue,199.00
Samsung Galaxy S20 reparation,8191140823176,Fullframe beskyttelsesglas,42544083239048,samsung-galaxy-s20-reparation-10460,Fullframe beskyttelsesglas,,,continue,249.00
Samsung Galaxy S20 reparation,8191140823176,Diagnose,42544083271816,samsung-galaxy-s20-reparation-10461,Diagnose,,,continue,299.00
Samsung Galaxy S20 Ultra reparation,8191140659336,Udskiftning af display,42544082518152,samsung-galaxy-s20-ultra-reparation-10438,Udskiftning af display,,,continue,3199.00
Samsung Galaxy S20 Ultra reparation,8191140659336,Udskiftning af batteri,42544082550920,samsung-galaxy-s20-ultra-reparation-10439,Udskiftning af batteri,,,continue,709.00
Samsung Galaxy S20 Ultra reparation,8191140659336,Udskiftning af bagcover,42544082583688,samsung-galaxy-s20-ultra-reparation-10440,Udskiftning af bagcover,,,continue,759.00
Samsung Galaxy S20 Ultra reparation,8191140659336,Udskiftning af ladestik,42544082616456,samsung-galaxy-s20-ultra-reparation-10441,Udskiftning af ladestik,,,continue,649.00
Samsung Galaxy S20 Ultra reparation,8191140659336,Reparation af væskeskade,42544082649224,samsung-galaxy-s20-ultra-reparation-10442,Reparation af væskeskade,,,continue,999.00
Samsung Galaxy S20 Ultra reparation,8191140659336,Alm. beskyttelsesglas,42544082681992,samsung-galaxy-s20-ultra-reparation-10443,Alm. beskyttelsesglas,,,continue,199.00
Samsung Galaxy S20 Ultra reparation,8191140659336,Fullframe beskyttelsesglas,42544082714760,samsung-galaxy-s20-ultra-reparation-10444,Fullframe beskyttelsesglas,,,continue,249.00
Samsung Galaxy S20 Ultra reparation,8191140659336,Diagnose,42544082747528,samsung-galaxy-s20-ultra-reparation-10445,Diagnose,,,continue,299.00
Samsung Galaxy S21 FE reparation,8191140593800,Udskiftning af display,42544082256008,samsung-galaxy-s21-fe-reparation-10430,Udskiftning af display,,,continue,1799.00
Samsung Galaxy S21 FE reparation,8191140593800,Udskiftning af batteri,42544082288776,samsung-galaxy-s21-fe-reparation-10431,Udskiftning af batteri,,,continue,759.00
Samsung Galaxy S21 FE reparation,8191140593800,Udskiftning af bagcover,42544082321544,samsung-galaxy-s21-fe-reparation-10432,Udskiftning af bagcover,,,continue,619.00
Samsung Galaxy S21 FE reparation,8191140593800,Udskiftning af ladestik,42544082354312,samsung-galaxy-s21-fe-reparation-10433,Udskiftning af ladestik,,,continue,649.00
Samsung Galaxy S21 FE reparation,8191140593800,Reparation af væskeskade,42544082387080,samsung-galaxy-s21-fe-reparation-10434,Reparation af væskeskade,,,continue,999.00
Samsung Galaxy S21 FE reparation,8191140593800,Alm. beskyttelsesglas,42544082419848,samsung-galaxy-s21-fe-reparation-10435,Alm. beskyttelsesglas,,,continue,199.00
Samsung Galaxy S21 FE reparation,8191140593800,Fullframe beskyttelsesglas,42544082452616,samsung-galaxy-s21-fe-reparation-10436,Fullframe beskyttelsesglas,,,continue,249.00
Samsung Galaxy S21 FE reparation,8191140593800,Diagnose,42544082485384,samsung-galaxy-s21-fe-reparation-10437,Diagnose,,,continue,299.00
Samsung Galaxy S21 Plus reparation,8191140397192,Udskiftning af display,42544081567880,samsung-galaxy-s21-plus-reparation-10414,Udskiftning af display,,,continue,2099.00
Samsung Galaxy S21 Plus reparation,8191140397192,Udskiftning af batteri,42544081600648,samsung-galaxy-s21-plus-reparation-10415,Udskiftning af batteri,,,continue,759.00
Samsung Galaxy S21 Plus reparation,8191140397192,Udskiftning af bagcover,42544081633416,samsung-galaxy-s21-plus-reparation-10416,Udskiftning af bagcover,,,continue,789.00
Samsung Galaxy S21 Plus reparation,8191140397192,Udskiftning af ladestik,42544081666184,samsung-galaxy-s21-plus-reparation-10417,Udskiftning af ladestik,,,continue,659.00
Samsung Galaxy S21 Plus reparation,8191140397192,Reparation af væskeskade,42544081698952,samsung-galaxy-s21-plus-reparation-10418,Reparation af væskeskade,,,continue,999.00
Samsung Galaxy S21 Plus reparation,8191140397192,Alm. beskyttelsesglas,42544081731720,samsung-galaxy-s21-plus-reparation-10419,Alm. beskyttelsesglas,,,continue,199.00
Samsung Galaxy S21 Plus reparation,8191140397192,Fullframe beskyttelsesglas,42544081764488,samsung-galaxy-s21-plus-reparation-10420,Fullframe beskyttelsesglas,,,continue,249.00
Samsung Galaxy S21 Plus reparation,8191140397192,Diagnose,42544081797256,samsung-galaxy-s21-plus-reparation-10421,Diagnose,,,continue,299.00
Samsung Galaxy S21 reparation,8191140528264,Udskiftning af display,42544081993864,samsung-galaxy-s21-reparation-10422,Udskiftning af display,,,continue,2099.00
Samsung Galaxy S21 reparation,8191140528264,Udskiftning af batteri,42544082026632,samsung-galaxy-s21-reparation-10423,Udskiftning af batteri,,,continue,749.00
Samsung Galaxy S21 reparation,8191140528264,Udskiftning af bagcover,42544082059400,samsung-galaxy-s21-reparation-10424,Udskiftning af bagcover,,,continue,669.00
Samsung Galaxy S21 reparation,8191140528264,Udskiftning af ladestik,42544082092168,samsung-galaxy-s21-reparation-10425,Udskiftning af ladestik,,,continue,659.00
Samsung Galaxy S21 reparation,8191140528264,Reparation af væskeskade,42544082124936,samsung-galaxy-s21-reparation-10426,Reparation af væskeskade,,,continue,999.00
Samsung Galaxy S21 reparation,8191140528264,Alm. beskyttelsesglas,42544082157704,samsung-galaxy-s21-reparation-10427,Alm. beskyttelsesglas,,,continue,199.00
Samsung Galaxy S21 reparation,8191140528264,Fullframe beskyttelsesglas,42544082190472,samsung-galaxy-s21-reparation-10428,Fullframe beskyttelsesglas,,,continue,249.00
Samsung Galaxy S21 reparation,8191140528264,Diagnose,42544082223240,samsung-galaxy-s21-reparation-10429,Diagnose,,,continue,299.00
Samsung Galaxy S21 Ultra reparation,8191140364424,Udskiftning af display,42544081305736,samsung-galaxy-s21-ultra-reparation-10406,Udskiftning af display,,,continue,2899.00
Samsung Galaxy S21 Ultra reparation,8191140364424,Udskiftning af batteri,42544081338504,samsung-galaxy-s21-ultra-reparation-10407,Udskiftning af batteri,,,continue,729.00
Samsung Galaxy S21 Ultra reparation,8191140364424,Udskiftning af bagcover,42544081371272,samsung-galaxy-s21-ultra-reparation-10408,Udskiftning af bagcover,,,continue,839.00
Samsung Galaxy S21 Ultra reparation,8191140364424,Udskiftning af ladestik,42544081404040,samsung-galaxy-s21-ultra-reparation-10409,Udskiftning af ladestik,,,continue,659.00
Samsung Galaxy S21 Ultra reparation,8191140364424,Reparation af væskeskade,42544081436808,samsung-galaxy-s21-ultra-reparation-10410,Reparation af væskeskade,,,continue,999.00
Samsung Galaxy S21 Ultra reparation,8191140364424,Alm. beskyttelsesglas,42544081469576,samsung-galaxy-s21-ultra-reparation-10411,Alm. beskyttelsesglas,,,continue,199.00
Samsung Galaxy S21 Ultra reparation,8191140364424,Fullframe beskyttelsesglas,42544081502344,samsung-galaxy-s21-ultra-reparation-10412,Fullframe beskyttelsesglas,,,continue,249.00
Samsung Galaxy S21 Ultra reparation,8191140364424,Diagnose,42544081535112,samsung-galaxy-s21-ultra-reparation-10413,Diagnose,,,continue,299.00
Samsung Galaxy S22 Plus reparation,8191140233352,Udskiftning af display,42544080584840,samsung-galaxy-s22-plus-reparation-10390,Udskiftning af display,,,continue,2199.00
Samsung Galaxy S22 Plus reparation,8191140233352,Udskiftning af batteri,42544080617608,samsung-galaxy-s22-plus-reparation-10391,Udskiftning af batteri,,,continue,739.00
Samsung Galaxy S22 Plus reparation,8191140233352,Udskiftning af bagcover,42544080650376,samsung-galaxy-s22-plus-reparation-10392,Udskiftning af bagcover,,,continue,719.00
Samsung Galaxy S22 Plus reparation,8191140233352,Udskiftning af ladestik,42544080683144,samsung-galaxy-s22-plus-reparation-10393,Udskiftning af ladestik,,,continue,679.00
Samsung Galaxy S22 Plus reparation,8191140233352,Reparation af væskeskade,42544080715912,samsung-galaxy-s22-plus-reparation-10394,Reparation af væskeskade,,,continue,999.00
Samsung Galaxy S22 Plus reparation,8191140233352,Alm. beskyttelsesglas,42544080748680,samsung-galaxy-s22-plus-reparation-10395,Alm. beskyttelsesglas,,,continue,199.00
Samsung Galaxy S22 Plus reparation,8191140233352,Fullframe beskyttelsesglas,42544080781448,samsung-galaxy-s22-plus-reparation-10396,Fullframe beskyttelsesglas,,,continue,249.00
Samsung Galaxy S22 Plus reparation,8191140233352,Diagnose,42544080814216,samsung-galaxy-s22-plus-reparation-10397,Diagnose,,,continue,299.00
Samsung Galaxy S22 reparation,8191140298888,Udskiftning af display,42544081010824,samsung-galaxy-s22-reparation-10398,Udskiftning af display,,,continue,2099.00
Samsung Galaxy S22 reparation,8191140298888,Udskiftning af batteri,42544081043592,samsung-galaxy-s22-reparation-10399,Udskiftning af batteri,,,continue,759.00
Samsung Galaxy S22 reparation,8191140298888,Udskiftning af bagcover,42544081076360,samsung-galaxy-s22-reparation-10400,Udskiftning af bagcover,,,continue,689.00
Samsung Galaxy S22 reparation,8191140298888,Udskiftning af ladestik,42544081109128,samsung-galaxy-s22-reparation-10401,Udskiftning af ladestik,,,continue,649.00
Samsung Galaxy S22 reparation,8191140298888,Reparation af væskeskade,42544081141896,samsung-galaxy-s22-reparation-10402,Reparation af væskeskade,,,continue,999.00
Samsung Galaxy S22 reparation,8191140298888,Alm. beskyttelsesglas,42544081174664,samsung-galaxy-s22-reparation-10403,Alm. beskyttelsesglas,,,continue,199.00
Samsung Galaxy S22 reparation,8191140298888,Fullframe beskyttelsesglas,42544081207432,samsung-galaxy-s22-reparation-10404,Fullframe beskyttelsesglas,,,continue,249.00
Samsung Galaxy S22 reparation,8191140298888,Diagnose,42544081240200,samsung-galaxy-s22-reparation-10405,Diagnose,,,continue,299.00
Samsung Galaxy S22 Ultra reparation,8191140200584,Udskiftning af display,42544080322696,samsung-galaxy-s22-ultra-reparation-10382,Udskiftning af display,,,continue,2899.00
Samsung Galaxy S22 Ultra reparation,8191140200584,Udskiftning af batteri,42544080355464,samsung-galaxy-s22-ultra-reparation-10383,Udskiftning af batteri,,,continue,749.00
Samsung Galaxy S22 Ultra reparation,8191140200584,Udskiftning af bagcover,42544080388232,samsung-galaxy-s22-ultra-reparation-10384,Udskiftning af bagcover,,,continue,829.00
Samsung Galaxy S22 Ultra reparation,8191140200584,Udskiftning af ladestik,42544080421000,samsung-galaxy-s22-ultra-reparation-10385,Udskiftning af ladestik,,,continue,649.00
Samsung Galaxy S22 Ultra reparation,8191140200584,Reparation af væskeskade,42544080453768,samsung-galaxy-s22-ultra-reparation-10386,Reparation af væskeskade,,,continue,999.00
Samsung Galaxy S22 Ultra reparation,8191140200584,Alm. beskyttelsesglas,42544080486536,samsung-galaxy-s22-ultra-reparation-10387,Alm. beskyttelsesglas,,,continue,199.00
Samsung Galaxy S22 Ultra reparation,8191140200584,Fullframe beskyttelsesglas,42544080519304,samsung-galaxy-s22-ultra-reparation-10388,Fullframe beskyttelsesglas,,,continue,249.00
Samsung Galaxy S22 Ultra reparation,8191140200584,Diagnose,42544080552072,samsung-galaxy-s22-ultra-reparation-10389,Diagnose,,,continue,299.00
Samsung Galaxy S23 Plus reparation,8191140135048,Udskiftning af display,42544079798408,samsung-galaxy-s23-plus-reparation-10366,Udskiftning af display,,,continue,2399.00
Samsung Galaxy S23 Plus reparation,8191140135048,Udskiftning af batteri,42544079831176,samsung-galaxy-s23-plus-reparation-10367,Udskiftning af batteri,,,continue,739.00
Samsung Galaxy S23 Plus reparation,8191140135048,Udskiftning af bagcover,42544079863944,samsung-galaxy-s23-plus-reparation-10368,Udskiftning af bagcover,,,continue,719.00
Samsung Galaxy S23 Plus reparation,8191140135048,Udskiftning af ladestik,42544079896712,samsung-galaxy-s23-plus-reparation-10369,Udskiftning af ladestik,,,continue,679.00
Samsung Galaxy S23 Plus reparation,8191140135048,Reparation af væskeskade,42544079929480,samsung-galaxy-s23-plus-reparation-10370,Reparation af væskeskade,,,continue,999.00
Samsung Galaxy S23 Plus reparation,8191140135048,Alm. beskyttelsesglas,42544079962248,samsung-galaxy-s23-plus-reparation-10371,Alm. beskyttelsesglas,,,continue,199.00
Samsung Galaxy S23 Plus reparation,8191140135048,Fullframe beskyttelsesglas,42544079995016,samsung-galaxy-s23-plus-reparation-10372,Fullframe beskyttelsesglas,,,continue,249.00
Samsung Galaxy S23 Plus reparation,8191140135048,Diagnose,42544080027784,samsung-galaxy-s23-plus-reparation-10373,Diagnose,,,continue,299.00
Samsung Galaxy S23 reparation,8191140069512,Udskiftning af display,42544079503496,samsung-galaxy-s23-reparation-10358,Udskiftning af display,,,continue,2199.00
Samsung Galaxy S23 reparation,8191140069512,Udskiftning af batteri,42544079536264,samsung-galaxy-s23-reparation-10359,Udskiftning af batteri,,,continue,759.00
Samsung Galaxy S23 reparation,8191140069512,Udskiftning af bagcover,42544079569032,samsung-galaxy-s23-reparation-10360,Udskiftning af bagcover,,,continue,689.00
Samsung Galaxy S23 reparation,8191140069512,Udskiftning af ladestik,42544079601800,samsung-galaxy-s23-reparation-10361,Udskiftning af ladestik,,,continue,649.00
Samsung Galaxy S23 reparation,8191140069512,Reparation af væskeskade,42544079634568,samsung-galaxy-s23-reparation-10362,Reparation af væskeskade,,,continue,999.00
Samsung Galaxy S23 reparation,8191140069512,Alm. beskyttelsesglas,42544079667336,samsung-galaxy-s23-reparation-10363,Alm. beskyttelsesglas,,,continue,199.00
Samsung Galaxy S23 reparation,8191140069512,Fullframe beskyttelsesglas,42544079700104,samsung-galaxy-s23-reparation-10364,Fullframe beskyttelsesglas,,,continue,249.00
Samsung Galaxy S23 reparation,8191140069512,Diagnose,42544079732872,samsung-galaxy-s23-reparation-10365,Diagnose,,,continue,299.00
Samsung Galaxy S23 Ultra reparation,8191140167816,Udskiftning af display,42544080060552,samsung-galaxy-s23-ultra-reparation-10374,Udskiftning af display,,,continue,2899.00
Samsung Galaxy S23 Ultra reparation,8191140167816,Udskiftning af batteri,42544080093320,samsung-galaxy-s23-ultra-reparation-10375,Udskiftning af batteri,,,continue,749.00
Samsung Galaxy S23 Ultra reparation,8191140167816,Udskiftning af bagcover,42544080126088,samsung-galaxy-s23-ultra-reparation-10376,Udskiftning af bagcover,,,continue,829.00
Samsung Galaxy S23 Ultra reparation,8191140167816,Udskiftning af ladestik,42544080158856,samsung-galaxy-s23-ultra-reparation-10377,Udskiftning af ladestik,,,continue,649.00
Samsung Galaxy S23 Ultra reparation,8191140167816,Reparation af væskeskade,42544080191624,samsung-galaxy-s23-ultra-reparation-10378,Reparation af væskeskade,,,continue,999.00
Samsung Galaxy S23 Ultra reparation,8191140167816,Alm. beskyttelsesglas,42544080224392,samsung-galaxy-s23-ultra-reparation-10379,Alm. beskyttelsesglas,,,continue,199.00
Samsung Galaxy S23 Ultra reparation,8191140167816,Fullframe beskyttelsesglas,42544080257160,samsung-galaxy-s23-ultra-reparation-10380,Fullframe beskyttelsesglas,,,continue,249.00
Samsung Galaxy S23 Ultra reparation,8191140167816,Diagnose,42544080289928,samsung-galaxy-s23-ultra-reparation-10381,Diagnose,,,continue,299.00
Samsung Galaxy S24 Plus reparation,8191140003976,Udskiftning af display,42544078979208,samsung-galaxy-s24-ultra-plus-reparation-10342,Udskiftning af display,,,continue,0.00
Samsung Galaxy S24 Plus reparation,8191140003976,Udskiftning af batteri,42544079011976,samsung-galaxy-s24-ultra-plus-reparation-10343,Udskiftning af batteri,,,continue,0.00
Samsung Galaxy S24 Plus reparation,8191140003976,Udskiftning af bagcover,42544079044744,samsung-galaxy-s24-ultra-plus-reparation-10344,Udskiftning af bagcover,,,continue,0.00
Samsung Galaxy S24 Plus reparation,8191140003976,Udskiftning af ladestik,42544079077512,samsung-galaxy-s24-ultra-plus-reparation-10345,Udskiftning af ladestik,,,continue,0.00
Samsung Galaxy S24 Plus reparation,8191140003976,Reparation af væskeskade,42544079110280,samsung-galaxy-s24-ultra-plus-reparation-10346,Reparation af væskeskade,,,continue,0.00
Samsung Galaxy S24 Plus reparation,8191140003976,Alm. beskyttelsesglas,42544079143048,samsung-galaxy-s24-ultra-plus-reparation-10347,Alm. beskyttelsesglas,,,continue,0.00
Samsung Galaxy S24 Plus reparation,8191140003976,Fullframe beskyttelsesglas,42544079175816,samsung-galaxy-s24-ultra-plus-reparation-10348,Fullframe beskyttelsesglas,,,continue,0.00
Samsung Galaxy S24 Plus reparation,8191140003976,Diagnose,42544079208584,samsung-galaxy-s24-ultra-plus-reparation-10349,Diagnose,,,continue,0.00
Samsung Galaxy S24 reparation,8191139971208,Udskiftning af display,42544078717064,samsung-galaxy-s24-reparation-10334,Udskiftning af display,,,continue,0.00
Samsung Galaxy S24 reparation,8191139971208,Udskiftning af batteri,42544078749832,samsung-galaxy-s24-reparation-10335,Udskiftning af batteri,,,continue,0.00
Samsung Galaxy S24 reparation,8191139971208,Udskiftning af bagcover,42544078782600,samsung-galaxy-s24-reparation-10336,Udskiftning af bagcover,,,continue,0.00
Samsung Galaxy S24 reparation,8191139971208,Udskiftning af ladestik,42544078815368,samsung-galaxy-s24-reparation-10337,Udskiftning af ladestik,,,continue,0.00
Samsung Galaxy S24 reparation,8191139971208,Reparation af væskeskade,42544078848136,samsung-galaxy-s24-reparation-10338,Reparation af væskeskade,,,continue,0.00
Samsung Galaxy S24 reparation,8191139971208,Alm. beskyttelsesglas,42544078880904,samsung-galaxy-s24-reparation-10339,Alm. beskyttelsesglas,,,continue,0.00
Samsung Galaxy S24 reparation,8191139971208,Fullframe beskyttelsesglas,42544078913672,samsung-galaxy-s24-reparation-10340,Fullframe beskyttelsesglas,,,continue,0.00
Samsung Galaxy S24 reparation,8191139971208,Diagnose,42544078946440,samsung-galaxy-s24-reparation-10341,Diagnose,,,continue,0.00
Samsung Galaxy S24 Ultra reparation,8191140036744,Udskiftning af display,42544079241352,samsung-galaxy-s24-ultra-reparation-10350,Udskiftning af display,,,continue,0.00
Samsung Galaxy S24 Ultra reparation,8191140036744,Udskiftning af batteri,42544079274120,samsung-galaxy-s24-ultra-reparation-10351,Udskiftning af batteri,,,continue,0.00
Samsung Galaxy S24 Ultra reparation,8191140036744,Udskiftning af bagcover,42544079306888,samsung-galaxy-s24-ultra-reparation-10352,Udskiftning af bagcover,,,continue,0.00
Samsung Galaxy S24 Ultra reparation,8191140036744,Udskiftning af ladestik,42544079339656,samsung-galaxy-s24-ultra-reparation-10353,Udskiftning af ladestik,,,continue,0.00
Samsung Galaxy S24 Ultra reparation,8191140036744,Reparation af væskeskade,42544079372424,samsung-galaxy-s24-ultra-reparation-10354,Reparation af væskeskade,,,continue,0.00
Samsung Galaxy S24 Ultra reparation,8191140036744,Alm. beskyttelsesglas,42544079405192,samsung-galaxy-s24-ultra-reparation-10355,Alm. beskyttelsesglas,,,continue,0.00
Samsung Galaxy S24 Ultra reparation,8191140036744,Fullframe beskyttelsesglas,42544079437960,samsung-galaxy-s24-ultra-reparation-10356,Fullframe beskyttelsesglas,,,continue,0.00
Samsung Galaxy S24 Ultra reparation,8191140036744,Diagnose,42544079470728,samsung-galaxy-s24-ultra-reparation-10357,Diagnose,,,continue,0.00
Samsung Galaxy Tab S7 FE reparation,8191139283080,Udskiftning af display,42544076161160,samsung-galaxy-tab-s7-fe-reparation-10261,Udskiftning af display,,,continue,2899.00
Samsung Galaxy Tab S7 FE reparation,8191139283080,Udskiftning af batteri,42544076193928,samsung-galaxy-tab-s7-fe-reparation-10262,Udskiftning af batteri,,,continue,749.00
Samsung Galaxy Tab S7 FE reparation,8191139283080,Udskiftning af bagcover,42544076226696,samsung-galaxy-tab-s7-fe-reparation-10263,Udskiftning af bagcover,,,continue,829.00
Samsung Galaxy Tab S7 FE reparation,8191139283080,Udskiftning af ladestik,42544076259464,samsung-galaxy-tab-s7-fe-reparation-10264,Udskiftning af ladestik,,,continue,649.00
Samsung Galaxy Tab S7 FE reparation,8191139283080,Reparation af væskeskade,42544076292232,samsung-galaxy-tab-s7-fe-reparation-10265,Reparation af væskeskade,,,continue,999.00
Samsung Galaxy Tab S7 FE reparation,8191139283080,Diagnose,42544076325000,samsung-galaxy-tab-s7-fe-reparation-10266,Diagnose,,,continue,299.00
Samsung Galaxy Tab S7 LTE reparation,8191139348616,Udskiftning af display,42544076390536,samsung-galaxy-tab-s7-lte-reparation-10267,Udskiftning af display,,,continue,2899.00
Samsung Galaxy Tab S7 LTE reparation,8191139348616,Udskiftning af batteri,42544076423304,samsung-galaxy-tab-s7-lte-reparation-10268,Udskiftning af batteri,,,continue,749.00
Samsung Galaxy Tab S7 LTE reparation,8191139348616,Udskiftning af bagcover,42544076456072,samsung-galaxy-tab-s7-lte-reparation-10269,Udskiftning af bagcover,,,continue,829.00
Samsung Galaxy Tab S7 LTE reparation,8191139348616,Udskiftning af ladestik,42544076488840,samsung-galaxy-tab-s7-lte-reparation-10270,Udskiftning af ladestik,,,continue,649.00
Samsung Galaxy Tab S7 LTE reparation,8191139348616,Reparation af væskeskade,42544076521608,samsung-galaxy-tab-s7-lte-reparation-10271,Reparation af væskeskade,,,continue,999.00
Samsung Galaxy Tab S7 LTE reparation,8191139348616,Diagnose,42544076554376,samsung-galaxy-tab-s7-lte-reparation-10272,Diagnose,,,continue,299.00
Samsung Galaxy Tab S7 Plus reparation,8191139414152,Udskiftning af display,42544076652680,samsung-galaxy-tab-s7-plus-reparation-10273,Udskiftning af display,,,continue,2899.00
Samsung Galaxy Tab S7 Plus reparation,8191139414152,Udskiftning af batteri,42544076685448,samsung-galaxy-tab-s7-plus-reparation-10274,Udskiftning af batteri,,,continue,749.00
Samsung Galaxy Tab S7 Plus reparation,8191139414152,Udskiftning af bagcover,42544076718216,samsung-galaxy-tab-s7-plus-reparation-10275,Udskiftning af bagcover,,,continue,829.00
Samsung Galaxy Tab S7 Plus reparation,8191139414152,Udskiftning af ladestik,42544076750984,samsung-galaxy-tab-s7-plus-reparation-10276,Udskiftning af ladestik,,,continue,649.00
Samsung Galaxy Tab S7 Plus reparation,8191139414152,Reparation af væskeskade,42544076783752,samsung-galaxy-tab-s7-plus-reparation-10277,Reparation af væskeskade,,,continue,999.00
Samsung Galaxy Tab S7 Plus reparation,8191139414152,Diagnose,42544076816520,samsung-galaxy-tab-s7-plus-reparation-10278,Diagnose,,,continue,299.00
Samsung Galaxy Tab S7 reparation,8191139446920,Udskiftning af display,42544076849288,samsung-galaxy-tab-s7-reparation-10279,Udskiftning af display,,,continue,2899.00
Samsung Galaxy Tab S7 reparation,8191139446920,Udskiftning af batteri,42544076882056,samsung-galaxy-tab-s7-reparation-10280,Udskiftning af batteri,,,continue,749.00
Samsung Galaxy Tab S7 reparation,8191139446920,Udskiftning af bagcover,42544076914824,samsung-galaxy-tab-s7-reparation-10281,Udskiftning af bagcover,,,continue,829.00
Samsung Galaxy Tab S7 reparation,8191139446920,Udskiftning af ladestik,42544076947592,samsung-galaxy-tab-s7-reparation-10282,Udskiftning af ladestik,,,continue,649.00
Samsung Galaxy Tab S7 reparation,8191139446920,Reparation af væskeskade,42544076980360,samsung-galaxy-tab-s7-reparation-10283,Reparation af væskeskade,,,continue,999.00
Samsung Galaxy Tab S7 reparation,8191139446920,Diagnose,42544077013128,samsung-galaxy-tab-s7-reparation-10284,Diagnose,,,continue,299.00
Samsung Galaxy Tab S8 Plus reparation,8191139217544,Udskiftning af display,42544075767944,samsung-galaxy-tab-s8-plus-reparation-10249,Udskiftning af display,,,continue,2899.00
Samsung Galaxy Tab S8 Plus reparation,8191139217544,Udskiftning af batteri,42544075800712,samsung-galaxy-tab-s8-plus-reparation-10250,Udskiftning af batteri,,,continue,749.00
Samsung Galaxy Tab S8 Plus reparation,8191139217544,Udskiftning af bagcover,42544075833480,samsung-galaxy-tab-s8-plus-reparation-10251,Udskiftning af bagcover,,,continue,829.00
Samsung Galaxy Tab S8 Plus reparation,8191139217544,Udskiftning af ladestik,42544075866248,samsung-galaxy-tab-s8-plus-reparation-10252,Udskiftning af ladestik,,,continue,649.00
Samsung Galaxy Tab S8 Plus reparation,8191139217544,Reparation af væskeskade,42544075899016,samsung-galaxy-tab-s8-plus-reparation-10253,Reparation af væskeskade,,,continue,999.00
Samsung Galaxy Tab S8 Plus reparation,8191139217544,Diagnose,42544075931784,samsung-galaxy-tab-s8-plus-reparation-10254,Diagnose,,,continue,299.00
Samsung Galaxy Tab S8 reparation,8191139250312,Udskiftning af display,42544075964552,samsung-galaxy-tab-s8-reparation-10255,Udskiftning af display,,,continue,2899.00
Samsung Galaxy Tab S8 reparation,8191139250312,Udskiftning af batteri,42544075997320,samsung-galaxy-tab-s8-reparation-10256,Udskiftning af batteri,,,continue,749.00
Samsung Galaxy Tab S8 reparation,8191139250312,Udskiftning af bagcover,42544076030088,samsung-galaxy-tab-s8-reparation-10257,Udskiftning af bagcover,,,continue,829.00
Samsung Galaxy Tab S8 reparation,8191139250312,Udskiftning af ladestik,42544076062856,samsung-galaxy-tab-s8-reparation-10258,Udskiftning af ladestik,,,continue,649.00
Samsung Galaxy Tab S8 reparation,8191139250312,Reparation af væskeskade,42544076095624,samsung-galaxy-tab-s8-reparation-10259,Reparation af væskeskade,,,continue,999.00
Samsung Galaxy Tab S8 reparation,8191139250312,Diagnose,42544076128392,samsung-galaxy-tab-s8-reparation-10260,Diagnose,,,continue,299.00
Samsung Galaxy Tab S8 Ultra reparation,8191139152008,Udskiftning af display,42544075473032,samsung-galaxy-tab-s8-ultra-reparation-10243,Udskiftning af display,,,continue,2899.00
Samsung Galaxy Tab S8 Ultra reparation,8191139152008,Udskiftning af batteri,42544075505800,samsung-galaxy-tab-s8-ultra-reparation-10244,Udskiftning af batteri,,,continue,749.00
Samsung Galaxy Tab S8 Ultra reparation,8191139152008,Udskiftning af bagcover,42544075538568,samsung-galaxy-tab-s8-ultra-reparation-10245,Udskiftning af bagcover,,,continue,829.00
Samsung Galaxy Tab S8 Ultra reparation,8191139152008,Udskiftning af ladestik,42544075571336,samsung-galaxy-tab-s8-ultra-reparation-10246,Udskiftning af ladestik,,,continue,649.00
Samsung Galaxy Tab S8 Ultra reparation,8191139152008,Reparation af væskeskade,42544075604104,samsung-galaxy-tab-s8-ultra-reparation-10247,Reparation af væskeskade,,,continue,999.00
Samsung Galaxy Tab S8 Ultra reparation,8191139152008,Diagnose,42544075636872,samsung-galaxy-tab-s8-ultra-reparation-10248,Diagnose,,,continue,299.00
Samsung Galaxy Z Flip 3 reparation,8191139741832,Udskiftning af display,42544077832328,samsung-galaxy-z-flip-3-reparation-10309,Udskiftning af display,,,continue,3899.00
Samsung Galaxy Z Flip 3 reparation,8191139741832,Udskiftning af batteri,42544077865096,samsung-galaxy-z-flip-3-reparation-10310,Udskiftning af batteri,,,continue,799.00
Samsung Galaxy Z Flip 3 reparation,8191139741832,Udskiftning af bagside m. display,42544077897864,samsung-galaxy-z-flip-3-reparation-10311,Udskiftning af bagside m. display,,,continue,1199.00
Samsung Galaxy Z Flip 3 reparation,8191139741832,Udskiftning af bagcover,42544077930632,samsung-galaxy-z-flip-3-reparation-10312,Udskiftning af bagcover,,,continue,1199.00
Samsung Galaxy Z Flip 3 reparation,8191139741832,Udskiftning af ladestik,42544077963400,samsung-galaxy-z-flip-3-reparation-10313,Udskiftning af ladestik,,,continue,699.00
Samsung Galaxy Z Flip 3 reparation,8191139741832,Reparation af væskeskade,42544077996168,samsung-galaxy-z-flip-3-reparation-10314,Reparation af væskeskade,,,continue,999.00
Samsung Galaxy Z Flip 3 reparation,8191139741832,Alm. beskyttelsesglas,42544078028936,samsung-galaxy-z-flip-3-reparation-10315,Alm. beskyttelsesglas,,,continue,199.00
Samsung Galaxy Z Flip 3 reparation,8191139741832,Fullframe beskyttelsesglas,42544078061704,samsung-galaxy-z-flip-3-reparation-10316,Fullframe beskyttelsesglas,,,continue,249.00
Samsung Galaxy Z Flip 3 reparation,8191139741832,Diagnose,42544078094472,samsung-galaxy-z-flip-3-reparation-10317,Diagnose,,,continue,299.00
Samsung Galaxy Z Flip 4 reparation,8191139807368,Udskiftning af display,42544078127240,samsung-galaxy-z-flip-4-reparation-10318,Udskiftning af display,,,continue,3899.00
Samsung Galaxy Z Flip 4 reparation,8191139807368,Udskiftning af batteri,42544078160008,samsung-galaxy-z-flip-4-reparation-10319,Udskiftning af batteri,,,continue,799.00
Samsung Galaxy Z Flip 4 reparation,8191139807368,Udskiftning af bagcover,42544078192776,samsung-galaxy-z-flip-4-reparation-10320,Udskiftning af bagcover,,,continue,1199.00
Samsung Galaxy Z Flip 4 reparation,8191139807368,Udskiftning af ladestik,42544078225544,samsung-galaxy-z-flip-4-reparation-10321,Udskiftning af ladestik,,,continue,699.00
Samsung Galaxy Z Flip 4 reparation,8191139807368,Reparation af væskeskade,42544078258312,samsung-galaxy-z-flip-4-reparation-10322,Reparation af væskeskade,,,continue,999.00
Samsung Galaxy Z Flip 4 reparation,8191139807368,Alm. beskyttelsesglas,42544078291080,samsung-galaxy-z-flip-4-reparation-10323,Alm. beskyttelsesglas,,,continue,199.00
Samsung Galaxy Z Flip 4 reparation,8191139807368,Fullframe beskyttelsesglas,42544078323848,samsung-galaxy-z-flip-4-reparation-10324,Fullframe beskyttelsesglas,,,continue,249.00
Samsung Galaxy Z Flip 4 reparation,8191139807368,Diagnose,42544078356616,samsung-galaxy-z-flip-4-reparation-10325,Diagnose,,,continue,299.00
Samsung Galaxy Z Flip 5 reparation,8191139872904,Udskiftning af display,42544078389384,samsung-galaxy-z-flip-5-reparation-10326,Udskiftning af display,,,continue,3899.00
Samsung Galaxy Z Flip 5 reparation,8191139872904,Udskiftning af batteri,42544078422152,samsung-galaxy-z-flip-5-reparation-10327,Udskiftning af batteri,,,continue,799.00
Samsung Galaxy Z Flip 5 reparation,8191139872904,Udskiftning af bagcover,42544078454920,samsung-galaxy-z-flip-5-reparation-10328,Udskiftning af bagcover,,,continue,1199.00
Samsung Galaxy Z Flip 5 reparation,8191139872904,Udskiftning af ladestik,42544078487688,samsung-galaxy-z-flip-5-reparation-10329,Udskiftning af ladestik,,,continue,699.00
Samsung Galaxy Z Flip 5 reparation,8191139872904,Reparation af væskeskade,42544078520456,samsung-galaxy-z-flip-5-reparation-10330,Reparation af væskeskade,,,continue,999.00
Samsung Galaxy Z Flip 5 reparation,8191139872904,Alm. beskyttelsesglas,42544078553224,samsung-galaxy-z-flip-5-reparation-10331,Alm. beskyttelsesglas,,,continue,199.00
Samsung Galaxy Z Flip 5 reparation,8191139872904,Fullframe beskyttelsesglas,42544078585992,samsung-galaxy-z-flip-5-reparation-10332,Fullframe beskyttelsesglas,,,continue,249.00
Samsung Galaxy Z Flip 5 reparation,8191139872904,Diagnose,42544078618760,samsung-galaxy-z-flip-5-reparation-10333,Diagnose,,,continue,299.00
Samsung Galaxy Z Fold 3 reparation,8191139479688,Udskiftning af display,42544077045896,samsung-galaxy-z-fold-3-reparation-10285,Udskiftning af display,,,continue,5999.00
Samsung Galaxy Z Fold 3 reparation,8191139479688,Udskiftning af batteri,42544077078664,samsung-galaxy-z-fold-3-reparation-10286,Udskiftning af batteri,,,continue,799.00
Samsung Galaxy Z Fold 3 reparation,8191139479688,Udskiftning af bagcover,42544077111432,samsung-galaxy-z-fold-3-reparation-10287,Udskiftning af bagcover,,,continue,999.00
Samsung Galaxy Z Fold 3 reparation,8191139479688,Udskiftning af ladestik,42544077144200,samsung-galaxy-z-fold-3-reparation-10288,Udskiftning af ladestik,,,continue,799.00
Samsung Galaxy Z Fold 3 reparation,8191139479688,Reparation af væskeskade,42544077176968,samsung-galaxy-z-fold-3-reparation-10289,Reparation af væskeskade,,,continue,999.00
Samsung Galaxy Z Fold 3 reparation,8191139479688,Alm. beskyttelsesglas,42544077209736,samsung-galaxy-z-fold-3-reparation-10290,Alm. beskyttelsesglas,,,continue,199.00
Samsung Galaxy Z Fold 3 reparation,8191139479688,Fullframe beskyttelsesglas,42544077242504,samsung-galaxy-z-fold-3-reparation-10291,Fullframe beskyttelsesglas,,,continue,249.00
Samsung Galaxy Z Fold 3 reparation,8191139479688,Diagnose,42544077275272,samsung-galaxy-z-fold-3-reparation-10292,Diagnose,,,continue,299.00
Samsung Galaxy Z Fold 4 reparation,8191139577992,Udskiftning af display,42544077308040,samsung-galaxy-z-fold-4-reparation-10293,Udskiftning af display,,,continue,6299.00
Samsung Galaxy Z Fold 4 reparation,8191139577992,Udskiftning af batteri,42544077340808,samsung-galaxy-z-fold-4-reparation-10294,Udskiftning af batteri,,,continue,799.00
Samsung Galaxy Z Fold 4 reparation,8191139577992,Udskiftning af bagcover,42544077373576,samsung-galaxy-z-fold-4-reparation-10295,Udskiftning af bagcover,,,continue,999.00
Samsung Galaxy Z Fold 4 reparation,8191139577992,Udskiftning af ladestik,42544077406344,samsung-galaxy-z-fold-4-reparation-10296,Udskiftning af ladestik,,,continue,799.00
Samsung Galaxy Z Fold 4 reparation,8191139577992,Reparation af væskeskade,42544077439112,samsung-galaxy-z-fold-4-reparation-10297,Reparation af væskeskade,,,continue,999.00
Samsung Galaxy Z Fold 4 reparation,8191139577992,Alm. beskyttelsesglas,42544077471880,samsung-galaxy-z-fold-4-reparation-10298,Alm. beskyttelsesglas,,,continue,199.00
Samsung Galaxy Z Fold 4 reparation,8191139577992,Fullframe beskyttelsesglas,42544077504648,samsung-galaxy-z-fold-4-reparation-10299,Fullframe beskyttelsesglas,,,continue,249.00
Samsung Galaxy Z Fold 4 reparation,8191139577992,Diagnose,42544077537416,samsung-galaxy-z-fold-4-reparation-10300,Diagnose,,,continue,299.00
Samsung Galaxy Z Fold 5 reparation,8191139676296,Udskiftning af display,42544077570184,samsung-galaxy-z-fold-5-reparation-10301,Udskiftning af display,,,continue,6299.00
Samsung Galaxy Z Fold 5 reparation,8191139676296,Udskiftning af batteri,42544077602952,samsung-galaxy-z-fold-5-reparation-10302,Udskiftning af batteri,,,continue,799.00
Samsung Galaxy Z Fold 5 reparation,8191139676296,Udskiftning af bagcover,42544077635720,samsung-galaxy-z-fold-5-reparation-10303,Udskiftning af bagcover,,,continue,999.00
Samsung Galaxy Z Fold 5 reparation,8191139676296,Udskiftning af ladestik,42544077668488,samsung-galaxy-z-fold-5-reparation-10304,Udskiftning af ladestik,,,continue,799.00
Samsung Galaxy Z Fold 5 reparation,8191139676296,Reparation af væskeskade,42544077701256,samsung-galaxy-z-fold-5-reparation-10305,Reparation af væskeskade,,,continue,999.00
Samsung Galaxy Z Fold 5 reparation,8191139676296,Alm. beskyttelsesglas,42544077734024,samsung-galaxy-z-fold-5-reparation-10306,Alm. beskyttelsesglas,,,continue,199.00
Samsung Galaxy Z Fold 5 reparation,8191139676296,Fullframe beskyttelsesglas,42544077766792,samsung-galaxy-z-fold-5-reparation-10307,Fullframe beskyttelsesglas,,,continue,249.00
Samsung Galaxy Z Fold 5 reparation,8191139676296,Diagnose,42544077799560,samsung-galaxy-z-fold-5-reparation-10308,Diagnose,,,continue,299.00
Sikkerhedpakke iPhone,14866030756215,Default Title,54784675447159,Beskyttelseogcoveriphone,Default Title,,,deny,0.00
Sikkerhedspakke iPad,14866031083895,Default Title,54784676364663,Beskyttelseogcoveripad,Default Title,,,deny,0.00
Transparent Cover,14800624091511,Default Title,53505819509111,TransparentCover,Default Title,,,continue,149.00
Transparent Cover iPad,14671462990199,Default Title,53484369150327,TRANSPARENT-COVER-iPAD,Default Title,,,deny,199.00
U114 - Rejseladersæt med omformere,15008936984951,Default Title,55303969636727,HOCO-U114-REJSELADERSAET,Default Title,,,deny,99.00
"U133 - USB-C kabel 1,2 m 60W",15008939311479,Default Title,55303977435511,HOCO-U133-USB-C-60W,Default Title,,,deny,99.00
W35 Max - Hovedtelefoner med NC,15008939704695,Default Title,55303979336055,HOCO-W35-MAX-NC-HOVEDTELEFONER,Default Title,,,deny,399.00
