Produktnavn,Produkt ID,Variantnavn,Variant ID,SKU,Option1,Option2,Option3,Status,Pris
20W Adapter,9268031881481,Default Title,48366420590857,20w-adapter,Default Title,,,deny,189.00
Beskyttelsesglas,9268031979785,Default Title,48366420689161,TEMPERED-GLASS,Default Title,,,deny,149.00
Beskyttelsesglas iPad,9325809697033,Default Title,48588072026377,PT-IPAD-GLASS-9H-001,Default Title,,,deny,199.00
Brugt AirPods 2,15199310151945,Rigtig god,55687962820873,PT-AP2-W-RG,Rigtig god,,,continue,699.00
Brugt AirPods 2,15199310151945,Som ny,55687962853641,PT-AP2-W-SN,Som ny,,,continue,899.00
Brugt AirPods Max,15199193825545,Rigtig god,55687523991817,PT-AMAX-SG-RG,Rigtig god,,,continue,2999.00
Brugt AirPods Max,15199193825545,Som ny,55687524024585,PT-AMAX-SG-SN,Som ny,,,continue,3299.00
Brugt AirPods Pro 1,15200808632585,Rigtig god,55691633492233,PT-APP1-W-RG,Rigtig god,,,continue,1099.00
Brugt AirPods Pro 1,15200808632585,Som ny,55691633525001,PT-APP1-W-SN,Som ny,,,continue,1299.00
Brugt AirPods Pro 2 - Lightning,15201562296585,Rigtig god,55695592423689,PT-APP2L-W-RG,Rigtig god,,,continue,1299.00
Brugt AirPods Pro 2 - Lightning,15201562296585,Som ny,55695592456457,PT-APP2L-W-SN,Som ny,,,continue,1499.00
Brugt AirPods Pro 2 - USB C,15201562820873,Rigtig god,55695594291465,PT-APP2C-W-RG,Rigtig god,,,continue,1299.00
Brugt AirPods Pro 2 - USB C,15201562820873,Som ny,55695594324233,PT-APP2C-W-SN,Som ny,,,continue,1499.00
"Brugt iPad 10.2"" 7. Gen (2019) Cellular",9318757007625,32GB / Brugbar / Space Grey,48559223144713,3f21a3b03db6818f,32GB,Brugbar,Space Grey,continue,1949.00
"Brugt iPad 10.2"" 7. Gen (2019) Cellular",9318757007625,32GB / Brugbar / Guld,48559223177481,e48b81fcfc7bdcff,32GB,Brugbar,Guld,continue,1949.00
"Brugt iPad 10.2"" 7. Gen (2019) Cellular",9318757007625,32GB / Brugbar / Sølv,48559223210249,92f1416d6f36e6e7,32GB,Brugbar,Sølv,continue,1949.00
"Brugt iPad 10.2"" 7. Gen (2019) Cellular",9318757007625,32GB / Brugt / Space Grey,48559223243017,c6d636e395c0944f,32GB,Brugt,Space Grey,continue,2049.00
"Brugt iPad 10.2"" 7. Gen (2019) Cellular",9318757007625,32GB / Brugt / Guld,48559223275785,1c53b1bd8f1b63c2,32GB,Brugt,Guld,continue,2049.00
"Brugt iPad 10.2"" 7. Gen (2019) Cellular",9318757007625,32GB / Brugt / Sølv,48559223308553,08b70ffdc44d7047,32GB,Brugt,Sølv,continue,2049.00
"Brugt iPad 10.2"" 7. Gen (2019) Cellular",9318757007625,32GB / Rigtig god / Space Grey,48559223341321,5660f6fe68d4e216,32GB,Rigtig god,Space Grey,continue,2149.00
"Brugt iPad 10.2"" 7. Gen (2019) Cellular",9318757007625,32GB / Rigtig god / Guld,48559223374089,8642088d85f6a409,32GB,Rigtig god,Guld,continue,2149.00
"Brugt iPad 10.2"" 7. Gen (2019) Cellular",9318757007625,32GB / Rigtig god / Sølv,48559223406857,244989e82ca34732,32GB,Rigtig god,Sølv,continue,2149.00
"Brugt iPad 10.2"" 7. Gen (2019) Cellular",9318757007625,32GB / Som ny / Space Grey,48559223439625,bbe29a42e2fa52c6,32GB,Som ny,Space Grey,continue,2249.00
"Brugt iPad 10.2"" 7. Gen (2019) Cellular",9318757007625,32GB / Som ny / Guld,48559223472393,9d888a3cd3bd6128,32GB,Som ny,Guld,continue,2249.00
"Brugt iPad 10.2"" 7. Gen (2019) Cellular",9318757007625,32GB / Som ny / Sølv,48559223505161,f3fb9f332e998646,32GB,Som ny,Sølv,continue,2249.00
"Brugt iPad 10.2"" 7. Gen (2019) Cellular",9318757007625,128GB / Brugbar / Space Grey,48559223537929,3cbc3b29c0f4eb8f,128GB,Brugbar,Space Grey,continue,2849.00
"Brugt iPad 10.2"" 7. Gen (2019) Cellular",9318757007625,128GB / Brugbar / Guld,48559223570697,1ba264934c846806,128GB,Brugbar,Guld,continue,2849.00
"Brugt iPad 10.2"" 7. Gen (2019) Cellular",9318757007625,128GB / Brugbar / Sølv,48559223603465,78367d85b0fc203f,128GB,Brugbar,Sølv,continue,2849.00
"Brugt iPad 10.2"" 7. Gen (2019) Cellular",9318757007625,128GB / Brugt / Space Grey,48559223636233,e50d664686fc2d3a,128GB,Brugt,Space Grey,continue,2949.00
"Brugt iPad 10.2"" 7. Gen (2019) Cellular",9318757007625,128GB / Brugt / Guld,48559223669001,5c8c704492dcd31d,128GB,Brugt,Guld,continue,2949.00
"Brugt iPad 10.2"" 7. Gen (2019) Cellular",9318757007625,128GB / Brugt / Sølv,48559223701769,ed05692796bf72eb,128GB,Brugt,Sølv,continue,2949.00
"Brugt iPad 10.2"" 7. Gen (2019) Cellular",9318757007625,128GB / Rigtig god / Space Grey,48559223734537,7d055b70366db42d,128GB,Rigtig god,Space Grey,continue,3049.00
"Brugt iPad 10.2"" 7. Gen (2019) Cellular",9318757007625,128GB / Rigtig god / Guld,48559223767305,8106b1f6edb5a14d,128GB,Rigtig god,Guld,continue,3049.00
"Brugt iPad 10.2"" 7. Gen (2019) Cellular",9318757007625,128GB / Rigtig god / Sølv,48559223800073,257f3257646d0f16,128GB,Rigtig god,Sølv,continue,3049.00
"Brugt iPad 10.2"" 7. Gen (2019) Cellular",9318757007625,128GB / Som ny / Space Grey,48559223832841,b39c034cb8c6d075,128GB,Som ny,Space Grey,continue,3149.00
"Brugt iPad 10.2"" 7. Gen (2019) Cellular",9318757007625,128GB / Som ny / Guld,48559223865609,bfe658a2ad034146,128GB,Som ny,Guld,continue,3149.00
"Brugt iPad 10.2"" 7. Gen (2019) Cellular",9318757007625,128GB / Som ny / Sølv,48559223898377,c8481eaa55247206,128GB,Som ny,Sølv,continue,3149.00
"Brugt iPad 10.2"" 7. Gen (2019) WiFi",9318756974857,32GB / Brugbar / Space Grey,48559222358281,1ee2c7f19ff5bfe3,32GB,Brugbar,Space Grey,continue,1549.00
"Brugt iPad 10.2"" 7. Gen (2019) WiFi",9318756974857,32GB / Brugbar / Guld,48559222391049,1840740a6b78f888,32GB,Brugbar,Guld,continue,1549.00
"Brugt iPad 10.2"" 7. Gen (2019) WiFi",9318756974857,32GB / Brugbar / Sølv,48559222423817,39a9b64aefbef878,32GB,Brugbar,Sølv,continue,1549.00
"Brugt iPad 10.2"" 7. Gen (2019) WiFi",9318756974857,32GB / Brugt / Space Grey,48559222456585,06fcc02fb13b93cc,32GB,Brugt,Space Grey,continue,1649.00
"Brugt iPad 10.2"" 7. Gen (2019) WiFi",9318756974857,32GB / Brugt / Guld,48559222489353,0ca8ff1124aaf8f9,32GB,Brugt,Guld,continue,1649.00
"Brugt iPad 10.2"" 7. Gen (2019) WiFi",9318756974857,32GB / Brugt / Sølv,48559222522121,51c48c8d46462827,32GB,Brugt,Sølv,continue,1649.00
"Brugt iPad 10.2"" 7. Gen (2019) WiFi",9318756974857,32GB / Rigtig god / Space Grey,48559222554889,7c8884b836769c3d,32GB,Rigtig god,Space Grey,continue,1749.00
"Brugt iPad 10.2"" 7. Gen (2019) WiFi",9318756974857,32GB / Rigtig god / Guld,48559222587657,2a159b19cd56d093,32GB,Rigtig god,Guld,continue,1749.00
"Brugt iPad 10.2"" 7. Gen (2019) WiFi",9318756974857,32GB / Rigtig god / Sølv,48559222620425,9fbdc65662b2d6cf,32GB,Rigtig god,Sølv,continue,1749.00
"Brugt iPad 10.2"" 7. Gen (2019) WiFi",9318756974857,32GB / Som ny / Space Grey,48559222653193,296bbe2f758c4bdb,32GB,Som ny,Space Grey,continue,1849.00
"Brugt iPad 10.2"" 7. Gen (2019) WiFi",9318756974857,32GB / Som ny / Guld,48559222685961,22be81c600a52ed8,32GB,Som ny,Guld,continue,1849.00
"Brugt iPad 10.2"" 7. Gen (2019) WiFi",9318756974857,32GB / Som ny / Sølv,48559222718729,d03362d1d12261f2,32GB,Som ny,Sølv,continue,1849.00
"Brugt iPad 10.2"" 7. Gen (2019) WiFi",9318756974857,128GB / Brugbar / Space Grey,48559222751497,40dfedda1f0923f1,128GB,Brugbar,Space Grey,continue,2349.00
"Brugt iPad 10.2"" 7. Gen (2019) WiFi",9318756974857,128GB / Brugbar / Guld,48559222784265,2c19dbb54f431855,128GB,Brugbar,Guld,continue,2349.00
"Brugt iPad 10.2"" 7. Gen (2019) WiFi",9318756974857,128GB / Brugbar / Sølv,48559222817033,690c7f1025589d10,128GB,Brugbar,Sølv,continue,2349.00
"Brugt iPad 10.2"" 7. Gen (2019) WiFi",9318756974857,128GB / Brugt / Space Grey,48559222849801,7d469311c9d9607d,128GB,Brugt,Space Grey,continue,2449.00
"Brugt iPad 10.2"" 7. Gen (2019) WiFi",9318756974857,128GB / Brugt / Guld,48559222882569,29133498c7d6f5d2,128GB,Brugt,Guld,continue,2449.00
"Brugt iPad 10.2"" 7. Gen (2019) WiFi",9318756974857,128GB / Brugt / Sølv,48559222915337,c5ee495cf6d05470,128GB,Brugt,Sølv,continue,2449.00
"Brugt iPad 10.2"" 7. Gen (2019) WiFi",9318756974857,128GB / Rigtig god / Space Grey,48559222948105,8e7a7fdc3173307b,128GB,Rigtig god,Space Grey,continue,2549.00
"Brugt iPad 10.2"" 7. Gen (2019) WiFi",9318756974857,128GB / Rigtig god / Guld,48559222980873,79248a0cbfc91294,128GB,Rigtig god,Guld,continue,2549.00
"Brugt iPad 10.2"" 7. Gen (2019) WiFi",9318756974857,128GB / Rigtig god / Sølv,48559223013641,f998287f06645b02,128GB,Rigtig god,Sølv,continue,2549.00
"Brugt iPad 10.2"" 7. Gen (2019) WiFi",9318756974857,128GB / Som ny / Space Grey,48559223046409,33af0c589bb2544a,128GB,Som ny,Space Grey,continue,2649.00
"Brugt iPad 10.2"" 7. Gen (2019) WiFi",9318756974857,128GB / Som ny / Guld,48559223079177,676f3e0725e735d0,128GB,Som ny,Guld,continue,2649.00
"Brugt iPad 10.2"" 7. Gen (2019) WiFi",9318756974857,128GB / Som ny / Sølv,48559223111945,26d074b936e0f77d,128GB,Som ny,Sølv,continue,2649.00
"Brugt iPad 10.2"" 8. Gen (2020) Cellular",9318756942089,32GB / Brugbar / Space Grey,48559221571849,431f42710ed319cb,32GB,Brugbar,Space Grey,continue,2349.00
"Brugt iPad 10.2"" 8. Gen (2020) Cellular",9318756942089,32GB / Brugbar / Guld,48559221604617,df8e03f4d8ef94b2,32GB,Brugbar,Guld,continue,2349.00
"Brugt iPad 10.2"" 8. Gen (2020) Cellular",9318756942089,32GB / Brugbar / Sølv,48559221637385,dfef6d31cb00d48e,32GB,Brugbar,Sølv,continue,2349.00
"Brugt iPad 10.2"" 8. Gen (2020) Cellular",9318756942089,32GB / Brugt / Space Grey,48559221670153,a6a6cf16433a8ce3,32GB,Brugt,Space Grey,continue,2449.00
"Brugt iPad 10.2"" 8. Gen (2020) Cellular",9318756942089,32GB / Brugt / Guld,48559221702921,b2064be6d122be6b,32GB,Brugt,Guld,continue,2449.00
"Brugt iPad 10.2"" 8. Gen (2020) Cellular",9318756942089,32GB / Brugt / Sølv,48559221735689,aaaf9fb467d2dc95,32GB,Brugt,Sølv,continue,2449.00
"Brugt iPad 10.2"" 8. Gen (2020) Cellular",9318756942089,32GB / Rigtig god / Space Grey,48559221768457,b1fa181bffb92d27,32GB,Rigtig god,Space Grey,continue,2549.00
"Brugt iPad 10.2"" 8. Gen (2020) Cellular",9318756942089,32GB / Rigtig god / Guld,48559221801225,22d902294f53b1ae,32GB,Rigtig god,Guld,continue,2549.00
"Brugt iPad 10.2"" 8. Gen (2020) Cellular",9318756942089,32GB / Rigtig god / Sølv,48559221833993,2d92ca0f99663e18,32GB,Rigtig god,Sølv,continue,2549.00
"Brugt iPad 10.2"" 8. Gen (2020) Cellular",9318756942089,32GB / Som ny / Space Grey,48559221866761,08c20f6ad7cdcdd8,32GB,Som ny,Space Grey,continue,2649.00
"Brugt iPad 10.2"" 8. Gen (2020) Cellular",9318756942089,32GB / Som ny / Guld,48559221899529,eb07e0799b368b49,32GB,Som ny,Guld,continue,2649.00
"Brugt iPad 10.2"" 8. Gen (2020) Cellular",9318756942089,32GB / Som ny / Sølv,48559221932297,b2fb46fe4b1307d2,32GB,Som ny,Sølv,continue,2649.00
"Brugt iPad 10.2"" 8. Gen (2020) Cellular",9318756942089,128GB / Brugbar / Space Grey,48559221965065,18e725f26b592a79,128GB,Brugbar,Space Grey,continue,3149.00
"Brugt iPad 10.2"" 8. Gen (2020) Cellular",9318756942089,128GB / Brugbar / Guld,48559221997833,7a418d9f04836aac,128GB,Brugbar,Guld,continue,3149.00
"Brugt iPad 10.2"" 8. Gen (2020) Cellular",9318756942089,128GB / Brugbar / Sølv,48559222030601,8ea58e80db86ca4e,128GB,Brugbar,Sølv,continue,3149.00
"Brugt iPad 10.2"" 8. Gen (2020) Cellular",9318756942089,128GB / Brugt / Space Grey,48559222063369,2c33d631b19f0eef,128GB,Brugt,Space Grey,continue,3349.00
"Brugt iPad 10.2"" 8. Gen (2020) Cellular",9318756942089,128GB / Brugt / Guld,48559222096137,05b0add4a6397520,128GB,Brugt,Guld,continue,3349.00
"Brugt iPad 10.2"" 8. Gen (2020) Cellular",9318756942089,128GB / Brugt / Sølv,48559222128905,a961d2125e4345cd,128GB,Brugt,Sølv,continue,3349.00
"Brugt iPad 10.2"" 8. Gen (2020) Cellular",9318756942089,128GB / Rigtig god / Space Grey,48559222161673,f77074ac90670854,128GB,Rigtig god,Space Grey,continue,3549.00
"Brugt iPad 10.2"" 8. Gen (2020) Cellular",9318756942089,128GB / Rigtig god / Guld,48559222194441,d6d57214b6881ada,128GB,Rigtig god,Guld,continue,3549.00
"Brugt iPad 10.2"" 8. Gen (2020) Cellular",9318756942089,128GB / Rigtig god / Sølv,48559222227209,342046cfbc2c7afb,128GB,Rigtig god,Sølv,continue,3549.00
"Brugt iPad 10.2"" 8. Gen (2020) Cellular",9318756942089,128GB / Som ny / Space Grey,48559222259977,aa35cddebfe3fff9,128GB,Som ny,Space Grey,continue,3749.00
"Brugt iPad 10.2"" 8. Gen (2020) Cellular",9318756942089,128GB / Som ny / Guld,48559222292745,7be9054be29a6381,128GB,Som ny,Guld,continue,3749.00
"Brugt iPad 10.2"" 8. Gen (2020) Cellular",9318756942089,128GB / Som ny / Sølv,48559222325513,90a7c72c3f5ee8f7,128GB,Som ny,Sølv,continue,3749.00
"Brugt iPad 10.2"" 8. Gen (2020) WiFi",9318756843785,32GB / Brugbar / Space Grey,48559220654345,2f21ada9ca8590ef,32GB,Brugbar,Space Grey,continue,1849.00
"Brugt iPad 10.2"" 8. Gen (2020) WiFi",9318756843785,32GB / Brugbar / Guld,48559220687113,09675f4125ce850c,32GB,Brugbar,Guld,continue,1849.00
"Brugt iPad 10.2"" 8. Gen (2020) WiFi",9318756843785,32GB / Brugbar / Sølv,48559220719881,98456baa36c8da0c,32GB,Brugbar,Sølv,continue,1849.00
"Brugt iPad 10.2"" 8. Gen (2020) WiFi",9318756843785,32GB / Brugt / Space Grey,48559220752649,e7626ae56023e551,32GB,Brugt,Space Grey,continue,1949.00
"Brugt iPad 10.2"" 8. Gen (2020) WiFi",9318756843785,32GB / Brugt / Guld,48559220785417,ee9fcde834ef5b45,32GB,Brugt,Guld,continue,1949.00
"Brugt iPad 10.2"" 8. Gen (2020) WiFi",9318756843785,32GB / Brugt / Sølv,48559220818185,c1da334ff6e321fc,32GB,Brugt,Sølv,continue,1949.00
"Brugt iPad 10.2"" 8. Gen (2020) WiFi",9318756843785,32GB / Rigtig god / Space Grey,48559220850953,1f512792a87e21e0,32GB,Rigtig god,Space Grey,continue,2049.00
"Brugt iPad 10.2"" 8. Gen (2020) WiFi",9318756843785,32GB / Rigtig god / Guld,48559220883721,02b3cc98acb68bbe,32GB,Rigtig god,Guld,continue,2049.00
"Brugt iPad 10.2"" 8. Gen (2020) WiFi",9318756843785,32GB / Rigtig god / Sølv,48559220916489,0234daf707a4de50,32GB,Rigtig god,Sølv,continue,2049.00
"Brugt iPad 10.2"" 8. Gen (2020) WiFi",9318756843785,32GB / Som ny / Space Grey,48559220949257,0777aac3a5ec4605,32GB,Som ny,Space Grey,continue,2149.00
"Brugt iPad 10.2"" 8. Gen (2020) WiFi",9318756843785,32GB / Som ny / Guld,48559220982025,29cf7100adf9994d,32GB,Som ny,Guld,continue,2149.00
"Brugt iPad 10.2"" 8. Gen (2020) WiFi",9318756843785,32GB / Som ny / Sølv,48559221014793,0eca09eb6e1ccb59,32GB,Som ny,Sølv,continue,3049.00
"Brugt iPad 10.2"" 8. Gen (2020) WiFi",9318756843785,128GB / Brugbar / Space Grey,48559221047561,739ee7b6b797435d,128GB,Brugbar,Space Grey,continue,2449.00
"Brugt iPad 10.2"" 8. Gen (2020) WiFi",9318756843785,128GB / Brugbar / Guld,48559221080329,824ac96da51b4b57,128GB,Brugbar,Guld,continue,2449.00
"Brugt iPad 10.2"" 8. Gen (2020) WiFi",9318756843785,128GB / Brugbar / Sølv,48559221113097,7d0273ef0d14cd32,128GB,Brugbar,Sølv,continue,2449.00
"Brugt iPad 10.2"" 8. Gen (2020) WiFi",9318756843785,128GB / Brugt / Space Grey,48559221145865,23b23d9ed3ac43c4,128GB,Brugt,Space Grey,continue,2649.00
"Brugt iPad 10.2"" 8. Gen (2020) WiFi",9318756843785,128GB / Brugt / Guld,48559221178633,6509a7e9d3615fde,128GB,Brugt,Guld,continue,2649.00
"Brugt iPad 10.2"" 8. Gen (2020) WiFi",9318756843785,128GB / Brugt / Sølv,48559221211401,909e4d525087b220,128GB,Brugt,Sølv,continue,2649.00
"Brugt iPad 10.2"" 8. Gen (2020) WiFi",9318756843785,128GB / Rigtig god / Space Grey,48559221244169,33c65277c1430090,128GB,Rigtig god,Space Grey,continue,2849.00
"Brugt iPad 10.2"" 8. Gen (2020) WiFi",9318756843785,128GB / Rigtig god / Guld,48559221276937,0e8943fe86e30910,128GB,Rigtig god,Guld,continue,2849.00
"Brugt iPad 10.2"" 8. Gen (2020) WiFi",9318756843785,128GB / Rigtig god / Sølv,48559221309705,bd24077c07c67d23,128GB,Rigtig god,Sølv,continue,2849.00
"Brugt iPad 10.2"" 8. Gen (2020) WiFi",9318756843785,128GB / Som ny / Space Grey,48559221342473,a8df71e405686333,128GB,Som ny,Space Grey,continue,3049.00
"Brugt iPad 10.2"" 8. Gen (2020) WiFi",9318756843785,128GB / Som ny / Guld,48559221375241,b9ccf0fc75dd4b0f,128GB,Som ny,Guld,continue,3049.00
"Brugt iPad 10.2"" 8. Gen (2020) WiFi",9318756843785,128GB / Som ny / Sølv,48559221408009,0eca09eb6e1ccb59,128GB,Som ny,Sølv,continue,3049.00
"Brugt iPad 10.2"" 9.Gen (2021) Cellular",9318757990665,64GB / Brugbar / Space Grey,48559234482441,2ad6ebebc4f9cf5a,64GB,Brugbar,Space Grey,continue,2549.00
"Brugt iPad 10.2"" 9.Gen (2021) Cellular",9318757990665,64GB / Brugbar / Sølv,48559234547977,e298abd20ef892eb,64GB,Brugbar,Sølv,continue,2549.00
"Brugt iPad 10.2"" 9.Gen (2021) Cellular",9318757990665,64GB / Brugt / Space Grey,48559234580745,ca12feaadcc7afb0,64GB,Brugt,Space Grey,continue,2749.00
"Brugt iPad 10.2"" 9.Gen (2021) Cellular",9318757990665,64GB / Brugt / Sølv,48559234613513,a604d4e634a784d2,64GB,Brugt,Sølv,continue,2749.00
"Brugt iPad 10.2"" 9.Gen (2021) Cellular",9318757990665,64GB / Rigtig god / Space Grey,48559234646281,ecaba0797289fc70,64GB,Rigtig god,Space Grey,continue,2949.00
"Brugt iPad 10.2"" 9.Gen (2021) Cellular",9318757990665,64GB / Rigtig god / Sølv,48559234679049,a79ea54cf5d6518f,64GB,Rigtig god,Sølv,continue,2949.00
"Brugt iPad 10.2"" 9.Gen (2021) Cellular",9318757990665,64GB / Som ny / Space Grey,48559234711817,d173dc6798e67e0c,64GB,Som ny,Space Grey,continue,3149.00
"Brugt iPad 10.2"" 9.Gen (2021) Cellular",9318757990665,64GB / Som ny / Sølv,48559234777353,8005d3558c315e9f,64GB,Som ny,Sølv,continue,3149.00
"Brugt iPad 10.2"" 9.Gen (2021) Cellular",9318757990665,256GB / Brugbar / Space Grey,48559234810121,afe75bc40339c805,256GB,Brugbar,Space Grey,continue,3149.00
"Brugt iPad 10.2"" 9.Gen (2021) Cellular",9318757990665,256GB / Brugbar / Sølv,48559234842889,a5d818833fae8d9f,256GB,Brugbar,Sølv,continue,3149.00
"Brugt iPad 10.2"" 9.Gen (2021) Cellular",9318757990665,256GB / Brugt / Space Grey,48559234875657,6493bef2f621ac36,256GB,Brugt,Space Grey,continue,3349.00
"Brugt iPad 10.2"" 9.Gen (2021) Cellular",9318757990665,256GB / Brugt / Sølv,48559234908425,138c8f8e82bac73c,256GB,Brugt,Sølv,continue,3349.00
"Brugt iPad 10.2"" 9.Gen (2021) Cellular",9318757990665,256GB / Rigtig god / Space Grey,48559234941193,8ec8b3c43b8fe8af,256GB,Rigtig god,Space Grey,continue,3549.00
"Brugt iPad 10.2"" 9.Gen (2021) Cellular",9318757990665,256GB / Rigtig god / Sølv,48559235006729,a91ecb323fbea560,256GB,Rigtig god,Sølv,continue,3549.00
"Brugt iPad 10.2"" 9.Gen (2021) Cellular",9318757990665,256GB / Som ny / Space Grey,48559235039497,9974a660364d1804,256GB,Som ny,Space Grey,continue,3749.00
"Brugt iPad 10.2"" 9.Gen (2021) Cellular",9318757990665,256GB / Som ny / Sølv,48559235072265,d056d81328684b1e,256GB,Som ny,Sølv,continue,3749.00
"Brugt iPad 10.2"" 9.Gen (2021) WiFi",9318757892361,64GB / Brugbar / Space Grey,48559233663241,0cbd5a7da681c3b8,64GB,Brugbar,Space Grey,continue,1949.00
"Brugt iPad 10.2"" 9.Gen (2021) WiFi",9318757892361,64GB / Brugbar / Sølv,48559233696009,0e69d5a331c4f0f3,64GB,Brugbar,Sølv,continue,1949.00
"Brugt iPad 10.2"" 9.Gen (2021) WiFi",9318757892361,64GB / Brugt / Space Grey,48559233728777,769b3615fa37ce92,64GB,Brugt,Space Grey,continue,2149.00
"Brugt iPad 10.2"" 9.Gen (2021) WiFi",9318757892361,64GB / Brugt / Sølv,48559233761545,b9c0e9b6b5da1bb2,64GB,Brugt,Sølv,continue,2149.00
"Brugt iPad 10.2"" 9.Gen (2021) WiFi",9318757892361,64GB / Rigtig god / Space Grey,48559233794313,d65e7426a48f60a6,64GB,Rigtig god,Space Grey,continue,2349.00
"Brugt iPad 10.2"" 9.Gen (2021) WiFi",9318757892361,64GB / Rigtig god / Sølv,48559233827081,d108a778c772ae50,64GB,Rigtig god,Sølv,continue,2349.00
"Brugt iPad 10.2"" 9.Gen (2021) WiFi",9318757892361,64GB / Som ny / Space Grey,48559233859849,aab46d79f2ef03bf,64GB,Som ny,Space Grey,continue,2549.00
"Brugt iPad 10.2"" 9.Gen (2021) WiFi",9318757892361,64GB / Som ny / Sølv,48559233892617,8f90671c234506b2,64GB,Som ny,Sølv,continue,2549.00
"Brugt iPad 10.2"" 9.Gen (2021) WiFi",9318757892361,256GB / Brugbar / Space Grey,48559233925385,bf17b927b5002101,256GB,Brugbar,Space Grey,continue,2549.00
"Brugt iPad 10.2"" 9.Gen (2021) WiFi",9318757892361,256GB / Brugbar / Sølv,48559233958153,edb9db2f8acccd71,256GB,Brugbar,Sølv,continue,2549.00
"Brugt iPad 10.2"" 9.Gen (2021) WiFi",9318757892361,256GB / Brugt / Space Grey,48559233990921,d0169edf21e7119d,256GB,Brugt,Space Grey,continue,2749.00
"Brugt iPad 10.2"" 9.Gen (2021) WiFi",9318757892361,256GB / Brugt / Sølv,48559234023689,8acd8c9643e8546c,256GB,Brugt,Sølv,continue,2749.00
"Brugt iPad 10.2"" 9.Gen (2021) WiFi",9318757892361,256GB / Rigtig god / Space Grey,48559234056457,c1e88248355cd51a,256GB,Rigtig god,Space Grey,continue,2949.00
"Brugt iPad 10.2"" 9.Gen (2021) WiFi",9318757892361,256GB / Rigtig god / Sølv,48559234089225,f9f8f96189ccd0c9,256GB,Rigtig god,Sølv,continue,2949.00
"Brugt iPad 10.2"" 9.Gen (2021) WiFi",9318757892361,256GB / Som ny / Space Grey,48559234121993,fb03b110d9edaf20,256GB,Som ny,Space Grey,continue,3149.00
"Brugt iPad 10.2"" 9.Gen (2021) WiFi",9318757892361,256GB / Som ny / Sølv,48559234154761,b49a903ae0c4b9e8,256GB,Som ny,Sølv,continue,3149.00
Brugt iPad 10.9” 10. Gen (2022) Cellular,9317479514377,64GB / Rigtig god / Blå,48551893598473,fa19319a82c6f3e8,64GB,Rigtig god,Blå,continue,3449.00
Brugt iPad 10.9” 10. Gen (2022) Cellular,9317479514377,64GB / Rigtig god / Gul,48551893631241,686fc7eb760aed62,64GB,Rigtig god,Gul,continue,3449.00
Brugt iPad 10.9” 10. Gen (2022) Cellular,9317479514377,64GB / Rigtig god / Lyserød,48551893664009,42e2776b498c32ad,64GB,Rigtig god,Lyserød,continue,3449.00
Brugt iPad 10.9” 10. Gen (2022) Cellular,9317479514377,64GB / Rigtig god / Sølv,48551893696777,5c8ae1e8399f8391,64GB,Rigtig god,Sølv,continue,3449.00
Brugt iPad 10.9” 10. Gen (2022) Cellular,9317479514377,64GB / Som ny / Blå,48551893729545,a50dead6542ee7a7,64GB,Som ny,Blå,continue,3649.00
Brugt iPad 10.9” 10. Gen (2022) Cellular,9317479514377,64GB / Som ny / Gul,48551893762313,3b5985da7e70ccc2,64GB,Som ny,Gul,continue,3649.00
Brugt iPad 10.9” 10. Gen (2022) Cellular,9317479514377,64GB / Som ny / Lyserød,48551893795081,3c807b6d692a7cf8,64GB,Som ny,Lyserød,continue,3649.00
Brugt iPad 10.9” 10. Gen (2022) Cellular,9317479514377,64GB / Som ny / Sølv,48551893827849,6e02233d02831407,64GB,Som ny,Sølv,continue,3649.00
Brugt iPad 10.9” 10. Gen (2022) Cellular,9317479514377,256GB / Rigtig god / Blå,48551894122761,77c63eba3bf2788b,256GB,Rigtig god,Blå,continue,4849.00
Brugt iPad 10.9” 10. Gen (2022) Cellular,9317479514377,256GB / Rigtig god / Gul,48551894155529,973ec7b6c7045f2f,256GB,Rigtig god,Gul,continue,4849.00
Brugt iPad 10.9” 10. Gen (2022) Cellular,9317479514377,256GB / Rigtig god / Lyserød,48551894188297,b08a586af44a5183,256GB,Rigtig god,Lyserød,continue,4849.00
Brugt iPad 10.9” 10. Gen (2022) Cellular,9317479514377,256GB / Rigtig god / Sølv,48551894221065,20c8e5bc85131fe2,256GB,Rigtig god,Sølv,continue,4849.00
Brugt iPad 10.9” 10. Gen (2022) Cellular,9317479514377,256GB / Som ny / Blå,48551894253833,fed85738983e2065,256GB,Som ny,Blå,continue,5049.00
Brugt iPad 10.9” 10. Gen (2022) Cellular,9317479514377,256GB / Som ny / Gul,48551894286601,f132aa196a58efa0,256GB,Som ny,Gul,continue,5049.00
Brugt iPad 10.9” 10. Gen (2022) Cellular,9317479514377,256GB / Som ny / Lyserød,48551894319369,b871ec1ebb4896cc,256GB,Som ny,Lyserød,continue,5049.00
Brugt iPad 10.9” 10. Gen (2022) Cellular,9317479514377,256GB / Som ny / Sølv,48551894352137,ea9dab4df9fef9b9,256GB,Som ny,Sølv,continue,5049.00
Brugt iPad 10.9” 10. Gen (2022) WiFi,9317479481609,64GB / Rigtig god / Blå,48551892549897,9ae98a53df1569d0,64GB,Rigtig god,Blå,continue,2849.00
Brugt iPad 10.9” 10. Gen (2022) WiFi,9317479481609,64GB / Rigtig god / Gul,48551892582665,728966d24a0ec980,64GB,Rigtig god,Gul,continue,2849.00
Brugt iPad 10.9” 10. Gen (2022) WiFi,9317479481609,64GB / Rigtig god / Lyserød,48551892615433,40ff28c15add7785,64GB,Rigtig god,Lyserød,continue,2849.00
Brugt iPad 10.9” 10. Gen (2022) WiFi,9317479481609,64GB / Rigtig god / Sølv,48551892648201,36620b6dfaed4068,64GB,Rigtig god,Sølv,continue,2849.00
Brugt iPad 10.9” 10. Gen (2022) WiFi,9317479481609,64GB / Som ny / Blå,48551892680969,ee2de0be0b6c7c9c,64GB,Som ny,Blå,continue,3049.00
Brugt iPad 10.9” 10. Gen (2022) WiFi,9317479481609,64GB / Som ny / Gul,48551892713737,8c4549566ac2a851,64GB,Som ny,Gul,continue,3049.00
Brugt iPad 10.9” 10. Gen (2022) WiFi,9317479481609,64GB / Som ny / Lyserød,48551892746505,7c6fef84b66ba31e,64GB,Som ny,Lyserød,continue,3049.00
Brugt iPad 10.9” 10. Gen (2022) WiFi,9317479481609,64GB / Som ny / Sølv,48551892779273,fc7d0938f32958e2,64GB,Som ny,Sølv,continue,3049.00
Brugt iPad 10.9” 10. Gen (2022) WiFi,9317479481609,256GB / Rigtig god / Blå,48551893074185,09910c4ca7066cb4,256GB,Rigtig god,Blå,continue,4249.00
Brugt iPad 10.9” 10. Gen (2022) WiFi,9317479481609,256GB / Rigtig god / Gul,48551893106953,5702380c58e4d003,256GB,Rigtig god,Gul,continue,4249.00
Brugt iPad 10.9” 10. Gen (2022) WiFi,9317479481609,256GB / Rigtig god / Lyserød,48551893139721,af623a8b5aeba3e3,256GB,Rigtig god,Lyserød,continue,4249.00
Brugt iPad 10.9” 10. Gen (2022) WiFi,9317479481609,256GB / Rigtig god / Sølv,48551893172489,e2caac1df970b964,256GB,Rigtig god,Sølv,continue,4249.00
Brugt iPad 10.9” 10. Gen (2022) WiFi,9317479481609,256GB / Som ny / Blå,48551893205257,50946444739a0df7,256GB,Som ny,Blå,continue,4449.00
Brugt iPad 10.9” 10. Gen (2022) WiFi,9317479481609,256GB / Som ny / Gul,48551893238025,3bd64729ad1e1b72,256GB,Som ny,Gul,continue,4449.00
Brugt iPad 10.9” 10. Gen (2022) WiFi,9317479481609,256GB / Som ny / Lyserød,48551893270793,fba947e67b2d1db1,256GB,Som ny,Lyserød,continue,4449.00
Brugt iPad 10.9” 10. Gen (2022) WiFi,9317479481609,256GB / Som ny / Sølv,48551893303561,664629c5c7e144e9,256GB,Som ny,Sølv,continue,4449.00
"Brugt iPad 9.7"" 5. Gen (2017) Cellular",9318757368073,32GB / Brugt / Space Grey,48559227437321,a0f8e81d38debeb9,32GB,Brugt,Space Grey,continue,1249.00
"Brugt iPad 9.7"" 5. Gen (2017) Cellular",9318757368073,32GB / Brugt / Sølv,48559227470089,40e1bc79672bd38d,32GB,Brugt,Sølv,continue,1249.00
"Brugt iPad 9.7"" 5. Gen (2017) Cellular",9318757368073,32GB / Brugt / Guld,48559227502857,ba60d74686dfcb18,32GB,Brugt,Guld,continue,1249.00
"Brugt iPad 9.7"" 5. Gen (2017) Cellular",9318757368073,32GB / Rigtig god / Space Grey,48559227535625,695947264d8b6032,32GB,Rigtig god,Space Grey,continue,1349.00
"Brugt iPad 9.7"" 5. Gen (2017) Cellular",9318757368073,32GB / Rigtig god / Sølv,48559227568393,c8a8ba1bdd64e9b0,32GB,Rigtig god,Sølv,continue,1349.00
"Brugt iPad 9.7"" 5. Gen (2017) Cellular",9318757368073,32GB / Rigtig god / Guld,48559227601161,ff9e160b9c95e6f3,32GB,Rigtig god,Guld,continue,1349.00
"Brugt iPad 9.7"" 5. Gen (2017) Cellular",9318757368073,32GB / Som ny / Space Grey,48559227633929,5a22c10a5cbbb67d,32GB,Som ny,Space Grey,continue,1449.00
"Brugt iPad 9.7"" 5. Gen (2017) Cellular",9318757368073,32GB / Som ny / Sølv,48559227666697,a7ae3f0a31f2c1c9,32GB,Som ny,Sølv,continue,1449.00
"Brugt iPad 9.7"" 5. Gen (2017) Cellular",9318757368073,32GB / Som ny / Guld,48559227699465,a443edc3abadbb1a,32GB,Som ny,Guld,continue,1449.00
"Brugt iPad 9.7"" 5. Gen (2017) Cellular",9318757368073,128GB / Brugt / Space Grey,48559227830537,f10fe7081ee023a2,128GB,Brugt,Space Grey,continue,1549.00
"Brugt iPad 9.7"" 5. Gen (2017) Cellular",9318757368073,128GB / Brugt / Sølv,48559227863305,7676a8590dbeb0a4,128GB,Brugt,Sølv,continue,1549.00
"Brugt iPad 9.7"" 5. Gen (2017) Cellular",9318757368073,128GB / Brugt / Guld,48559227896073,46e1673e4128578e,128GB,Brugt,Guld,continue,1549.00
"Brugt iPad 9.7"" 5. Gen (2017) Cellular",9318757368073,128GB / Rigtig god / Space Grey,48559227928841,d987f5df125016b0,128GB,Rigtig god,Space Grey,continue,1749.00
"Brugt iPad 9.7"" 5. Gen (2017) Cellular",9318757368073,128GB / Rigtig god / Sølv,48559227961609,d3fdc6fa2742902c,128GB,Rigtig god,Sølv,continue,1749.00
"Brugt iPad 9.7"" 5. Gen (2017) Cellular",9318757368073,128GB / Rigtig god / Guld,48559227994377,5d33749423ace501,128GB,Rigtig god,Guld,continue,1749.00
"Brugt iPad 9.7"" 5. Gen (2017) Cellular",9318757368073,128GB / Som ny / Space Grey,48559228027145,22fb509a31e51424,128GB,Som ny,Space Grey,continue,1949.00
"Brugt iPad 9.7"" 5. Gen (2017) Cellular",9318757368073,128GB / Som ny / Sølv,48559228059913,f39589b0343d8c24,128GB,Som ny,Sølv,continue,1949.00
"Brugt iPad 9.7"" 5. Gen (2017) Cellular",9318757368073,128GB / Som ny / Guld,48559228092681,3373a6b5d44d9fc0,128GB,Som ny,Guld,continue,1949.00
"Brugt iPad 9.7"" 5. Gen (2017) WiFi",9318757269769,32GB / Brugbar / Space Grey,48559225962761,c444f75d4f9dfbd5,32GB,Brugbar,Space Grey,continue,949.00
"Brugt iPad 9.7"" 5. Gen (2017) WiFi",9318757269769,32GB / Brugbar / Guld,48559225995529,fe13e236fefabb66,32GB,Brugbar,Guld,continue,949.00
"Brugt iPad 9.7"" 5. Gen (2017) WiFi",9318757269769,32GB / Brugbar / Sølv,48559226028297,e3ee6c68eddbf5f1,32GB,Brugbar,Sølv,continue,949.00
"Brugt iPad 9.7"" 5. Gen (2017) WiFi",9318757269769,32GB / Brugt / Space Grey,48559226061065,966db57b9baf52ad,32GB,Brugt,Space Grey,continue,1149.00
"Brugt iPad 9.7"" 5. Gen (2017) WiFi",9318757269769,32GB / Brugt / Guld,48559226093833,0056639dd6a1f230,32GB,Brugt,Guld,continue,1149.00
"Brugt iPad 9.7"" 5. Gen (2017) WiFi",9318757269769,32GB / Brugt / Sølv,48559226126601,6e04a0e12665e43d,32GB,Brugt,Sølv,continue,1149.00
"Brugt iPad 9.7"" 5. Gen (2017) WiFi",9318757269769,32GB / Rigtig god / Space Grey,48559226159369,f1be205dae9d25c0,32GB,Rigtig god,Space Grey,continue,1249.00
"Brugt iPad 9.7"" 5. Gen (2017) WiFi",9318757269769,32GB / Rigtig god / Guld,48559226192137,0543fc432cf6a130,32GB,Rigtig god,Guld,continue,1249.00
"Brugt iPad 9.7"" 5. Gen (2017) WiFi",9318757269769,32GB / Rigtig god / Sølv,48559226224905,328b39829c2fb6d0,32GB,Rigtig god,Sølv,continue,1249.00
"Brugt iPad 9.7"" 5. Gen (2017) WiFi",9318757269769,32GB / Som ny / Space Grey,48559226257673,2af6daeff66e1148,32GB,Som ny,Space Grey,continue,1349.00
"Brugt iPad 9.7"" 5. Gen (2017) WiFi",9318757269769,32GB / Som ny / Guld,48559226290441,b133ffde167ec6f3,32GB,Som ny,Guld,continue,1349.00
"Brugt iPad 9.7"" 5. Gen (2017) WiFi",9318757269769,32GB / Som ny / Sølv,48559226323209,12bb1d804eb27f0d,32GB,Som ny,Sølv,continue,1349.00
"Brugt iPad 9.7"" 5. Gen (2017) WiFi",9318757269769,128GB / Brugbar / Space Grey,48559226355977,25ac6bd1da72f449,128GB,Brugbar,Space Grey,continue,1249.00
"Brugt iPad 9.7"" 5. Gen (2017) WiFi",9318757269769,128GB / Brugbar / Guld,48559226388745,24ea963ffd146d88,128GB,Brugbar,Guld,continue,1249.00
"Brugt iPad 9.7"" 5. Gen (2017) WiFi",9318757269769,128GB / Brugbar / Sølv,48559226421513,a0bb5a32e613e430,128GB,Brugbar,Sølv,continue,1249.00
"Brugt iPad 9.7"" 5. Gen (2017) WiFi",9318757269769,128GB / Brugt / Space Grey,48559226454281,13918eb44b1b6d0f,128GB,Brugt,Space Grey,continue,1449.00
"Brugt iPad 9.7"" 5. Gen (2017) WiFi",9318757269769,128GB / Brugt / Guld,48559226487049,315894deaa957f5a,128GB,Brugt,Guld,continue,1449.00
"Brugt iPad 9.7"" 5. Gen (2017) WiFi",9318757269769,128GB / Brugt / Sølv,48559226519817,b8a1526f03987b7b,128GB,Brugt,Sølv,continue,1449.00
"Brugt iPad 9.7"" 5. Gen (2017) WiFi",9318757269769,128GB / Rigtig god / Space Grey,48559226552585,fbe44f402e35e4a0,128GB,Rigtig god,Space Grey,continue,1549.00
"Brugt iPad 9.7"" 5. Gen (2017) WiFi",9318757269769,128GB / Rigtig god / Guld,48559226585353,6dae73e6650bbff7,128GB,Rigtig god,Guld,continue,1549.00
"Brugt iPad 9.7"" 5. Gen (2017) WiFi",9318757269769,128GB / Rigtig god / Sølv,48559226618121,37f24e20247f0f54,128GB,Rigtig god,Sølv,continue,1549.00
"Brugt iPad 9.7"" 5. Gen (2017) WiFi",9318757269769,128GB / Som ny / Space Grey,48559226650889,dd2c940aed291ba5,128GB,Som ny,Space Grey,continue,1649.00
"Brugt iPad 9.7"" 5. Gen (2017) WiFi",9318757269769,128GB / Som ny / Guld,48559226683657,3a324a74158fff31,128GB,Som ny,Guld,continue,1649.00
"Brugt iPad 9.7"" 5. Gen (2017) WiFi",9318757269769,128GB / Som ny / Sølv,48559226716425,5364493a34fb7785,128GB,Som ny,Sølv,continue,1649.00
"Brugt iPad 9.7"" 6. Gen (2018) Cellular",9318757237001,32GB / Brugbar / Space Grey,48599651320073,c2e746609146b62f,32GB,Brugbar,Space Grey,continue,1012.00
"Brugt iPad 9.7"" 6. Gen (2018) Cellular",9318757237001,32GB / Brugbar / Sølv,48599651352841,96fb86c725b0705b,32GB,Brugbar,Sølv,continue,1012.00
"Brugt iPad 9.7"" 6. Gen (2018) Cellular",9318757237001,32GB / Brugbar / Guld,48599651385609,0f5af735882559b8,32GB,Brugbar,Guld,continue,1012.00
"Brugt iPad 9.7"" 6. Gen (2018) Cellular",9318757237001,32GB / Brugt / Space Grey,48599651418377,8fb3b2f133224896,32GB,Brugt,Space Grey,continue,1087.00
"Brugt iPad 9.7"" 6. Gen (2018) Cellular",9318757237001,32GB / Brugt / Sølv,48599651451145,c91f576eab983331,32GB,Brugt,Sølv,continue,1087.00
"Brugt iPad 9.7"" 6. Gen (2018) Cellular",9318757237001,32GB / Brugt / Guld,48599651483913,c59f00d3b4dcee9c,32GB,Brugt,Guld,continue,1087.00
"Brugt iPad 9.7"" 6. Gen (2018) Cellular",9318757237001,32GB / Rigtig god / Space Grey,48599651516681,cff675f65d9725d0,32GB,Rigtig god,Space Grey,continue,1162.00
"Brugt iPad 9.7"" 6. Gen (2018) Cellular",9318757237001,32GB / Rigtig god / Sølv,48599651549449,0dc4a6f15555687c,32GB,Rigtig god,Sølv,continue,1162.00
"Brugt iPad 9.7"" 6. Gen (2018) Cellular",9318757237001,32GB / Rigtig god / Guld,48599651582217,6f644cee9ff04e78,32GB,Rigtig god,Guld,continue,1162.00
"Brugt iPad 9.7"" 6. Gen (2018) Cellular",9318757237001,32GB / Som ny / Space Grey,48599651614985,d5097229b6f6877e,32GB,Som ny,Space Grey,continue,1237.00
"Brugt iPad 9.7"" 6. Gen (2018) Cellular",9318757237001,32GB / Som ny / Sølv,48599651647753,c546a03aaedc20f9,32GB,Som ny,Sølv,continue,1237.00
"Brugt iPad 9.7"" 6. Gen (2018) Cellular",9318757237001,32GB / Som ny / Guld,48599651680521,f9bdff9fc1140c74,32GB,Som ny,Guld,continue,1237.00
"Brugt iPad 9.7"" 6. Gen (2018) Cellular",9318757237001,128GB / Brugbar / Space Grey,48559225536777,428f2098259a2f82,128GB,Brugbar,Space Grey,continue,1312.00
"Brugt iPad 9.7"" 6. Gen (2018) Cellular",9318757237001,128GB / Brugbar / Sølv,48559225569545,a26f871f0b12235d,128GB,Brugbar,Sølv,continue,1312.00
"Brugt iPad 9.7"" 6. Gen (2018) Cellular",9318757237001,128GB / Brugbar / Guld,48559225602313,48c4022d9e0332fc,128GB,Brugbar,Guld,continue,1312.00
"Brugt iPad 9.7"" 6. Gen (2018) Cellular",9318757237001,128GB / Brugt / Space Grey,48559225635081,7d3ffe40dc30385e,128GB,Brugt,Space Grey,continue,1387.00
"Brugt iPad 9.7"" 6. Gen (2018) Cellular",9318757237001,128GB / Brugt / Sølv,48559225667849,a9d6dbf0ff1212a2,128GB,Brugt,Sølv,continue,1387.00
"Brugt iPad 9.7"" 6. Gen (2018) Cellular",9318757237001,128GB / Brugt / Guld,48559225700617,9ab30aadaf9a91a7,128GB,Brugt,Guld,continue,1387.00
"Brugt iPad 9.7"" 6. Gen (2018) Cellular",9318757237001,128GB / Rigtig god / Space Grey,48559225733385,5044a767d3f2a3bf,128GB,Rigtig god,Space Grey,continue,1462.00
"Brugt iPad 9.7"" 6. Gen (2018) Cellular",9318757237001,128GB / Rigtig god / Sølv,48559225766153,890fe6867918dd91,128GB,Rigtig god,Sølv,continue,1462.00
"Brugt iPad 9.7"" 6. Gen (2018) Cellular",9318757237001,128GB / Rigtig god / Guld,48559225798921,3603dbcf6cd4ebf0,128GB,Rigtig god,Guld,continue,1462.00
"Brugt iPad 9.7"" 6. Gen (2018) Cellular",9318757237001,128GB / Som ny / Space Grey,48559225831689,1fae7df167177888,128GB,Som ny,Space Grey,continue,1537.00
"Brugt iPad 9.7"" 6. Gen (2018) Cellular",9318757237001,128GB / Som ny / Sølv,48559225864457,43a2845617912f6c,128GB,Som ny,Sølv,continue,1537.00
"Brugt iPad 9.7"" 6. Gen (2018) Cellular",9318757237001,128GB / Som ny / Guld,48559225897225,d21d28883ce244df,128GB,Som ny,Guld,continue,1537.00
"Brugt iPad 9.7"" 6. Gen (2018) WiFi",9318757171465,32GB / Brugbar / Space Grey,48599649648905,709a7f5b164349ee,32GB,Brugbar,Space Grey,continue,862.00
"Brugt iPad 9.7"" 6. Gen (2018) WiFi",9318757171465,32GB / Brugbar / Guld,48599649681673,e755285cbefc8125,32GB,Brugbar,Guld,continue,862.00
"Brugt iPad 9.7"" 6. Gen (2018) WiFi",9318757171465,32GB / Brugbar / Sølv,48599649714441,c90bbae6b338c762,32GB,Brugbar,Sølv,continue,862.00
"Brugt iPad 9.7"" 6. Gen (2018) WiFi",9318757171465,32GB / Brugt / Space Grey,48599649747209,5c301387ac66bd4b,32GB,Brugt,Space Grey,continue,937.00
"Brugt iPad 9.7"" 6. Gen (2018) WiFi",9318757171465,32GB / Brugt / Guld,48599649779977,541ffbd4d3d04ae2,32GB,Brugt,Guld,continue,937.00
"Brugt iPad 9.7"" 6. Gen (2018) WiFi",9318757171465,32GB / Brugt / Sølv,48599649812745,8c6f2354f05078e5,32GB,Brugt,Sølv,continue,937.00
"Brugt iPad 9.7"" 6. Gen (2018) WiFi",9318757171465,32GB / Rigtig god / Space Grey,48599649845513,08b4df9fe8b22db5,32GB,Rigtig god,Space Grey,continue,1012.00
"Brugt iPad 9.7"" 6. Gen (2018) WiFi",9318757171465,32GB / Rigtig god / Guld,48599649878281,758de236925dd921,32GB,Rigtig god,Guld,continue,1012.00
"Brugt iPad 9.7"" 6. Gen (2018) WiFi",9318757171465,32GB / Rigtig god / Sølv,48599649911049,a564d6a604e1b779,32GB,Rigtig god,Sølv,continue,1012.00
"Brugt iPad 9.7"" 6. Gen (2018) WiFi",9318757171465,32GB / Som ny / Space Grey,48599649943817,b776bd125a21f0ec,32GB,Som ny,Space Grey,continue,1087.00
"Brugt iPad 9.7"" 6. Gen (2018) WiFi",9318757171465,32GB / Som ny / Guld,48599649976585,1ccf7f5a500d59d3,32GB,Som ny,Guld,continue,1087.00
"Brugt iPad 9.7"" 6. Gen (2018) WiFi",9318757171465,32GB / Som ny / Sølv,48599650009353,fc17c04664e88b7c,32GB,Som ny,Sølv,continue,1087.00
"Brugt iPad 9.7"" 6. Gen (2018) WiFi",9318757171465,128GB / Brugbar / Space Grey,48559224455433,201749b5a5d15476,128GB,Brugbar,Space Grey,continue,1237.00
"Brugt iPad 9.7"" 6. Gen (2018) WiFi",9318757171465,128GB / Brugbar / Guld,48559224488201,6a84cf6e9a92dada,128GB,Brugbar,Guld,continue,1237.00
"Brugt iPad 9.7"" 6. Gen (2018) WiFi",9318757171465,128GB / Brugbar / Sølv,48559224520969,fb83048e7606a4d1,128GB,Brugbar,Sølv,continue,1237.00
"Brugt iPad 9.7"" 6. Gen (2018) WiFi",9318757171465,128GB / Brugt / Space Grey,48559224586505,98c5d99a4710a757,128GB,Brugt,Space Grey,continue,1312.00
"Brugt iPad 9.7"" 6. Gen (2018) WiFi",9318757171465,128GB / Brugt / Guld,48559224619273,5a167d66ba7e5ec3,128GB,Brugt,Guld,continue,1312.00
"Brugt iPad 9.7"" 6. Gen (2018) WiFi",9318757171465,128GB / Brugt / Sølv,48559224652041,bfdf2acf070499ee,128GB,Brugt,Sølv,continue,1312.00
"Brugt iPad 9.7"" 6. Gen (2018) WiFi",9318757171465,128GB / Rigtig god / Space Grey,48559224684809,bdb9faced31ccea8,128GB,Rigtig god,Space Grey,continue,1387.00
"Brugt iPad 9.7"" 6. Gen (2018) WiFi",9318757171465,128GB / Rigtig god / Guld,48559224717577,98b43a24918ab52d,128GB,Rigtig god,Guld,continue,1387.00
"Brugt iPad 9.7"" 6. Gen (2018) WiFi",9318757171465,128GB / Rigtig god / Sølv,48559224750345,3790fa3932b32f01,128GB,Rigtig god,Sølv,continue,1387.00
"Brugt iPad 9.7"" 6. Gen (2018) WiFi",9318757171465,128GB / Som ny / Space Grey,48559224783113,b1aaa35f2749567d,128GB,Som ny,Space Grey,continue,1462.00
"Brugt iPad 9.7"" 6. Gen (2018) WiFi",9318757171465,128GB / Som ny / Guld,48559224848649,ea60f96b8e9fd844,128GB,Som ny,Guld,continue,1462.00
"Brugt iPad 9.7"" 6. Gen (2018) WiFi",9318757171465,128GB / Som ny / Sølv,48559224881417,2a06ad3a58723dfc,128GB,Som ny,Sølv,continue,1462.00
"Brugt iPad Air 10.5"" 3.Gen (2019) Cellular",9318759629065,64GB / Brugbar / Space Grey,48559257714953,cc77db94dc1dd307,64GB,Brugbar,Space Grey,continue,2024.00
"Brugt iPad Air 10.5"" 3.Gen (2019) Cellular",9318759629065,64GB / Brugbar / Sølv,48559257747721,746f3aa3f6216042,64GB,Brugbar,Sølv,continue,2024.00
"Brugt iPad Air 10.5"" 3.Gen (2019) Cellular",9318759629065,64GB / Brugbar / Guld,48559257780489,857678f807a1abe4,64GB,Brugbar,Guld,continue,2024.00
"Brugt iPad Air 10.5"" 3.Gen (2019) Cellular",9318759629065,64GB / Brugt / Space Grey,48559257813257,7ea0f1385373dc96,64GB,Brugt,Space Grey,continue,2204.00
"Brugt iPad Air 10.5"" 3.Gen (2019) Cellular",9318759629065,64GB / Brugt / Sølv,48559257846025,cd471476bd0e9154,64GB,Brugt,Sølv,continue,2204.00
"Brugt iPad Air 10.5"" 3.Gen (2019) Cellular",9318759629065,64GB / Brugt / Guld,48559257878793,b38d71dc1aa0092b,64GB,Brugt,Guld,continue,2204.00
"Brugt iPad Air 10.5"" 3.Gen (2019) Cellular",9318759629065,64GB / Rigtig god / Space Grey,48559257911561,04e00f7e427fcf48,64GB,Rigtig god,Space Grey,continue,2384.00
"Brugt iPad Air 10.5"" 3.Gen (2019) Cellular",9318759629065,64GB / Rigtig god / Sølv,48559257944329,1983d0bb8e636cb3,64GB,Rigtig god,Sølv,continue,2384.00
"Brugt iPad Air 10.5"" 3.Gen (2019) Cellular",9318759629065,64GB / Rigtig god / Guld,48559257977097,dc2c18ee0fc6a78f,64GB,Rigtig god,Guld,continue,2384.00
"Brugt iPad Air 10.5"" 3.Gen (2019) Cellular",9318759629065,64GB / Som ny / Space Grey,48559258009865,ae4c0917d32e2e39,64GB,Som ny,Space Grey,continue,2654.00
"Brugt iPad Air 10.5"" 3.Gen (2019) Cellular",9318759629065,64GB / Som ny / Sølv,48559258042633,13e984ec567fe7b9,64GB,Som ny,Sølv,continue,2654.00
"Brugt iPad Air 10.5"" 3.Gen (2019) Cellular",9318759629065,64GB / Som ny / Guld,48559258075401,d8b05f9b9bead7e6,64GB,Som ny,Guld,continue,2654.00
"Brugt iPad Air 10.5"" 3.Gen (2019) Cellular",9318759629065,256GB / Brugbar / Space Grey,48559258108169,a687c5958b6d6d98,256GB,Brugbar,Space Grey,continue,2474.00
"Brugt iPad Air 10.5"" 3.Gen (2019) Cellular",9318759629065,256GB / Brugbar / Sølv,48559258140937,33dffacac4ff2cec,256GB,Brugbar,Sølv,continue,2474.00
"Brugt iPad Air 10.5"" 3.Gen (2019) Cellular",9318759629065,256GB / Brugbar / Guld,48559258173705,b603dd246e2de391,256GB,Brugbar,Guld,continue,2474.00
"Brugt iPad Air 10.5"" 3.Gen (2019) Cellular",9318759629065,256GB / Brugt / Space Grey,48559258206473,0811bdd578affad5,256GB,Brugt,Space Grey,continue,2744.00
"Brugt iPad Air 10.5"" 3.Gen (2019) Cellular",9318759629065,256GB / Brugt / Sølv,48559258239241,2cacd24af3d081c1,256GB,Brugt,Sølv,continue,2744.00
"Brugt iPad Air 10.5"" 3.Gen (2019) Cellular",9318759629065,256GB / Brugt / Guld,48559258272009,82487ae39ba3f782,256GB,Brugt,Guld,continue,2744.00
"Brugt iPad Air 10.5"" 3.Gen (2019) Cellular",9318759629065,256GB / Rigtig god / Space Grey,48559258304777,9084e3426151ed87,256GB,Rigtig god,Space Grey,continue,2924.00
"Brugt iPad Air 10.5"" 3.Gen (2019) Cellular",9318759629065,256GB / Rigtig god / Sølv,48559258337545,f316887110ef3893,256GB,Rigtig god,Sølv,continue,2924.00
"Brugt iPad Air 10.5"" 3.Gen (2019) Cellular",9318759629065,256GB / Rigtig god / Guld,48559258370313,02d0c28456cbf985,256GB,Rigtig god,Guld,continue,2924.00
"Brugt iPad Air 10.5"" 3.Gen (2019) Cellular",9318759629065,256GB / Som ny / Space Grey,48559258403081,517dc0c034d253a0,256GB,Som ny,Space Grey,continue,3284.00
"Brugt iPad Air 10.5"" 3.Gen (2019) Cellular",9318759629065,256GB / Som ny / Sølv,48559258435849,159c8b2434a0ca7c,256GB,Som ny,Sølv,continue,3284.00
"Brugt iPad Air 10.5"" 3.Gen (2019) Cellular",9318759629065,256GB / Som ny / Guld,48559258468617,063112ce08f71816,256GB,Som ny,Guld,continue,3284.00
"Brugt iPad Air 10.5"" 3.Gen (2019) WiFi",9318759596297,64GB / Brugbar / Space Grey,48559256928521,ef9ececacbe9945e,64GB,Brugbar,Space Grey,continue,1574.00
"Brugt iPad Air 10.5"" 3.Gen (2019) WiFi",9318759596297,64GB / Brugbar / Sølv,48559256961289,edb9398af2602436,64GB,Brugbar,Sølv,continue,1574.00
"Brugt iPad Air 10.5"" 3.Gen (2019) WiFi",9318759596297,64GB / Brugbar / Guld,48559256994057,cf6616cf0f0a1fb4,64GB,Brugbar,Guld,continue,1574.00
"Brugt iPad Air 10.5"" 3.Gen (2019) WiFi",9318759596297,64GB / Brugt / Space Grey,48559257026825,245204af3d0f1da6,64GB,Brugt,Space Grey,continue,1754.00
"Brugt iPad Air 10.5"" 3.Gen (2019) WiFi",9318759596297,64GB / Brugt / Sølv,48559257059593,2db14b4515af5510,64GB,Brugt,Sølv,continue,1754.00
"Brugt iPad Air 10.5"" 3.Gen (2019) WiFi",9318759596297,64GB / Brugt / Guld,48559257092361,f9012d41a313289a,64GB,Brugt,Guld,continue,1754.00
"Brugt iPad Air 10.5"" 3.Gen (2019) WiFi",9318759596297,64GB / Rigtig god / Space Grey,48559257125129,feec2c3d8567b6c2,64GB,Rigtig god,Space Grey,continue,1934.00
"Brugt iPad Air 10.5"" 3.Gen (2019) WiFi",9318759596297,64GB / Rigtig god / Sølv,48559257157897,4904ba882410daf6,64GB,Rigtig god,Sølv,continue,1934.00
"Brugt iPad Air 10.5"" 3.Gen (2019) WiFi",9318759596297,64GB / Rigtig god / Guld,48559257190665,0de5f2e35d9ccd92,64GB,Rigtig god,Guld,continue,1934.00
"Brugt iPad Air 10.5"" 3.Gen (2019) WiFi",9318759596297,64GB / Som ny / Space Grey,48559257223433,0c2aaacbea2d918f,64GB,Som ny,Space Grey,continue,2204.00
"Brugt iPad Air 10.5"" 3.Gen (2019) WiFi",9318759596297,64GB / Som ny / Sølv,48559257256201,be3d2f93d0b62eb2,64GB,Som ny,Sølv,continue,2204.00
"Brugt iPad Air 10.5"" 3.Gen (2019) WiFi",9318759596297,64GB / Som ny / Guld,48559257288969,3ef4e9bf8e408ac8,64GB,Som ny,Guld,continue,2204.00
"Brugt iPad Air 10.5"" 3.Gen (2019) WiFi",9318759596297,256GB / Brugbar / Space Grey,48559257321737,a0f5906e79a598d7,256GB,Brugbar,Space Grey,continue,2024.00
"Brugt iPad Air 10.5"" 3.Gen (2019) WiFi",9318759596297,256GB / Brugbar / Sølv,48559257354505,f950c7e131f0970b,256GB,Brugbar,Sølv,continue,2024.00
"Brugt iPad Air 10.5"" 3.Gen (2019) WiFi",9318759596297,256GB / Brugbar / Guld,48559257387273,d4a7ef91ca1e423a,256GB,Brugbar,Guld,continue,2024.00
"Brugt iPad Air 10.5"" 3.Gen (2019) WiFi",9318759596297,256GB / Brugt / Space Grey,48559257420041,404ce4f965e25583,256GB,Brugt,Space Grey,continue,2294.00
"Brugt iPad Air 10.5"" 3.Gen (2019) WiFi",9318759596297,256GB / Brugt / Sølv,48559257452809,2833d68ee03e2184,256GB,Brugt,Sølv,continue,2294.00
"Brugt iPad Air 10.5"" 3.Gen (2019) WiFi",9318759596297,256GB / Brugt / Guld,48559257485577,62bc512034d50e06,256GB,Brugt,Guld,continue,2294.00
"Brugt iPad Air 10.5"" 3.Gen (2019) WiFi",9318759596297,256GB / Rigtig god / Space Grey,48559257518345,ec03b8e601371f93,256GB,Rigtig god,Space Grey,continue,2474.00
"Brugt iPad Air 10.5"" 3.Gen (2019) WiFi",9318759596297,256GB / Rigtig god / Sølv,48559257551113,46bf491aca7887da,256GB,Rigtig god,Sølv,continue,2474.00
"Brugt iPad Air 10.5"" 3.Gen (2019) WiFi",9318759596297,256GB / Rigtig god / Guld,48559257583881,4d4c2c59b693a679,256GB,Rigtig god,Guld,continue,2474.00
"Brugt iPad Air 10.5"" 3.Gen (2019) WiFi",9318759596297,256GB / Som ny / Space Grey,48559257616649,0facaab564f24ac6,256GB,Som ny,Space Grey,continue,2834.00
"Brugt iPad Air 10.5"" 3.Gen (2019) WiFi",9318759596297,256GB / Som ny / Sølv,48559257649417,cea745659005e46f,256GB,Som ny,Sølv,continue,2834.00
"Brugt iPad Air 10.5"" 3.Gen (2019) WiFi",9318759596297,256GB / Som ny / Guld,48559257682185,a9e9778fc71ce16f,256GB,Som ny,Guld,continue,2834.00
Brugt iPad Air 10.9” 4.Gen (2020) Cellular,9318759727369,64GB / Brugbar / Space Grey,48559259975945,c055565b0d1ab388,64GB,Brugbar,Space Grey,continue,3149.00
Brugt iPad Air 10.9” 4.Gen (2020) Cellular,9318759727369,64GB / Brugbar / Sølv,48559260008713,14238c89f5e57af6,64GB,Brugbar,Sølv,continue,3149.00
Brugt iPad Air 10.9” 4.Gen (2020) Cellular,9318759727369,64GB / Brugbar / Rosa Guld,48559260041481,c954a62e2ad12041,64GB,Brugbar,Rosa Guld,continue,3149.00
Brugt iPad Air 10.9” 4.Gen (2020) Cellular,9318759727369,64GB / Brugbar / Grøn,48559260074249,655e9aa7431d66ba,64GB,Brugbar,Grøn,continue,3149.00
Brugt iPad Air 10.9” 4.Gen (2020) Cellular,9318759727369,64GB / Brugbar / Himmelblå,48559260107017,7063e372a8f17585,64GB,Brugbar,Himmelblå,continue,3349.00
Brugt iPad Air 10.9” 4.Gen (2020) Cellular,9318759727369,64GB / Brugt / Space Grey,48559260139785,945cdf0d966d1397,64GB,Brugt,Space Grey,continue,3349.00
Brugt iPad Air 10.9” 4.Gen (2020) Cellular,9318759727369,64GB / Brugt / Sølv,48559260172553,c6906f9eb4c53887,64GB,Brugt,Sølv,continue,3349.00
Brugt iPad Air 10.9” 4.Gen (2020) Cellular,9318759727369,64GB / Brugt / Rosa Guld,48559260205321,0a8c6146c5bbe9ca,64GB,Brugt,Rosa Guld,continue,3349.00
Brugt iPad Air 10.9” 4.Gen (2020) Cellular,9318759727369,64GB / Brugt / Grøn,48559260238089,e29af917e2b1ba34,64GB,Brugt,Grøn,continue,3349.00
Brugt iPad Air 10.9” 4.Gen (2020) Cellular,9318759727369,64GB / Brugt / Himmelblå,48559260270857,f168c8cb25528a09,64GB,Brugt,Himmelblå,continue,3349.00
Brugt iPad Air 10.9” 4.Gen (2020) Cellular,9318759727369,64GB / Rigtig god / Space Grey,48559260303625,d738adf41d6230b3,64GB,Rigtig god,Space Grey,continue,3549.00
Brugt iPad Air 10.9” 4.Gen (2020) Cellular,9318759727369,64GB / Rigtig god / Sølv,48559260336393,157948d27549d6a1,64GB,Rigtig god,Sølv,continue,3549.00
Brugt iPad Air 10.9” 4.Gen (2020) Cellular,9318759727369,64GB / Rigtig god / Rosa Guld,48559260369161,c2761f4c0d9f586e,64GB,Rigtig god,Rosa Guld,continue,3549.00
Brugt iPad Air 10.9” 4.Gen (2020) Cellular,9318759727369,64GB / Rigtig god / Grøn,48559260401929,0502dec4827b9fa0,64GB,Rigtig god,Grøn,continue,3549.00
Brugt iPad Air 10.9” 4.Gen (2020) Cellular,9318759727369,64GB / Rigtig god / Himmelblå,48559260434697,361f168818dff094,64GB,Rigtig god,Himmelblå,continue,3549.00
Brugt iPad Air 10.9” 4.Gen (2020) Cellular,9318759727369,64GB / Som ny / Space Grey,48559260467465,3028ec53689fe23c,64GB,Som ny,Space Grey,continue,3749.00
Brugt iPad Air 10.9” 4.Gen (2020) Cellular,9318759727369,64GB / Som ny / Sølv,48559260500233,eee9398f8d0f9be1,64GB,Som ny,Sølv,continue,3749.00
Brugt iPad Air 10.9” 4.Gen (2020) Cellular,9318759727369,64GB / Som ny / Rosa Guld,48559260533001,52882c4fb9558eaf,64GB,Som ny,Rosa Guld,continue,3749.00
Brugt iPad Air 10.9” 4.Gen (2020) Cellular,9318759727369,64GB / Som ny / Grøn,48559260565769,229e27697eaea95b,64GB,Som ny,Grøn,continue,3749.00
Brugt iPad Air 10.9” 4.Gen (2020) Cellular,9318759727369,64GB / Som ny / Himmelblå,48559260598537,4870683875307ccf,64GB,Som ny,Himmelblå,continue,3749.00
Brugt iPad Air 10.9” 4.Gen (2020) Cellular,9318759727369,256GB / Brugbar / Space Grey,48559260631305,487f128faee49936,256GB,Brugbar,Space Grey,continue,3949.00
Brugt iPad Air 10.9” 4.Gen (2020) Cellular,9318759727369,256GB / Brugbar / Sølv,48559260664073,692c7b0f6e73ee1f,256GB,Brugbar,Sølv,continue,3949.00
Brugt iPad Air 10.9” 4.Gen (2020) Cellular,9318759727369,256GB / Brugbar / Rosa Guld,48559260696841,3a3710a1055db210,256GB,Brugbar,Rosa Guld,continue,3949.00
Brugt iPad Air 10.9” 4.Gen (2020) Cellular,9318759727369,256GB / Brugbar / Grøn,48559260729609,3241f2c7db63c147,256GB,Brugbar,Grøn,continue,3949.00
Brugt iPad Air 10.9” 4.Gen (2020) Cellular,9318759727369,256GB / Brugbar / Himmelblå,48559260762377,87700a66888954a3,256GB,Brugbar,Himmelblå,continue,3949.00
Brugt iPad Air 10.9” 4.Gen (2020) Cellular,9318759727369,256GB / Brugt / Space Grey,48559260795145,402373e435b8071a,256GB,Brugt,Space Grey,continue,4149.00
Brugt iPad Air 10.9” 4.Gen (2020) Cellular,9318759727369,256GB / Brugt / Sølv,48559260827913,b9c710e18753ca7d,256GB,Brugt,Sølv,continue,4149.00
Brugt iPad Air 10.9” 4.Gen (2020) Cellular,9318759727369,256GB / Brugt / Rosa Guld,48559260860681,ec775f9ea5ed6d06,256GB,Brugt,Rosa Guld,continue,4149.00
Brugt iPad Air 10.9” 4.Gen (2020) Cellular,9318759727369,256GB / Brugt / Grøn,48559260893449,c5e7c3fa8986bcd0,256GB,Brugt,Grøn,continue,4149.00
Brugt iPad Air 10.9” 4.Gen (2020) Cellular,9318759727369,256GB / Brugt / Himmelblå,48559260926217,6a0dd13033095bb1,256GB,Brugt,Himmelblå,continue,4149.00
Brugt iPad Air 10.9” 4.Gen (2020) Cellular,9318759727369,256GB / Rigtig god / Space Grey,48559260958985,08afd53c937bd0e5,256GB,Rigtig god,Space Grey,continue,4349.00
Brugt iPad Air 10.9” 4.Gen (2020) Cellular,9318759727369,256GB / Rigtig god / Sølv,48559260991753,c10a606051c9a007,256GB,Rigtig god,Sølv,continue,4349.00
Brugt iPad Air 10.9” 4.Gen (2020) Cellular,9318759727369,256GB / Rigtig god / Rosa Guld,48559261024521,f447b7693e4b7a0a,256GB,Rigtig god,Rosa Guld,continue,4349.00
Brugt iPad Air 10.9” 4.Gen (2020) Cellular,9318759727369,256GB / Rigtig god / Grøn,48559261057289,fb2e1064c54fb232,256GB,Rigtig god,Grøn,continue,4349.00
Brugt iPad Air 10.9” 4.Gen (2020) Cellular,9318759727369,256GB / Rigtig god / Himmelblå,48559261090057,e75368729536041a,256GB,Rigtig god,Himmelblå,continue,4349.00
Brugt iPad Air 10.9” 4.Gen (2020) Cellular,9318759727369,256GB / Som ny / Space Grey,48559261122825,0377a70fab65ebbc,256GB,Som ny,Space Grey,continue,4549.00
Brugt iPad Air 10.9” 4.Gen (2020) Cellular,9318759727369,256GB / Som ny / Sølv,48559261155593,40d97e5c5f361ade,256GB,Som ny,Sølv,continue,4549.00
Brugt iPad Air 10.9” 4.Gen (2020) Cellular,9318759727369,256GB / Som ny / Rosa Guld,48559261188361,4389fd7584f49363,256GB,Som ny,Rosa Guld,continue,4549.00
Brugt iPad Air 10.9” 4.Gen (2020) Cellular,9318759727369,256GB / Som ny / Grøn,48559261221129,a2af69ccd7da4e2f,256GB,Som ny,Grøn,continue,4549.00
Brugt iPad Air 10.9” 4.Gen (2020) Cellular,9318759727369,256GB / Som ny / Himmelblå,48559261253897,a40b1b77a2737173,256GB,Som ny,Himmelblå,continue,4549.00
Brugt iPad Air 10.9” 4.Gen (2020) WiFi,9318759694601,64GB / Brugbar / Space Grey,48559258632457,3c4740e6926a5645,64GB,Brugbar,Space Grey,continue,2549.00
Brugt iPad Air 10.9” 4.Gen (2020) WiFi,9318759694601,64GB / Brugbar / Sølv,48559258665225,48870884f9e79168,64GB,Brugbar,Sølv,continue,2549.00
Brugt iPad Air 10.9” 4.Gen (2020) WiFi,9318759694601,64GB / Brugbar / Rosa Guld,48559258697993,022acd3738ea332c,64GB,Brugbar,Rosa Guld,continue,2549.00
Brugt iPad Air 10.9” 4.Gen (2020) WiFi,9318759694601,64GB / Brugbar / Grøn,48559258730761,dce81cfecd26eefd,64GB,Brugbar,Grøn,continue,2549.00
Brugt iPad Air 10.9” 4.Gen (2020) WiFi,9318759694601,64GB / Brugbar / Himmelblå,48559258763529,9c20627c27c9062b,64GB,Brugbar,Himmelblå,continue,2549.00
Brugt iPad Air 10.9” 4.Gen (2020) WiFi,9318759694601,64GB / Brugt / Space Grey,48559258796297,11c8798fe150d317,64GB,Brugt,Space Grey,continue,2749.00
Brugt iPad Air 10.9” 4.Gen (2020) WiFi,9318759694601,64GB / Brugt / Sølv,48559258829065,3a988c22a06bb8c6,64GB,Brugt,Sølv,continue,2749.00
Brugt iPad Air 10.9” 4.Gen (2020) WiFi,9318759694601,64GB / Brugt / Rosa Guld,48559258861833,afd6790abe498c71,64GB,Brugt,Rosa Guld,continue,2749.00
Brugt iPad Air 10.9” 4.Gen (2020) WiFi,9318759694601,64GB / Brugt / Grøn,48559258894601,075e43506d379073,64GB,Brugt,Grøn,continue,2749.00
Brugt iPad Air 10.9” 4.Gen (2020) WiFi,9318759694601,64GB / Brugt / Himmelblå,48559258927369,3fd778f763f42b40,64GB,Brugt,Himmelblå,continue,2749.00
Brugt iPad Air 10.9” 4.Gen (2020) WiFi,9318759694601,64GB / Rigtig god / Space Grey,48559258960137,1015c92e61c94e34,64GB,Rigtig god,Space Grey,continue,2949.00
Brugt iPad Air 10.9” 4.Gen (2020) WiFi,9318759694601,64GB / Rigtig god / Sølv,48559258992905,71c672c8c24651a3,64GB,Rigtig god,Sølv,continue,2949.00
Brugt iPad Air 10.9” 4.Gen (2020) WiFi,9318759694601,64GB / Rigtig god / Rosa Guld,48559259025673,8ede4e6e554d7233,64GB,Rigtig god,Rosa Guld,continue,2949.00
Brugt iPad Air 10.9” 4.Gen (2020) WiFi,9318759694601,64GB / Rigtig god / Grøn,48559259058441,1536f7add7d0a88b,64GB,Rigtig god,Grøn,continue,2949.00
Brugt iPad Air 10.9” 4.Gen (2020) WiFi,9318759694601,64GB / Rigtig god / Himmelblå,48559259091209,d4768f33afc89d87,64GB,Rigtig god,Himmelblå,continue,2949.00
Brugt iPad Air 10.9” 4.Gen (2020) WiFi,9318759694601,64GB / Som ny / Space Grey,48559259123977,2779d3f33e0bb3c9,64GB,Som ny,Space Grey,continue,3149.00
Brugt iPad Air 10.9” 4.Gen (2020) WiFi,9318759694601,64GB / Som ny / Sølv,48559259156745,11287df96cc9deef,64GB,Som ny,Sølv,continue,3149.00
Brugt iPad Air 10.9” 4.Gen (2020) WiFi,9318759694601,64GB / Som ny / Rosa Guld,48559259189513,7fa44e65a041ca5a,64GB,Som ny,Rosa Guld,continue,3149.00
Brugt iPad Air 10.9” 4.Gen (2020) WiFi,9318759694601,64GB / Som ny / Grøn,48559259222281,d5fcdc927a8afbb5,64GB,Som ny,Grøn,continue,3149.00
Brugt iPad Air 10.9” 4.Gen (2020) WiFi,9318759694601,64GB / Som ny / Himmelblå,48559259255049,06604670eb820f5b,64GB,Som ny,Himmelblå,continue,3149.00
Brugt iPad Air 10.9” 4.Gen (2020) WiFi,9318759694601,256GB / Brugbar / Space Grey,48559259287817,667b45faa14a4594,256GB,Brugbar,Space Grey,continue,3349.00
Brugt iPad Air 10.9” 4.Gen (2020) WiFi,9318759694601,256GB / Brugbar / Sølv,48559259320585,09e6a06bfef082a5,256GB,Brugbar,Sølv,continue,3349.00
Brugt iPad Air 10.9” 4.Gen (2020) WiFi,9318759694601,256GB / Brugbar / Rosa Guld,48559259353353,118e04619f190cd6,256GB,Brugbar,Rosa Guld,continue,3349.00
Brugt iPad Air 10.9” 4.Gen (2020) WiFi,9318759694601,256GB / Brugbar / Grøn,48559259386121,8b656b9e3fed9360,256GB,Brugbar,Grøn,continue,3349.00
Brugt iPad Air 10.9” 4.Gen (2020) WiFi,9318759694601,256GB / Brugbar / Himmelblå,48559259418889,b681ea2370ba058c,256GB,Brugbar,Himmelblå,continue,3349.00
Brugt iPad Air 10.9” 4.Gen (2020) WiFi,9318759694601,256GB / Brugt / Space Grey,48559259451657,f5b18e26f5fc3bc6,256GB,Brugt,Space Grey,continue,3549.00
Brugt iPad Air 10.9” 4.Gen (2020) WiFi,9318759694601,256GB / Brugt / Sølv,48559259484425,d2d1f47d51e6cdea,256GB,Brugt,Sølv,continue,3549.00
Brugt iPad Air 10.9” 4.Gen (2020) WiFi,9318759694601,256GB / Brugt / Rosa Guld,48559259517193,b4c8e26fc21ecd13,256GB,Brugt,Rosa Guld,continue,3549.00
Brugt iPad Air 10.9” 4.Gen (2020) WiFi,9318759694601,256GB / Brugt / Grøn,48559259549961,3d38fdbf32312910,256GB,Brugt,Grøn,continue,3549.00
Brugt iPad Air 10.9” 4.Gen (2020) WiFi,9318759694601,256GB / Brugt / Himmelblå,48559259582729,adfd24de71748b0b,256GB,Brugt,Himmelblå,continue,3549.00
Brugt iPad Air 10.9” 4.Gen (2020) WiFi,9318759694601,256GB / Rigtig god / Space Grey,48559259615497,9f471d38f67b6468,256GB,Rigtig god,Space Grey,continue,3749.00
Brugt iPad Air 10.9” 4.Gen (2020) WiFi,9318759694601,256GB / Rigtig god / Sølv,48559259648265,1ca496d3e863c9d4,256GB,Rigtig god,Sølv,continue,3749.00
Brugt iPad Air 10.9” 4.Gen (2020) WiFi,9318759694601,256GB / Rigtig god / Rosa Guld,48559259681033,ee137aef7559d41f,256GB,Rigtig god,Rosa Guld,continue,3749.00
Brugt iPad Air 10.9” 4.Gen (2020) WiFi,9318759694601,256GB / Rigtig god / Grøn,48559259713801,249ce5ba293764b0,256GB,Rigtig god,Grøn,continue,3749.00
Brugt iPad Air 10.9” 4.Gen (2020) WiFi,9318759694601,256GB / Rigtig god / Himmelblå,48559259746569,5cb917634d43de87,256GB,Rigtig god,Himmelblå,continue,3749.00
Brugt iPad Air 10.9” 4.Gen (2020) WiFi,9318759694601,256GB / Som ny / Space Grey,48559259779337,cf7ab61222d997ff,256GB,Som ny,Space Grey,continue,3949.00
Brugt iPad Air 10.9” 4.Gen (2020) WiFi,9318759694601,256GB / Som ny / Sølv,48559259812105,c8a17aa61b115a67,256GB,Som ny,Sølv,continue,3949.00
Brugt iPad Air 10.9” 4.Gen (2020) WiFi,9318759694601,256GB / Som ny / Rosa Guld,48559259844873,047f49742e50c6ed,256GB,Som ny,Rosa Guld,continue,3949.00
Brugt iPad Air 10.9” 4.Gen (2020) WiFi,9318759694601,256GB / Som ny / Grøn,48559259877641,f85ca1be12f657f8,256GB,Som ny,Grøn,continue,3949.00
Brugt iPad Air 10.9” 4.Gen (2020) WiFi,9318759694601,256GB / Som ny / Himmelblå,48559259910409,925f74ae1bbfbd3e,256GB,Som ny,Himmelblå,continue,3949.00
Brugt iPad Air 10.9” 5.Gen (2022) Cellular,9318759956745,64GB / Brugbar / Space Grey,48559263187209,cdfd17f22108f48f,64GB,Brugbar,Space Grey,continue,3734.00
Brugt iPad Air 10.9” 5.Gen (2022) Cellular,9318759956745,64GB / Brugbar / Stjerneskær,48559263219977,965234d793878945,64GB,Brugbar,Stjerneskær,continue,3734.00
Brugt iPad Air 10.9” 5.Gen (2022) Cellular,9318759956745,64GB / Brugbar / Lyserød,48559263252745,fb3648e39c1dae2c,64GB,Brugbar,Lyserød,continue,3734.00
Brugt iPad Air 10.9” 5.Gen (2022) Cellular,9318759956745,64GB / Brugbar / Lilla,48559263285513,930845470a008bcd,64GB,Brugbar,Lilla,continue,3914.00
Brugt iPad Air 10.9” 5.Gen (2022) Cellular,9318759956745,64GB / Brugbar / Blå,48559263318281,2f92e0c3388df06e,64GB,Brugbar,Blå,continue,3914.00
Brugt iPad Air 10.9” 5.Gen (2022) Cellular,9318759956745,64GB / Brugt / Space Grey,48559263351049,e9664f97c3a28f92,64GB,Brugt,Space Grey,continue,3914.00
Brugt iPad Air 10.9” 5.Gen (2022) Cellular,9318759956745,64GB / Brugt / Stjerneskær,48559263383817,1542baa17fc6f93c,64GB,Brugt,Stjerneskær,continue,3914.00
Brugt iPad Air 10.9” 5.Gen (2022) Cellular,9318759956745,64GB / Brugt / Lyserød,48559263416585,4ab429ef12f6f840,64GB,Brugt,Lyserød,continue,3914.00
Brugt iPad Air 10.9” 5.Gen (2022) Cellular,9318759956745,64GB / Brugt / Lilla,48559263449353,125a8c57ef42ba31,64GB,Brugt,Lilla,continue,3914.00
Brugt iPad Air 10.9” 5.Gen (2022) Cellular,9318759956745,64GB / Brugt / Blå,48559263482121,4c2e09d79810f745,64GB,Brugt,Blå,continue,3914.00
Brugt iPad Air 10.9” 5.Gen (2022) Cellular,9318759956745,64GB / Rigtig god / Space Grey,48559263514889,0a2aea14fa1370da,64GB,Rigtig god,Space Grey,continue,4094.00
Brugt iPad Air 10.9” 5.Gen (2022) Cellular,9318759956745,64GB / Rigtig god / Stjerneskær,48559263547657,4b43622ec0af34c4,64GB,Rigtig god,Stjerneskær,continue,4094.00
Brugt iPad Air 10.9” 5.Gen (2022) Cellular,9318759956745,64GB / Rigtig god / Lyserød,48559263580425,b8e891f89162b018,64GB,Rigtig god,Lyserød,continue,4094.00
Brugt iPad Air 10.9” 5.Gen (2022) Cellular,9318759956745,64GB / Rigtig god / Lilla,48559263613193,b95936c0513151e0,64GB,Rigtig god,Lilla,continue,4094.00
Brugt iPad Air 10.9” 5.Gen (2022) Cellular,9318759956745,64GB / Rigtig god / Blå,48559263645961,d5c3cd169181c977,64GB,Rigtig god,Blå,continue,4094.00
Brugt iPad Air 10.9” 5.Gen (2022) Cellular,9318759956745,64GB / Som ny / Space Grey,48559263678729,0b9c2f79de770560,64GB,Som ny,Space Grey,continue,4274.00
Brugt iPad Air 10.9” 5.Gen (2022) Cellular,9318759956745,64GB / Som ny / Stjerneskær,48559263711497,5bc7ade967cc8a37,64GB,Som ny,Stjerneskær,continue,4274.00
Brugt iPad Air 10.9” 5.Gen (2022) Cellular,9318759956745,64GB / Som ny / Lyserød,48559263744265,4d5df9611f884c2b,64GB,Som ny,Lyserød,continue,4274.00
Brugt iPad Air 10.9” 5.Gen (2022) Cellular,9318759956745,64GB / Som ny / Lilla,48559263777033,f5a6b96792429a5e,64GB,Som ny,Lilla,continue,4274.00
Brugt iPad Air 10.9” 5.Gen (2022) Cellular,9318759956745,64GB / Som ny / Blå,48559263809801,b24518855197edf8,64GB,Som ny,Blå,continue,4274.00
Brugt iPad Air 10.9” 5.Gen (2022) Cellular,9318759956745,256GB / Brugbar / Space Grey,48559263842569,d69185612052878f,256GB,Brugbar,Space Grey,continue,4454.00
Brugt iPad Air 10.9” 5.Gen (2022) Cellular,9318759956745,256GB / Brugbar / Stjerneskær,48559263875337,00edac2da1c1f078,256GB,Brugbar,Stjerneskær,continue,4454.00
Brugt iPad Air 10.9” 5.Gen (2022) Cellular,9318759956745,256GB / Brugbar / Lyserød,48559263908105,66a9d12b2caee9af,256GB,Brugbar,Lyserød,continue,4454.00
Brugt iPad Air 10.9” 5.Gen (2022) Cellular,9318759956745,256GB / Brugbar / Lilla,48559263940873,439054dc6e63842a,256GB,Brugbar,Lilla,continue,4454.00
Brugt iPad Air 10.9” 5.Gen (2022) Cellular,9318759956745,256GB / Brugbar / Blå,48559263973641,0480b5a88afabe0d,256GB,Brugbar,Blå,continue,4454.00
Brugt iPad Air 10.9” 5.Gen (2022) Cellular,9318759956745,256GB / Brugt / Space Grey,48559264006409,993cc5ed6359d361,256GB,Brugt,Space Grey,continue,4634.00
Brugt iPad Air 10.9” 5.Gen (2022) Cellular,9318759956745,256GB / Brugt / Stjerneskær,48559264039177,d5446e3950096bd5,256GB,Brugt,Stjerneskær,continue,4634.00
Brugt iPad Air 10.9” 5.Gen (2022) Cellular,9318759956745,256GB / Brugt / Lyserød,48559264071945,0490b40780bd1946,256GB,Brugt,Lyserød,continue,4634.00
Brugt iPad Air 10.9” 5.Gen (2022) Cellular,9318759956745,256GB / Brugt / Lilla,48559264104713,2b23b0a2802bdba7,256GB,Brugt,Lilla,continue,4634.00
Brugt iPad Air 10.9” 5.Gen (2022) Cellular,9318759956745,256GB / Brugt / Blå,48559264170249,43e6a58906807754,256GB,Brugt,Blå,continue,4634.00
Brugt iPad Air 10.9” 5.Gen (2022) Cellular,9318759956745,256GB / Rigtig god / Space Grey,48559264203017,140644fddf0002d3,256GB,Rigtig god,Space Grey,continue,4814.00
Brugt iPad Air 10.9” 5.Gen (2022) Cellular,9318759956745,256GB / Rigtig god / Stjerneskær,48559264235785,24d0817b345eccb7,256GB,Rigtig god,Stjerneskær,continue,4814.00
Brugt iPad Air 10.9” 5.Gen (2022) Cellular,9318759956745,256GB / Rigtig god / Lyserød,48559264268553,d9a0cecbe098b720,256GB,Rigtig god,Lyserød,continue,4814.00
Brugt iPad Air 10.9” 5.Gen (2022) Cellular,9318759956745,256GB / Rigtig god / Lilla,48559264301321,37b2465a29471003,256GB,Rigtig god,Lilla,continue,4814.00
Brugt iPad Air 10.9” 5.Gen (2022) Cellular,9318759956745,256GB / Rigtig god / Blå,48559264334089,24c482178572ea9f,256GB,Rigtig god,Blå,continue,4814.00
Brugt iPad Air 10.9” 5.Gen (2022) Cellular,9318759956745,256GB / Som ny / Space Grey,48559264366857,8c48e6b341466658,256GB,Som ny,Space Grey,continue,4994.00
Brugt iPad Air 10.9” 5.Gen (2022) Cellular,9318759956745,256GB / Som ny / Stjerneskær,48559264399625,45f8d32dff188a7d,256GB,Som ny,Stjerneskær,continue,4994.00
Brugt iPad Air 10.9” 5.Gen (2022) Cellular,9318759956745,256GB / Som ny / Lyserød,48559264432393,b7bceee5af950c2b,256GB,Som ny,Lyserød,continue,4994.00
Brugt iPad Air 10.9” 5.Gen (2022) Cellular,9318759956745,256GB / Som ny / Lilla,48559264465161,270d6f7c7f77cd14,256GB,Som ny,Lilla,continue,4994.00
Brugt iPad Air 10.9” 5.Gen (2022) Cellular,9318759956745,256GB / Som ny / Blå,48559264497929,769ff4ae459baa36,256GB,Som ny,Blå,continue,4994.00
Brugt iPad Air 10.9” 5.Gen (2022) WiFi,9318759891209,64GB / Brugbar / Space Grey,48559261843721,b49e0f6b14d473fc,64GB,Brugbar,Space Grey,continue,3194.00
Brugt iPad Air 10.9” 5.Gen (2022) WiFi,9318759891209,64GB / Brugbar / Stjerneskær,48559261876489,235a9b124e330dd9,64GB,Brugbar,Stjerneskær,continue,3194.00
Brugt iPad Air 10.9” 5.Gen (2022) WiFi,9318759891209,64GB / Brugbar / Lyserød,48559261909257,565009dabed6dad3,64GB,Brugbar,Lyserød,continue,3194.00
Brugt iPad Air 10.9” 5.Gen (2022) WiFi,9318759891209,64GB / Brugbar / Lilla,48559261942025,dcca5cb2c8b39933,64GB,Brugbar,Lilla,continue,3194.00
Brugt iPad Air 10.9” 5.Gen (2022) WiFi,9318759891209,64GB / Brugbar / Blå,48559261974793,611aba6af5621a62,64GB,Brugbar,Blå,continue,3194.00
Brugt iPad Air 10.9” 5.Gen (2022) WiFi,9318759891209,64GB / Brugt / Space Grey,48559262007561,3ac5dad4b6c893fc,64GB,Brugt,Space Grey,continue,3374.00
Brugt iPad Air 10.9” 5.Gen (2022) WiFi,9318759891209,64GB / Brugt / Stjerneskær,48559262040329,005582492bfe5d92,64GB,Brugt,Stjerneskær,continue,3374.00
Brugt iPad Air 10.9” 5.Gen (2022) WiFi,9318759891209,64GB / Brugt / Lyserød,48559262073097,97e2b808205574a3,64GB,Brugt,Lyserød,continue,3374.00
Brugt iPad Air 10.9” 5.Gen (2022) WiFi,9318759891209,64GB / Brugt / Lilla,48559262105865,03d5d5cac87cb070,64GB,Brugt,Lilla,continue,3374.00
Brugt iPad Air 10.9” 5.Gen (2022) WiFi,9318759891209,64GB / Brugt / Blå,48559262138633,3c6634f29173a733,64GB,Brugt,Blå,continue,3374.00
Brugt iPad Air 10.9” 5.Gen (2022) WiFi,9318759891209,64GB / Rigtig god / Space Grey,48559262171401,ceff023bd7bb96b3,64GB,Rigtig god,Space Grey,continue,3554.00
Brugt iPad Air 10.9” 5.Gen (2022) WiFi,9318759891209,64GB / Rigtig god / Stjerneskær,48559262204169,e8f3616b48ea84aa,64GB,Rigtig god,Stjerneskær,continue,3554.00
Brugt iPad Air 10.9” 5.Gen (2022) WiFi,9318759891209,64GB / Rigtig god / Lyserød,48559262236937,0c3151289d828b61,64GB,Rigtig god,Lyserød,continue,3554.00
Brugt iPad Air 10.9” 5.Gen (2022) WiFi,9318759891209,64GB / Rigtig god / Lilla,48559262269705,777238221bd0c4ed,64GB,Rigtig god,Lilla,continue,3554.00
Brugt iPad Air 10.9” 5.Gen (2022) WiFi,9318759891209,64GB / Rigtig god / Blå,48559262302473,0426814b14dd3c1f,64GB,Rigtig god,Blå,continue,3554.00
Brugt iPad Air 10.9” 5.Gen (2022) WiFi,9318759891209,64GB / Som ny / Space Grey,48559262335241,60569ed755e236b6,64GB,Som ny,Space Grey,continue,3734.00
Brugt iPad Air 10.9” 5.Gen (2022) WiFi,9318759891209,64GB / Som ny / Stjerneskær,48559262368009,3ff7f2bbe89e8333,64GB,Som ny,Stjerneskær,continue,3734.00
Brugt iPad Air 10.9” 5.Gen (2022) WiFi,9318759891209,64GB / Som ny / Lyserød,48559262400777,d05ff62b2ea330d1,64GB,Som ny,Lyserød,continue,3734.00
Brugt iPad Air 10.9” 5.Gen (2022) WiFi,9318759891209,64GB / Som ny / Lilla,48559262433545,7d7b7adc2ba948b7,64GB,Som ny,Lilla,continue,3734.00
Brugt iPad Air 10.9” 5.Gen (2022) WiFi,9318759891209,64GB / Som ny / Blå,48559262466313,c21d477d5156780c,64GB,Som ny,Blå,continue,3734.00
Brugt iPad Air 10.9” 5.Gen (2022) WiFi,9318759891209,256GB / Brugbar / Space Grey,48559262499081,5c539c86b8c4dd18,256GB,Brugbar,Space Grey,continue,3914.00
Brugt iPad Air 10.9” 5.Gen (2022) WiFi,9318759891209,256GB / Brugbar / Stjerneskær,48559262531849,704eae7de81e861c,256GB,Brugbar,Stjerneskær,continue,3914.00
Brugt iPad Air 10.9” 5.Gen (2022) WiFi,9318759891209,256GB / Brugbar / Lyserød,48559262564617,f217384d8ae8217d,256GB,Brugbar,Lyserød,continue,3914.00
Brugt iPad Air 10.9” 5.Gen (2022) WiFi,9318759891209,256GB / Brugbar / Lilla,48559262597385,176d9a0dad3d763f,256GB,Brugbar,Lilla,continue,3914.00
Brugt iPad Air 10.9” 5.Gen (2022) WiFi,9318759891209,256GB / Brugbar / Blå,48559262630153,8ee5b1fa5c190e0c,256GB,Brugbar,Blå,continue,3914.00
Brugt iPad Air 10.9” 5.Gen (2022) WiFi,9318759891209,256GB / Brugt / Space Grey,48559262662921,f389e1f3cb0484ba,256GB,Brugt,Space Grey,continue,4094.00
Brugt iPad Air 10.9” 5.Gen (2022) WiFi,9318759891209,256GB / Brugt / Stjerneskær,48559262695689,f335a10e616051ae,256GB,Brugt,Stjerneskær,continue,4094.00
Brugt iPad Air 10.9” 5.Gen (2022) WiFi,9318759891209,256GB / Brugt / Lyserød,48559262728457,9a4145b964b0b63d,256GB,Brugt,Lyserød,continue,4094.00
Brugt iPad Air 10.9” 5.Gen (2022) WiFi,9318759891209,256GB / Brugt / Lilla,48559262761225,126a5774a80bbb0b,256GB,Brugt,Lilla,continue,4094.00
Brugt iPad Air 10.9” 5.Gen (2022) WiFi,9318759891209,256GB / Brugt / Blå,48559262793993,6a1fe7efef589d6c,256GB,Brugt,Blå,continue,4094.00
Brugt iPad Air 10.9” 5.Gen (2022) WiFi,9318759891209,256GB / Rigtig god / Space Grey,48559262826761,e494d19b3f8c51ad,256GB,Rigtig god,Space Grey,continue,4274.00
Brugt iPad Air 10.9” 5.Gen (2022) WiFi,9318759891209,256GB / Rigtig god / Stjerneskær,48559262859529,0e8847d0a3751e9b,256GB,Rigtig god,Stjerneskær,continue,4274.00
Brugt iPad Air 10.9” 5.Gen (2022) WiFi,9318759891209,256GB / Rigtig god / Lyserød,48559262892297,1f664eeee6ad8a0b,256GB,Rigtig god,Lyserød,continue,4274.00
Brugt iPad Air 10.9” 5.Gen (2022) WiFi,9318759891209,256GB / Rigtig god / Lilla,48559262925065,93e175491ed24808,256GB,Rigtig god,Lilla,continue,4274.00
Brugt iPad Air 10.9” 5.Gen (2022) WiFi,9318759891209,256GB / Rigtig god / Blå,48559262957833,15bebbbe5aad8575,256GB,Rigtig god,Blå,continue,4274.00
Brugt iPad Air 10.9” 5.Gen (2022) WiFi,9318759891209,256GB / Som ny / Space Grey,48559262990601,74f5050d53757e31,256GB,Som ny,Space Grey,continue,4454.00
Brugt iPad Air 10.9” 5.Gen (2022) WiFi,9318759891209,256GB / Som ny / Stjerneskær,48559263023369,93d8fb390c56a37a,256GB,Som ny,Stjerneskær,continue,4454.00
Brugt iPad Air 10.9” 5.Gen (2022) WiFi,9318759891209,256GB / Som ny / Lyserød,48559263056137,48a6d5889b2584bc,256GB,Som ny,Lyserød,continue,4454.00
Brugt iPad Air 10.9” 5.Gen (2022) WiFi,9318759891209,256GB / Som ny / Lilla,48559263088905,2ec1f4dc3672058b,256GB,Som ny,Lilla,continue,4454.00
Brugt iPad Air 10.9” 5.Gen (2022) WiFi,9318759891209,256GB / Som ny / Blå,48559263121673,48f86394318a970a,256GB,Som ny,Blå,continue,4454.00
"Brugt iPad Air 11"" 6.Gen (2024) Cellular",9318760153353,128GB / Brugbar / Space grey,48559266955529,b70789036a3695b4,128GB,Brugbar,Space grey,continue,5295.00
"Brugt iPad Air 11"" 6.Gen (2024) Cellular",9318760153353,128GB / Brugbar / Lilla,48559266988297,3d43c83a761d5416,128GB,Brugbar,Lilla,continue,5295.00
"Brugt iPad Air 11"" 6.Gen (2024) Cellular",9318760153353,128GB / Brugbar / Blå,48559267021065,38f836b3320c7c01,128GB,Brugbar,Blå,continue,5295.00
"Brugt iPad Air 11"" 6.Gen (2024) Cellular",9318760153353,128GB / Brugbar / Stjerneskær,48559267053833,69cd3d3a9da97be1,128GB,Brugbar,Stjerneskær,continue,5295.00
"Brugt iPad Air 11"" 6.Gen (2024) Cellular",9318760153353,128GB / Brugt / Space grey,48559267086601,c0a6761545f77ffd,128GB,Brugt,Space grey,continue,4795.00
"Brugt iPad Air 11"" 6.Gen (2024) Cellular",9318760153353,128GB / Brugt / Lilla,48559267119369,3bb56b840a19509c,128GB,Brugt,Lilla,continue,4795.00
"Brugt iPad Air 11"" 6.Gen (2024) Cellular",9318760153353,128GB / Brugt / Blå,48559267152137,0a507eece6fc375a,128GB,Brugt,Blå,continue,4795.00
"Brugt iPad Air 11"" 6.Gen (2024) Cellular",9318760153353,128GB / Brugt / Stjerneskær,48559267184905,8b3591fc61740490,128GB,Brugt,Stjerneskær,continue,4795.00
"Brugt iPad Air 11"" 6.Gen (2024) Cellular",9318760153353,128GB / Rigtig god / Space grey,48559267217673,dca5f1eaeb0b9e2b,128GB,Rigtig god,Space grey,continue,2449.00
"Brugt iPad Air 11"" 6.Gen (2024) Cellular",9318760153353,128GB / Rigtig god / Lilla,48559267250441,d431de12cfefa1b5,128GB,Rigtig god,Lilla,continue,2449.00
"Brugt iPad Air 11"" 6.Gen (2024) Cellular",9318760153353,128GB / Rigtig god / Blå,48559267283209,7a7d4df13c33ec19,128GB,Rigtig god,Blå,continue,2449.00
"Brugt iPad Air 11"" 6.Gen (2024) Cellular",9318760153353,128GB / Rigtig god / Stjerneskær,48559267315977,00e9e18369fa6862,128GB,Rigtig god,Stjerneskær,continue,2449.00
"Brugt iPad Air 11"" 6.Gen (2024) Cellular",9318760153353,128GB / Som ny / Space grey,48559267348745,4c828f15cf2046d6,128GB,Som ny,Space grey,continue,2449.00
"Brugt iPad Air 11"" 6.Gen (2024) Cellular",9318760153353,128GB / Som ny / Lilla,48559267381513,a69ac4463fd50a34,128GB,Som ny,Lilla,continue,2449.00
"Brugt iPad Air 11"" 6.Gen (2024) Cellular",9318760153353,128GB / Som ny / Blå,48559267414281,dd4e425989f284ab,128GB,Som ny,Blå,continue,2449.00
"Brugt iPad Air 11"" 6.Gen (2024) Cellular",9318760153353,128GB / Som ny / Stjerneskær,48559267447049,fc8016f0cdf95ba0,128GB,Som ny,Stjerneskær,continue,2449.00
"Brugt iPad Air 11"" 6.Gen (2024) Cellular",9318760153353,256GB / Brugbar / Space grey,48559267479817,2899ed465a1116a2,256GB,Brugbar,Space grey,continue,2449.00
"Brugt iPad Air 11"" 6.Gen (2024) Cellular",9318760153353,256GB / Brugbar / Lilla,48559267512585,cec56b1870c0fd26,256GB,Brugbar,Lilla,continue,2449.00
"Brugt iPad Air 11"" 6.Gen (2024) Cellular",9318760153353,256GB / Brugbar / Blå,48559267545353,63454247e3ad00c4,256GB,Brugbar,Blå,continue,2449.00
"Brugt iPad Air 11"" 6.Gen (2024) Cellular",9318760153353,256GB / Brugbar / Stjerneskær,48559267578121,627dced5f531491b,256GB,Brugbar,Stjerneskær,continue,2449.00
"Brugt iPad Air 11"" 6.Gen (2024) Cellular",9318760153353,256GB / Brugt / Space grey,48559267610889,690ee2af2766c103,256GB,Brugt,Space grey,continue,2449.00
"Brugt iPad Air 11"" 6.Gen (2024) Cellular",9318760153353,256GB / Brugt / Lilla,48559267643657,52205f34e298e13d,256GB,Brugt,Lilla,continue,2449.00
"Brugt iPad Air 11"" 6.Gen (2024) Cellular",9318760153353,256GB / Brugt / Blå,48559267676425,ce872013cb519ff4,256GB,Brugt,Blå,continue,2449.00
"Brugt iPad Air 11"" 6.Gen (2024) Cellular",9318760153353,256GB / Brugt / Stjerneskær,48559267709193,0a3a543283f4adc3,256GB,Brugt,Stjerneskær,continue,2449.00
"Brugt iPad Air 11"" 6.Gen (2024) Cellular",9318760153353,256GB / Rigtig god / Space grey,48559267741961,048f1a6a1ba94f40,256GB,Rigtig god,Space grey,continue,2449.00
"Brugt iPad Air 11"" 6.Gen (2024) Cellular",9318760153353,256GB / Rigtig god / Lilla,48559267774729,fe4c46da816555e2,256GB,Rigtig god,Lilla,continue,2449.00
"Brugt iPad Air 11"" 6.Gen (2024) Cellular",9318760153353,256GB / Rigtig god / Blå,48559267807497,3d54c6c3dd3e48f3,256GB,Rigtig god,Blå,continue,2449.00
"Brugt iPad Air 11"" 6.Gen (2024) Cellular",9318760153353,256GB / Rigtig god / Stjerneskær,48559267840265,1f16a45d09d314c3,256GB,Rigtig god,Stjerneskær,continue,2449.00
"Brugt iPad Air 11"" 6.Gen (2024) Cellular",9318760153353,256GB / Som ny / Space grey,48559267873033,e545635a9175d301,256GB,Som ny,Space grey,continue,2449.00
"Brugt iPad Air 11"" 6.Gen (2024) Cellular",9318760153353,256GB / Som ny / Lilla,48559267905801,2c3d2366bfa459f2,256GB,Som ny,Lilla,continue,2449.00
"Brugt iPad Air 11"" 6.Gen (2024) Cellular",9318760153353,256GB / Som ny / Blå,48559267938569,1cf0bba71260eba1,256GB,Som ny,Blå,continue,2449.00
"Brugt iPad Air 11"" 6.Gen (2024) Cellular",9318760153353,256GB / Som ny / Stjerneskær,48559267971337,d4ef1fc1d3597234,256GB,Som ny,Stjerneskær,continue,2449.00
"Brugt iPad Air 11"" 6.Gen (2024) Cellular",9318760153353,512GB / Brugbar / Space grey,48559268004105,8dd626afdd87e55a,512GB,Brugbar,Space grey,continue,2449.00
"Brugt iPad Air 11"" 6.Gen (2024) Cellular",9318760153353,512GB / Brugbar / Lilla,48559268036873,841d586e5fd52df8,512GB,Brugbar,Lilla,continue,2449.00
"Brugt iPad Air 11"" 6.Gen (2024) Cellular",9318760153353,512GB / Brugbar / Blå,48559268069641,aacffe9e103dfa6f,512GB,Brugbar,Blå,continue,2449.00
"Brugt iPad Air 11"" 6.Gen (2024) Cellular",9318760153353,512GB / Brugbar / Stjerneskær,48559268102409,631299dcc1bca00b,512GB,Brugbar,Stjerneskær,continue,2449.00
"Brugt iPad Air 11"" 6.Gen (2024) Cellular",9318760153353,512GB / Brugt / Space grey,48559268135177,fda8029f2b7e910d,512GB,Brugt,Space grey,continue,2449.00
"Brugt iPad Air 11"" 6.Gen (2024) Cellular",9318760153353,512GB / Brugt / Lilla,48559268167945,ae51ef20a5d98b58,512GB,Brugt,Lilla,continue,2449.00
"Brugt iPad Air 11"" 6.Gen (2024) Cellular",9318760153353,512GB / Brugt / Blå,48559268200713,630ce55a55444c93,512GB,Brugt,Blå,continue,2449.00
"Brugt iPad Air 11"" 6.Gen (2024) Cellular",9318760153353,512GB / Brugt / Stjerneskær,48559268233481,ecc86c6371a31aae,512GB,Brugt,Stjerneskær,continue,2449.00
"Brugt iPad Air 11"" 6.Gen (2024) Cellular",9318760153353,512GB / Rigtig god / Space grey,48559268266249,b65cbc25ff06ff26,512GB,Rigtig god,Space grey,continue,2449.00
"Brugt iPad Air 11"" 6.Gen (2024) Cellular",9318760153353,512GB / Rigtig god / Lilla,48559268299017,5b0ebb49c914540c,512GB,Rigtig god,Lilla,continue,2449.00
"Brugt iPad Air 11"" 6.Gen (2024) Cellular",9318760153353,512GB / Rigtig god / Blå,48559268331785,ab02d763218ab1ce,512GB,Rigtig god,Blå,continue,2449.00
"Brugt iPad Air 11"" 6.Gen (2024) Cellular",9318760153353,512GB / Rigtig god / Stjerneskær,48559268364553,07f45259aab01dda,512GB,Rigtig god,Stjerneskær,continue,2449.00
"Brugt iPad Air 11"" 6.Gen (2024) Cellular",9318760153353,512GB / Som ny / Space grey,48559268397321,7dfb30e8d1652f9d,512GB,Som ny,Space grey,continue,2449.00
"Brugt iPad Air 11"" 6.Gen (2024) Cellular",9318760153353,512GB / Som ny / Lilla,48559268430089,f0eb6eb7cd34e171,512GB,Som ny,Lilla,continue,2449.00
"Brugt iPad Air 11"" 6.Gen (2024) Cellular",9318760153353,512GB / Som ny / Blå,48559268462857,83e527dfa68aa514,512GB,Som ny,Blå,continue,2449.00
"Brugt iPad Air 11"" 6.Gen (2024) Cellular",9318760153353,512GB / Som ny / Stjerneskær,48559268495625,71808871c2a8a087,512GB,Som ny,Stjerneskær,continue,2449.00
"Brugt iPad Air 11"" 6.Gen (2024) Cellular",9318760153353,1024GB / Brugbar / Space grey,48559268528393,3bacdc1aa625491b,1024GB,Brugbar,Space grey,continue,2449.00
"Brugt iPad Air 11"" 6.Gen (2024) Cellular",9318760153353,1024GB / Brugbar / Lilla,48559268561161,bb6a37da879f5bb4,1024GB,Brugbar,Lilla,continue,2449.00
"Brugt iPad Air 11"" 6.Gen (2024) Cellular",9318760153353,1024GB / Brugbar / Blå,48559268593929,7c237066176dd06d,1024GB,Brugbar,Blå,continue,2449.00
"Brugt iPad Air 11"" 6.Gen (2024) Cellular",9318760153353,1024GB / Brugbar / Stjerneskær,48559268626697,571da3f1ea18defa,1024GB,Brugbar,Stjerneskær,continue,2449.00
"Brugt iPad Air 11"" 6.Gen (2024) Cellular",9318760153353,1024GB / Brugt / Space grey,48559268659465,05f6e303d4d22329,1024GB,Brugt,Space grey,continue,2449.00
"Brugt iPad Air 11"" 6.Gen (2024) Cellular",9318760153353,1024GB / Brugt / Lilla,48559268692233,7c07c313cb866092,1024GB,Brugt,Lilla,continue,2449.00
"Brugt iPad Air 11"" 6.Gen (2024) Cellular",9318760153353,1024GB / Brugt / Blå,48559268725001,06eeaf3a0b882040,1024GB,Brugt,Blå,continue,2449.00
"Brugt iPad Air 11"" 6.Gen (2024) Cellular",9318760153353,1024GB / Brugt / Stjerneskær,48559268757769,c1986b3945c78f7b,1024GB,Brugt,Stjerneskær,continue,2449.00
"Brugt iPad Air 11"" 6.Gen (2024) Cellular",9318760153353,1024GB / Rigtig god / Space grey,48559268790537,c5cc23792f56ebbd,1024GB,Rigtig god,Space grey,continue,2449.00
"Brugt iPad Air 11"" 6.Gen (2024) Cellular",9318760153353,1024GB / Rigtig god / Lilla,48559268823305,685382e0128b2818,1024GB,Rigtig god,Lilla,continue,2449.00
"Brugt iPad Air 11"" 6.Gen (2024) Cellular",9318760153353,1024GB / Rigtig god / Blå,48559268856073,151ae5b8ea82f52e,1024GB,Rigtig god,Blå,continue,2449.00
"Brugt iPad Air 11"" 6.Gen (2024) Cellular",9318760153353,1024GB / Rigtig god / Stjerneskær,48559268888841,4c28d886f5df3ba6,1024GB,Rigtig god,Stjerneskær,continue,2449.00
"Brugt iPad Air 11"" 6.Gen (2024) Cellular",9318760153353,1024GB / Som ny / Space grey,48559268921609,c008baf6c02326e3,1024GB,Som ny,Space grey,continue,2449.00
"Brugt iPad Air 11"" 6.Gen (2024) Cellular",9318760153353,1024GB / Som ny / Lilla,48559268954377,e2ef3376d8d44af2,1024GB,Som ny,Lilla,continue,2449.00
"Brugt iPad Air 11"" 6.Gen (2024) Cellular",9318760153353,1024GB / Som ny / Blå,48559268987145,187ef71c3ad0baac,1024GB,Som ny,Blå,continue,2449.00
"Brugt iPad Air 11"" 6.Gen (2024) Cellular",9318760153353,1024GB / Som ny / Stjerneskær,48559269019913,4df7007613033ffa,1024GB,Som ny,Stjerneskær,continue,2449.00
"Brugt iPad Air 11"" 6.Gen (2024) WiFi",9318760087817,128GB / Brugbar / Space grey,48559264727305,74c3dbf37363c675,128GB,Brugbar,Space grey,continue,2449.00
"Brugt iPad Air 11"" 6.Gen (2024) WiFi",9318760087817,128GB / Brugbar / Blå,48559264760073,d25009db758b8054,128GB,Brugbar,Blå,continue,2449.00
"Brugt iPad Air 11"" 6.Gen (2024) WiFi",9318760087817,128GB / Brugbar / Lilla,48559264792841,ca6db3a811445252,128GB,Brugbar,Lilla,continue,2449.00
"Brugt iPad Air 11"" 6.Gen (2024) WiFi",9318760087817,128GB / Brugbar / Stjerneskær,48559264825609,a3b9ceeef1cdf9cf,128GB,Brugbar,Stjerneskær,continue,2449.00
"Brugt iPad Air 11"" 6.Gen (2024) WiFi",9318760087817,128GB / Brugt / Space grey,48559264858377,c2ddda631b9a5f79,128GB,Brugt,Space grey,continue,2449.00
"Brugt iPad Air 11"" 6.Gen (2024) WiFi",9318760087817,128GB / Brugt / Blå,48559264891145,32dcbf27b66f75ac,128GB,Brugt,Blå,continue,2449.00
"Brugt iPad Air 11"" 6.Gen (2024) WiFi",9318760087817,128GB / Brugt / Lilla,48559264923913,10a0e1a601ae5292,128GB,Brugt,Lilla,continue,2449.00
"Brugt iPad Air 11"" 6.Gen (2024) WiFi",9318760087817,128GB / Brugt / Stjerneskær,48559264956681,8f225a86e0952ce5,128GB,Brugt,Stjerneskær,continue,2449.00
"Brugt iPad Air 11"" 6.Gen (2024) WiFi",9318760087817,128GB / Rigtig god / Space grey,48559264989449,7cda2e3746b9b39b,128GB,Rigtig god,Space grey,continue,2449.00
"Brugt iPad Air 11"" 6.Gen (2024) WiFi",9318760087817,128GB / Rigtig god / Blå,48559265022217,57fb0012480016b5,128GB,Rigtig god,Blå,continue,2449.00
"Brugt iPad Air 11"" 6.Gen (2024) WiFi",9318760087817,128GB / Rigtig god / Lilla,48559265054985,06e9fd25ef023ba2,128GB,Rigtig god,Lilla,continue,2449.00
"Brugt iPad Air 11"" 6.Gen (2024) WiFi",9318760087817,128GB / Rigtig god / Stjerneskær,48559265087753,1d7b3b2f17e0c0d8,128GB,Rigtig god,Stjerneskær,continue,2449.00
"Brugt iPad Air 11"" 6.Gen (2024) WiFi",9318760087817,128GB / Som ny / Space grey,48559265120521,f8d07c8b208cf8ce,128GB,Som ny,Space grey,continue,2449.00
"Brugt iPad Air 11"" 6.Gen (2024) WiFi",9318760087817,128GB / Som ny / Blå,48559265153289,745c7c5f16710a47,128GB,Som ny,Blå,continue,2449.00
"Brugt iPad Air 11"" 6.Gen (2024) WiFi",9318760087817,128GB / Som ny / Lilla,48559265186057,a847d00f6bb6af5e,128GB,Som ny,Lilla,continue,2449.00
"Brugt iPad Air 11"" 6.Gen (2024) WiFi",9318760087817,128GB / Som ny / Stjerneskær,48559265218825,bcd77a03469cf888,128GB,Som ny,Stjerneskær,continue,2449.00
"Brugt iPad Air 11"" 6.Gen (2024) WiFi",9318760087817,256GB / Brugbar / Space grey,48559265251593,0175ae0a88b7e9b8,256GB,Brugbar,Space grey,continue,2449.00
"Brugt iPad Air 11"" 6.Gen (2024) WiFi",9318760087817,256GB / Brugbar / Blå,48559265284361,e453b2bb0e7590e0,256GB,Brugbar,Blå,continue,2449.00
"Brugt iPad Air 11"" 6.Gen (2024) WiFi",9318760087817,256GB / Brugbar / Lilla,48559265317129,052b5606417f8502,256GB,Brugbar,Lilla,continue,2449.00
"Brugt iPad Air 11"" 6.Gen (2024) WiFi",9318760087817,256GB / Brugbar / Stjerneskær,48559265349897,da5ea6b6f4fb3b69,256GB,Brugbar,Stjerneskær,continue,2449.00
"Brugt iPad Air 11"" 6.Gen (2024) WiFi",9318760087817,256GB / Brugt / Space grey,48559265382665,b7ff62de877281d6,256GB,Brugt,Space grey,continue,2449.00
"Brugt iPad Air 11"" 6.Gen (2024) WiFi",9318760087817,256GB / Brugt / Blå,48559265415433,1097c44fff1f287c,256GB,Brugt,Blå,continue,2449.00
"Brugt iPad Air 11"" 6.Gen (2024) WiFi",9318760087817,256GB / Brugt / Lilla,48559265448201,b9f4799fda966d90,256GB,Brugt,Lilla,continue,2449.00
"Brugt iPad Air 11"" 6.Gen (2024) WiFi",9318760087817,256GB / Brugt / Stjerneskær,48559265480969,dc9dea55e5bd70c2,256GB,Brugt,Stjerneskær,continue,2449.00
"Brugt iPad Air 11"" 6.Gen (2024) WiFi",9318760087817,256GB / Rigtig god / Space grey,48559265513737,b706f303c3e17c9c,256GB,Rigtig god,Space grey,continue,2449.00
"Brugt iPad Air 11"" 6.Gen (2024) WiFi",9318760087817,256GB / Rigtig god / Blå,48559265546505,6731bd23303c1ee9,256GB,Rigtig god,Blå,continue,2449.00
"Brugt iPad Air 11"" 6.Gen (2024) WiFi",9318760087817,256GB / Rigtig god / Lilla,48559265579273,85498535c0b85b8b,256GB,Rigtig god,Lilla,continue,2449.00
"Brugt iPad Air 11"" 6.Gen (2024) WiFi",9318760087817,256GB / Rigtig god / Stjerneskær,48559265612041,ad6ff553431ed5cf,256GB,Rigtig god,Stjerneskær,continue,2449.00
"Brugt iPad Air 11"" 6.Gen (2024) WiFi",9318760087817,256GB / Som ny / Space grey,48559265644809,ea91e13687041e7f,256GB,Som ny,Space grey,continue,2449.00
"Brugt iPad Air 11"" 6.Gen (2024) WiFi",9318760087817,256GB / Som ny / Blå,48559265677577,cdcd997a44fcfd2f,256GB,Som ny,Blå,continue,2449.00
"Brugt iPad Air 11"" 6.Gen (2024) WiFi",9318760087817,256GB / Som ny / Lilla,48559265710345,26579a52bfeff455,256GB,Som ny,Lilla,continue,2449.00
"Brugt iPad Air 11"" 6.Gen (2024) WiFi",9318760087817,256GB / Som ny / Stjerneskær,48559265743113,44963420d2cc70d0,256GB,Som ny,Stjerneskær,continue,2449.00
"Brugt iPad Air 11"" 6.Gen (2024) WiFi",9318760087817,512GB / Brugbar / Space grey,48559265775881,b94e1cfa9cf553b1,512GB,Brugbar,Space grey,continue,2449.00
"Brugt iPad Air 11"" 6.Gen (2024) WiFi",9318760087817,512GB / Brugbar / Blå,48559265808649,506e61b88923b20e,512GB,Brugbar,Blå,continue,2449.00
"Brugt iPad Air 11"" 6.Gen (2024) WiFi",9318760087817,512GB / Brugbar / Lilla,48559265841417,c893a74c39b08e78,512GB,Brugbar,Lilla,continue,2449.00
"Brugt iPad Air 11"" 6.Gen (2024) WiFi",9318760087817,512GB / Brugbar / Stjerneskær,48559265874185,3e61dcc22aa0e70f,512GB,Brugbar,Stjerneskær,continue,2449.00
"Brugt iPad Air 11"" 6.Gen (2024) WiFi",9318760087817,512GB / Brugt / Space grey,48559265906953,f598c1b0f2ba6673,512GB,Brugt,Space grey,continue,2449.00
"Brugt iPad Air 11"" 6.Gen (2024) WiFi",9318760087817,512GB / Brugt / Blå,48559265939721,d0b99181f21a2355,512GB,Brugt,Blå,continue,2449.00
"Brugt iPad Air 11"" 6.Gen (2024) WiFi",9318760087817,512GB / Brugt / Lilla,48559265972489,28b50708adbc9874,512GB,Brugt,Lilla,continue,2449.00
"Brugt iPad Air 11"" 6.Gen (2024) WiFi",9318760087817,512GB / Brugt / Stjerneskær,48559266005257,7f608dc5a3e5a3d4,512GB,Brugt,Stjerneskær,continue,2449.00
"Brugt iPad Air 11"" 6.Gen (2024) WiFi",9318760087817,512GB / Rigtig god / Space grey,48559266038025,89f15b8733af2c05,512GB,Rigtig god,Space grey,continue,2449.00
"Brugt iPad Air 11"" 6.Gen (2024) WiFi",9318760087817,512GB / Rigtig god / Blå,48559266070793,efbee4d13bd2488b,512GB,Rigtig god,Blå,continue,2449.00
"Brugt iPad Air 11"" 6.Gen (2024) WiFi",9318760087817,512GB / Rigtig god / Lilla,48559266103561,285d53c37637bf33,512GB,Rigtig god,Lilla,continue,2449.00
"Brugt iPad Air 11"" 6.Gen (2024) WiFi",9318760087817,512GB / Rigtig god / Stjerneskær,48559266136329,209b799f98603521,512GB,Rigtig god,Stjerneskær,continue,2449.00
"Brugt iPad Air 11"" 6.Gen (2024) WiFi",9318760087817,512GB / Som ny / Space grey,48559266169097,d21e903743d6ab6a,512GB,Som ny,Space grey,continue,2449.00
"Brugt iPad Air 11"" 6.Gen (2024) WiFi",9318760087817,512GB / Som ny / Blå,48559266201865,069b6e690545c706,512GB,Som ny,Blå,continue,2449.00
"Brugt iPad Air 11"" 6.Gen (2024) WiFi",9318760087817,512GB / Som ny / Lilla,48559266234633,87bd703bc359d01f,512GB,Som ny,Lilla,continue,2449.00
"Brugt iPad Air 11"" 6.Gen (2024) WiFi",9318760087817,512GB / Som ny / Stjerneskær,48559266267401,0ac2105913036768,512GB,Som ny,Stjerneskær,continue,2449.00
"Brugt iPad Air 11"" 6.Gen (2024) WiFi",9318760087817,1024GB / Brugbar / Space grey,48559266300169,15a51a4e191fefae,1024GB,Brugbar,Space grey,continue,2449.00
"Brugt iPad Air 11"" 6.Gen (2024) WiFi",9318760087817,1024GB / Brugbar / Blå,48559266332937,e1a9e555d6a2f813,1024GB,Brugbar,Blå,continue,2449.00
"Brugt iPad Air 11"" 6.Gen (2024) WiFi",9318760087817,1024GB / Brugbar / Lilla,48559266365705,31644174d23f319b,1024GB,Brugbar,Lilla,continue,2449.00
"Brugt iPad Air 11"" 6.Gen (2024) WiFi",9318760087817,1024GB / Brugbar / Stjerneskær,48559266398473,3d837e1bf2bde663,1024GB,Brugbar,Stjerneskær,continue,2449.00
"Brugt iPad Air 11"" 6.Gen (2024) WiFi",9318760087817,1024GB / Brugt / Space grey,48559266431241,0a0174c4684dfefa,1024GB,Brugt,Space grey,continue,2449.00
"Brugt iPad Air 11"" 6.Gen (2024) WiFi",9318760087817,1024GB / Brugt / Blå,48559266464009,713f944dc3dcd8a5,1024GB,Brugt,Blå,continue,2449.00
"Brugt iPad Air 11"" 6.Gen (2024) WiFi",9318760087817,1024GB / Brugt / Lilla,48559266496777,f89eba7c8a1954b3,1024GB,Brugt,Lilla,continue,2449.00
"Brugt iPad Air 11"" 6.Gen (2024) WiFi",9318760087817,1024GB / Brugt / Stjerneskær,48559266529545,2d7e6cda83bceea8,1024GB,Brugt,Stjerneskær,continue,2449.00
"Brugt iPad Air 11"" 6.Gen (2024) WiFi",9318760087817,1024GB / Rigtig god / Space grey,48559266562313,5211935b545142e4,1024GB,Rigtig god,Space grey,continue,2449.00
"Brugt iPad Air 11"" 6.Gen (2024) WiFi",9318760087817,1024GB / Rigtig god / Blå,48559266595081,90f570de7c29c71c,1024GB,Rigtig god,Blå,continue,2449.00
"Brugt iPad Air 11"" 6.Gen (2024) WiFi",9318760087817,1024GB / Rigtig god / Lilla,48559266627849,c44cd8e91f64ac0c,1024GB,Rigtig god,Lilla,continue,2449.00
"Brugt iPad Air 11"" 6.Gen (2024) WiFi",9318760087817,1024GB / Rigtig god / Stjerneskær,48559266660617,8f9b86e35d27ece2,1024GB,Rigtig god,Stjerneskær,continue,2449.00
"Brugt iPad Air 11"" 6.Gen (2024) WiFi",9318760087817,1024GB / Som ny / Space grey,48559266693385,91cb4f35b69fc7ce,1024GB,Som ny,Space grey,continue,2449.00
"Brugt iPad Air 11"" 6.Gen (2024) WiFi",9318760087817,1024GB / Som ny / Blå,48559266726153,4027456600ee6fbf,1024GB,Som ny,Blå,continue,2449.00
"Brugt iPad Air 11"" 6.Gen (2024) WiFi",9318760087817,1024GB / Som ny / Lilla,48559266758921,005a2a6feb74dd1c,1024GB,Som ny,Lilla,continue,2449.00
"Brugt iPad Air 11"" 6.Gen (2024) WiFi",9318760087817,1024GB / Som ny / Stjerneskær,48559266791689,b70539a8be70855f,1024GB,Som ny,Stjerneskær,continue,2449.00
"Brugt iPad Air 13"" 6.Gen (2024) Cellular",9325809729801,128GB / Brugbar / Space grey,48588072091913,b70789036a3695b4,128GB,Brugbar,Space grey,continue,5295.00
"Brugt iPad Air 13"" 6.Gen (2024) Cellular",9325809729801,128GB / Brugbar / Lilla,48588072124681,3d43c83a761d5416,128GB,Brugbar,Lilla,continue,5295.00
"Brugt iPad Air 13"" 6.Gen (2024) Cellular",9325809729801,128GB / Brugbar / Blå,48588072157449,38f836b3320c7c01,128GB,Brugbar,Blå,continue,5295.00
"Brugt iPad Air 13"" 6.Gen (2024) Cellular",9325809729801,128GB / Brugbar / Stjerneskær,48588072190217,69cd3d3a9da97be1,128GB,Brugbar,Stjerneskær,continue,5295.00
"Brugt iPad Air 13"" 6.Gen (2024) Cellular",9325809729801,128GB / Brugt / Space grey,48588072222985,c0a6761545f77ffd,128GB,Brugt,Space grey,continue,4795.00
"Brugt iPad Air 13"" 6.Gen (2024) Cellular",9325809729801,128GB / Brugt / Lilla,48588072255753,3bb56b840a19509c,128GB,Brugt,Lilla,continue,4795.00
"Brugt iPad Air 13"" 6.Gen (2024) Cellular",9325809729801,128GB / Brugt / Blå,48588072288521,0a507eece6fc375a,128GB,Brugt,Blå,continue,4795.00
"Brugt iPad Air 13"" 6.Gen (2024) Cellular",9325809729801,128GB / Brugt / Stjerneskær,48588072321289,8b3591fc61740490,128GB,Brugt,Stjerneskær,continue,4795.00
"Brugt iPad Air 13"" 6.Gen (2024) Cellular",9325809729801,128GB / Rigtig god / Space grey,48588072354057,dca5f1eaeb0b9e2b,128GB,Rigtig god,Space grey,continue,2449.00
"Brugt iPad Air 13"" 6.Gen (2024) Cellular",9325809729801,128GB / Rigtig god / Lilla,48588072386825,d431de12cfefa1b5,128GB,Rigtig god,Lilla,continue,2449.00
"Brugt iPad Air 13"" 6.Gen (2024) Cellular",9325809729801,128GB / Rigtig god / Blå,48588072419593,7a7d4df13c33ec19,128GB,Rigtig god,Blå,continue,2449.00
"Brugt iPad Air 13"" 6.Gen (2024) Cellular",9325809729801,128GB / Rigtig god / Stjerneskær,48588072452361,00e9e18369fa6862,128GB,Rigtig god,Stjerneskær,continue,2449.00
"Brugt iPad Air 13"" 6.Gen (2024) Cellular",9325809729801,128GB / Som ny / Space grey,48588072485129,4c828f15cf2046d6,128GB,Som ny,Space grey,continue,2449.00
"Brugt iPad Air 13"" 6.Gen (2024) Cellular",9325809729801,128GB / Som ny / Lilla,48588072517897,a69ac4463fd50a34,128GB,Som ny,Lilla,continue,2449.00
"Brugt iPad Air 13"" 6.Gen (2024) Cellular",9325809729801,128GB / Som ny / Blå,48588072550665,dd4e425989f284ab,128GB,Som ny,Blå,continue,2449.00
"Brugt iPad Air 13"" 6.Gen (2024) Cellular",9325809729801,128GB / Som ny / Stjerneskær,48588072583433,fc8016f0cdf95ba0,128GB,Som ny,Stjerneskær,continue,2449.00
"Brugt iPad Air 13"" 6.Gen (2024) Cellular",9325809729801,256GB / Brugbar / Space grey,48588072616201,2899ed465a1116a2,256GB,Brugbar,Space grey,continue,2449.00
"Brugt iPad Air 13"" 6.Gen (2024) Cellular",9325809729801,256GB / Brugbar / Lilla,48588072648969,cec56b1870c0fd26,256GB,Brugbar,Lilla,continue,2449.00
"Brugt iPad Air 13"" 6.Gen (2024) Cellular",9325809729801,256GB / Brugbar / Blå,48588072681737,63454247e3ad00c4,256GB,Brugbar,Blå,continue,2449.00
"Brugt iPad Air 13"" 6.Gen (2024) Cellular",9325809729801,256GB / Brugbar / Stjerneskær,48588072714505,627dced5f531491b,256GB,Brugbar,Stjerneskær,continue,2449.00
"Brugt iPad Air 13"" 6.Gen (2024) Cellular",9325809729801,256GB / Brugt / Space grey,48588072747273,690ee2af2766c103,256GB,Brugt,Space grey,continue,2449.00
"Brugt iPad Air 13"" 6.Gen (2024) Cellular",9325809729801,256GB / Brugt / Lilla,48588072780041,52205f34e298e13d,256GB,Brugt,Lilla,continue,2449.00
"Brugt iPad Air 13"" 6.Gen (2024) Cellular",9325809729801,256GB / Brugt / Blå,48588072812809,ce872013cb519ff4,256GB,Brugt,Blå,continue,2449.00
"Brugt iPad Air 13"" 6.Gen (2024) Cellular",9325809729801,256GB / Brugt / Stjerneskær,48588072845577,0a3a543283f4adc3,256GB,Brugt,Stjerneskær,continue,2449.00
"Brugt iPad Air 13"" 6.Gen (2024) Cellular",9325809729801,256GB / Rigtig god / Space grey,48588072878345,048f1a6a1ba94f40,256GB,Rigtig god,Space grey,continue,2449.00
"Brugt iPad Air 13"" 6.Gen (2024) Cellular",9325809729801,256GB / Rigtig god / Lilla,48588072911113,fe4c46da816555e2,256GB,Rigtig god,Lilla,continue,2449.00
"Brugt iPad Air 13"" 6.Gen (2024) Cellular",9325809729801,256GB / Rigtig god / Blå,48588072943881,3d54c6c3dd3e48f3,256GB,Rigtig god,Blå,continue,2449.00
"Brugt iPad Air 13"" 6.Gen (2024) Cellular",9325809729801,256GB / Rigtig god / Stjerneskær,48588072976649,1f16a45d09d314c3,256GB,Rigtig god,Stjerneskær,continue,2449.00
"Brugt iPad Air 13"" 6.Gen (2024) Cellular",9325809729801,256GB / Som ny / Space grey,48588073009417,e545635a9175d301,256GB,Som ny,Space grey,continue,2449.00
"Brugt iPad Air 13"" 6.Gen (2024) Cellular",9325809729801,256GB / Som ny / Lilla,48588073042185,2c3d2366bfa459f2,256GB,Som ny,Lilla,continue,2449.00
"Brugt iPad Air 13"" 6.Gen (2024) Cellular",9325809729801,256GB / Som ny / Blå,48588073074953,1cf0bba71260eba1,256GB,Som ny,Blå,continue,2449.00
"Brugt iPad Air 13"" 6.Gen (2024) Cellular",9325809729801,256GB / Som ny / Stjerneskær,48588073107721,d4ef1fc1d3597234,256GB,Som ny,Stjerneskær,continue,2449.00
"Brugt iPad Air 13"" 6.Gen (2024) Cellular",9325809729801,512GB / Brugbar / Space grey,48588073140489,8dd626afdd87e55a,512GB,Brugbar,Space grey,continue,2449.00
"Brugt iPad Air 13"" 6.Gen (2024) Cellular",9325809729801,512GB / Brugbar / Lilla,48588073173257,841d586e5fd52df8,512GB,Brugbar,Lilla,continue,2449.00
"Brugt iPad Air 13"" 6.Gen (2024) Cellular",9325809729801,512GB / Brugbar / Blå,48588073206025,aacffe9e103dfa6f,512GB,Brugbar,Blå,continue,2449.00
"Brugt iPad Air 13"" 6.Gen (2024) Cellular",9325809729801,512GB / Brugbar / Stjerneskær,48588073238793,631299dcc1bca00b,512GB,Brugbar,Stjerneskær,continue,2449.00
"Brugt iPad Air 13"" 6.Gen (2024) Cellular",9325809729801,512GB / Brugt / Space grey,48588073271561,fda8029f2b7e910d,512GB,Brugt,Space grey,continue,2449.00
"Brugt iPad Air 13"" 6.Gen (2024) Cellular",9325809729801,512GB / Brugt / Lilla,48588073304329,ae51ef20a5d98b58,512GB,Brugt,Lilla,continue,2449.00
"Brugt iPad Air 13"" 6.Gen (2024) Cellular",9325809729801,512GB / Brugt / Blå,48588073337097,630ce55a55444c93,512GB,Brugt,Blå,continue,2449.00
"Brugt iPad Air 13"" 6.Gen (2024) Cellular",9325809729801,512GB / Brugt / Stjerneskær,48588073369865,ecc86c6371a31aae,512GB,Brugt,Stjerneskær,continue,2449.00
"Brugt iPad Air 13"" 6.Gen (2024) Cellular",9325809729801,512GB / Rigtig god / Space grey,48588073402633,b65cbc25ff06ff26,512GB,Rigtig god,Space grey,continue,2449.00
"Brugt iPad Air 13"" 6.Gen (2024) Cellular",9325809729801,512GB / Rigtig god / Lilla,48588073435401,5b0ebb49c914540c,512GB,Rigtig god,Lilla,continue,2449.00
"Brugt iPad Air 13"" 6.Gen (2024) Cellular",9325809729801,512GB / Rigtig god / Blå,48588073468169,ab02d763218ab1ce,512GB,Rigtig god,Blå,continue,2449.00
"Brugt iPad Air 13"" 6.Gen (2024) Cellular",9325809729801,512GB / Rigtig god / Stjerneskær,48588073500937,07f45259aab01dda,512GB,Rigtig god,Stjerneskær,continue,2449.00
"Brugt iPad Air 13"" 6.Gen (2024) Cellular",9325809729801,512GB / Som ny / Space grey,48588073533705,7dfb30e8d1652f9d,512GB,Som ny,Space grey,continue,2449.00
"Brugt iPad Air 13"" 6.Gen (2024) Cellular",9325809729801,512GB / Som ny / Lilla,48588073566473,f0eb6eb7cd34e171,512GB,Som ny,Lilla,continue,2449.00
"Brugt iPad Air 13"" 6.Gen (2024) Cellular",9325809729801,512GB / Som ny / Blå,48588073599241,83e527dfa68aa514,512GB,Som ny,Blå,continue,2449.00
"Brugt iPad Air 13"" 6.Gen (2024) Cellular",9325809729801,512GB / Som ny / Stjerneskær,48588073632009,71808871c2a8a087,512GB,Som ny,Stjerneskær,continue,2449.00
"Brugt iPad Air 13"" 6.Gen (2024) Cellular",9325809729801,1024GB / Brugbar / Space grey,48588073664777,3bacdc1aa625491b,1024GB,Brugbar,Space grey,continue,2449.00
"Brugt iPad Air 13"" 6.Gen (2024) Cellular",9325809729801,1024GB / Brugbar / Lilla,48588073697545,bb6a37da879f5bb4,1024GB,Brugbar,Lilla,continue,2449.00
"Brugt iPad Air 13"" 6.Gen (2024) Cellular",9325809729801,1024GB / Brugbar / Blå,48588073730313,7c237066176dd06d,1024GB,Brugbar,Blå,continue,2449.00
"Brugt iPad Air 13"" 6.Gen (2024) Cellular",9325809729801,1024GB / Brugbar / Stjerneskær,48588073763081,571da3f1ea18defa,1024GB,Brugbar,Stjerneskær,continue,2449.00
"Brugt iPad Air 13"" 6.Gen (2024) Cellular",9325809729801,1024GB / Brugt / Space grey,48588073795849,05f6e303d4d22329,1024GB,Brugt,Space grey,continue,2449.00
"Brugt iPad Air 13"" 6.Gen (2024) Cellular",9325809729801,1024GB / Brugt / Lilla,48588073828617,7c07c313cb866092,1024GB,Brugt,Lilla,continue,2449.00
"Brugt iPad Air 13"" 6.Gen (2024) Cellular",9325809729801,1024GB / Brugt / Blå,48588073861385,06eeaf3a0b882040,1024GB,Brugt,Blå,continue,2449.00
"Brugt iPad Air 13"" 6.Gen (2024) Cellular",9325809729801,1024GB / Brugt / Stjerneskær,48588073894153,c1986b3945c78f7b,1024GB,Brugt,Stjerneskær,continue,2449.00
"Brugt iPad Air 13"" 6.Gen (2024) Cellular",9325809729801,1024GB / Rigtig god / Space grey,48588073926921,c5cc23792f56ebbd,1024GB,Rigtig god,Space grey,continue,2449.00
"Brugt iPad Air 13"" 6.Gen (2024) Cellular",9325809729801,1024GB / Rigtig god / Lilla,48588073959689,685382e0128b2818,1024GB,Rigtig god,Lilla,continue,2449.00
"Brugt iPad Air 13"" 6.Gen (2024) Cellular",9325809729801,1024GB / Rigtig god / Blå,48588073992457,151ae5b8ea82f52e,1024GB,Rigtig god,Blå,continue,2449.00
"Brugt iPad Air 13"" 6.Gen (2024) Cellular",9325809729801,1024GB / Rigtig god / Stjerneskær,48588074025225,4c28d886f5df3ba6,1024GB,Rigtig god,Stjerneskær,continue,2449.00
"Brugt iPad Air 13"" 6.Gen (2024) Cellular",9325809729801,1024GB / Som ny / Space grey,48588074057993,c008baf6c02326e3,1024GB,Som ny,Space grey,continue,2449.00
"Brugt iPad Air 13"" 6.Gen (2024) Cellular",9325809729801,1024GB / Som ny / Lilla,48588074090761,e2ef3376d8d44af2,1024GB,Som ny,Lilla,continue,2449.00
"Brugt iPad Air 13"" 6.Gen (2024) Cellular",9325809729801,1024GB / Som ny / Blå,48588074123529,187ef71c3ad0baac,1024GB,Som ny,Blå,continue,2449.00
"Brugt iPad Air 13"" 6.Gen (2024) Cellular",9325809729801,1024GB / Som ny / Stjerneskær,48588074156297,4df7007613033ffa,1024GB,Som ny,Stjerneskær,continue,2449.00
"Brugt iPad Air 13"" 6.Gen (2024) WiFi",9325809795337,128GB / Brugbar / Space grey,48588075008265,74c3dbf37363c675,128GB,Brugbar,Space grey,continue,2449.00
"Brugt iPad Air 13"" 6.Gen (2024) WiFi",9325809795337,128GB / Brugbar / Blå,48588075041033,d25009db758b8054,128GB,Brugbar,Blå,continue,2449.00
"Brugt iPad Air 13"" 6.Gen (2024) WiFi",9325809795337,128GB / Brugbar / Lilla,48588075073801,ca6db3a811445252,128GB,Brugbar,Lilla,continue,2449.00
"Brugt iPad Air 13"" 6.Gen (2024) WiFi",9325809795337,128GB / Brugbar / Stjerneskær,48588075106569,a3b9ceeef1cdf9cf,128GB,Brugbar,Stjerneskær,continue,2449.00
"Brugt iPad Air 13"" 6.Gen (2024) WiFi",9325809795337,128GB / Brugt / Space grey,48588075139337,c2ddda631b9a5f79,128GB,Brugt,Space grey,continue,2449.00
"Brugt iPad Air 13"" 6.Gen (2024) WiFi",9325809795337,128GB / Brugt / Blå,48588075172105,32dcbf27b66f75ac,128GB,Brugt,Blå,continue,2449.00
"Brugt iPad Air 13"" 6.Gen (2024) WiFi",9325809795337,128GB / Brugt / Lilla,48588075204873,10a0e1a601ae5292,128GB,Brugt,Lilla,continue,2449.00
"Brugt iPad Air 13"" 6.Gen (2024) WiFi",9325809795337,128GB / Brugt / Stjerneskær,48588075237641,8f225a86e0952ce5,128GB,Brugt,Stjerneskær,continue,2449.00
"Brugt iPad Air 13"" 6.Gen (2024) WiFi",9325809795337,128GB / Rigtig god / Space grey,48588075270409,7cda2e3746b9b39b,128GB,Rigtig god,Space grey,continue,2449.00
"Brugt iPad Air 13"" 6.Gen (2024) WiFi",9325809795337,128GB / Rigtig god / Blå,48588075303177,57fb0012480016b5,128GB,Rigtig god,Blå,continue,2449.00
"Brugt iPad Air 13"" 6.Gen (2024) WiFi",9325809795337,128GB / Rigtig god / Lilla,48588075335945,06e9fd25ef023ba2,128GB,Rigtig god,Lilla,continue,2449.00
"Brugt iPad Air 13"" 6.Gen (2024) WiFi",9325809795337,128GB / Rigtig god / Stjerneskær,48588075368713,1d7b3b2f17e0c0d8,128GB,Rigtig god,Stjerneskær,continue,2449.00
"Brugt iPad Air 13"" 6.Gen (2024) WiFi",9325809795337,128GB / Som ny / Space grey,48588075401481,f8d07c8b208cf8ce,128GB,Som ny,Space grey,continue,2449.00
"Brugt iPad Air 13"" 6.Gen (2024) WiFi",9325809795337,128GB / Som ny / Blå,48588075434249,745c7c5f16710a47,128GB,Som ny,Blå,continue,2449.00
"Brugt iPad Air 13"" 6.Gen (2024) WiFi",9325809795337,128GB / Som ny / Lilla,48588075467017,a847d00f6bb6af5e,128GB,Som ny,Lilla,continue,2449.00
"Brugt iPad Air 13"" 6.Gen (2024) WiFi",9325809795337,128GB / Som ny / Stjerneskær,48588075499785,bcd77a03469cf888,128GB,Som ny,Stjerneskær,continue,2449.00
"Brugt iPad Air 13"" 6.Gen (2024) WiFi",9325809795337,256GB / Brugbar / Space grey,48588075532553,0175ae0a88b7e9b8,256GB,Brugbar,Space grey,continue,2449.00
"Brugt iPad Air 13"" 6.Gen (2024) WiFi",9325809795337,256GB / Brugbar / Blå,48588075565321,e453b2bb0e7590e0,256GB,Brugbar,Blå,continue,2449.00
"Brugt iPad Air 13"" 6.Gen (2024) WiFi",9325809795337,256GB / Brugbar / Lilla,48588075598089,052b5606417f8502,256GB,Brugbar,Lilla,continue,2449.00
"Brugt iPad Air 13"" 6.Gen (2024) WiFi",9325809795337,256GB / Brugbar / Stjerneskær,48588075630857,da5ea6b6f4fb3b69,256GB,Brugbar,Stjerneskær,continue,2449.00
"Brugt iPad Air 13"" 6.Gen (2024) WiFi",9325809795337,256GB / Brugt / Space grey,48588075663625,b7ff62de877281d6,256GB,Brugt,Space grey,continue,2449.00
"Brugt iPad Air 13"" 6.Gen (2024) WiFi",9325809795337,256GB / Brugt / Blå,48588075696393,1097c44fff1f287c,256GB,Brugt,Blå,continue,2449.00
"Brugt iPad Air 13"" 6.Gen (2024) WiFi",9325809795337,256GB / Brugt / Lilla,48588075729161,b9f4799fda966d90,256GB,Brugt,Lilla,continue,2449.00
"Brugt iPad Air 13"" 6.Gen (2024) WiFi",9325809795337,256GB / Brugt / Stjerneskær,48588075761929,dc9dea55e5bd70c2,256GB,Brugt,Stjerneskær,continue,2449.00
"Brugt iPad Air 13"" 6.Gen (2024) WiFi",9325809795337,256GB / Rigtig god / Space grey,48588075794697,b706f303c3e17c9c,256GB,Rigtig god,Space grey,continue,2449.00
"Brugt iPad Air 13"" 6.Gen (2024) WiFi",9325809795337,256GB / Rigtig god / Blå,48588075827465,6731bd23303c1ee9,256GB,Rigtig god,Blå,continue,2449.00
"Brugt iPad Air 13"" 6.Gen (2024) WiFi",9325809795337,256GB / Rigtig god / Lilla,48588075860233,85498535c0b85b8b,256GB,Rigtig god,Lilla,continue,2449.00
"Brugt iPad Air 13"" 6.Gen (2024) WiFi",9325809795337,256GB / Rigtig god / Stjerneskær,48588075893001,ad6ff553431ed5cf,256GB,Rigtig god,Stjerneskær,continue,2449.00
"Brugt iPad Air 13"" 6.Gen (2024) WiFi",9325809795337,256GB / Som ny / Space grey,48588075925769,ea91e13687041e7f,256GB,Som ny,Space grey,continue,2449.00
"Brugt iPad Air 13"" 6.Gen (2024) WiFi",9325809795337,256GB / Som ny / Blå,48588075958537,cdcd997a44fcfd2f,256GB,Som ny,Blå,continue,2449.00
"Brugt iPad Air 13"" 6.Gen (2024) WiFi",9325809795337,256GB / Som ny / Lilla,48588075991305,26579a52bfeff455,256GB,Som ny,Lilla,continue,2449.00
"Brugt iPad Air 13"" 6.Gen (2024) WiFi",9325809795337,256GB / Som ny / Stjerneskær,48588076024073,44963420d2cc70d0,256GB,Som ny,Stjerneskær,continue,2449.00
"Brugt iPad Air 13"" 6.Gen (2024) WiFi",9325809795337,512GB / Brugbar / Space grey,48588076056841,b94e1cfa9cf553b1,512GB,Brugbar,Space grey,continue,2449.00
"Brugt iPad Air 13"" 6.Gen (2024) WiFi",9325809795337,512GB / Brugbar / Blå,48588076089609,506e61b88923b20e,512GB,Brugbar,Blå,continue,2449.00
"Brugt iPad Air 13"" 6.Gen (2024) WiFi",9325809795337,512GB / Brugbar / Lilla,48588076122377,c893a74c39b08e78,512GB,Brugbar,Lilla,continue,2449.00
"Brugt iPad Air 13"" 6.Gen (2024) WiFi",9325809795337,512GB / Brugbar / Stjerneskær,48588076155145,3e61dcc22aa0e70f,512GB,Brugbar,Stjerneskær,continue,2449.00
"Brugt iPad Air 13"" 6.Gen (2024) WiFi",9325809795337,512GB / Brugt / Space grey,48588076187913,f598c1b0f2ba6673,512GB,Brugt,Space grey,continue,2449.00
"Brugt iPad Air 13"" 6.Gen (2024) WiFi",9325809795337,512GB / Brugt / Blå,48588076220681,d0b99181f21a2355,512GB,Brugt,Blå,continue,2449.00
"Brugt iPad Air 13"" 6.Gen (2024) WiFi",9325809795337,512GB / Brugt / Lilla,48588076253449,28b50708adbc9874,512GB,Brugt,Lilla,continue,2449.00
"Brugt iPad Air 13"" 6.Gen (2024) WiFi",9325809795337,512GB / Brugt / Stjerneskær,48588076286217,7f608dc5a3e5a3d4,512GB,Brugt,Stjerneskær,continue,2449.00
"Brugt iPad Air 13"" 6.Gen (2024) WiFi",9325809795337,512GB / Rigtig god / Space grey,48588076318985,89f15b8733af2c05,512GB,Rigtig god,Space grey,continue,2449.00
"Brugt iPad Air 13"" 6.Gen (2024) WiFi",9325809795337,512GB / Rigtig god / Blå,48588076351753,efbee4d13bd2488b,512GB,Rigtig god,Blå,continue,2449.00
"Brugt iPad Air 13"" 6.Gen (2024) WiFi",9325809795337,512GB / Rigtig god / Lilla,48588076384521,285d53c37637bf33,512GB,Rigtig god,Lilla,continue,2449.00
"Brugt iPad Air 13"" 6.Gen (2024) WiFi",9325809795337,512GB / Rigtig god / Stjerneskær,48588076417289,209b799f98603521,512GB,Rigtig god,Stjerneskær,continue,2449.00
"Brugt iPad Air 13"" 6.Gen (2024) WiFi",9325809795337,512GB / Som ny / Space grey,48588076450057,d21e903743d6ab6a,512GB,Som ny,Space grey,continue,2449.00
"Brugt iPad Air 13"" 6.Gen (2024) WiFi",9325809795337,512GB / Som ny / Blå,48588076482825,069b6e690545c706,512GB,Som ny,Blå,continue,2449.00
"Brugt iPad Air 13"" 6.Gen (2024) WiFi",9325809795337,512GB / Som ny / Lilla,48588076515593,87bd703bc359d01f,512GB,Som ny,Lilla,continue,2449.00
"Brugt iPad Air 13"" 6.Gen (2024) WiFi",9325809795337,512GB / Som ny / Stjerneskær,48588076548361,0ac2105913036768,512GB,Som ny,Stjerneskær,continue,2449.00
"Brugt iPad Air 13"" 6.Gen (2024) WiFi",9325809795337,1024GB / Brugbar / Space grey,48588076581129,15a51a4e191fefae,1024GB,Brugbar,Space grey,continue,2449.00
"Brugt iPad Air 13"" 6.Gen (2024) WiFi",9325809795337,1024GB / Brugbar / Blå,48588076613897,e1a9e555d6a2f813,1024GB,Brugbar,Blå,continue,2449.00
"Brugt iPad Air 13"" 6.Gen (2024) WiFi",9325809795337,1024GB / Brugbar / Lilla,48588076646665,31644174d23f319b,1024GB,Brugbar,Lilla,continue,2449.00
"Brugt iPad Air 13"" 6.Gen (2024) WiFi",9325809795337,1024GB / Brugbar / Stjerneskær,48588076679433,3d837e1bf2bde663,1024GB,Brugbar,Stjerneskær,continue,2449.00
"Brugt iPad Air 13"" 6.Gen (2024) WiFi",9325809795337,1024GB / Brugt / Space grey,48588076712201,0a0174c4684dfefa,1024GB,Brugt,Space grey,continue,2449.00
"Brugt iPad Air 13"" 6.Gen (2024) WiFi",9325809795337,1024GB / Brugt / Blå,48588076744969,713f944dc3dcd8a5,1024GB,Brugt,Blå,continue,2449.00
"Brugt iPad Air 13"" 6.Gen (2024) WiFi",9325809795337,1024GB / Brugt / Lilla,48588076777737,f89eba7c8a1954b3,1024GB,Brugt,Lilla,continue,2449.00
"Brugt iPad Air 13"" 6.Gen (2024) WiFi",9325809795337,1024GB / Brugt / Stjerneskær,48588076810505,2d7e6cda83bceea8,1024GB,Brugt,Stjerneskær,continue,2449.00
"Brugt iPad Air 13"" 6.Gen (2024) WiFi",9325809795337,1024GB / Rigtig god / Space grey,48588076843273,5211935b545142e4,1024GB,Rigtig god,Space grey,continue,2449.00
"Brugt iPad Air 13"" 6.Gen (2024) WiFi",9325809795337,1024GB / Rigtig god / Blå,48588076876041,90f570de7c29c71c,1024GB,Rigtig god,Blå,continue,2449.00
"Brugt iPad Air 13"" 6.Gen (2024) WiFi",9325809795337,1024GB / Rigtig god / Lilla,48588076908809,c44cd8e91f64ac0c,1024GB,Rigtig god,Lilla,continue,2449.00
"Brugt iPad Air 13"" 6.Gen (2024) WiFi",9325809795337,1024GB / Rigtig god / Stjerneskær,48588076941577,8f9b86e35d27ece2,1024GB,Rigtig god,Stjerneskær,continue,2449.00
"Brugt iPad Air 13"" 6.Gen (2024) WiFi",9325809795337,1024GB / Som ny / Space grey,48588076974345,91cb4f35b69fc7ce,1024GB,Som ny,Space grey,continue,2449.00
"Brugt iPad Air 13"" 6.Gen (2024) WiFi",9325809795337,1024GB / Som ny / Blå,48588077007113,4027456600ee6fbf,1024GB,Som ny,Blå,continue,2449.00
"Brugt iPad Air 13"" 6.Gen (2024) WiFi",9325809795337,1024GB / Som ny / Lilla,48588077039881,005a2a6feb74dd1c,1024GB,Som ny,Lilla,continue,2449.00
"Brugt iPad Air 13"" 6.Gen (2024) WiFi",9325809795337,1024GB / Som ny / Stjerneskær,48588077072649,b70539a8be70855f,1024GB,Som ny,Stjerneskær,continue,2449.00
"Brugt iPad Air 9.7"" (2013) Cellular",9318759432457,16GB / Brugbar / Space Grey,48559253651721,92c165702cb01663,16GB,Brugbar,Space Grey,continue,295.00
"Brugt iPad Air 9.7"" (2013) Cellular",9318759432457,16GB / Brugbar / Sølv,48559253684489,af1b14659062c772,16GB,Brugbar,Sølv,continue,295.00
"Brugt iPad Air 9.7"" (2013) Cellular",9318759432457,16GB / Brugt / Space Grey,48559253717257,d4578494c3c355be,16GB,Brugt,Space Grey,continue,395.00
"Brugt iPad Air 9.7"" (2013) Cellular",9318759432457,16GB / Brugt / Sølv,48559253750025,3b2901fef2158322,16GB,Brugt,Sølv,continue,395.00
"Brugt iPad Air 9.7"" (2013) Cellular",9318759432457,16GB / Rigtig god / Space Grey,48559253782793,1d7577a8bdb15ae1,16GB,Rigtig god,Space Grey,continue,495.00
"Brugt iPad Air 9.7"" (2013) Cellular",9318759432457,16GB / Rigtig god / Sølv,48559253815561,7287251215fb5a72,16GB,Rigtig god,Sølv,continue,495.00
"Brugt iPad Air 9.7"" (2013) Cellular",9318759432457,16GB / Som ny / Space Grey,48559253848329,5ae6d9cca3d45c8f,16GB,Som ny,Space Grey,continue,595.00
"Brugt iPad Air 9.7"" (2013) Cellular",9318759432457,16GB / Som ny / Sølv,48559253881097,de09f43aa96a807a,16GB,Som ny,Sølv,continue,595.00
"Brugt iPad Air 9.7"" (2013) Cellular",9318759432457,32GB / Brugbar / Space Grey,48559253913865,c49f9bddf85bd649,32GB,Brugbar,Space Grey,continue,395.00
"Brugt iPad Air 9.7"" (2013) Cellular",9318759432457,32GB / Brugbar / Sølv,48559253946633,b6a7b34913d2e28c,32GB,Brugbar,Sølv,continue,395.00
"Brugt iPad Air 9.7"" (2013) Cellular",9318759432457,32GB / Brugt / Space Grey,48559253979401,d2146e8ff913f4e7,32GB,Brugt,Space Grey,continue,495.00
"Brugt iPad Air 9.7"" (2013) Cellular",9318759432457,32GB / Brugt / Sølv,48559254012169,61e8747f7dd20553,32GB,Brugt,Sølv,continue,495.00
"Brugt iPad Air 9.7"" (2013) Cellular",9318759432457,32GB / Rigtig god / Space Grey,48559254044937,81e3bc70212703ec,32GB,Rigtig god,Space Grey,continue,595.00
"Brugt iPad Air 9.7"" (2013) Cellular",9318759432457,32GB / Rigtig god / Sølv,48559254077705,d746e02494511bf6,32GB,Rigtig god,Sølv,continue,595.00
"Brugt iPad Air 9.7"" (2013) Cellular",9318759432457,32GB / Som ny / Space Grey,48559254110473,732005f516ae295b,32GB,Som ny,Space Grey,continue,695.00
"Brugt iPad Air 9.7"" (2013) Cellular",9318759432457,32GB / Som ny / Sølv,48559254143241,e8a25ae9f6cba66a,32GB,Som ny,Sølv,continue,695.00
"Brugt iPad Air 9.7"" (2013) Cellular",9318759432457,64GB / Brugbar / Space Grey,48559254176009,55ab497c4af3b656,64GB,Brugbar,Space Grey,continue,495.00
"Brugt iPad Air 9.7"" (2013) Cellular",9318759432457,64GB / Brugbar / Sølv,48559254208777,625f241be253c713,64GB,Brugbar,Sølv,continue,495.00
"Brugt iPad Air 9.7"" (2013) Cellular",9318759432457,64GB / Brugt / Space Grey,48559254241545,5b2188b8b19501c4,64GB,Brugt,Space Grey,continue,595.00
"Brugt iPad Air 9.7"" (2013) Cellular",9318759432457,64GB / Brugt / Sølv,48559254274313,49197bad9897f995,64GB,Brugt,Sølv,continue,595.00
"Brugt iPad Air 9.7"" (2013) Cellular",9318759432457,64GB / Rigtig god / Space Grey,48559254307081,5a4e6bc941edbc75,64GB,Rigtig god,Space Grey,continue,695.00
"Brugt iPad Air 9.7"" (2013) Cellular",9318759432457,64GB / Rigtig god / Sølv,48559254339849,eec237ace7c4a2d2,64GB,Rigtig god,Sølv,continue,695.00
"Brugt iPad Air 9.7"" (2013) Cellular",9318759432457,64GB / Som ny / Space Grey,48559254372617,935228b88149adfb,64GB,Som ny,Space Grey,continue,795.00
"Brugt iPad Air 9.7"" (2013) Cellular",9318759432457,64GB / Som ny / Sølv,48559254405385,69894f84f116d19b,64GB,Som ny,Sølv,continue,795.00
"Brugt iPad Air 9.7"" (2013) Cellular",9318759432457,128GB / Brugbar / Space Grey,48559254438153,c99a672d7c9e1b01,128GB,Brugbar,Space Grey,continue,595.00
"Brugt iPad Air 9.7"" (2013) Cellular",9318759432457,128GB / Brugbar / Sølv,48559254470921,7279be0015d31abd,128GB,Brugbar,Sølv,continue,595.00
"Brugt iPad Air 9.7"" (2013) Cellular",9318759432457,128GB / Brugt / Space Grey,48559254503689,c4670a9323ef665f,128GB,Brugt,Space Grey,continue,695.00
"Brugt iPad Air 9.7"" (2013) Cellular",9318759432457,128GB / Brugt / Sølv,48559254536457,bb032039c2c6b9b1,128GB,Brugt,Sølv,continue,695.00
"Brugt iPad Air 9.7"" (2013) Cellular",9318759432457,128GB / Rigtig god / Space Grey,48559254569225,f16c2f2e777cf023,128GB,Rigtig god,Space Grey,continue,795.00
"Brugt iPad Air 9.7"" (2013) Cellular",9318759432457,128GB / Rigtig god / Sølv,48559254601993,12bd8c36d1568fbb,128GB,Rigtig god,Sølv,continue,795.00
"Brugt iPad Air 9.7"" (2013) Cellular",9318759432457,128GB / Som ny / Space Grey,48559254634761,bdb901a2122a376c,128GB,Som ny,Space Grey,continue,895.00
"Brugt iPad Air 9.7"" (2013) Cellular",9318759432457,128GB / Som ny / Sølv,48559254667529,8969690a04c0660f,128GB,Som ny,Sølv,continue,895.00
"Brugt iPad Air 9.7"" (2013) WiFi",9318759399689,16GB / Brugbar / Space Grey,48559252603145,3efa404f5145ce68,16GB,Brugbar,Space Grey,continue,195.00
"Brugt iPad Air 9.7"" (2013) WiFi",9318759399689,16GB / Brugbar / Sølv,48559252635913,504f0e98a802e70e,16GB,Brugbar,Sølv,continue,195.00
"Brugt iPad Air 9.7"" (2013) WiFi",9318759399689,16GB / Brugt / Space Grey,48559252668681,b825330a582623e6,16GB,Brugt,Space Grey,continue,295.00
"Brugt iPad Air 9.7"" (2013) WiFi",9318759399689,16GB / Brugt / Sølv,48559252701449,125d5ce62987c849,16GB,Brugt,Sølv,continue,295.00
"Brugt iPad Air 9.7"" (2013) WiFi",9318759399689,16GB / Rigtig god / Space Grey,48559252734217,874969bbc1a94a38,16GB,Rigtig god,Space Grey,continue,395.00
"Brugt iPad Air 9.7"" (2013) WiFi",9318759399689,16GB / Rigtig god / Sølv,48559252766985,6600ac2f2b5dac9a,16GB,Rigtig god,Sølv,continue,395.00
"Brugt iPad Air 9.7"" (2013) WiFi",9318759399689,16GB / Som ny / Space Grey,48559252799753,8cba67f5d03f332f,16GB,Som ny,Space Grey,continue,495.00
"Brugt iPad Air 9.7"" (2013) WiFi",9318759399689,16GB / Som ny / Sølv,48559252832521,59a6a3261600094c,16GB,Som ny,Sølv,continue,495.00
"Brugt iPad Air 9.7"" (2013) WiFi",9318759399689,32GB / Brugbar / Space Grey,48559252865289,0d613223ba0a2525,32GB,Brugbar,Space Grey,continue,295.00
"Brugt iPad Air 9.7"" (2013) WiFi",9318759399689,32GB / Brugbar / Sølv,48559252898057,7ef4863d0b34b732,32GB,Brugbar,Sølv,continue,295.00
"Brugt iPad Air 9.7"" (2013) WiFi",9318759399689,32GB / Brugt / Space Grey,48559252930825,36ddd7141b272856,32GB,Brugt,Space Grey,continue,395.00
"Brugt iPad Air 9.7"" (2013) WiFi",9318759399689,32GB / Brugt / Sølv,48559252963593,34712241e9a6995f,32GB,Brugt,Sølv,continue,395.00
"Brugt iPad Air 9.7"" (2013) WiFi",9318759399689,32GB / Rigtig god / Space Grey,48559252996361,ca03419bf6c37703,32GB,Rigtig god,Space Grey,continue,495.00
"Brugt iPad Air 9.7"" (2013) WiFi",9318759399689,32GB / Rigtig god / Sølv,48559253029129,1e58f8c57de9747c,32GB,Rigtig god,Sølv,continue,495.00
"Brugt iPad Air 9.7"" (2013) WiFi",9318759399689,32GB / Som ny / Space Grey,48559253061897,5d433b0d311e08a7,32GB,Som ny,Space Grey,continue,595.00
"Brugt iPad Air 9.7"" (2013) WiFi",9318759399689,32GB / Som ny / Sølv,48559253094665,19600ec7e29f5eb2,32GB,Som ny,Sølv,continue,595.00
"Brugt iPad Air 9.7"" (2013) WiFi",9318759399689,128GB / Brugbar / Space Grey,48559253127433,70c49984f5476768,128GB,Brugbar,Space Grey,continue,495.00
"Brugt iPad Air 9.7"" (2013) WiFi",9318759399689,128GB / Brugbar / Sølv,48559253160201,fb6d43f089c04e78,128GB,Brugbar,Sølv,continue,495.00
"Brugt iPad Air 9.7"" (2013) WiFi",9318759399689,128GB / Brugt / Space Grey,48559253192969,5b385ca99db828ea,128GB,Brugt,Space Grey,continue,595.00
"Brugt iPad Air 9.7"" (2013) WiFi",9318759399689,128GB / Brugt / Sølv,48559253225737,38bf9882aa0a5310,128GB,Brugt,Sølv,continue,595.00
"Brugt iPad Air 9.7"" (2013) WiFi",9318759399689,128GB / Rigtig god / Space Grey,48559253258505,7a466ae539195f71,128GB,Rigtig god,Space Grey,continue,695.00
"Brugt iPad Air 9.7"" (2013) WiFi",9318759399689,128GB / Rigtig god / Sølv,48559253291273,3e0571290c0ac541,128GB,Rigtig god,Sølv,continue,695.00
"Brugt iPad Air 9.7"" (2013) WiFi",9318759399689,128GB / Som ny / Space Grey,48559253324041,70c039698a1bc08c,128GB,Som ny,Space Grey,continue,795.00
"Brugt iPad Air 9.7"" (2013) WiFi",9318759399689,128GB / Som ny / Sølv,48559253356809,a574308cf42af91c,128GB,Som ny,Sølv,continue,795.00
"Brugt iPad Air 9.7"" (2013) WiFi",9318759399689,64GB / Brugbar / Space Grey,48559253389577,14b5f6d8e2934fd7,64GB,Brugbar,Space Grey,continue,395.00
"Brugt iPad Air 9.7"" (2013) WiFi",9318759399689,64GB / Brugbar / Sølv,48559253422345,1a91b521ddf57ab8,64GB,Brugbar,Sølv,continue,395.00
"Brugt iPad Air 9.7"" (2013) WiFi",9318759399689,64GB / Brugt / Space Grey,48559253455113,ffb8b97eda2bc9a4,64GB,Brugt,Space Grey,continue,495.00
"Brugt iPad Air 9.7"" (2013) WiFi",9318759399689,64GB / Brugt / Sølv,48559253487881,709a5c9885d112ec,64GB,Brugt,Sølv,continue,495.00
"Brugt iPad Air 9.7"" (2013) WiFi",9318759399689,64GB / Rigtig god / Space Grey,48559253520649,28c5c6434f6ab0fb,64GB,Rigtig god,Space Grey,continue,595.00
"Brugt iPad Air 9.7"" (2013) WiFi",9318759399689,64GB / Rigtig god / Sølv,48559253553417,6f736f2fa7c6dd4a,64GB,Rigtig god,Sølv,continue,595.00
"Brugt iPad Air 9.7"" (2013) WiFi",9318759399689,64GB / Som ny / Space Grey,48559253586185,fc213fd85b056ceb,64GB,Som ny,Space Grey,continue,695.00
"Brugt iPad Air 9.7"" (2013) WiFi",9318759399689,64GB / Som ny / Sølv,48559253618953,e4bcc743665db474,64GB,Som ny,Sølv,continue,695.00
"Brugt iPad Mini 7.9"" 5. Gen. (2019) Cellular",9318758285577,64GB / Rigtig god / Space Grey,48559236645129,d9b29a8e13c87c23,64GB,Rigtig god,Space Grey,continue,2024.00
"Brugt iPad Mini 7.9"" 5. Gen. (2019) Cellular",9318758285577,64GB / Rigtig god / Sølv,48559236677897,c18ab694c295943a,64GB,Rigtig god,Sølv,continue,2024.00
"Brugt iPad Mini 7.9"" 5. Gen. (2019) Cellular",9318758285577,64GB / Rigtig god / Rosa Guld,48559236710665,1829c8dcad16449d,64GB,Rigtig god,Rosa Guld,continue,2024.00
"Brugt iPad Mini 7.9"" 5. Gen. (2019) Cellular",9318758285577,64GB / Som ny / Space Grey,48559236743433,377912ff7a50c6f6,64GB,Som ny,Space Grey,continue,2204.00
"Brugt iPad Mini 7.9"" 5. Gen. (2019) Cellular",9318758285577,64GB / Som ny / Sølv,48559236776201,529b3a79b29c275e,64GB,Som ny,Sølv,continue,2204.00
"Brugt iPad Mini 7.9"" 5. Gen. (2019) Cellular",9318758285577,64GB / Som ny / Rosa Guld,48559236808969,1bc49e967b413284,64GB,Som ny,Rosa Guld,continue,2204.00
"Brugt iPad Mini 7.9"" 5. Gen. (2019) Cellular",9318758285577,256GB / Rigtig god / Space Grey,48559237038345,058933612f7f7a9f,256GB,Rigtig god,Space Grey,continue,2564.00
"Brugt iPad Mini 7.9"" 5. Gen. (2019) Cellular",9318758285577,256GB / Rigtig god / Sølv,48559237071113,13547f4fb9acdcd9,256GB,Rigtig god,Sølv,continue,2564.00
"Brugt iPad Mini 7.9"" 5. Gen. (2019) Cellular",9318758285577,256GB / Rigtig god / Rosa Guld,48559237103881,f06379045ab71a96,256GB,Rigtig god,Rosa Guld,continue,2564.00
"Brugt iPad Mini 7.9"" 5. Gen. (2019) Cellular",9318758285577,256GB / Som ny / Space Grey,48559237136649,ab39a98267c28079,256GB,Som ny,Space Grey,continue,2744.00
"Brugt iPad Mini 7.9"" 5. Gen. (2019) Cellular",9318758285577,256GB / Som ny / Sølv,48559237169417,29649f8f32efeb90,256GB,Som ny,Sølv,continue,2744.00
"Brugt iPad Mini 7.9"" 5. Gen. (2019) Cellular",9318758285577,256GB / Som ny / Rosa Guld,48559237202185,04021377f080ade2,256GB,Som ny,Rosa Guld,continue,2744.00
"Brugt iPad Mini 7.9"" 5. Gen. (2019) WiFi",9318758187273,64GB / Rigtig god / Space Grey,48559235793161,8c277ffa55a53740,64GB,Rigtig god,Space Grey,continue,1844.00
"Brugt iPad Mini 7.9"" 5. Gen. (2019) WiFi",9318758187273,64GB / Rigtig god / Sølv,48559235825929,1650ddb309c71f1d,64GB,Rigtig god,Sølv,continue,1844.00
"Brugt iPad Mini 7.9"" 5. Gen. (2019) WiFi",9318758187273,64GB / Rigtig god / Rosa Guld,48559235858697,b5d59125bd489e9a,64GB,Rigtig god,Rosa Guld,continue,1844.00
"Brugt iPad Mini 7.9"" 5. Gen. (2019) WiFi",9318758187273,64GB / Som ny / Space Grey,48559235891465,ff2a6a20ee962df6,64GB,Som ny,Space Grey,continue,2024.00
"Brugt iPad Mini 7.9"" 5. Gen. (2019) WiFi",9318758187273,64GB / Som ny / Sølv,48559235924233,3e2e43e88e5526e8,64GB,Som ny,Sølv,continue,2024.00
"Brugt iPad Mini 7.9"" 5. Gen. (2019) WiFi",9318758187273,64GB / Som ny / Rosa Guld,48559235957001,233f8a0a00ad3d83,64GB,Som ny,Rosa Guld,continue,2024.00
"Brugt iPad Mini 7.9"" 5. Gen. (2019) WiFi",9318758187273,256GB / Rigtig god / Space Grey,48559236186377,a0e73a9e8046079d,256GB,Rigtig god,Space Grey,continue,2384.00
"Brugt iPad Mini 7.9"" 5. Gen. (2019) WiFi",9318758187273,256GB / Rigtig god / Sølv,48559236219145,27e011818587fbcd,256GB,Rigtig god,Sølv,continue,2384.00
"Brugt iPad Mini 7.9"" 5. Gen. (2019) WiFi",9318758187273,256GB / Rigtig god / Rosa Guld,48559236251913,0bcf4c8b887aea54,256GB,Rigtig god,Rosa Guld,continue,2384.00
"Brugt iPad Mini 7.9"" 5. Gen. (2019) WiFi",9318758187273,256GB / Som ny / Space Grey,48559236284681,0b324eac79476706,256GB,Som ny,Space Grey,continue,2564.00
"Brugt iPad Mini 7.9"" 5. Gen. (2019) WiFi",9318758187273,256GB / Som ny / Sølv,48559236317449,e615544245a10d67,256GB,Som ny,Sølv,continue,2564.00
"Brugt iPad Mini 7.9"" 5. Gen. (2019) WiFi",9318758187273,256GB / Som ny / Rosa Guld,48559236350217,bcd84c27f5898248,256GB,Som ny,Rosa Guld,continue,2564.00
"Brugt iPad Mini 8.3"" 6. Gen. (2021) Cellular",9318757794057,64GB / Rigtig god / Space Grey,48559232778505,0fcbbc8a4ded396a,64GB,Rigtig god,Space Grey,continue,3914.00
"Brugt iPad Mini 8.3"" 6. Gen. (2021) Cellular",9318757794057,64GB / Rigtig god / Stjerneskær,48559232811273,829e0e7f161e70b5,64GB,Rigtig god,Stjerneskær,continue,3914.00
"Brugt iPad Mini 8.3"" 6. Gen. (2021) Cellular",9318757794057,64GB / Rigtig god / Lyserød,48559232844041,6a1b35f6d4fba2e6,64GB,Rigtig god,Lyserød,continue,3914.00
"Brugt iPad Mini 8.3"" 6. Gen. (2021) Cellular",9318757794057,64GB / Rigtig god / Lilla,48559232876809,70341b673fabb8d6,64GB,Rigtig god,Lilla,continue,3914.00
"Brugt iPad Mini 8.3"" 6. Gen. (2021) Cellular",9318757794057,64GB / Som ny / Space Grey,48559232909577,c2fd0d7a1780ee72,64GB,Som ny,Space Grey,continue,4454.00
"Brugt iPad Mini 8.3"" 6. Gen. (2021) Cellular",9318757794057,64GB / Som ny / Stjerneskær,48559232942345,bd4b8493f3d9b8d1,64GB,Som ny,Stjerneskær,continue,4454.00
"Brugt iPad Mini 8.3"" 6. Gen. (2021) Cellular",9318757794057,64GB / Som ny / Lyserød,48559232975113,1059b2760ae3e10a,64GB,Som ny,Lyserød,continue,4454.00
"Brugt iPad Mini 8.3"" 6. Gen. (2021) Cellular",9318757794057,64GB / Som ny / Lilla,48559233007881,71040716082f9800,64GB,Som ny,Lilla,continue,4454.00
"Brugt iPad Mini 8.3"" 6. Gen. (2021) Cellular",9318757794057,256GB / Rigtig god / Space Grey,48559233302793,32ab02298d0d0d99,256GB,Rigtig god,Space Grey,continue,4634.00
"Brugt iPad Mini 8.3"" 6. Gen. (2021) Cellular",9318757794057,256GB / Rigtig god / Stjerneskær,48559233335561,baf9da3106b4ef04,256GB,Rigtig god,Stjerneskær,continue,4634.00
"Brugt iPad Mini 8.3"" 6. Gen. (2021) Cellular",9318757794057,256GB / Rigtig god / Lyserød,48559233368329,60a94950aa58b313,256GB,Rigtig god,Lyserød,continue,4634.00
"Brugt iPad Mini 8.3"" 6. Gen. (2021) Cellular",9318757794057,256GB / Rigtig god / Lilla,48559233401097,1e43dc7801c814f6,256GB,Rigtig god,Lilla,continue,4634.00
"Brugt iPad Mini 8.3"" 6. Gen. (2021) Cellular",9318757794057,256GB / Som ny / Space Grey,48559233433865,84cd03f4df0cc89f,256GB,Som ny,Space Grey,continue,5264.00
"Brugt iPad Mini 8.3"" 6. Gen. (2021) Cellular",9318757794057,256GB / Som ny / Stjerneskær,48559233466633,b794e26f3a2d01e2,256GB,Som ny,Stjerneskær,continue,5264.00
"Brugt iPad Mini 8.3"" 6. Gen. (2021) Cellular",9318757794057,256GB / Som ny / Lyserød,48559233499401,93367dbff42f56df,256GB,Som ny,Lyserød,continue,5264.00
"Brugt iPad Mini 8.3"" 6. Gen. (2021) Cellular",9318757794057,256GB / Som ny / Lilla,48559233532169,f8703db7f4cfe9d6,256GB,Som ny,Lilla,continue,5264.00
"Brugt iPad Mini 8.3"" 6. Gen. (2021) WiFi",9318757466377,64GB / Rigtig god / Space Grey,48559228748041,327e7d0c4936aac2,64GB,Rigtig god,Space Grey,continue,3194.00
"Brugt iPad Mini 8.3"" 6. Gen. (2021) WiFi",9318757466377,64GB / Rigtig god / Stjerneskær,48559228780809,80839f26908570fc,64GB,Rigtig god,Stjerneskær,continue,3194.00
"Brugt iPad Mini 8.3"" 6. Gen. (2021) WiFi",9318757466377,64GB / Rigtig god / Lyserød,48559228813577,496f6a5f073fe104,64GB,Rigtig god,Lyserød,continue,3194.00
"Brugt iPad Mini 8.3"" 6. Gen. (2021) WiFi",9318757466377,64GB / Rigtig god / Lilla,48559228846345,8f557a329354fdf5,64GB,Rigtig god,Lilla,continue,3194.00
"Brugt iPad Mini 8.3"" 6. Gen. (2021) WiFi",9318757466377,64GB / Som ny / Space Grey,48559228879113,db1ba113b25218d4,64GB,Som ny,Space Grey,continue,3734.00
"Brugt iPad Mini 8.3"" 6. Gen. (2021) WiFi",9318757466377,64GB / Som ny / Stjerneskær,48559228911881,154c6871a964d04d,64GB,Som ny,Stjerneskær,continue,3734.00
"Brugt iPad Mini 8.3"" 6. Gen. (2021) WiFi",9318757466377,64GB / Som ny / Lyserød,48559228944649,e796fa5602d83026,64GB,Som ny,Lyserød,continue,3734.00
"Brugt iPad Mini 8.3"" 6. Gen. (2021) WiFi",9318757466377,64GB / Som ny / Lilla,48559228977417,4c3b56371bbb42a4,64GB,Som ny,Lilla,continue,3734.00
"Brugt iPad Mini 8.3"" 6. Gen. (2021) WiFi",9318757466377,256GB / Rigtig god / Space Grey,48559229272329,ac0ecdfddd252192,256GB,Rigtig god,Space Grey,continue,3914.00
"Brugt iPad Mini 8.3"" 6. Gen. (2021) WiFi",9318757466377,256GB / Rigtig god / Stjerneskær,48559229305097,b81207729ff7315b,256GB,Rigtig god,Stjerneskær,continue,3914.00
"Brugt iPad Mini 8.3"" 6. Gen. (2021) WiFi",9318757466377,256GB / Rigtig god / Lyserød,48559229337865,948b5ee79af76a69,256GB,Rigtig god,Lyserød,continue,3914.00
"Brugt iPad Mini 8.3"" 6. Gen. (2021) WiFi",9318757466377,256GB / Rigtig god / Lilla,48559229370633,c42511b78fa59a1a,256GB,Rigtig god,Lilla,continue,3914.00
"Brugt iPad Mini 8.3"" 6. Gen. (2021) WiFi",9318757466377,256GB / Som ny / Space Grey,48559229403401,40bcf1376447f2e2,256GB,Som ny,Space Grey,continue,4454.00
"Brugt iPad Mini 8.3"" 6. Gen. (2021) WiFi",9318757466377,256GB / Som ny / Stjerneskær,48559229436169,415cbc05681e9eb8,256GB,Som ny,Stjerneskær,continue,4454.00
"Brugt iPad Mini 8.3"" 6. Gen. (2021) WiFi",9318757466377,256GB / Som ny / Lyserød,48559229468937,d84629dcf488a59c,256GB,Som ny,Lyserød,continue,4454.00
"Brugt iPad Mini 8.3"" 6. Gen. (2021) WiFi",9318757466377,256GB / Som ny / Lilla,48559229501705,e206a0cd0ea6d7ad,256GB,Som ny,Lilla,continue,4454.00
"Brugt iPad Pro 10.5"" (2017) Cellular",9318758514953,64GB / Brugbar / Space Grey,48559240511753,d6d539114d8d49e5,64GB,Brugbar,Space Grey,continue,2049.00
"Brugt iPad Pro 10.5"" (2017) Cellular",9318758514953,64GB / Brugbar / Rosa Guld,48559240544521,19cb11ce4fd1afa8,64GB,Brugbar,Rosa Guld,continue,2049.00
"Brugt iPad Pro 10.5"" (2017) Cellular",9318758514953,64GB / Brugbar / Guld,48559240577289,a74549833c0ae8dd,64GB,Brugbar,Guld,continue,2049.00
"Brugt iPad Pro 10.5"" (2017) Cellular",9318758514953,64GB / Brugt / Space Grey,48559240610057,c66a635ab4d1470b,64GB,Brugt,Space Grey,continue,2249.00
"Brugt iPad Pro 10.5"" (2017) Cellular",9318758514953,64GB / Brugt / Rosa Guld,48559240642825,a7197f53e44d7f0a,64GB,Brugt,Rosa Guld,continue,2249.00
"Brugt iPad Pro 10.5"" (2017) Cellular",9318758514953,64GB / Brugt / Guld,48559240675593,3829eb9b5ae1314e,64GB,Brugt,Guld,continue,2249.00
"Brugt iPad Pro 10.5"" (2017) Cellular",9318758514953,64GB / Rigtig god / Space Grey,48559240708361,78d63f448f45839e,64GB,Rigtig god,Space Grey,continue,2449.00
"Brugt iPad Pro 10.5"" (2017) Cellular",9318758514953,64GB / Rigtig god / Rosa Guld,48559240741129,bbb40ac00b792ce1,64GB,Rigtig god,Rosa Guld,continue,2449.00
"Brugt iPad Pro 10.5"" (2017) Cellular",9318758514953,64GB / Rigtig god / Guld,48559240773897,d7932ba485b532bb,64GB,Rigtig god,Guld,continue,2449.00
"Brugt iPad Pro 10.5"" (2017) Cellular",9318758514953,64GB / Som ny / Space Grey,48559240806665,bafbc63444643d15,64GB,Som ny,Space Grey,continue,2649.00
"Brugt iPad Pro 10.5"" (2017) Cellular",9318758514953,64GB / Som ny / Rosa Guld,48559240839433,ad9b1e15d8510aa6,64GB,Som ny,Rosa Guld,continue,2649.00
"Brugt iPad Pro 10.5"" (2017) Cellular",9318758514953,64GB / Som ny / Guld,48559240872201,a42c7e51a331ca6c,64GB,Som ny,Guld,continue,2649.00
"Brugt iPad Pro 10.5"" (2017) Cellular",9318758514953,256GB / Brugbar / Space Grey,48559240904969,2aaf867ba60da237,256GB,Brugbar,Space Grey,continue,2449.00
"Brugt iPad Pro 10.5"" (2017) Cellular",9318758514953,256GB / Brugbar / Rosa Guld,48559240937737,dd2739fd3b0e0d14,256GB,Brugbar,Rosa Guld,continue,2449.00
"Brugt iPad Pro 10.5"" (2017) Cellular",9318758514953,256GB / Brugbar / Guld,48559240970505,92be8e130ab1ea3b,256GB,Brugbar,Guld,continue,2449.00
"Brugt iPad Pro 10.5"" (2017) Cellular",9318758514953,256GB / Brugt / Space Grey,48559241003273,10dcaf5b3f353930,256GB,Brugt,Space Grey,continue,2649.00
"Brugt iPad Pro 10.5"" (2017) Cellular",9318758514953,256GB / Brugt / Rosa Guld,48559241036041,5ce8f14181c086b6,256GB,Brugt,Rosa Guld,continue,2649.00
"Brugt iPad Pro 10.5"" (2017) Cellular",9318758514953,256GB / Brugt / Guld,48559241068809,936415adf268415f,256GB,Brugt,Guld,continue,2649.00
"Brugt iPad Pro 10.5"" (2017) Cellular",9318758514953,256GB / Rigtig god / Space Grey,48559241101577,406de5f483d1b212,256GB,Rigtig god,Space Grey,continue,2849.00
"Brugt iPad Pro 10.5"" (2017) Cellular",9318758514953,256GB / Rigtig god / Rosa Guld,48559241134345,5ee0c98ad7c9249a,256GB,Rigtig god,Rosa Guld,continue,2849.00
"Brugt iPad Pro 10.5"" (2017) Cellular",9318758514953,256GB / Rigtig god / Guld,48559241167113,fb804e9fbc28ac6c,256GB,Rigtig god,Guld,continue,2849.00
"Brugt iPad Pro 10.5"" (2017) Cellular",9318758514953,256GB / Som ny / Space Grey,48559241199881,2fa7ddf9176b54e6,256GB,Som ny,Space Grey,continue,3049.00
"Brugt iPad Pro 10.5"" (2017) Cellular",9318758514953,256GB / Som ny / Rosa Guld,48559241232649,73cff1f2853c76c3,256GB,Som ny,Rosa Guld,continue,3049.00
"Brugt iPad Pro 10.5"" (2017) Cellular",9318758514953,256GB / Som ny / Guld,48559241265417,0b0be6cfb473786c,256GB,Som ny,Guld,continue,3049.00
"Brugt iPad Pro 10.5"" (2017) Cellular",9318758514953,512GB / Brugbar / Space Grey,48559241298185,1b7f919d54e5d61e,512GB,Brugbar,Space Grey,continue,2849.00
"Brugt iPad Pro 10.5"" (2017) Cellular",9318758514953,512GB / Brugbar / Rosa Guld,48559241330953,d85ebfe3d99d55e8,512GB,Brugbar,Rosa Guld,continue,2849.00
"Brugt iPad Pro 10.5"" (2017) Cellular",9318758514953,512GB / Brugbar / Guld,48559241363721,8f4ba4ebe80efc76,512GB,Brugbar,Guld,continue,2849.00
"Brugt iPad Pro 10.5"" (2017) Cellular",9318758514953,512GB / Brugt / Space Grey,48559241396489,008928c5e882b6f9,512GB,Brugt,Space Grey,continue,3049.00
"Brugt iPad Pro 10.5"" (2017) Cellular",9318758514953,512GB / Brugt / Rosa Guld,48559241429257,20df3895d144a1a4,512GB,Brugt,Rosa Guld,continue,3049.00
"Brugt iPad Pro 10.5"" (2017) Cellular",9318758514953,512GB / Brugt / Guld,48559241462025,2f7a46328b6178da,512GB,Brugt,Guld,continue,3049.00
"Brugt iPad Pro 10.5"" (2017) Cellular",9318758514953,512GB / Rigtig god / Space Grey,48559241494793,03d98de869ec808a,512GB,Rigtig god,Space Grey,continue,3249.00
"Brugt iPad Pro 10.5"" (2017) Cellular",9318758514953,512GB / Rigtig god / Rosa Guld,48559241527561,30d1408d6b108120,512GB,Rigtig god,Rosa Guld,continue,3249.00
"Brugt iPad Pro 10.5"" (2017) Cellular",9318758514953,512GB / Rigtig god / Guld,48559241560329,c975edbb9daceb8e,512GB,Rigtig god,Guld,continue,3249.00
"Brugt iPad Pro 10.5"" (2017) Cellular",9318758514953,512GB / Som ny / Space Grey,48559241593097,a05d0de755c42e07,512GB,Som ny,Space Grey,continue,3449.00
"Brugt iPad Pro 10.5"" (2017) Cellular",9318758514953,512GB / Som ny / Rosa Guld,48559241625865,1c1fbbbba0ce6f15,512GB,Som ny,Rosa Guld,continue,3449.00
"Brugt iPad Pro 10.5"" (2017) Cellular",9318758514953,512GB / Som ny / Guld,48559241658633,7221c5a2734642d4,512GB,Som ny,Guld,continue,3449.00
"Brugt iPad Pro 10.5"" (2017) WiFi",9318758449417,64GB / Brugbar / Space Grey,48559239299337,1a93c1434f4738c2,64GB,Brugbar,Space Grey,continue,1549.00
"Brugt iPad Pro 10.5"" (2017) WiFi",9318758449417,64GB / Brugbar / Rosa Guld,48559239332105,5f0631bfe30ba7e0,64GB,Brugbar,Rosa Guld,continue,1549.00
"Brugt iPad Pro 10.5"" (2017) WiFi",9318758449417,64GB / Brugbar / Guld,48559239364873,43d9b36598725981,64GB,Brugbar,Guld,continue,1549.00
"Brugt iPad Pro 10.5"" (2017) WiFi",9318758449417,64GB / Brugt / Space Grey,48559239397641,821f08c2969f0aa1,64GB,Brugt,Space Grey,continue,1749.00
"Brugt iPad Pro 10.5"" (2017) WiFi",9318758449417,64GB / Brugt / Rosa Guld,48559239430409,a7a89708ee501c1b,64GB,Brugt,Rosa Guld,continue,1749.00
"Brugt iPad Pro 10.5"" (2017) WiFi",9318758449417,64GB / Brugt / Guld,48559239463177,1a2b5b010a68e5b0,64GB,Brugt,Guld,continue,1749.00
"Brugt iPad Pro 10.5"" (2017) WiFi",9318758449417,64GB / Rigtig god / Space Grey,48559239495945,08d671a8e188591c,64GB,Rigtig god,Space Grey,continue,1949.00
"Brugt iPad Pro 10.5"" (2017) WiFi",9318758449417,64GB / Rigtig god / Rosa Guld,48559239528713,eba7df8048991f2f,64GB,Rigtig god,Rosa Guld,continue,1949.00
"Brugt iPad Pro 10.5"" (2017) WiFi",9318758449417,64GB / Rigtig god / Guld,48559239561481,adbbaca1b858b5da,64GB,Rigtig god,Guld,continue,1949.00
"Brugt iPad Pro 10.5"" (2017) WiFi",9318758449417,64GB / Som ny / Space Grey,48559239594249,9709c0807f92e701,64GB,Som ny,Space Grey,continue,2149.00
"Brugt iPad Pro 10.5"" (2017) WiFi",9318758449417,64GB / Som ny / Rosa Guld,48559239627017,4a3ef18d1126affa,64GB,Som ny,Rosa Guld,continue,2149.00
"Brugt iPad Pro 10.5"" (2017) WiFi",9318758449417,64GB / Som ny / Guld,48559239659785,a0aa6c13217bc77b,64GB,Som ny,Guld,continue,2149.00
"Brugt iPad Pro 10.5"" (2017) WiFi",9318758449417,256GB / Brugbar / Space Grey,48559239692553,54683b147ca5a050,256GB,Brugbar,Space Grey,continue,1949.00
"Brugt iPad Pro 10.5"" (2017) WiFi",9318758449417,256GB / Brugbar / Rosa Guld,48559239725321,9c3c05eab0833fc4,256GB,Brugbar,Rosa Guld,continue,1949.00
"Brugt iPad Pro 10.5"" (2017) WiFi",9318758449417,256GB / Brugbar / Guld,48559239758089,2fef977307cd9368,256GB,Brugbar,Guld,continue,1949.00
"Brugt iPad Pro 10.5"" (2017) WiFi",9318758449417,256GB / Brugt / Space Grey,48559239790857,2866bf3264f05d71,256GB,Brugt,Space Grey,continue,2149.00
"Brugt iPad Pro 10.5"" (2017) WiFi",9318758449417,256GB / Brugt / Rosa Guld,48559239823625,5f2ed232d5498eb1,256GB,Brugt,Rosa Guld,continue,2149.00
"Brugt iPad Pro 10.5"" (2017) WiFi",9318758449417,256GB / Brugt / Guld,48559239856393,eee450af6075b7e6,256GB,Brugt,Guld,continue,2149.00
"Brugt iPad Pro 10.5"" (2017) WiFi",9318758449417,256GB / Rigtig god / Space Grey,48559239889161,6946b4b10854c34e,256GB,Rigtig god,Space Grey,continue,2349.00
"Brugt iPad Pro 10.5"" (2017) WiFi",9318758449417,256GB / Rigtig god / Rosa Guld,48559239921929,ea648c0565dcb720,256GB,Rigtig god,Rosa Guld,continue,2349.00
"Brugt iPad Pro 10.5"" (2017) WiFi",9318758449417,256GB / Rigtig god / Guld,48559239954697,cc6a72775d5d11b8,256GB,Rigtig god,Guld,continue,2349.00
"Brugt iPad Pro 10.5"" (2017) WiFi",9318758449417,256GB / Som ny / Space Grey,48559239987465,af12f0697749a367,256GB,Som ny,Space Grey,continue,2549.00
"Brugt iPad Pro 10.5"" (2017) WiFi",9318758449417,256GB / Som ny / Rosa Guld,48559240020233,5ae9d9322c7944f8,256GB,Som ny,Rosa Guld,continue,2549.00
"Brugt iPad Pro 10.5"" (2017) WiFi",9318758449417,256GB / Som ny / Guld,48559240053001,738b40fcf354386b,256GB,Som ny,Guld,continue,2549.00
"Brugt iPad Pro 10.5"" (2017) WiFi",9318758449417,512GB / Brugbar / Space Grey,48559240085769,614a35887fea9cf7,512GB,Brugbar,Space Grey,continue,2349.00
"Brugt iPad Pro 10.5"" (2017) WiFi",9318758449417,512GB / Brugbar / Rosa Guld,48559240118537,fb23d0a4b6019458,512GB,Brugbar,Rosa Guld,continue,2349.00
"Brugt iPad Pro 10.5"" (2017) WiFi",9318758449417,512GB / Brugbar / Guld,48559240151305,ef2f49e7019a18c4,512GB,Brugbar,Guld,continue,2349.00
"Brugt iPad Pro 10.5"" (2017) WiFi",9318758449417,512GB / Brugt / Space Grey,48559240184073,3c33f90cb05fff57,512GB,Brugt,Space Grey,continue,2549.00
"Brugt iPad Pro 10.5"" (2017) WiFi",9318758449417,512GB / Brugt / Rosa Guld,48559240216841,0f45385d3be72d76,512GB,Brugt,Rosa Guld,continue,2549.00
"Brugt iPad Pro 10.5"" (2017) WiFi",9318758449417,512GB / Brugt / Guld,48559240249609,d951a1d5fa4cdf09,512GB,Brugt,Guld,continue,2549.00
"Brugt iPad Pro 10.5"" (2017) WiFi",9318758449417,512GB / Rigtig god / Space Grey,48559240282377,d04bf364fc1d7a17,512GB,Rigtig god,Space Grey,continue,2749.00
"Brugt iPad Pro 10.5"" (2017) WiFi",9318758449417,512GB / Rigtig god / Rosa Guld,48559240315145,73a652c0a03c47e6,512GB,Rigtig god,Rosa Guld,continue,2749.00
"Brugt iPad Pro 10.5"" (2017) WiFi",9318758449417,512GB / Rigtig god / Guld,48559240347913,14796d406303dc60,512GB,Rigtig god,Guld,continue,2749.00
"Brugt iPad Pro 10.5"" (2017) WiFi",9318758449417,512GB / Som ny / Space Grey,48559240380681,2883ceb5f2fcfaf9,512GB,Som ny,Space Grey,continue,2949.00
"Brugt iPad Pro 10.5"" (2017) WiFi",9318758449417,512GB / Som ny / Rosa Guld,48559240413449,448284cb94d8183c,512GB,Som ny,Rosa Guld,continue,2949.00
"Brugt iPad Pro 10.5"" (2017) WiFi",9318758449417,512GB / Som ny / Guld,48559240446217,040004110283baa5,512GB,Som ny,Guld,continue,2949.00
"Brugt iPad Pro 11""  3. Gen (2021) Cellular",9318760448265,128GB / Brugbar / Space Grey,48559273804041,f0e9eb559f7f86f4,128GB,Brugbar,Space Grey,continue,5249.00
"Brugt iPad Pro 11""  3. Gen (2021) Cellular",9318760448265,128GB / Brugbar / Sølv,48559273836809,cc4d734eb43cf2fd,128GB,Brugbar,Sølv,continue,5249.00
"Brugt iPad Pro 11""  3. Gen (2021) Cellular",9318760448265,128GB / Brugt / Space Grey,48559273869577,845a7d85df68ad2f,128GB,Brugt,Space Grey,continue,5549.00
"Brugt iPad Pro 11""  3. Gen (2021) Cellular",9318760448265,128GB / Brugt / Sølv,48559273902345,2b7ad7042565be6d,128GB,Brugt,Sølv,continue,5549.00
"Brugt iPad Pro 11""  3. Gen (2021) Cellular",9318760448265,128GB / Rigtig god / Space Grey,48559273935113,7e07806256b64677,128GB,Rigtig god,Space Grey,continue,5849.00
"Brugt iPad Pro 11""  3. Gen (2021) Cellular",9318760448265,128GB / Rigtig god / Sølv,48559273967881,22d7ad2a08d93e44,128GB,Rigtig god,Sølv,continue,5849.00
"Brugt iPad Pro 11""  3. Gen (2021) Cellular",9318760448265,128GB / Som ny / Space Grey,48559274000649,bca1fac88e98e221,128GB,Som ny,Space Grey,continue,6149.00
"Brugt iPad Pro 11""  3. Gen (2021) Cellular",9318760448265,128GB / Som ny / Sølv,48559274033417,c9ae59b2f628dd04,128GB,Som ny,Sølv,continue,6149.00
"Brugt iPad Pro 11""  3. Gen (2021) Cellular",9318760448265,256GB / Brugbar / Space Grey,48559274066185,467616e8a44c7f73,256GB,Brugbar,Space Grey,continue,5549.00
"Brugt iPad Pro 11""  3. Gen (2021) Cellular",9318760448265,256GB / Brugbar / Sølv,48559274098953,820191f9297c9704,256GB,Brugbar,Sølv,continue,5549.00
"Brugt iPad Pro 11""  3. Gen (2021) Cellular",9318760448265,256GB / Brugt / Space Grey,48559274131721,4928d25d6762d1a6,256GB,Brugt,Space Grey,continue,5849.00
"Brugt iPad Pro 11""  3. Gen (2021) Cellular",9318760448265,256GB / Brugt / Sølv,48559274164489,2f6727e384dc97d6,256GB,Brugt,Sølv,continue,5849.00
"Brugt iPad Pro 11""  3. Gen (2021) Cellular",9318760448265,256GB / Rigtig god / Space Grey,48559274197257,db250cebe434edf0,256GB,Rigtig god,Space Grey,continue,6249.00
"Brugt iPad Pro 11""  3. Gen (2021) Cellular",9318760448265,256GB / Rigtig god / Sølv,48559274230025,f4ce0e6b8efc8823,256GB,Rigtig god,Sølv,continue,6249.00
"Brugt iPad Pro 11""  3. Gen (2021) Cellular",9318760448265,256GB / Som ny / Space Grey,48559274262793,9d955e452e0164d6,256GB,Som ny,Space Grey,continue,6549.00
"Brugt iPad Pro 11""  3. Gen (2021) Cellular",9318760448265,256GB / Som ny / Sølv,48559274295561,0bdb700babf86481,256GB,Som ny,Sølv,continue,6549.00
"Brugt iPad Pro 11""  3. Gen (2021) Cellular",9318760448265,512GB / Brugbar / Space Grey,48559274328329,6cdd7fc579aaca69,512GB,Brugbar,Space Grey,continue,5849.00
"Brugt iPad Pro 11""  3. Gen (2021) Cellular",9318760448265,512GB / Brugbar / Sølv,48559274361097,f1cdb83d51acbedd,512GB,Brugbar,Sølv,continue,5849.00
"Brugt iPad Pro 11""  3. Gen (2021) Cellular",9318760448265,512GB / Brugt / Space Grey,48559274393865,124f91f60980a79e,512GB,Brugt,Space Grey,continue,6149.00
"Brugt iPad Pro 11""  3. Gen (2021) Cellular",9318760448265,512GB / Brugt / Sølv,48559274426633,148ccfb50bfdc255,512GB,Brugt,Sølv,continue,6149.00
"Brugt iPad Pro 11""  3. Gen (2021) Cellular",9318760448265,512GB / Rigtig god / Space Grey,48559274459401,9302ceccb81599af,512GB,Rigtig god,Space Grey,continue,6449.00
"Brugt iPad Pro 11""  3. Gen (2021) Cellular",9318760448265,512GB / Rigtig god / Sølv,48559274492169,46f0e07bf4dc4bac,512GB,Rigtig god,Sølv,continue,6449.00
"Brugt iPad Pro 11""  3. Gen (2021) Cellular",9318760448265,512GB / Som ny / Space Grey,48559274524937,909798d42686b42a,512GB,Som ny,Space Grey,continue,6749.00
"Brugt iPad Pro 11""  3. Gen (2021) Cellular",9318760448265,512GB / Som ny / Sølv,48559274557705,e3cf8f2c62d006f9,512GB,Som ny,Sølv,continue,6749.00
"Brugt iPad Pro 11""  3. Gen (2021) Cellular",9318760448265,1TB / Brugbar / Space Grey,48559274590473,84ac419df819e2da,1TB,Brugbar,Space Grey,continue,6149.00
"Brugt iPad Pro 11""  3. Gen (2021) Cellular",9318760448265,1TB / Brugbar / Sølv,48559274623241,c76d5f98c7ee4e02,1TB,Brugbar,Sølv,continue,6149.00
"Brugt iPad Pro 11""  3. Gen (2021) Cellular",9318760448265,1TB / Brugt / Space Grey,48559274656009,a6b1d1b69412c32e,1TB,Brugt,Space Grey,continue,6449.00
"Brugt iPad Pro 11""  3. Gen (2021) Cellular",9318760448265,1TB / Brugt / Sølv,48559274688777,60b816d572c8dc95,1TB,Brugt,Sølv,continue,6449.00
"Brugt iPad Pro 11""  3. Gen (2021) Cellular",9318760448265,1TB / Rigtig god / Space Grey,48559274721545,e40506c96e0ee482,1TB,Rigtig god,Space Grey,continue,6749.00
"Brugt iPad Pro 11""  3. Gen (2021) Cellular",9318760448265,1TB / Rigtig god / Sølv,48559274754313,22c631cfec66f2a9,1TB,Rigtig god,Sølv,continue,6749.00
"Brugt iPad Pro 11""  3. Gen (2021) Cellular",9318760448265,1TB / Som ny / Space Grey,48559274787081,d1c001f60fa1d349,1TB,Som ny,Space Grey,continue,7049.00
"Brugt iPad Pro 11""  3. Gen (2021) Cellular",9318760448265,1TB / Som ny / Sølv,48559274819849,73296585397ca3f4,1TB,Som ny,Sølv,continue,7049.00
"Brugt iPad Pro 11""  3. Gen (2021) Cellular",9318760448265,2TB / Brugbar / Space Grey,48559274852617,353be50ccaca0c05,2TB,Brugbar,Space Grey,continue,6449.00
"Brugt iPad Pro 11""  3. Gen (2021) Cellular",9318760448265,2TB / Brugbar / Sølv,48559274885385,f563df16e8f0966d,2TB,Brugbar,Sølv,continue,6449.00
"Brugt iPad Pro 11""  3. Gen (2021) Cellular",9318760448265,2TB / Brugt / Space Grey,48559274918153,422af45b376b6738,2TB,Brugt,Space Grey,continue,6749.00
"Brugt iPad Pro 11""  3. Gen (2021) Cellular",9318760448265,2TB / Brugt / Sølv,48559274950921,cead99936dfeb02e,2TB,Brugt,Sølv,continue,6749.00
"Brugt iPad Pro 11""  3. Gen (2021) Cellular",9318760448265,2TB / Rigtig god / Space Grey,48559274983689,df87a341d9f514f2,2TB,Rigtig god,Space Grey,continue,7049.00
"Brugt iPad Pro 11""  3. Gen (2021) Cellular",9318760448265,2TB / Rigtig god / Sølv,48559275016457,5c21c4edc12fcdd5,2TB,Rigtig god,Sølv,continue,7049.00
"Brugt iPad Pro 11""  3. Gen (2021) Cellular",9318760448265,2TB / Som ny / Space Grey,48559275049225,a9aaafaca241b701,2TB,Som ny,Space Grey,continue,7349.00
"Brugt iPad Pro 11""  3. Gen (2021) Cellular",9318760448265,2TB / Som ny / Sølv,48559275081993,ac131a382bb5bccb,2TB,Som ny,Sølv,continue,7349.00
"Brugt iPad Pro 11""  3. Gen (2021) WiFi",9318760481033,128GB / Brugbar / Space Grey,48559275114761,f2e366df76739bf2,128GB,Brugbar,Space Grey,continue,4849.00
"Brugt iPad Pro 11""  3. Gen (2021) WiFi",9318760481033,128GB / Brugbar / Sølv,48559275147529,70ba695acf77932c,128GB,Brugbar,Sølv,continue,4849.00
"Brugt iPad Pro 11""  3. Gen (2021) WiFi",9318760481033,128GB / Brugt / Space Grey,48559275180297,e2539db7d99a234b,128GB,Brugt,Space Grey,continue,5149.00
"Brugt iPad Pro 11""  3. Gen (2021) WiFi",9318760481033,128GB / Brugt / Sølv,48559275213065,cc3912c07c180aae,128GB,Brugt,Sølv,continue,5149.00
"Brugt iPad Pro 11""  3. Gen (2021) WiFi",9318760481033,128GB / Rigtig god / Space Grey,48559275245833,b107f897b793c472,128GB,Rigtig god,Space Grey,continue,5449.00
"Brugt iPad Pro 11""  3. Gen (2021) WiFi",9318760481033,128GB / Rigtig god / Sølv,48559275278601,09ea656d36206686,128GB,Rigtig god,Sølv,continue,5449.00
"Brugt iPad Pro 11""  3. Gen (2021) WiFi",9318760481033,128GB / Som ny / Space Grey,48559275311369,524fc2619bb0608c,128GB,Som ny,Space Grey,continue,5749.00
"Brugt iPad Pro 11""  3. Gen (2021) WiFi",9318760481033,128GB / Som ny / Sølv,48559275344137,dc5560608a30fafa,128GB,Som ny,Sølv,continue,5749.00
"Brugt iPad Pro 11""  3. Gen (2021) WiFi",9318760481033,256GB / Brugbar / Space Grey,48559275376905,4371f4fc917edb49,256GB,Brugbar,Space Grey,continue,5149.00
"Brugt iPad Pro 11""  3. Gen (2021) WiFi",9318760481033,256GB / Brugbar / Sølv,48559275409673,30ce0712abae9450,256GB,Brugbar,Sølv,continue,5149.00
"Brugt iPad Pro 11""  3. Gen (2021) WiFi",9318760481033,256GB / Brugt / Space Grey,48559275442441,13023af4157decb6,256GB,Brugt,Space Grey,continue,5449.00
"Brugt iPad Pro 11""  3. Gen (2021) WiFi",9318760481033,256GB / Brugt / Sølv,48559275475209,f46d09dee02d3baa,256GB,Brugt,Sølv,continue,5449.00
"Brugt iPad Pro 11""  3. Gen (2021) WiFi",9318760481033,256GB / Rigtig god / Space Grey,48559275507977,67feb038c56b333a,256GB,Rigtig god,Space Grey,continue,5849.00
"Brugt iPad Pro 11""  3. Gen (2021) WiFi",9318760481033,256GB / Rigtig god / Sølv,48559275540745,9b5ee1242ae6eeb9,256GB,Rigtig god,Sølv,continue,5849.00
"Brugt iPad Pro 11""  3. Gen (2021) WiFi",9318760481033,256GB / Som ny / Space Grey,48559275573513,9dac9b84ae3b49ff,256GB,Som ny,Space Grey,continue,6149.00
"Brugt iPad Pro 11""  3. Gen (2021) WiFi",9318760481033,256GB / Som ny / Sølv,48559275606281,b274ca09701f5968,256GB,Som ny,Sølv,continue,6149.00
"Brugt iPad Pro 11""  3. Gen (2021) WiFi",9318760481033,512GB / Brugbar / Space Grey,48559275639049,78b692717b92a8ab,512GB,Brugbar,Space Grey,continue,5449.00
"Brugt iPad Pro 11""  3. Gen (2021) WiFi",9318760481033,512GB / Brugbar / Sølv,48559275671817,fe6d3d890ae61090,512GB,Brugbar,Sølv,continue,5449.00
"Brugt iPad Pro 11""  3. Gen (2021) WiFi",9318760481033,512GB / Brugt / Space Grey,48559275704585,c8a3584ae7a69c6b,512GB,Brugt,Space Grey,continue,5749.00
"Brugt iPad Pro 11""  3. Gen (2021) WiFi",9318760481033,512GB / Brugt / Sølv,48559275737353,3d1f6749482e6d6e,512GB,Brugt,Sølv,continue,5749.00
"Brugt iPad Pro 11""  3. Gen (2021) WiFi",9318760481033,512GB / Rigtig god / Space Grey,48559275770121,1f4cec2c8a36c5c1,512GB,Rigtig god,Space Grey,continue,6049.00
"Brugt iPad Pro 11""  3. Gen (2021) WiFi",9318760481033,512GB / Rigtig god / Sølv,48559275802889,b083f6a3b0d3aca4,512GB,Rigtig god,Sølv,continue,6049.00
"Brugt iPad Pro 11""  3. Gen (2021) WiFi",9318760481033,512GB / Som ny / Space Grey,48559275835657,8b41e074787b7e48,512GB,Som ny,Space Grey,continue,6349.00
"Brugt iPad Pro 11""  3. Gen (2021) WiFi",9318760481033,512GB / Som ny / Sølv,48559275868425,553f7de615237023,512GB,Som ny,Sølv,continue,6349.00
"Brugt iPad Pro 11""  3. Gen (2021) WiFi",9318760481033,1TB / Brugbar / Space Grey,48559275901193,c0bfe14f95e6e5d3,1TB,Brugbar,Space Grey,continue,5749.00
"Brugt iPad Pro 11""  3. Gen (2021) WiFi",9318760481033,1TB / Brugbar / Sølv,48559275933961,3ccd174437d04976,1TB,Brugbar,Sølv,continue,5749.00
"Brugt iPad Pro 11""  3. Gen (2021) WiFi",9318760481033,1TB / Brugt / Space Grey,48559275966729,e74997a045c58a56,1TB,Brugt,Space Grey,continue,6049.00
"Brugt iPad Pro 11""  3. Gen (2021) WiFi",9318760481033,1TB / Brugt / Sølv,48559275999497,cc11fca3b3955e48,1TB,Brugt,Sølv,continue,6049.00
"Brugt iPad Pro 11""  3. Gen (2021) WiFi",9318760481033,1TB / Rigtig god / Space Grey,48559276032265,74622e39c2c0465a,1TB,Rigtig god,Space Grey,continue,6349.00
"Brugt iPad Pro 11""  3. Gen (2021) WiFi",9318760481033,1TB / Rigtig god / Sølv,48559276065033,e440bb5204cf0239,1TB,Rigtig god,Sølv,continue,6349.00
"Brugt iPad Pro 11""  3. Gen (2021) WiFi",9318760481033,1TB / Som ny / Space Grey,48559276097801,26172c035ce8f8c6,1TB,Som ny,Space Grey,continue,6649.00
"Brugt iPad Pro 11""  3. Gen (2021) WiFi",9318760481033,1TB / Som ny / Sølv,48559276130569,76425ae760e55abf,1TB,Som ny,Sølv,continue,6649.00
"Brugt iPad Pro 11""  3. Gen (2021) WiFi",9318760481033,2TB / Brugbar / Space Grey,48559276163337,8130e4c34a2154a2,2TB,Brugbar,Space Grey,continue,6049.00
"Brugt iPad Pro 11""  3. Gen (2021) WiFi",9318760481033,2TB / Brugbar / Sølv,48559276196105,9c7f452ac9cf5443,2TB,Brugbar,Sølv,continue,6049.00
"Brugt iPad Pro 11""  3. Gen (2021) WiFi",9318760481033,2TB / Brugt / Space Grey,48559276228873,7fe7746a60af22d5,2TB,Brugt,Space Grey,continue,6349.00
"Brugt iPad Pro 11""  3. Gen (2021) WiFi",9318760481033,2TB / Brugt / Sølv,48559276261641,3e3e86ace3b70beb,2TB,Brugt,Sølv,continue,6349.00
"Brugt iPad Pro 11""  3. Gen (2021) WiFi",9318760481033,2TB / Rigtig god / Space Grey,48559276294409,50434373a1f88954,2TB,Rigtig god,Space Grey,continue,6649.00
"Brugt iPad Pro 11""  3. Gen (2021) WiFi",9318760481033,2TB / Rigtig god / Sølv,48559276327177,e27b2319f28f6063,2TB,Rigtig god,Sølv,continue,6649.00
"Brugt iPad Pro 11""  3. Gen (2021) WiFi",9318760481033,2TB / Som ny / Space Grey,48559276359945,1f5326ab230993c0,2TB,Som ny,Space Grey,continue,6949.00
"Brugt iPad Pro 11""  3. Gen (2021) WiFi",9318760481033,2TB / Som ny / Sølv,48559276392713,01de47f3f517b165,2TB,Som ny,Sølv,continue,6949.00
"Brugt iPad Pro 11""  4. Gen (2022) Cellular",9318759137545,128GB / Brugbar / Space Grey,48559248605449,cd90624b98e8a4f2,128GB,Brugbar,Space Grey,continue,5295.00
"Brugt iPad Pro 11""  4. Gen (2022) Cellular",9318759137545,128GB / Brugbar / Sølv,48559248638217,23e5a842d2c64529,128GB,Brugbar,Sølv,continue,5295.00
"Brugt iPad Pro 11""  4. Gen (2022) Cellular",9318759137545,128GB / Brugt / Space Grey,48559248670985,b110d633f0e6354d,128GB,Brugt,Space Grey,continue,6195.00
"Brugt iPad Pro 11""  4. Gen (2022) Cellular",9318759137545,128GB / Brugt / Sølv,48559248703753,e064b59033059126,128GB,Brugt,Sølv,continue,6195.00
"Brugt iPad Pro 11""  4. Gen (2022) Cellular",9318759137545,128GB / Rigtig god / Space Grey,48559248736521,2a022a240375e331,128GB,Rigtig god,Space Grey,continue,6895.00
"Brugt iPad Pro 11""  4. Gen (2022) Cellular",9318759137545,128GB / Rigtig god / Sølv,48559248769289,dc1452d6a78b50a6,128GB,Rigtig god,Sølv,continue,6895.00
"Brugt iPad Pro 11""  4. Gen (2022) Cellular",9318759137545,128GB / Som ny / Space Grey,48559248802057,7fbf6dec4258dc1d,128GB,Som ny,Space Grey,continue,7595.00
"Brugt iPad Pro 11""  4. Gen (2022) Cellular",9318759137545,128GB / Som ny / Sølv,48559248834825,13254f79cf7ae50c,128GB,Som ny,Sølv,continue,7595.00
"Brugt iPad Pro 11""  4. Gen (2022) Cellular",9318759137545,256GB / Brugbar / Space Grey,48559248867593,95843d5aa3f62b51,256GB,Brugbar,Space Grey,continue,5795.00
"Brugt iPad Pro 11""  4. Gen (2022) Cellular",9318759137545,256GB / Brugbar / Sølv,48559248900361,a298629d581a45e2,256GB,Brugbar,Sølv,continue,5795.00
"Brugt iPad Pro 11""  4. Gen (2022) Cellular",9318759137545,256GB / Brugt / Space Grey,48559248933129,e2e7782b043d55da,256GB,Brugt,Space Grey,continue,6795.00
"Brugt iPad Pro 11""  4. Gen (2022) Cellular",9318759137545,256GB / Brugt / Sølv,48559248965897,25149a705368f02b,256GB,Brugt,Sølv,continue,6795.00
"Brugt iPad Pro 11""  4. Gen (2022) Cellular",9318759137545,256GB / Rigtig god / Space Grey,48559248998665,7d4db9733cfe9b3b,256GB,Rigtig god,Space Grey,continue,7595.00
"Brugt iPad Pro 11""  4. Gen (2022) Cellular",9318759137545,256GB / Rigtig god / Sølv,48559249031433,64a8f256880f0aaf,256GB,Rigtig god,Sølv,continue,7595.00
"Brugt iPad Pro 11""  4. Gen (2022) Cellular",9318759137545,256GB / Som ny / Space Grey,48559249064201,0d83db53074152a2,256GB,Som ny,Space Grey,continue,8395.00
"Brugt iPad Pro 11""  4. Gen (2022) Cellular",9318759137545,256GB / Som ny / Sølv,48559249096969,67daa3b128e3b3c7,256GB,Som ny,Sølv,continue,8395.00
"Brugt iPad Pro 11""  4. Gen (2022) Cellular",9318759137545,512GB / Brugbar / Space Grey,48559249129737,b5dd3664081b3df6,512GB,Brugbar,Space Grey,continue,7495.00
"Brugt iPad Pro 11""  4. Gen (2022) Cellular",9318759137545,512GB / Brugbar / Sølv,48559249162505,b55c8a2bf958c710,512GB,Brugbar,Sølv,continue,7495.00
"Brugt iPad Pro 11""  4. Gen (2022) Cellular",9318759137545,512GB / Brugt / Space Grey,48559249195273,242942729745d81b,512GB,Brugt,Space Grey,continue,8795.00
"Brugt iPad Pro 11""  4. Gen (2022) Cellular",9318759137545,512GB / Brugt / Sølv,48559249228041,4738b9b9816194b7,512GB,Brugt,Sølv,continue,8795.00
"Brugt iPad Pro 11""  4. Gen (2022) Cellular",9318759137545,512GB / Rigtig god / Space Grey,48559249260809,825da7a71dd0cf46,512GB,Rigtig god,Space Grey,continue,9795.00
"Brugt iPad Pro 11""  4. Gen (2022) Cellular",9318759137545,512GB / Rigtig god / Sølv,48559249293577,d40ff1c66ee64c34,512GB,Rigtig god,Sølv,continue,9795.00
"Brugt iPad Pro 11""  4. Gen (2022) Cellular",9318759137545,512GB / Som ny / Space Grey,48559249326345,88727c91ace93e57,512GB,Som ny,Space Grey,continue,10895.00
"Brugt iPad Pro 11""  4. Gen (2022) Cellular",9318759137545,512GB / Som ny / Sølv,48559249359113,15ecaf0bb75ceaa5,512GB,Som ny,Sølv,continue,10895.00
"Brugt iPad Pro 11""  4. Gen (2022) Cellular",9318759137545,1TB / Brugbar / Space Grey,48559249391881,8ff148e78ca1ba2f,1TB,Brugbar,Space Grey,continue,8595.00
"Brugt iPad Pro 11""  4. Gen (2022) Cellular",9318759137545,1TB / Brugbar / Sølv,48559249424649,dd823274f371120a,1TB,Brugbar,Sølv,continue,8595.00
"Brugt iPad Pro 11""  4. Gen (2022) Cellular",9318759137545,1TB / Brugt / Space Grey,48559249457417,1a236de7c27220bb,1TB,Brugt,Space Grey,continue,10095.00
"Brugt iPad Pro 11""  4. Gen (2022) Cellular",9318759137545,1TB / Brugt / Sølv,48559249490185,272eb22072ab2d80,1TB,Brugt,Sølv,continue,10095.00
"Brugt iPad Pro 11""  4. Gen (2022) Cellular",9318759137545,1TB / Rigtig god / Space Grey,48559249522953,693bef3659014eda,1TB,Rigtig god,Space Grey,continue,11195.00
"Brugt iPad Pro 11""  4. Gen (2022) Cellular",9318759137545,1TB / Rigtig god / Sølv,48559249555721,9e6d31f9c7cb1c96,1TB,Rigtig god,Sølv,continue,11195.00
"Brugt iPad Pro 11""  4. Gen (2022) Cellular",9318759137545,1TB / Som ny / Space Grey,48559249588489,cfb2e61a9d1a25e3,1TB,Som ny,Space Grey,continue,12395.00
"Brugt iPad Pro 11""  4. Gen (2022) Cellular",9318759137545,1TB / Som ny / Sølv,48559249621257,40a3d70ad6e6a628,1TB,Som ny,Sølv,continue,12395.00
"Brugt iPad Pro 11""  4. Gen (2022) Cellular",9318759137545,2TB / Brugbar / Space Grey,48559249654025,465442aed526f90c,2TB,Brugbar,Space Grey,continue,10195.00
"Brugt iPad Pro 11""  4. Gen (2022) Cellular",9318759137545,2TB / Brugbar / Sølv,48559249686793,05f77db17f0b75bc,2TB,Brugbar,Sølv,continue,10195.00
"Brugt iPad Pro 11""  4. Gen (2022) Cellular",9318759137545,2TB / Brugt / Space Grey,48559249719561,a787b8a412dc3528,2TB,Brugt,Space Grey,continue,11995.00
"Brugt iPad Pro 11""  4. Gen (2022) Cellular",9318759137545,2TB / Brugt / Sølv,48559249752329,586c218ace43d2ea,2TB,Brugt,Sølv,continue,11995.00
"Brugt iPad Pro 11""  4. Gen (2022) Cellular",9318759137545,2TB / Rigtig god / Space Grey,48559249785097,1f6fe95b64fc6252,2TB,Rigtig god,Space Grey,continue,13395.00
"Brugt iPad Pro 11""  4. Gen (2022) Cellular",9318759137545,2TB / Rigtig god / Sølv,48559249817865,75b25e7b205367b4,2TB,Rigtig god,Sølv,continue,13395.00
"Brugt iPad Pro 11""  4. Gen (2022) Cellular",9318759137545,2TB / Som ny / Space Grey,48559249850633,00b3b6d8aa421bf7,2TB,Som ny,Space Grey,continue,14795.00
"Brugt iPad Pro 11""  4. Gen (2022) Cellular",9318759137545,2TB / Som ny / Sølv,48559249883401,48d1d722734d4115,2TB,Som ny,Sølv,continue,14795.00
"Brugt iPad Pro 11""  4. Gen (2022) WiFi",9318759104777,128GB / Brugbar / Space Grey,48559247294729,1623074f2dc204ee,128GB,Brugbar,Space Grey,continue,4295.00
"Brugt iPad Pro 11""  4. Gen (2022) WiFi",9318759104777,128GB / Brugbar / Sølv,48559247327497,f03cb6e1f3cc0805,128GB,Brugbar,Sølv,continue,4295.00
"Brugt iPad Pro 11""  4. Gen (2022) WiFi",9318759104777,128GB / Brugt / Space Grey,48559247360265,bb9c7ffc4234f8fe,128GB,Brugt,Space Grey,continue,5195.00
"Brugt iPad Pro 11""  4. Gen (2022) WiFi",9318759104777,128GB / Brugt / Sølv,48559247393033,51ede5d90825e6d9,128GB,Brugt,Sølv,continue,5195.00
"Brugt iPad Pro 11""  4. Gen (2022) WiFi",9318759104777,128GB / Rigtig god / Space Grey,48559247425801,a0958183e0f2ca1e,128GB,Rigtig god,Space Grey,continue,5895.00
"Brugt iPad Pro 11""  4. Gen (2022) WiFi",9318759104777,128GB / Rigtig god / Sølv,48559247458569,2e3a5b111f204acb,128GB,Rigtig god,Sølv,continue,5895.00
"Brugt iPad Pro 11""  4. Gen (2022) WiFi",9318759104777,128GB / Som ny / Space Grey,48559247491337,bd65f831e168c42b,128GB,Som ny,Space Grey,continue,6595.00
"Brugt iPad Pro 11""  4. Gen (2022) WiFi",9318759104777,128GB / Som ny / Sølv,48559247524105,2536c3c2f59f94aa,128GB,Som ny,Sølv,continue,6595.00
"Brugt iPad Pro 11""  4. Gen (2022) WiFi",9318759104777,256GB / Brugbar / Space Grey,48559247556873,d5c8fb88f6cdc8fa,256GB,Brugbar,Space Grey,continue,4795.00
"Brugt iPad Pro 11""  4. Gen (2022) WiFi",9318759104777,256GB / Brugbar / Sølv,48559247589641,5bd9c48fb15e35a7,256GB,Brugbar,Sølv,continue,4795.00
"Brugt iPad Pro 11""  4. Gen (2022) WiFi",9318759104777,256GB / Brugt / Space Grey,48559247622409,6d2b06afb84ab01c,256GB,Brugt,Space Grey,continue,5795.00
"Brugt iPad Pro 11""  4. Gen (2022) WiFi",9318759104777,256GB / Brugt / Sølv,48559247655177,15266d2b554d1b88,256GB,Brugt,Sølv,continue,5795.00
"Brugt iPad Pro 11""  4. Gen (2022) WiFi",9318759104777,256GB / Rigtig god / Space Grey,48559247687945,0bd895d838208777,256GB,Rigtig god,Space Grey,continue,6595.00
"Brugt iPad Pro 11""  4. Gen (2022) WiFi",9318759104777,256GB / Rigtig god / Sølv,48559247720713,310d5c1c8c191a19,256GB,Rigtig god,Sølv,continue,6595.00
"Brugt iPad Pro 11""  4. Gen (2022) WiFi",9318759104777,256GB / Som ny / Space Grey,48559247753481,31189a925836b706,256GB,Som ny,Space Grey,continue,7395.00
"Brugt iPad Pro 11""  4. Gen (2022) WiFi",9318759104777,256GB / Som ny / Sølv,48559247786249,390314b2dcb3fc36,256GB,Som ny,Sølv,continue,7395.00
"Brugt iPad Pro 11""  4. Gen (2022) WiFi",9318759104777,512GB / Brugbar / Space Grey,48559247819017,e545ab2f5f1429dd,512GB,Brugbar,Space Grey,continue,6495.00
"Brugt iPad Pro 11""  4. Gen (2022) WiFi",9318759104777,512GB / Brugbar / Sølv,48559247851785,8c0463626ffab76a,512GB,Brugbar,Sølv,continue,6495.00
"Brugt iPad Pro 11""  4. Gen (2022) WiFi",9318759104777,512GB / Brugt / Space Grey,48559247884553,72ff6f71de31c45d,512GB,Brugt,Space Grey,continue,7795.00
"Brugt iPad Pro 11""  4. Gen (2022) WiFi",9318759104777,512GB / Brugt / Sølv,48559247917321,a89e00e693e0ed63,512GB,Brugt,Sølv,continue,7795.00
"Brugt iPad Pro 11""  4. Gen (2022) WiFi",9318759104777,512GB / Rigtig god / Space Grey,48559247950089,7cb91cf45c12d499,512GB,Rigtig god,Space Grey,continue,8795.00
"Brugt iPad Pro 11""  4. Gen (2022) WiFi",9318759104777,512GB / Rigtig god / Sølv,48559247982857,9408d1b25a8dcb9e,512GB,Rigtig god,Sølv,continue,8795.00
"Brugt iPad Pro 11""  4. Gen (2022) WiFi",9318759104777,512GB / Som ny / Space Grey,48559248015625,8a6a32d61ace1586,512GB,Som ny,Space Grey,continue,9895.00
"Brugt iPad Pro 11""  4. Gen (2022) WiFi",9318759104777,512GB / Som ny / Sølv,48559248048393,54ad9ad385026a35,512GB,Som ny,Sølv,continue,9895.00
"Brugt iPad Pro 11""  4. Gen (2022) WiFi",9318759104777,1TB / Brugbar / Space Grey,48559248081161,44e9acda65a6236a,1TB,Brugbar,Space Grey,continue,7595.00
"Brugt iPad Pro 11""  4. Gen (2022) WiFi",9318759104777,1TB / Brugbar / Sølv,48559248113929,2bee1a2b1298f7f8,1TB,Brugbar,Sølv,continue,7595.00
"Brugt iPad Pro 11""  4. Gen (2022) WiFi",9318759104777,1TB / Brugt / Space Grey,48559248146697,0bb254124e31f713,1TB,Brugt,Space Grey,continue,9995.00
"Brugt iPad Pro 11""  4. Gen (2022) WiFi",9318759104777,1TB / Brugt / Sølv,48559248179465,f1a67aaed49f3035,1TB,Brugt,Sølv,continue,9995.00
"Brugt iPad Pro 11""  4. Gen (2022) WiFi",9318759104777,1TB / Rigtig god / Space Grey,48559248212233,badc7db00288897d,1TB,Rigtig god,Space Grey,continue,10195.00
"Brugt iPad Pro 11""  4. Gen (2022) WiFi",9318759104777,1TB / Rigtig god / Sølv,48559248245001,4a219be18cda17d4,1TB,Rigtig god,Sølv,continue,10195.00
"Brugt iPad Pro 11""  4. Gen (2022) WiFi",9318759104777,1TB / Som ny / Space Grey,48559248277769,b0b990a81e6e308d,1TB,Som ny,Space Grey,continue,11395.00
"Brugt iPad Pro 11""  4. Gen (2022) WiFi",9318759104777,1TB / Som ny / Sølv,48559248310537,485d4f4c0b17f240,1TB,Som ny,Sølv,continue,11395.00
"Brugt iPad Pro 11""  4. Gen (2022) WiFi",9318759104777,2TB / Brugbar / Space Grey,48559248343305,979af12ac2d789cc,2TB,Brugbar,Space Grey,continue,9195.00
"Brugt iPad Pro 11""  4. Gen (2022) WiFi",9318759104777,2TB / Brugbar / Sølv,48559248376073,9abdd4d1923d31ba,2TB,Brugbar,Sølv,continue,9195.00
"Brugt iPad Pro 11""  4. Gen (2022) WiFi",9318759104777,2TB / Brugt / Space Grey,48559248408841,9e80c9f70dd04eae,2TB,Brugt,Space Grey,continue,10995.00
"Brugt iPad Pro 11""  4. Gen (2022) WiFi",9318759104777,2TB / Brugt / Sølv,48559248441609,1bfd77a8c2a467a2,2TB,Brugt,Sølv,continue,10995.00
"Brugt iPad Pro 11""  4. Gen (2022) WiFi",9318759104777,2TB / Rigtig god / Space Grey,48559248474377,03f5de30d30ab11f,2TB,Rigtig god,Space Grey,continue,12395.00
"Brugt iPad Pro 11""  4. Gen (2022) WiFi",9318759104777,2TB / Rigtig god / Sølv,48559248507145,1230a57316b3c15e,2TB,Rigtig god,Sølv,continue,12395.00
"Brugt iPad Pro 11""  4. Gen (2022) WiFi",9318759104777,2TB / Som ny / Space Grey,48559248539913,bee114d5f300a701,2TB,Som ny,Space Grey,continue,13795.00
"Brugt iPad Pro 11""  4. Gen (2022) WiFi",9318759104777,2TB / Som ny / Sølv,48559248572681,2ae6c048c7d21371,2TB,Som ny,Sølv,continue,13795.00
"Brugt iPad Pro 11""  5. Gen (2024) WiFi",9318759170313,256GB / Brugbar / Space Grey,48559249916169,baa9e5194c556aa5,256GB,Brugbar,Space Grey,continue,4795.00
"Brugt iPad Pro 11""  5. Gen (2024) WiFi",9318759170313,256GB / Brugbar / Sølv,48559249948937,88748131eedbe92b,256GB,Brugbar,Sølv,continue,4795.00
"Brugt iPad Pro 11""  5. Gen (2024) WiFi",9318759170313,256GB / Brugt / Space Grey,48559249981705,20b3e6ab02bda039,256GB,Brugt,Space Grey,continue,5695.00
"Brugt iPad Pro 11""  5. Gen (2024) WiFi",9318759170313,256GB / Brugt / Sølv,48559250014473,8b10fbb206ceb302,256GB,Brugt,Sølv,continue,5695.00
"Brugt iPad Pro 11""  5. Gen (2024) WiFi",9318759170313,256GB / Rigtig god / Space Grey,48559250047241,522ac2915501f104,256GB,Rigtig god,Space Grey,continue,6395.00
"Brugt iPad Pro 11""  5. Gen (2024) WiFi",9318759170313,256GB / Rigtig god / Sølv,48559250080009,8fcd42fc2bb44293,256GB,Rigtig god,Sølv,continue,6395.00
"Brugt iPad Pro 11""  5. Gen (2024) WiFi",9318759170313,256GB / Som ny / Space Grey,48559250112777,fb87a0fa2429f420,256GB,Som ny,Space Grey,continue,7095.00
"Brugt iPad Pro 11""  5. Gen (2024) WiFi",9318759170313,256GB / Som ny / Sølv,48559250145545,e1f94e518e8a516c,256GB,Som ny,Sølv,continue,7095.00
"Brugt iPad Pro 11""  5. Gen (2024) WiFi",9318759170313,512GB / Brugbar / Space Grey,48559250178313,e651f7070c458f19,512GB,Brugbar,Space Grey,continue,6995.00
"Brugt iPad Pro 11""  5. Gen (2024) WiFi",9318759170313,512GB / Brugbar / Sølv,48559250211081,48a245b4c655bf6f,512GB,Brugbar,Sølv,continue,6995.00
"Brugt iPad Pro 11""  5. Gen (2024) WiFi",9318759170313,512GB / Brugt / Space Grey,48559250243849,d41ef116307fb896,512GB,Brugt,Space Grey,continue,8295.00
"Brugt iPad Pro 11""  5. Gen (2024) WiFi",9318759170313,512GB / Brugt / Sølv,48559250276617,b84e2c4402f78a7c,512GB,Brugt,Sølv,continue,8295.00
"Brugt iPad Pro 11""  5. Gen (2024) WiFi",9318759170313,512GB / Rigtig god / Space Grey,48559250309385,2df0373e3df10905,512GB,Rigtig god,Space Grey,continue,9295.00
"Brugt iPad Pro 11""  5. Gen (2024) WiFi",9318759170313,512GB / Rigtig god / Sølv,48559250342153,2ca49274a1243bac,512GB,Rigtig god,Sølv,continue,9295.00
"Brugt iPad Pro 11""  5. Gen (2024) WiFi",9318759170313,512GB / Som ny / Space Grey,48559250374921,64f379c3ef70a601,512GB,Som ny,Space Grey,continue,10395.00
"Brugt iPad Pro 11""  5. Gen (2024) WiFi",9318759170313,512GB / Som ny / Sølv,48559250407689,988fa6a74900984d,512GB,Som ny,Sølv,continue,10395.00
"Brugt iPad Pro 11""  5. Gen (2024) WiFi",9318759170313,1TB / Brugbar / Space Grey,48559250440457,b7b33d858b93761d,1TB,Brugbar,Space Grey,continue,8095.00
"Brugt iPad Pro 11""  5. Gen (2024) WiFi",9318759170313,1TB / Brugbar / Sølv,48559250473225,8c2cdcfa30f76b85,1TB,Brugbar,Sølv,continue,8095.00
"Brugt iPad Pro 11""  5. Gen (2024) WiFi",9318759170313,1TB / Brugt / Space Grey,48559250505993,63d1a5d4a633070b,1TB,Brugt,Space Grey,continue,10495.00
"Brugt iPad Pro 11""  5. Gen (2024) WiFi",9318759170313,1TB / Brugt / Sølv,48559250538761,7436e8856ad131a4,1TB,Brugt,Sølv,continue,10495.00
"Brugt iPad Pro 11""  5. Gen (2024) WiFi",9318759170313,1TB / Rigtig god / Space Grey,48559250571529,0b16f923df6cf65c,1TB,Rigtig god,Space Grey,continue,10695.00
"Brugt iPad Pro 11""  5. Gen (2024) WiFi",9318759170313,1TB / Rigtig god / Sølv,48559250604297,a5eb3bd04b022b27,1TB,Rigtig god,Sølv,continue,10695.00
"Brugt iPad Pro 11""  5. Gen (2024) WiFi",9318759170313,1TB / Som ny / Space Grey,48559250637065,2b3ada9b7c937889,1TB,Som ny,Space Grey,continue,11895.00
"Brugt iPad Pro 11""  5. Gen (2024) WiFi",9318759170313,1TB / Som ny / Sølv,48559250669833,b5946ca2487c5a68,1TB,Som ny,Sølv,continue,11895.00
"Brugt iPad Pro 11""  5. Gen (2024) WiFi",9318759170313,2TB / Brugbar / Space Grey,48559250702601,67b2a18ce1a29bd3,2TB,Brugbar,Space Grey,continue,9695.00
"Brugt iPad Pro 11""  5. Gen (2024) WiFi",9318759170313,2TB / Brugbar / Sølv,48559250735369,7ba768a0671ed774,2TB,Brugbar,Sølv,continue,9695.00
"Brugt iPad Pro 11""  5. Gen (2024) WiFi",9318759170313,2TB / Brugt / Space Grey,48559250768137,af4bc66e4f616cbd,2TB,Brugt,Space Grey,continue,11495.00
"Brugt iPad Pro 11""  5. Gen (2024) WiFi",9318759170313,2TB / Brugt / Sølv,48559250800905,58d6e28e1e4acc76,2TB,Brugt,Sølv,continue,11495.00
"Brugt iPad Pro 11""  5. Gen (2024) WiFi",9318759170313,2TB / Rigtig god / Space Grey,48559250833673,92f73d6405843346,2TB,Rigtig god,Space Grey,continue,12895.00
"Brugt iPad Pro 11""  5. Gen (2024) WiFi",9318759170313,2TB / Rigtig god / Sølv,48559250866441,a44b893d9ee08896,2TB,Rigtig god,Sølv,continue,12895.00
"Brugt iPad Pro 11""  5. Gen (2024) WiFi",9318759170313,2TB / Som ny / Space Grey,48559250899209,56b2139c0cbe7cce,2TB,Som ny,Space Grey,continue,14295.00
"Brugt iPad Pro 11""  5. Gen (2024) WiFi",9318759170313,2TB / Som ny / Sølv,48559250931977,cea68a86a40113db,2TB,Som ny,Sølv,continue,14295.00
"Brugt iPad Pro 11"" 1. Gen (2018) Cellular",9318760186121,64GB / Brugbar / Space Grey,48599682416905,f161d7b91a2ff5ea,64GB,Brugbar,Space Grey,continue,3014.00
"Brugt iPad Pro 11"" 1. Gen (2018) Cellular",9318760186121,64GB / Brugbar / Sølv,48599682449673,feeccd3ec4dedd45,64GB,Brugbar,Sølv,continue,3014.00
"Brugt iPad Pro 11"" 1. Gen (2018) Cellular",9318760186121,64GB / Brugt / Space Grey,48599682482441,cc88186a8789b0ed,64GB,Brugt,Space Grey,continue,3194.00
"Brugt iPad Pro 11"" 1. Gen (2018) Cellular",9318760186121,64GB / Brugt / Sølv,48599682515209,995b446815666d09,64GB,Brugt,Sølv,continue,3194.00
"Brugt iPad Pro 11"" 1. Gen (2018) Cellular",9318760186121,64GB / Rigtig god / Space Grey,48599682547977,fe1b4cab30de1107,64GB,Rigtig god,Space Grey,continue,3374.00
"Brugt iPad Pro 11"" 1. Gen (2018) Cellular",9318760186121,64GB / Rigtig god / Sølv,48599682580745,6eba627ac8cda4f8,64GB,Rigtig god,Sølv,continue,3374.00
"Brugt iPad Pro 11"" 1. Gen (2018) Cellular",9318760186121,64GB / Som ny / Space Grey,48599682613513,0a8b2c36550ff4fb,64GB,Som ny,Space Grey,continue,3824.00
"Brugt iPad Pro 11"" 1. Gen (2018) Cellular",9318760186121,64GB / Som ny / Sølv,48599682646281,5d41003650f94b6b,64GB,Som ny,Sølv,continue,3824.00
"Brugt iPad Pro 11"" 1. Gen (2018) Cellular",9318760186121,256GB / Brugbar / Space Grey,48559269314825,c1ccc4a238350f7c,256GB,Brugbar,Space Grey,continue,3284.00
"Brugt iPad Pro 11"" 1. Gen (2018) Cellular",9318760186121,256GB / Brugbar / Sølv,48559269347593,f1644565ff023927,256GB,Brugbar,Sølv,continue,3284.00
"Brugt iPad Pro 11"" 1. Gen (2018) Cellular",9318760186121,256GB / Brugt / Space Grey,48559269380361,384e6680ebd37783,256GB,Brugt,Space Grey,continue,3464.00
"Brugt iPad Pro 11"" 1. Gen (2018) Cellular",9318760186121,256GB / Brugt / Sølv,48559269413129,9f30975ed87b12a1,256GB,Brugt,Sølv,continue,3464.00
"Brugt iPad Pro 11"" 1. Gen (2018) Cellular",9318760186121,256GB / Rigtig god / Space Grey,48559269445897,55f56c60628ccba4,256GB,Rigtig god,Space Grey,continue,3644.00
"Brugt iPad Pro 11"" 1. Gen (2018) Cellular",9318760186121,256GB / Rigtig god / Sølv,48559269478665,f0f9eef6118180b3,256GB,Rigtig god,Sølv,continue,3644.00
"Brugt iPad Pro 11"" 1. Gen (2018) Cellular",9318760186121,256GB / Som ny / Space Grey,48559269511433,d5e387f5b38036fe,256GB,Som ny,Space Grey,continue,4094.00
"Brugt iPad Pro 11"" 1. Gen (2018) Cellular",9318760186121,256GB / Som ny / Sølv,48559269544201,1c8e4f1bbc5188bf,256GB,Som ny,Sølv,continue,4094.00
"Brugt iPad Pro 11"" 1. Gen (2018) Cellular",9318760186121,512GB / Brugbar / Space Grey,48559269576969,c94374489cd4deae,512GB,Brugbar,Space Grey,continue,3554.00
"Brugt iPad Pro 11"" 1. Gen (2018) Cellular",9318760186121,512GB / Brugbar / Sølv,48559269609737,9ed7d78be0b0ee53,512GB,Brugbar,Sølv,continue,3554.00
"Brugt iPad Pro 11"" 1. Gen (2018) Cellular",9318760186121,512GB / Brugt / Space Grey,48559269642505,444bb04e7033a9b9,512GB,Brugt,Space Grey,continue,3734.00
"Brugt iPad Pro 11"" 1. Gen (2018) Cellular",9318760186121,512GB / Brugt / Sølv,48559269675273,cd7ba7ab26534e41,512GB,Brugt,Sølv,continue,3734.00
"Brugt iPad Pro 11"" 1. Gen (2018) Cellular",9318760186121,512GB / Rigtig god / Space Grey,48559269708041,de87b41804579086,512GB,Rigtig god,Space Grey,continue,3914.00
"Brugt iPad Pro 11"" 1. Gen (2018) Cellular",9318760186121,512GB / Rigtig god / Sølv,48559269740809,dd058a39219f4c2d,512GB,Rigtig god,Sølv,continue,3914.00
"Brugt iPad Pro 11"" 1. Gen (2018) Cellular",9318760186121,512GB / Som ny / Space Grey,48559269773577,268bb89ca322d43e,512GB,Som ny,Space Grey,continue,4364.00
"Brugt iPad Pro 11"" 1. Gen (2018) Cellular",9318760186121,512GB / Som ny / Sølv,48559269806345,3f3aa27b131e891d,512GB,Som ny,Sølv,continue,4364.00
"Brugt iPad Pro 11"" 1. Gen (2018) Cellular",9318760186121,1024GB / Brugbar / Space Grey,48559269839113,a8c2bcd831013283,1024GB,Brugbar,Space Grey,continue,3824.00
"Brugt iPad Pro 11"" 1. Gen (2018) Cellular",9318760186121,1024GB / Brugbar / Sølv,48559269871881,fce0904d5c41b779,1024GB,Brugbar,Sølv,continue,3824.00
"Brugt iPad Pro 11"" 1. Gen (2018) Cellular",9318760186121,1024GB / Brugt / Space Grey,48559269904649,8e717c77bb2cd4be,1024GB,Brugt,Space Grey,continue,4004.00
"Brugt iPad Pro 11"" 1. Gen (2018) Cellular",9318760186121,1024GB / Brugt / Sølv,48559269937417,561f1c812ce79914,1024GB,Brugt,Sølv,continue,4004.00
"Brugt iPad Pro 11"" 1. Gen (2018) Cellular",9318760186121,1024GB / Rigtig god / Space Grey,48559269970185,62e989bb9f8895fc,1024GB,Rigtig god,Space Grey,continue,4184.00
"Brugt iPad Pro 11"" 1. Gen (2018) Cellular",9318760186121,1024GB / Rigtig god / Sølv,48559270002953,f7fa6b92c71a1ebc,1024GB,Rigtig god,Sølv,continue,4184.00
"Brugt iPad Pro 11"" 1. Gen (2018) Cellular",9318760186121,1024GB / Som ny / Space Grey,48559270035721,dad7fef771ac2beb,1024GB,Som ny,Space Grey,continue,4634.00
"Brugt iPad Pro 11"" 1. Gen (2018) Cellular",9318760186121,1024GB / Som ny / Sølv,48559270068489,1332cf2b6def56a3,1024GB,Som ny,Sølv,continue,4634.00
"Brugt iPad Pro 11"" 1. Gen (2018) WiFi",9318760284425,64GB / Brugbar / Space Grey,48599682711817,c44a8868f7a2cadd,64GB,Brugbar,Space Grey,continue,2474.00
"Brugt iPad Pro 11"" 1. Gen (2018) WiFi",9318760284425,64GB / Brugbar / Sølv,48599682744585,31768dfaef62604e,64GB,Brugbar,Sølv,continue,2474.00
"Brugt iPad Pro 11"" 1. Gen (2018) WiFi",9318760284425,64GB / Brugt / Space Grey,48599682777353,3937ba6950d8fb96,64GB,Brugt,Space Grey,continue,2654.00
"Brugt iPad Pro 11"" 1. Gen (2018) WiFi",9318760284425,64GB / Brugt / Sølv,48599682810121,6616c5e7a4eb7e88,64GB,Brugt,Sølv,continue,2654.00
"Brugt iPad Pro 11"" 1. Gen (2018) WiFi",9318760284425,64GB / Rigtig god / Space Grey,48599682842889,c6687e018c867666,64GB,Rigtig god,Space Grey,continue,2834.00
"Brugt iPad Pro 11"" 1. Gen (2018) WiFi",9318760284425,64GB / Rigtig god / Sølv,48599682875657,ed8c69cf208540f9,64GB,Rigtig god,Sølv,continue,2834.00
"Brugt iPad Pro 11"" 1. Gen (2018) WiFi",9318760284425,64GB / Som ny / Space Grey,48599682908425,5a8cbc03e9d46652,64GB,Som ny,Space Grey,continue,3284.00
"Brugt iPad Pro 11"" 1. Gen (2018) WiFi",9318760284425,64GB / Som ny / Sølv,48599682941193,29f881b2433428af,64GB,Som ny,Sølv,continue,3284.00
"Brugt iPad Pro 11"" 1. Gen (2018) WiFi",9318760284425,256GB / Brugbar / Space Grey,48559270854921,2159c1e555926e0a,256GB,Brugbar,Space Grey,continue,2744.00
"Brugt iPad Pro 11"" 1. Gen (2018) WiFi",9318760284425,256GB / Brugbar / Sølv,48559270887689,3d24fcc906b49d45,256GB,Brugbar,Sølv,continue,2744.00
"Brugt iPad Pro 11"" 1. Gen (2018) WiFi",9318760284425,256GB / Brugt / Space Grey,48559270920457,06b46b736a6c3ed2,256GB,Brugt,Space Grey,continue,2924.00
"Brugt iPad Pro 11"" 1. Gen (2018) WiFi",9318760284425,256GB / Brugt / Sølv,48559270953225,0a1d3e7b23bdac7f,256GB,Brugt,Sølv,continue,2924.00
"Brugt iPad Pro 11"" 1. Gen (2018) WiFi",9318760284425,256GB / Rigtig god / Space Grey,48559270985993,51e3ef8158b7531f,256GB,Rigtig god,Space Grey,continue,3104.00
"Brugt iPad Pro 11"" 1. Gen (2018) WiFi",9318760284425,256GB / Rigtig god / Sølv,48559271018761,d4f551279ce35228,256GB,Rigtig god,Sølv,continue,3104.00
"Brugt iPad Pro 11"" 1. Gen (2018) WiFi",9318760284425,256GB / Som ny / Space Grey,48559271051529,1ad8bf998a5b8d57,256GB,Som ny,Space Grey,continue,3554.00
"Brugt iPad Pro 11"" 1. Gen (2018) WiFi",9318760284425,256GB / Som ny / Sølv,48559271084297,b9b6dc41a597f5df,256GB,Som ny,Sølv,continue,3554.00
"Brugt iPad Pro 11"" 1. Gen (2018) WiFi",9318760284425,512GB / Brugbar / Space Grey,48559271117065,6638e78b6e290c78,512GB,Brugbar,Space Grey,continue,3014.00
"Brugt iPad Pro 11"" 1. Gen (2018) WiFi",9318760284425,512GB / Brugbar / Sølv,48559271149833,ba8beae285961c96,512GB,Brugbar,Sølv,continue,3014.00
"Brugt iPad Pro 11"" 1. Gen (2018) WiFi",9318760284425,512GB / Brugt / Space Grey,48559271182601,fff09fe553212c8f,512GB,Brugt,Space Grey,continue,3194.00
"Brugt iPad Pro 11"" 1. Gen (2018) WiFi",9318760284425,512GB / Brugt / Sølv,48559271215369,fc5fb7a1a9b83168,512GB,Brugt,Sølv,continue,3194.00
"Brugt iPad Pro 11"" 1. Gen (2018) WiFi",9318760284425,512GB / Rigtig god / Space Grey,48559271248137,a8cc5d059ba5d8af,512GB,Rigtig god,Space Grey,continue,3374.00
"Brugt iPad Pro 11"" 1. Gen (2018) WiFi",9318760284425,512GB / Rigtig god / Sølv,48559271280905,12671f382a037dfd,512GB,Rigtig god,Sølv,continue,3374.00
"Brugt iPad Pro 11"" 1. Gen (2018) WiFi",9318760284425,512GB / Som ny / Space Grey,48559271313673,ff90066ba1b71e86,512GB,Som ny,Space Grey,continue,3824.00
"Brugt iPad Pro 11"" 1. Gen (2018) WiFi",9318760284425,512GB / Som ny / Sølv,48559271346441,6ad661ede09a9768,512GB,Som ny,Sølv,continue,3824.00
"Brugt iPad Pro 11"" 1. Gen (2018) WiFi",9318760284425,1024GB / Brugbar / Space Grey,48559271379209,d7fb47d2ca18e322,1024GB,Brugbar,Space Grey,continue,3284.00
"Brugt iPad Pro 11"" 1. Gen (2018) WiFi",9318760284425,1024GB / Brugbar / Sølv,48559271411977,5ad8d076ca3e26cb,1024GB,Brugbar,Sølv,continue,3284.00
"Brugt iPad Pro 11"" 1. Gen (2018) WiFi",9318760284425,1024GB / Brugt / Space Grey,48559271444745,cd960e9e347350ab,1024GB,Brugt,Space Grey,continue,3464.00
"Brugt iPad Pro 11"" 1. Gen (2018) WiFi",9318760284425,1024GB / Brugt / Sølv,48559271477513,8c6ca75a290b312d,1024GB,Brugt,Sølv,continue,3464.00
"Brugt iPad Pro 11"" 1. Gen (2018) WiFi",9318760284425,1024GB / Rigtig god / Space Grey,48559271510281,c733e2058196ed81,1024GB,Rigtig god,Space Grey,continue,3644.00
"Brugt iPad Pro 11"" 1. Gen (2018) WiFi",9318760284425,1024GB / Rigtig god / Sølv,48559271543049,c94337b3ded344bc,1024GB,Rigtig god,Sølv,continue,3644.00
"Brugt iPad Pro 11"" 1. Gen (2018) WiFi",9318760284425,1024GB / Som ny / Space Grey,48559271575817,5119273d66f7b6a0,1024GB,Som ny,Space Grey,continue,4094.00
"Brugt iPad Pro 11"" 1. Gen (2018) WiFi",9318760284425,1024GB / Som ny / Sølv,48559271608585,4ff0b8063a35b6ce,1024GB,Som ny,Sølv,continue,4094.00
"Brugt iPad Pro 11"" 2. Gen (2020) Cellular",9318759072009,128GB / Brugbar / Space Grey,48559246213385,058f49cc2f8b771b,128GB,Brugbar,Space Grey,continue,3952.00
"Brugt iPad Pro 11"" 2. Gen (2020) Cellular",9318759072009,128GB / Brugbar / Sølv,48559246246153,bf873a49476a3960,128GB,Brugbar,Sølv,continue,3952.00
"Brugt iPad Pro 11"" 2. Gen (2020) Cellular",9318759072009,128GB / Brugt / Space Grey,48559246278921,852ed556033ad446,128GB,Brugt,Space Grey,continue,4122.00
"Brugt iPad Pro 11"" 2. Gen (2020) Cellular",9318759072009,128GB / Brugt / Sølv,48559246311689,aec2514709e3b90a,128GB,Brugt,Sølv,continue,4122.00
"Brugt iPad Pro 11"" 2. Gen (2020) Cellular",9318759072009,128GB / Rigtig god / Space Grey,48559246344457,f0c402b08f56b5dc,128GB,Rigtig god,Space Grey,continue,4292.00
"Brugt iPad Pro 11"" 2. Gen (2020) Cellular",9318759072009,128GB / Rigtig god / Sølv,48559246377225,06b93f712a83a5b0,128GB,Rigtig god,Sølv,continue,4292.00
"Brugt iPad Pro 11"" 2. Gen (2020) Cellular",9318759072009,128GB / Som ny / Space Grey,48559246409993,013a330083b41fbc,128GB,Som ny,Space Grey,continue,4717.00
"Brugt iPad Pro 11"" 2. Gen (2020) Cellular",9318759072009,128GB / Som ny / Sølv,48559246442761,b8cdd67a9d8c8449,128GB,Som ny,Sølv,continue,4717.00
"Brugt iPad Pro 11"" 2. Gen (2020) Cellular",9318759072009,256GB / Brugbar / Space Grey,48559246475529,c339e887a487f811,256GB,Brugbar,Space Grey,continue,4246.00
"Brugt iPad Pro 11"" 2. Gen (2020) Cellular",9318759072009,256GB / Brugbar / Sølv,48559246508297,1e0dab513e8ebfe9,256GB,Brugbar,Sølv,continue,4246.00
"Brugt iPad Pro 11"" 2. Gen (2020) Cellular",9318759072009,256GB / Brugt / Space Grey,48559246541065,3ac2ef3906626df1,256GB,Brugt,Space Grey,continue,4416.00
"Brugt iPad Pro 11"" 2. Gen (2020) Cellular",9318759072009,256GB / Brugt / Sølv,48559246573833,3b1a50a50fd0c5a7,256GB,Brugt,Sølv,continue,4416.00
"Brugt iPad Pro 11"" 2. Gen (2020) Cellular",9318759072009,256GB / Rigtig god / Space Grey,48559246606601,f2c79dc2f4aab2cd,256GB,Rigtig god,Space Grey,continue,4547.00
"Brugt iPad Pro 11"" 2. Gen (2020) Cellular",9318759072009,256GB / Rigtig god / Sølv,48559246639369,0b0392e964c8e3ad,256GB,Rigtig god,Sølv,continue,4547.00
"Brugt iPad Pro 11"" 2. Gen (2020) Cellular",9318759072009,256GB / Som ny / Space Grey,48559246672137,128fe57809a002bc,256GB,Som ny,Space Grey,continue,4972.00
"Brugt iPad Pro 11"" 2. Gen (2020) Cellular",9318759072009,256GB / Som ny / Sølv,48559246704905,c4166e15ae7ac98e,256GB,Som ny,Sølv,continue,4972.00
"Brugt iPad Pro 11"" 2. Gen (2020) Cellular",9318759072009,512GB / Brugbar / Space Grey,48559246737673,9f9de903224a26ca,512GB,Brugbar,Space Grey,continue,4717.00
"Brugt iPad Pro 11"" 2. Gen (2020) Cellular",9318759072009,512GB / Brugbar / Sølv,48559246770441,cf419085352a2530,512GB,Brugbar,Sølv,continue,4717.00
"Brugt iPad Pro 11"" 2. Gen (2020) Cellular",9318759072009,512GB / Brugt / Space Grey,48559246803209,de02424253c4f4f8,512GB,Brugt,Space Grey,continue,4887.00
"Brugt iPad Pro 11"" 2. Gen (2020) Cellular",9318759072009,512GB / Brugt / Sølv,48559246835977,2587be512efec0e2,512GB,Brugt,Sølv,continue,4887.00
"Brugt iPad Pro 11"" 2. Gen (2020) Cellular",9318759072009,512GB / Rigtig god / Space Grey,48559246868745,7f7c0f57b997cc6b,512GB,Rigtig god,Space Grey,continue,5057.00
"Brugt iPad Pro 11"" 2. Gen (2020) Cellular",9318759072009,512GB / Rigtig god / Sølv,48559246901513,3ef73e627c3ce9ea,512GB,Rigtig god,Sølv,continue,5057.00
"Brugt iPad Pro 11"" 2. Gen (2020) Cellular",9318759072009,512GB / Som ny / Space Grey,48559246934281,13865db54553a9b4,512GB,Som ny,Space Grey,continue,5482.00
"Brugt iPad Pro 11"" 2. Gen (2020) Cellular",9318759072009,512GB / Som ny / Sølv,48559246967049,5397d982709ddc60,512GB,Som ny,Sølv,continue,5482.00
"Brugt iPad Pro 11"" 2. Gen (2020) Cellular",9318759072009,1024GB / Brugbar / Space Grey,48559246999817,146af5183471f62f,1024GB,Brugbar,Space Grey,continue,5142.00
"Brugt iPad Pro 11"" 2. Gen (2020) Cellular",9318759072009,1024GB / Brugbar / Sølv,48559247032585,8d563c985e632f77,1024GB,Brugbar,Sølv,continue,5142.00
"Brugt iPad Pro 11"" 2. Gen (2020) Cellular",9318759072009,1024GB / Brugt / Space Grey,48559247065353,6de652c96b72a9a7,1024GB,Brugt,Space Grey,continue,5312.00
"Brugt iPad Pro 11"" 2. Gen (2020) Cellular",9318759072009,1024GB / Brugt / Sølv,48559247098121,e63c648c9884100a,1024GB,Brugt,Sølv,continue,5312.00
"Brugt iPad Pro 11"" 2. Gen (2020) Cellular",9318759072009,1024GB / Rigtig god / Space Grey,48559247130889,4a91dc7bf035ad10,1024GB,Rigtig god,Space Grey,continue,5482.00
"Brugt iPad Pro 11"" 2. Gen (2020) Cellular",9318759072009,1024GB / Rigtig god / Sølv,48559247163657,74dde27af1264f2d,1024GB,Rigtig god,Sølv,continue,5482.00
"Brugt iPad Pro 11"" 2. Gen (2020) Cellular",9318759072009,1024GB / Som ny / Space Grey,48559247196425,14bb2d722e794519,1024GB,Som ny,Space Grey,continue,5907.00
"Brugt iPad Pro 11"" 2. Gen (2020) Cellular",9318759072009,1024GB / Som ny / Sølv,48559247229193,6b156056f69929f6,1024GB,Som ny,Sølv,continue,5907.00
"Brugt iPad Pro 11"" 2. Gen (2020) WiFi",9318758973705,128GB / Brugbar / Space Grey,48559244673289,30ad1df24abca8d3,128GB,Brugbar,Space Grey,continue,3442.00
"Brugt iPad Pro 11"" 2. Gen (2020) WiFi",9318758973705,128GB / Brugbar / Sølv,48559244706057,3d9c951a9f28660b,128GB,Brugbar,Sølv,continue,3442.00
"Brugt iPad Pro 11"" 2. Gen (2020) WiFi",9318758973705,128GB / Brugt / Space Grey,48559244738825,8d3c39a0c234aac8,128GB,Brugt,Space Grey,continue,3612.00
"Brugt iPad Pro 11"" 2. Gen (2020) WiFi",9318758973705,128GB / Brugt / Sølv,48559244804361,1067259347578e73,128GB,Brugt,Sølv,continue,3612.00
"Brugt iPad Pro 11"" 2. Gen (2020) WiFi",9318758973705,128GB / Rigtig god / Space Grey,48559244837129,8e68eb9e24de2e1f,128GB,Rigtig god,Space Grey,continue,3782.00
"Brugt iPad Pro 11"" 2. Gen (2020) WiFi",9318758973705,128GB / Rigtig god / Sølv,48559244869897,00682b907125be6d,128GB,Rigtig god,Sølv,continue,3782.00
"Brugt iPad Pro 11"" 2. Gen (2020) WiFi",9318758973705,128GB / Som ny / Space Grey,48559244902665,7a67b49fb888f798,128GB,Som ny,Space Grey,continue,4207.00
"Brugt iPad Pro 11"" 2. Gen (2020) WiFi",9318758973705,128GB / Som ny / Sølv,48559244935433,5505a5d5b5003dd7,128GB,Som ny,Sølv,continue,4207.00
"Brugt iPad Pro 11"" 2. Gen (2020) WiFi",9318758973705,256GB / Brugbar / Space Grey,48559245000969,3c2b1a3ed0116c42,256GB,Brugbar,Space Grey,continue,3697.00
"Brugt iPad Pro 11"" 2. Gen (2020) WiFi",9318758973705,256GB / Brugbar / Sølv,48559245033737,bad932c6849eada8,256GB,Brugbar,Sølv,continue,3697.00
"Brugt iPad Pro 11"" 2. Gen (2020) WiFi",9318758973705,256GB / Brugt / Space Grey,48559245066505,d49ec7d900b69b74,256GB,Brugt,Space Grey,continue,3867.00
"Brugt iPad Pro 11"" 2. Gen (2020) WiFi",9318758973705,256GB / Brugt / Sølv,48559245099273,fa624a1b8e2f659e,256GB,Brugt,Sølv,continue,3867.00
"Brugt iPad Pro 11"" 2. Gen (2020) WiFi",9318758973705,256GB / Rigtig god / Space Grey,48559245132041,86807f8a8af7d5a1,256GB,Rigtig god,Space Grey,continue,4037.00
"Brugt iPad Pro 11"" 2. Gen (2020) WiFi",9318758973705,256GB / Rigtig god / Sølv,48559245197577,a71ffd9557dad13f,256GB,Rigtig god,Sølv,continue,4037.00
"Brugt iPad Pro 11"" 2. Gen (2020) WiFi",9318758973705,256GB / Som ny / Space Grey,48559245230345,4775de1d6ce9df67,256GB,Som ny,Space Grey,continue,4462.00
"Brugt iPad Pro 11"" 2. Gen (2020) WiFi",9318758973705,256GB / Som ny / Sølv,48559245263113,cc7654f37d294bf9,256GB,Som ny,Sølv,continue,4462.00
"Brugt iPad Pro 11"" 2. Gen (2020) WiFi",9318758973705,512GB / Brugbar / Space Grey,48559245361417,924eaf1a8160fd6c,512GB,Brugbar,Space Grey,continue,4207.00
"Brugt iPad Pro 11"" 2. Gen (2020) WiFi",9318758973705,512GB / Brugbar / Sølv,48559245394185,1a0d098c883dcdb6,512GB,Brugbar,Sølv,continue,4207.00
"Brugt iPad Pro 11"" 2. Gen (2020) WiFi",9318758973705,512GB / Brugt / Space Grey,48559245426953,7ce96f00d58bae89,512GB,Brugt,Space Grey,continue,4377.00
"Brugt iPad Pro 11"" 2. Gen (2020) WiFi",9318758973705,512GB / Brugt / Sølv,48559245459721,12d50be6e754a311,512GB,Brugt,Sølv,continue,4377.00
"Brugt iPad Pro 11"" 2. Gen (2020) WiFi",9318758973705,512GB / Rigtig god / Space Grey,48559245525257,5d97ef216dafe4c8,512GB,Rigtig god,Space Grey,continue,4547.00
"Brugt iPad Pro 11"" 2. Gen (2020) WiFi",9318758973705,512GB / Rigtig god / Sølv,48559245558025,d7360e253f21a01e,512GB,Rigtig god,Sølv,continue,4547.00
"Brugt iPad Pro 11"" 2. Gen (2020) WiFi",9318758973705,512GB / Som ny / Space Grey,48559245590793,2294f95549af9cca,512GB,Som ny,Space Grey,continue,4972.00
"Brugt iPad Pro 11"" 2. Gen (2020) WiFi",9318758973705,512GB / Som ny / Sølv,48559245656329,d05d72bd41b40169,512GB,Som ny,Sølv,continue,4972.00
"Brugt iPad Pro 11"" 2. Gen (2020) WiFi",9318758973705,1024GB / Brugbar / Space Grey,48559245689097,535ee986abf3ae71,1024GB,Brugbar,Space Grey,continue,4632.00
"Brugt iPad Pro 11"" 2. Gen (2020) WiFi",9318758973705,1024GB / Brugbar / Sølv,48559245754633,7b87d79b21d2877a,1024GB,Brugbar,Sølv,continue,4632.00
"Brugt iPad Pro 11"" 2. Gen (2020) WiFi",9318758973705,1024GB / Brugt / Space Grey,48559245787401,3d93939925ae35b3,1024GB,Brugt,Space Grey,continue,4802.00
"Brugt iPad Pro 11"" 2. Gen (2020) WiFi",9318758973705,1024GB / Brugt / Sølv,48559245820169,757dccd2423b5059,1024GB,Brugt,Sølv,continue,4802.00
"Brugt iPad Pro 11"" 2. Gen (2020) WiFi",9318758973705,1024GB / Rigtig god / Space Grey,48559245852937,1df9f7f71ae3ff04,1024GB,Rigtig god,Space Grey,continue,4972.00
"Brugt iPad Pro 11"" 2. Gen (2020) WiFi",9318758973705,1024GB / Rigtig god / Sølv,48559245885705,18a38cbde080e9cf,1024GB,Rigtig god,Sølv,continue,4972.00
"Brugt iPad Pro 11"" 2. Gen (2020) WiFi",9318758973705,1024GB / Som ny / Space Grey,48559245918473,e65063e055603de9,1024GB,Som ny,Space Grey,continue,5397.00
"Brugt iPad Pro 11"" 2. Gen (2020) WiFi",9318758973705,1024GB / Som ny / Sølv,48559245951241,f7aa7e83367a7e7c,1024GB,Som ny,Sølv,continue,5397.00
"Brugt iPad Pro 11"" 5. Gen (2024) Cellular",9318759334153,256GB / Brugbar / Space Grey,48559251489033,002fe6a24fe10622,256GB,Brugbar,Space Grey,continue,6295.00
"Brugt iPad Pro 11"" 5. Gen (2024) Cellular",9318759334153,256GB / Brugbar / Sølv,48559251521801,8caa60e59d134ab3,256GB,Brugbar,Sølv,continue,6295.00
"Brugt iPad Pro 11"" 5. Gen (2024) Cellular",9318759334153,256GB / Brugt / Space Grey,48559251554569,9ddf704c1977b99a,256GB,Brugt,Space Grey,continue,7295.00
"Brugt iPad Pro 11"" 5. Gen (2024) Cellular",9318759334153,256GB / Brugt / Sølv,48559251587337,6072a52516e9d297,256GB,Brugt,Sølv,continue,7295.00
"Brugt iPad Pro 11"" 5. Gen (2024) Cellular",9318759334153,256GB / Rigtig god / Space Grey,48559251620105,d5050ccf1692f503,256GB,Rigtig god,Space Grey,continue,8295.00
"Brugt iPad Pro 11"" 5. Gen (2024) Cellular",9318759334153,256GB / Rigtig god / Sølv,48559251652873,392d3542efc78c2a,256GB,Rigtig god,Sølv,continue,8295.00
"Brugt iPad Pro 11"" 5. Gen (2024) Cellular",9318759334153,256GB / Som ny / Space Grey,48559251685641,56f9473430bec7a2,256GB,Som ny,Space Grey,continue,8895.00
"Brugt iPad Pro 11"" 5. Gen (2024) Cellular",9318759334153,256GB / Som ny / Sølv,48559251718409,190c16b327077342,256GB,Som ny,Sølv,continue,8895.00
"Brugt iPad Pro 11"" 5. Gen (2024) Cellular",9318759334153,512GB / Brugbar / Space Grey,48559251751177,69de385c42b75834,512GB,Brugbar,Space Grey,continue,7995.00
"Brugt iPad Pro 11"" 5. Gen (2024) Cellular",9318759334153,512GB / Brugbar / Sølv,48559251783945,f1831bd7115354a5,512GB,Brugbar,Sølv,continue,7995.00
"Brugt iPad Pro 11"" 5. Gen (2024) Cellular",9318759334153,512GB / Brugt / Space Grey,48559251816713,13ba3c80fe67c599,512GB,Brugt,Space Grey,continue,9295.00
"Brugt iPad Pro 11"" 5. Gen (2024) Cellular",9318759334153,512GB / Brugt / Sølv,48559251849481,1b5a39c4b17eb4d0,512GB,Brugt,Sølv,continue,9295.00
"Brugt iPad Pro 11"" 5. Gen (2024) Cellular",9318759334153,512GB / Rigtig god / Space Grey,48559251882249,40b80f9ee30c7867,512GB,Rigtig god,Space Grey,continue,10295.00
"Brugt iPad Pro 11"" 5. Gen (2024) Cellular",9318759334153,512GB / Rigtig god / Sølv,48559251915017,18649a542fb34ad6,512GB,Rigtig god,Sølv,continue,10295.00
"Brugt iPad Pro 11"" 5. Gen (2024) Cellular",9318759334153,512GB / Som ny / Space Grey,48559251947785,816138c0e63f0406,512GB,Som ny,Space Grey,continue,11395.00
"Brugt iPad Pro 11"" 5. Gen (2024) Cellular",9318759334153,512GB / Som ny / Sølv,48559251980553,d87c2dae4ac74610,512GB,Som ny,Sølv,continue,11395.00
"Brugt iPad Pro 11"" 5. Gen (2024) Cellular",9318759334153,1TB / Brugbar / Space Grey,48559252013321,700f36b312ef6067,1TB,Brugbar,Space Grey,continue,9095.00
"Brugt iPad Pro 11"" 5. Gen (2024) Cellular",9318759334153,1TB / Brugbar / Sølv,48559252046089,bb70b0b1df4a6a1c,1TB,Brugbar,Sølv,continue,9095.00
"Brugt iPad Pro 11"" 5. Gen (2024) Cellular",9318759334153,1TB / Brugt / Space Grey,48559252078857,66959fbb7f12c3ca,1TB,Brugt,Space Grey,continue,10595.00
"Brugt iPad Pro 11"" 5. Gen (2024) Cellular",9318759334153,1TB / Brugt / Sølv,48559252111625,07fa0473d677db01,1TB,Brugt,Sølv,continue,10595.00
"Brugt iPad Pro 11"" 5. Gen (2024) Cellular",9318759334153,1TB / Rigtig god / Space Grey,48559252144393,b46dcebe3cbd4579,1TB,Rigtig god,Space Grey,continue,11795.00
"Brugt iPad Pro 11"" 5. Gen (2024) Cellular",9318759334153,1TB / Rigtig god / Sølv,48559252177161,1fcefa797f35dc2e,1TB,Rigtig god,Sølv,continue,11795.00
"Brugt iPad Pro 11"" 5. Gen (2024) Cellular",9318759334153,1TB / Som ny / Space Grey,48559252209929,aa0c14c41ee51207,1TB,Som ny,Space Grey,continue,12895.00
"Brugt iPad Pro 11"" 5. Gen (2024) Cellular",9318759334153,1TB / Som ny / Sølv,48559252242697,eff08a5c60a1a4c2,1TB,Som ny,Sølv,continue,12895.00
"Brugt iPad Pro 11"" 5. Gen (2024) Cellular",9318759334153,2TB / Brugbar / Space Grey,48559252275465,5fdae6e9ffe750b5,2TB,Brugbar,Space Grey,continue,10695.00
"Brugt iPad Pro 11"" 5. Gen (2024) Cellular",9318759334153,2TB / Brugbar / Sølv,48559252308233,b6c1509db1fa789c,2TB,Brugbar,Sølv,continue,10695.00
"Brugt iPad Pro 11"" 5. Gen (2024) Cellular",9318759334153,2TB / Brugt / Space Grey,48559252341001,89d345eb1795a929,2TB,Brugt,Space Grey,continue,12495.00
"Brugt iPad Pro 11"" 5. Gen (2024) Cellular",9318759334153,2TB / Brugt / Sølv,48559252373769,9102d7adf3ac1008,2TB,Brugt,Sølv,continue,12495.00
"Brugt iPad Pro 11"" 5. Gen (2024) Cellular",9318759334153,2TB / Rigtig god / Space Grey,48559252406537,59e4856ec915112f,2TB,Rigtig god,Space Grey,continue,13895.00
"Brugt iPad Pro 11"" 5. Gen (2024) Cellular",9318759334153,2TB / Rigtig god / Sølv,48559252439305,99ed940521d786bf,2TB,Rigtig god,Sølv,continue,13895.00
"Brugt iPad Pro 11"" 5. Gen (2024) Cellular",9318759334153,2TB / Som ny / Space Grey,48559252472073,63bfb87566b4c4b0,2TB,Som ny,Space Grey,continue,15295.00
"Brugt iPad Pro 11"" 5. Gen (2024) Cellular",9318759334153,2TB / Som ny / Sølv,48559252504841,452a03b6f1ba0047,2TB,Som ny,Sølv,continue,15295.00
"Brugt iPad Pro 12.9"" 1. Gen (2015) Cellular",9318757564681,32GB / Brugbar / Space Grey,48559230353673,ba5e701a39a84701,32GB,Brugbar,Space Grey,continue,2895.00
"Brugt iPad Pro 12.9"" 1. Gen (2015) Cellular",9318757564681,32GB / Brugbar / Guld,48559230386441,3c81025151149b9b,32GB,Brugbar,Guld,continue,2895.00
"Brugt iPad Pro 12.9"" 1. Gen (2015) Cellular",9318757564681,32GB / Brugt / Space Grey,48559230419209,6319ec7a649d587f,32GB,Brugt,Space Grey,continue,3395.00
"Brugt iPad Pro 12.9"" 1. Gen (2015) Cellular",9318757564681,32GB / Brugt / Guld,48559230451977,08d226d7e8ef877d,32GB,Brugt,Guld,continue,3395.00
"Brugt iPad Pro 12.9"" 1. Gen (2015) Cellular",9318757564681,32GB / Rigtig god / Space Grey,48559230484745,210417b0895d7816,32GB,Rigtig god,Space Grey,continue,3795.00
"Brugt iPad Pro 12.9"" 1. Gen (2015) Cellular",9318757564681,32GB / Rigtig god / Guld,48559230517513,87502c8148165df5,32GB,Rigtig god,Guld,continue,3795.00
"Brugt iPad Pro 12.9"" 1. Gen (2015) Cellular",9318757564681,32GB / Som ny / Space Grey,48559230550281,ea24fa9c8f6b5d89,32GB,Som ny,Space Grey,continue,4295.00
"Brugt iPad Pro 12.9"" 1. Gen (2015) Cellular",9318757564681,32GB / Som ny / Guld,48559230583049,9f33cd29856cf95f,32GB,Som ny,Guld,continue,4295.00
"Brugt iPad Pro 12.9"" 1. Gen (2015) Cellular",9318757564681,128GB / Brugbar / Space Grey,48588069175561,99f36fe77fe3c1c8,128GB,Brugbar,Space Grey,continue,3195.00
"Brugt iPad Pro 12.9"" 1. Gen (2015) Cellular",9318757564681,128GB / Brugbar / Guld,48588069208329,b230cab3f9a3a49e,128GB,Brugbar,Guld,continue,3195.00
"Brugt iPad Pro 12.9"" 1. Gen (2015) Cellular",9318757564681,128GB / Brugt / Space Grey,48588069241097,75a9a3e278399e27,128GB,Brugt,Space Grey,continue,3695.00
"Brugt iPad Pro 12.9"" 1. Gen (2015) Cellular",9318757564681,128GB / Brugt / Guld,48588069273865,bd8d5dc565ae8ae3,128GB,Brugt,Guld,continue,3695.00
"Brugt iPad Pro 12.9"" 1. Gen (2015) Cellular",9318757564681,128GB / Rigtig god / Space Grey,48588069306633,29e67df0b5455beb,128GB,Rigtig god,Space Grey,continue,4095.00
"Brugt iPad Pro 12.9"" 1. Gen (2015) Cellular",9318757564681,128GB / Rigtig god / Guld,48588069339401,d4b965745b28ae3d,128GB,Rigtig god,Guld,continue,4095.00
"Brugt iPad Pro 12.9"" 1. Gen (2015) Cellular",9318757564681,128GB / Som ny / Space Grey,48588069372169,ee02720670ab7277,128GB,Som ny,Space Grey,continue,4595.00
"Brugt iPad Pro 12.9"" 1. Gen (2015) Cellular",9318757564681,128GB / Som ny / Guld,48588069404937,f216ba64840829e5,128GB,Som ny,Guld,continue,4595.00
"Brugt iPad Pro 12.9"" 1. Gen (2015) Cellular",9318757564681,256GB / Brugbar / Space Grey,48559230877961,b017c54c6a3ee682,256GB,Brugbar,Space Grey,continue,3395.00
"Brugt iPad Pro 12.9"" 1. Gen (2015) Cellular",9318757564681,256GB / Brugbar / Guld,48559230910729,0adb352f38e296ab,256GB,Brugbar,Guld,continue,3395.00
"Brugt iPad Pro 12.9"" 1. Gen (2015) Cellular",9318757564681,256GB / Brugt / Space Grey,48559230943497,102f9a0a75ba00d6,256GB,Brugt,Space Grey,continue,3995.00
"Brugt iPad Pro 12.9"" 1. Gen (2015) Cellular",9318757564681,256GB / Brugt / Guld,48559230976265,65e45b15f9efd539,256GB,Brugt,Guld,continue,3995.00
"Brugt iPad Pro 12.9"" 1. Gen (2015) Cellular",9318757564681,256GB / Rigtig god / Space Grey,48559231009033,1f732f84a507d768,256GB,Rigtig god,Space Grey,continue,4395.00
"Brugt iPad Pro 12.9"" 1. Gen (2015) Cellular",9318757564681,256GB / Rigtig god / Guld,48559231041801,47cf43489ccab695,256GB,Rigtig god,Guld,continue,4395.00
"Brugt iPad Pro 12.9"" 1. Gen (2015) Cellular",9318757564681,256GB / Som ny / Space Grey,48559231074569,88cb1183fb897277,256GB,Som ny,Space Grey,continue,4895.00
"Brugt iPad Pro 12.9"" 1. Gen (2015) Cellular",9318757564681,256GB / Som ny / Guld,48559231107337,26fa6017560cb4f8,256GB,Som ny,Guld,continue,4895.00
"Brugt iPad Pro 12.9"" 1. Gen (2015) WiFi",9318757695753,32GB / Brugbar / Space Grey,48559231336713,5963f21b78bb51ab,32GB,Brugbar,Space Grey,continue,2295.00
"Brugt iPad Pro 12.9"" 1. Gen (2015) WiFi",9318757695753,32GB / Brugbar / Guld,48559231369481,779ee234662a9467,32GB,Brugbar,Guld,continue,2295.00
"Brugt iPad Pro 12.9"" 1. Gen (2015) WiFi",9318757695753,32GB / Brugt / Space Grey,48559231402249,d8ece32e1814f854,32GB,Brugt,Space Grey,continue,2795.00
"Brugt iPad Pro 12.9"" 1. Gen (2015) WiFi",9318757695753,32GB / Brugt / Guld,48559231467785,c73ee9b3b2d0b5b9,32GB,Brugt,Guld,continue,2795.00
"Brugt iPad Pro 12.9"" 1. Gen (2015) WiFi",9318757695753,32GB / Rigtig god / Space Grey,48559231500553,f536d0df55213902,32GB,Rigtig god,Space Grey,continue,3195.00
"Brugt iPad Pro 12.9"" 1. Gen (2015) WiFi",9318757695753,32GB / Rigtig god / Guld,48559231533321,662abeec5a66f2d7,32GB,Rigtig god,Guld,continue,3195.00
"Brugt iPad Pro 12.9"" 1. Gen (2015) WiFi",9318757695753,32GB / Som ny / Space Grey,48559231566089,fb5725e138740ba6,32GB,Som ny,Space Grey,continue,3695.00
"Brugt iPad Pro 12.9"" 1. Gen (2015) WiFi",9318757695753,32GB / Som ny / Guld,48559231598857,fc9a8c147de86823,32GB,Som ny,Guld,continue,3695.00
"Brugt iPad Pro 12.9"" 1. Gen (2015) WiFi",9318757695753,128GB / Brugbar / Space Grey,48559231631625,16df01329b80133f,128GB,Brugbar,Space Grey,continue,2595.00
"Brugt iPad Pro 12.9"" 1. Gen (2015) WiFi",9318757695753,128GB / Brugbar / Guld,48559231664393,263cf5fbe08d0215,128GB,Brugbar,Guld,continue,2595.00
"Brugt iPad Pro 12.9"" 1. Gen (2015) WiFi",9318757695753,128GB / Brugt / Space Grey,48559231697161,ceb29e3b4e605644,128GB,Brugt,Space Grey,continue,3095.00
"Brugt iPad Pro 12.9"" 1. Gen (2015) WiFi",9318757695753,128GB / Brugt / Guld,48559231729929,cae0df18dfbcc580,128GB,Brugt,Guld,continue,3095.00
"Brugt iPad Pro 12.9"" 1. Gen (2015) WiFi",9318757695753,128GB / Rigtig god / Space Grey,48559231762697,1b8b837ed03b5178,128GB,Rigtig god,Space Grey,continue,3495.00
"Brugt iPad Pro 12.9"" 1. Gen (2015) WiFi",9318757695753,128GB / Rigtig god / Guld,48559231795465,b1df9ca26c3c8f55,128GB,Rigtig god,Guld,continue,3495.00
"Brugt iPad Pro 12.9"" 1. Gen (2015) WiFi",9318757695753,128GB / Som ny / Space Grey,48559231828233,348da00fa17333b0,128GB,Som ny,Space Grey,continue,3995.00
"Brugt iPad Pro 12.9"" 1. Gen (2015) WiFi",9318757695753,128GB / Som ny / Guld,48559231861001,7d743e9599a580cb,128GB,Som ny,Guld,continue,3995.00
"Brugt iPad Pro 12.9"" 1. Gen (2015) WiFi",9318757695753,256GB / Brugbar / Space Grey,48559231893769,f42eb42648d36feb,256GB,Brugbar,Space Grey,continue,2795.00
"Brugt iPad Pro 12.9"" 1. Gen (2015) WiFi",9318757695753,256GB / Brugbar / Guld,48559231926537,a61c098efd56bf6f,256GB,Brugbar,Guld,continue,2795.00
"Brugt iPad Pro 12.9"" 1. Gen (2015) WiFi",9318757695753,256GB / Brugt / Space Grey,48559231959305,45d60e75d2360aa5,256GB,Brugt,Space Grey,continue,3395.00
"Brugt iPad Pro 12.9"" 1. Gen (2015) WiFi",9318757695753,256GB / Brugt / Guld,48559231992073,9510c2120006f3a4,256GB,Brugt,Guld,continue,3395.00
"Brugt iPad Pro 12.9"" 1. Gen (2015) WiFi",9318757695753,256GB / Rigtig god / Space Grey,48559232024841,85d3d0896e669d0a,256GB,Rigtig god,Space Grey,continue,3795.00
"Brugt iPad Pro 12.9"" 1. Gen (2015) WiFi",9318757695753,256GB / Rigtig god / Guld,48559232057609,75408c20cb7caedc,256GB,Rigtig god,Guld,continue,3795.00
"Brugt iPad Pro 12.9"" 1. Gen (2015) WiFi",9318757695753,256GB / Som ny / Space Grey,48559232090377,ab29dc638dd1a805,256GB,Som ny,Space Grey,continue,4295.00
"Brugt iPad Pro 12.9"" 1. Gen (2015) WiFi",9318757695753,256GB / Som ny / Guld,48559232123145,9d687548a681697b,256GB,Som ny,Guld,continue,4295.00
"Brugt iPad Pro 12.9"" 2 Gen (2017) Cellular",9318758383881,64GB / Brugbar / Space Grey,48559238480137,79924cc7235a0e3f,64GB,Brugbar,Space Grey,continue,2897.00
"Brugt iPad Pro 12.9"" 2 Gen (2017) Cellular",9318758383881,64GB / Brugbar / Guld,48559238512905,32081ac9949a5c4d,64GB,Brugbar,Guld,continue,2897.00
"Brugt iPad Pro 12.9"" 2 Gen (2017) Cellular",9318758383881,64GB / Brugt / Space Grey,48559238545673,120bef323a6cb1d4,64GB,Brugt,Space Grey,continue,3087.00
"Brugt iPad Pro 12.9"" 2 Gen (2017) Cellular",9318758383881,64GB / Brugt / Guld,48559238578441,40a47745f8f04fba,64GB,Brugt,Guld,continue,3087.00
"Brugt iPad Pro 12.9"" 2 Gen (2017) Cellular",9318758383881,64GB / Rigtig god / Space Grey,48559238611209,62c546a1a11dc49a,64GB,Rigtig god,Space Grey,continue,3467.00
"Brugt iPad Pro 12.9"" 2 Gen (2017) Cellular",9318758383881,64GB / Rigtig god / Guld,48559238643977,4667175f8fc63f0c,64GB,Rigtig god,Guld,continue,3467.00
"Brugt iPad Pro 12.9"" 2 Gen (2017) Cellular",9318758383881,64GB / Som ny / Space Grey,48559238676745,0df00eef3ce06d27,64GB,Som ny,Space Grey,continue,3847.00
"Brugt iPad Pro 12.9"" 2 Gen (2017) Cellular",9318758383881,64GB / Som ny / Guld,48559238709513,662faf289feb115d,64GB,Som ny,Guld,continue,3847.00
"Brugt iPad Pro 12.9"" 2 Gen (2017) Cellular",9318758383881,256GB / Brugbar / Space Grey,48559238742281,00e55207ec129035,256GB,Brugbar,Space Grey,continue,3087.00
"Brugt iPad Pro 12.9"" 2 Gen (2017) Cellular",9318758383881,256GB / Brugbar / Guld,48559238775049,cacd423b290c8138,256GB,Brugbar,Guld,continue,3087.00
"Brugt iPad Pro 12.9"" 2 Gen (2017) Cellular",9318758383881,256GB / Brugt / Space Grey,48559238807817,27dd508c13ded097,256GB,Brugt,Space Grey,continue,3277.00
"Brugt iPad Pro 12.9"" 2 Gen (2017) Cellular",9318758383881,256GB / Brugt / Guld,48559238840585,76fab3182ac1c929,256GB,Brugt,Guld,continue,3277.00
"Brugt iPad Pro 12.9"" 2 Gen (2017) Cellular",9318758383881,256GB / Rigtig god / Space Grey,48559238873353,cac62b026e9d340c,256GB,Rigtig god,Space Grey,continue,3657.00
"Brugt iPad Pro 12.9"" 2 Gen (2017) Cellular",9318758383881,256GB / Rigtig god / Guld,48559238906121,649acfd98d37a6ad,256GB,Rigtig god,Guld,continue,3657.00
"Brugt iPad Pro 12.9"" 2 Gen (2017) Cellular",9318758383881,256GB / Som ny / Space Grey,48559238938889,cb79da207532998c,256GB,Som ny,Space Grey,continue,4037.00
"Brugt iPad Pro 12.9"" 2 Gen (2017) Cellular",9318758383881,256GB / Som ny / Guld,48559238971657,7629759012062abf,256GB,Som ny,Guld,continue,4037.00
"Brugt iPad Pro 12.9"" 2 Gen (2017) Cellular",9318758383881,512GB / Brugbar / Space Grey,48559239004425,cdecf38e7ea525aa,512GB,Brugbar,Space Grey,continue,3277.00
"Brugt iPad Pro 12.9"" 2 Gen (2017) Cellular",9318758383881,512GB / Brugbar / Guld,48559239037193,d96b4f45a4ba33c3,512GB,Brugbar,Guld,continue,3277.00
"Brugt iPad Pro 12.9"" 2 Gen (2017) Cellular",9318758383881,512GB / Brugt / Space Grey,48559239069961,6331b0936e0fb8d7,512GB,Brugt,Space Grey,continue,3467.00
"Brugt iPad Pro 12.9"" 2 Gen (2017) Cellular",9318758383881,512GB / Brugt / Guld,48559239102729,494cbd7af676ae9d,512GB,Brugt,Guld,continue,3467.00
"Brugt iPad Pro 12.9"" 2 Gen (2017) Cellular",9318758383881,512GB / Rigtig god / Space Grey,48559239135497,a96c722e1e75d4aa,512GB,Rigtig god,Space Grey,continue,3847.00
"Brugt iPad Pro 12.9"" 2 Gen (2017) Cellular",9318758383881,512GB / Rigtig god / Guld,48559239168265,8fd8b3ae6b9b44c1,512GB,Rigtig god,Guld,continue,3847.00
"Brugt iPad Pro 12.9"" 2 Gen (2017) Cellular",9318758383881,512GB / Som ny / Space Grey,48559239201033,d03619af2e010ebb,512GB,Som ny,Space Grey,continue,4227.00
"Brugt iPad Pro 12.9"" 2 Gen (2017) Cellular",9318758383881,512GB / Som ny / Guld,48559239233801,db9e8875e3bfcd95,512GB,Som ny,Guld,continue,4227.00
"Brugt iPad Pro 12.9"" 2 Gen (2017) WiFi",9318758318345,64GB / Brugbar / Space Grey,48559237267721,7b6cce22a7d85f40,64GB,Brugbar,Space Grey,continue,2612.00
"Brugt iPad Pro 12.9"" 2 Gen (2017) WiFi",9318758318345,64GB / Brugbar / Guld,48559237300489,385aeb8cc2043850,64GB,Brugbar,Guld,continue,2612.00
"Brugt iPad Pro 12.9"" 2 Gen (2017) WiFi",9318758318345,64GB / Brugt / Space Grey,48559237333257,e048177b8c557892,64GB,Brugt,Space Grey,continue,2802.00
"Brugt iPad Pro 12.9"" 2 Gen (2017) WiFi",9318758318345,64GB / Brugt / Guld,48559237366025,9eac4e8a025bed05,64GB,Brugt,Guld,continue,2802.00
"Brugt iPad Pro 12.9"" 2 Gen (2017) WiFi",9318758318345,64GB / Rigtig god / Space Grey,48559237398793,131144ed0ed9fdad,64GB,Rigtig god,Space Grey,continue,3182.00
"Brugt iPad Pro 12.9"" 2 Gen (2017) WiFi",9318758318345,64GB / Rigtig god / Guld,48559237431561,e220ed2ad88f962c,64GB,Rigtig god,Guld,continue,3182.00
"Brugt iPad Pro 12.9"" 2 Gen (2017) WiFi",9318758318345,64GB / Som ny / Space Grey,48559237464329,335f139f86c93f45,64GB,Som ny,Space Grey,continue,3562.00
"Brugt iPad Pro 12.9"" 2 Gen (2017) WiFi",9318758318345,64GB / Som ny / Guld,48559237497097,6ef98b7a81bbeb6e,64GB,Som ny,Guld,continue,3562.00
"Brugt iPad Pro 12.9"" 2 Gen (2017) WiFi",9318758318345,256GB / Brugbar / Space Grey,48559237529865,1e560737e96b37eb,256GB,Brugbar,Space Grey,continue,2802.00
"Brugt iPad Pro 12.9"" 2 Gen (2017) WiFi",9318758318345,256GB / Brugbar / Guld,48559237562633,a37f6d96e86e3817,256GB,Brugbar,Guld,continue,2802.00
"Brugt iPad Pro 12.9"" 2 Gen (2017) WiFi",9318758318345,256GB / Brugt / Space Grey,48559237595401,edfaefd6132a6fed,256GB,Brugt,Space Grey,continue,2992.00
"Brugt iPad Pro 12.9"" 2 Gen (2017) WiFi",9318758318345,256GB / Brugt / Guld,48559237628169,7f988ed796a9480c,256GB,Brugt,Guld,continue,2992.00
"Brugt iPad Pro 12.9"" 2 Gen (2017) WiFi",9318758318345,256GB / Rigtig god / Space Grey,48559237660937,67e2f5180ece6b3d,256GB,Rigtig god,Space Grey,continue,3372.00
"Brugt iPad Pro 12.9"" 2 Gen (2017) WiFi",9318758318345,256GB / Rigtig god / Guld,48559237693705,d40b8e5d8991d96e,256GB,Rigtig god,Guld,continue,3372.00
"Brugt iPad Pro 12.9"" 2 Gen (2017) WiFi",9318758318345,256GB / Som ny / Space Grey,48559237726473,03dce6c25c19fe8b,256GB,Som ny,Space Grey,continue,3752.00
"Brugt iPad Pro 12.9"" 2 Gen (2017) WiFi",9318758318345,256GB / Som ny / Guld,48559237759241,78e591125770f0bf,256GB,Som ny,Guld,continue,3752.00
"Brugt iPad Pro 12.9"" 2 Gen (2017) WiFi",9318758318345,512GB / Brugbar / Space Grey,48559237792009,6b61087ff853110a,512GB,Brugbar,Space Grey,continue,2992.00
"Brugt iPad Pro 12.9"" 2 Gen (2017) WiFi",9318758318345,512GB / Brugbar / Guld,48559237824777,c33801579d623c7f,512GB,Brugbar,Guld,continue,2992.00
"Brugt iPad Pro 12.9"" 2 Gen (2017) WiFi",9318758318345,512GB / Brugt / Space Grey,48559237857545,a48080adc3e81fe5,512GB,Brugt,Space Grey,continue,3182.00
"Brugt iPad Pro 12.9"" 2 Gen (2017) WiFi",9318758318345,512GB / Brugt / Guld,48559237890313,160678b648671fa0,512GB,Brugt,Guld,continue,3182.00
"Brugt iPad Pro 12.9"" 2 Gen (2017) WiFi",9318758318345,512GB / Rigtig god / Space Grey,48559237923081,33431b5b4808b6e6,512GB,Rigtig god,Space Grey,continue,3562.00
"Brugt iPad Pro 12.9"" 2 Gen (2017) WiFi",9318758318345,512GB / Rigtig god / Guld,48559237955849,45fef00eaa7d2beb,512GB,Rigtig god,Guld,continue,3562.00
"Brugt iPad Pro 12.9"" 2 Gen (2017) WiFi",9318758318345,512GB / Som ny / Space Grey,48559237988617,c8fb56dd300ce88b,512GB,Som ny,Space Grey,continue,3942.00
"Brugt iPad Pro 12.9"" 2 Gen (2017) WiFi",9318758318345,512GB / Som ny / Guld,48559238021385,0b3e330aa36de507,512GB,Som ny,Guld,continue,3942.00
"Brugt iPad Pro 12.9"" 3. Gen (2018) Cellular",9318758646025,64GB / Brugbar / Space Grey,48559243460873,edeb92a99edaa592,64GB,Brugbar,Space Grey,continue,3249.00
"Brugt iPad Pro 12.9"" 3. Gen (2018) Cellular",9318758646025,64GB / Brugbar / Sølv,48559243493641,6810937f6080dc39,64GB,Brugbar,Sølv,continue,3249.00
"Brugt iPad Pro 12.9"" 3. Gen (2018) Cellular",9318758646025,64GB / Brugt / Space Grey,48559243526409,f56eafb1f5dead13,64GB,Brugt,Space Grey,continue,3449.00
"Brugt iPad Pro 12.9"" 3. Gen (2018) Cellular",9318758646025,64GB / Brugt / Sølv,48559243559177,80642645acbcbd77,64GB,Brugt,Sølv,continue,3449.00
"Brugt iPad Pro 12.9"" 3. Gen (2018) Cellular",9318758646025,64GB / Rigtig god / Space Grey,48559243591945,e6b8dcdbf90ebf16,64GB,Rigtig god,Space Grey,continue,3849.00
"Brugt iPad Pro 12.9"" 3. Gen (2018) Cellular",9318758646025,64GB / Rigtig god / Sølv,48559243624713,53904fdcf8a6bb2f,64GB,Rigtig god,Sølv,continue,3849.00
"Brugt iPad Pro 12.9"" 3. Gen (2018) Cellular",9318758646025,64GB / Som ny / Space Grey,48559243657481,6e0905155645901c,64GB,Som ny,Space Grey,continue,4249.00
"Brugt iPad Pro 12.9"" 3. Gen (2018) Cellular",9318758646025,64GB / Som ny / Sølv,48559243690249,2a6707f2a865e895,64GB,Som ny,Sølv,continue,4249.00
"Brugt iPad Pro 12.9"" 3. Gen (2018) Cellular",9318758646025,256GB / Brugbar / Space Grey,48559243723017,2e4e37208d63a744,256GB,Brugbar,Space Grey,continue,3549.00
"Brugt iPad Pro 12.9"" 3. Gen (2018) Cellular",9318758646025,256GB / Brugbar / Sølv,48559243755785,c8197eb418c91f0b,256GB,Brugbar,Sølv,continue,3549.00
"Brugt iPad Pro 12.9"" 3. Gen (2018) Cellular",9318758646025,256GB / Brugt / Space Grey,48559243788553,e597203b050d5eb5,256GB,Brugt,Space Grey,continue,3749.00
"Brugt iPad Pro 12.9"" 3. Gen (2018) Cellular",9318758646025,256GB / Brugt / Sølv,48559243821321,0c184708637bc666,256GB,Brugt,Sølv,continue,3749.00
"Brugt iPad Pro 12.9"" 3. Gen (2018) Cellular",9318758646025,256GB / Rigtig god / Space Grey,48559243854089,dec1a2e20b57c83b,256GB,Rigtig god,Space Grey,continue,4149.00
"Brugt iPad Pro 12.9"" 3. Gen (2018) Cellular",9318758646025,256GB / Rigtig god / Sølv,48559243886857,0c36d8c25e3b5568,256GB,Rigtig god,Sølv,continue,4149.00
"Brugt iPad Pro 12.9"" 3. Gen (2018) Cellular",9318758646025,256GB / Som ny / Space Grey,48559243919625,75bbaa39785f2eac,256GB,Som ny,Space Grey,continue,4549.00
"Brugt iPad Pro 12.9"" 3. Gen (2018) Cellular",9318758646025,256GB / Som ny / Sølv,48559243952393,2e8f1c2d911646dc,256GB,Som ny,Sølv,continue,4549.00
"Brugt iPad Pro 12.9"" 3. Gen (2018) Cellular",9318758646025,512GB / Brugbar / Space Grey,48559243985161,57ac2488958b9bb2,512GB,Brugbar,Space Grey,continue,3849.00
"Brugt iPad Pro 12.9"" 3. Gen (2018) Cellular",9318758646025,512GB / Brugbar / Sølv,48559244017929,09feba760f0f3d96,512GB,Brugbar,Sølv,continue,3849.00
"Brugt iPad Pro 12.9"" 3. Gen (2018) Cellular",9318758646025,512GB / Brugt / Space Grey,48559244050697,cde991f79a720799,512GB,Brugt,Space Grey,continue,4049.00
"Brugt iPad Pro 12.9"" 3. Gen (2018) Cellular",9318758646025,512GB / Brugt / Sølv,48559244083465,46997fc984446555,512GB,Brugt,Sølv,continue,4049.00
"Brugt iPad Pro 12.9"" 3. Gen (2018) Cellular",9318758646025,512GB / Rigtig god / Space Grey,48559244116233,d930fcf07b6e566b,512GB,Rigtig god,Space Grey,continue,4449.00
"Brugt iPad Pro 12.9"" 3. Gen (2018) Cellular",9318758646025,512GB / Rigtig god / Sølv,48559244149001,2a826fc250b85822,512GB,Rigtig god,Sølv,continue,4449.00
"Brugt iPad Pro 12.9"" 3. Gen (2018) Cellular",9318758646025,512GB / Som ny / Space Grey,48559244181769,e5a6a9978c43dbb3,512GB,Som ny,Space Grey,continue,4849.00
"Brugt iPad Pro 12.9"" 3. Gen (2018) Cellular",9318758646025,512GB / Som ny / Sølv,48559244214537,64652d07d95399a3,512GB,Som ny,Sølv,continue,4849.00
"Brugt iPad Pro 12.9"" 3. Gen (2018) Cellular",9318758646025,1TB / Brugbar / Space Grey,48559244247305,73fadd493e519839,1TB,Brugbar,Space Grey,continue,4149.00
"Brugt iPad Pro 12.9"" 3. Gen (2018) Cellular",9318758646025,1TB / Brugbar / Sølv,48559244280073,3575433cacd6b6bf,1TB,Brugbar,Sølv,continue,4149.00
"Brugt iPad Pro 12.9"" 3. Gen (2018) Cellular",9318758646025,1TB / Brugt / Space Grey,48559244312841,5a45dc326e47a168,1TB,Brugt,Space Grey,continue,4349.00
"Brugt iPad Pro 12.9"" 3. Gen (2018) Cellular",9318758646025,1TB / Brugt / Sølv,48559244345609,26410dc7a34f4626,1TB,Brugt,Sølv,continue,4349.00
"Brugt iPad Pro 12.9"" 3. Gen (2018) Cellular",9318758646025,1TB / Rigtig god / Space Grey,48559244378377,20eafbb7cbf28e6a,1TB,Rigtig god,Space Grey,continue,4749.00
"Brugt iPad Pro 12.9"" 3. Gen (2018) Cellular",9318758646025,1TB / Rigtig god / Sølv,48559244411145,fdc7e77c7424cc31,1TB,Rigtig god,Sølv,continue,4749.00
"Brugt iPad Pro 12.9"" 3. Gen (2018) Cellular",9318758646025,1TB / Som ny / Space Grey,48559244443913,4455c5be31ce0365,1TB,Som ny,Space Grey,continue,5149.00
"Brugt iPad Pro 12.9"" 3. Gen (2018) Cellular",9318758646025,1TB / Som ny / Sølv,48559244476681,3e0ec7128970111d,1TB,Som ny,Sølv,continue,5149.00
"Brugt iPad Pro 12.9"" 3. Gen (2018) WiFi",9318758547721,64GB / Brugbar / Space Grey,48559241691401,c763480991c4fc1c,64GB,Brugbar,Space Grey,continue,2949.00
"Brugt iPad Pro 12.9"" 3. Gen (2018) WiFi",9318758547721,64GB / Brugbar / Sølv,48559241724169,e72428933796ff38,64GB,Brugbar,Sølv,continue,2949.00
"Brugt iPad Pro 12.9"" 3. Gen (2018) WiFi",9318758547721,64GB / Brugt / Space Grey,48559241756937,6934ba74f456c669,64GB,Brugt,Space Grey,continue,3149.00
"Brugt iPad Pro 12.9"" 3. Gen (2018) WiFi",9318758547721,64GB / Brugt / Sølv,48559241789705,2340e052ff0fa9e3,64GB,Brugt,Sølv,continue,3149.00
"Brugt iPad Pro 12.9"" 3. Gen (2018) WiFi",9318758547721,64GB / Rigtig god / Space Grey,48559241822473,a2faa3564a92f1ca,64GB,Rigtig god,Space Grey,continue,3549.00
"Brugt iPad Pro 12.9"" 3. Gen (2018) WiFi",9318758547721,64GB / Rigtig god / Sølv,48559241855241,da306ed90a273d98,64GB,Rigtig god,Sølv,continue,3549.00
"Brugt iPad Pro 12.9"" 3. Gen (2018) WiFi",9318758547721,64GB / Som ny / Space Grey,48559241888009,20bb449c9e69c8b9,64GB,Som ny,Space Grey,continue,3949.00
"Brugt iPad Pro 12.9"" 3. Gen (2018) WiFi",9318758547721,64GB / Som ny / Sølv,48559241920777,10c78871fa14a028,64GB,Som ny,Sølv,continue,3949.00
"Brugt iPad Pro 12.9"" 3. Gen (2018) WiFi",9318758547721,256GB / Brugbar / Space Grey,48559241953545,10ccad4f89f202aa,256GB,Brugbar,Space Grey,continue,3249.00
"Brugt iPad Pro 12.9"" 3. Gen (2018) WiFi",9318758547721,256GB / Brugbar / Sølv,48559241986313,205efa98294656ee,256GB,Brugbar,Sølv,continue,3249.00
"Brugt iPad Pro 12.9"" 3. Gen (2018) WiFi",9318758547721,256GB / Brugt / Space Grey,48559242019081,e31377f4ed87723b,256GB,Brugt,Space Grey,continue,3449.00
"Brugt iPad Pro 12.9"" 3. Gen (2018) WiFi",9318758547721,256GB / Brugt / Sølv,48559242051849,09e851d0502d7a32,256GB,Brugt,Sølv,continue,3449.00
"Brugt iPad Pro 12.9"" 3. Gen (2018) WiFi",9318758547721,256GB / Rigtig god / Space Grey,48559242084617,41bcd969f2fcf371,256GB,Rigtig god,Space Grey,continue,3849.00
"Brugt iPad Pro 12.9"" 3. Gen (2018) WiFi",9318758547721,256GB / Rigtig god / Sølv,48559242117385,d1e9e83eb65c88d7,256GB,Rigtig god,Sølv,continue,3849.00
"Brugt iPad Pro 12.9"" 3. Gen (2018) WiFi",9318758547721,256GB / Som ny / Space Grey,48559242150153,a7d61ab06e604ea7,256GB,Som ny,Space Grey,continue,4249.00
"Brugt iPad Pro 12.9"" 3. Gen (2018) WiFi",9318758547721,256GB / Som ny / Sølv,48559242182921,ddca6ced9005b671,256GB,Som ny,Sølv,continue,4249.00
"Brugt iPad Pro 12.9"" 3. Gen (2018) WiFi",9318758547721,512GB / Brugbar / Space Grey,48559242215689,9c7b6bdcb075c9e1,512GB,Brugbar,Space Grey,continue,3549.00
"Brugt iPad Pro 12.9"" 3. Gen (2018) WiFi",9318758547721,512GB / Brugbar / Sølv,48559242248457,56f626782e340bd5,512GB,Brugbar,Sølv,continue,3549.00
"Brugt iPad Pro 12.9"" 3. Gen (2018) WiFi",9318758547721,512GB / Brugt / Space Grey,48559242281225,b2cac83a324b7d52,512GB,Brugt,Space Grey,continue,3749.00
"Brugt iPad Pro 12.9"" 3. Gen (2018) WiFi",9318758547721,512GB / Brugt / Sølv,48559242313993,33b718406af60a62,512GB,Brugt,Sølv,continue,3749.00
"Brugt iPad Pro 12.9"" 3. Gen (2018) WiFi",9318758547721,512GB / Rigtig god / Space Grey,48559242346761,9ef20b76104e1b92,512GB,Rigtig god,Space Grey,continue,4149.00
"Brugt iPad Pro 12.9"" 3. Gen (2018) WiFi",9318758547721,512GB / Rigtig god / Sølv,48559242379529,81d773222d806444,512GB,Rigtig god,Sølv,continue,4149.00
"Brugt iPad Pro 12.9"" 3. Gen (2018) WiFi",9318758547721,512GB / Som ny / Space Grey,48559242412297,7a86a70120d39609,512GB,Som ny,Space Grey,continue,4549.00
"Brugt iPad Pro 12.9"" 3. Gen (2018) WiFi",9318758547721,512GB / Som ny / Sølv,48559242445065,c53dc847ba9b08bf,512GB,Som ny,Sølv,continue,4549.00
"Brugt iPad Pro 12.9"" 3. Gen (2018) WiFi",9318758547721,1TB / Brugbar / Space Grey,48559242477833,8ded09af6a7984e6,1TB,Brugbar,Space Grey,continue,3849.00
"Brugt iPad Pro 12.9"" 3. Gen (2018) WiFi",9318758547721,1TB / Brugbar / Sølv,48559242510601,6e95aabb3dbf3b95,1TB,Brugbar,Sølv,continue,3849.00
"Brugt iPad Pro 12.9"" 3. Gen (2018) WiFi",9318758547721,1TB / Brugt / Space Grey,48559242543369,9fb95ac9cc80026c,1TB,Brugt,Space Grey,continue,4049.00
"Brugt iPad Pro 12.9"" 3. Gen (2018) WiFi",9318758547721,1TB / Brugt / Sølv,48559242576137,d0939ca990428495,1TB,Brugt,Sølv,continue,4049.00
"Brugt iPad Pro 12.9"" 3. Gen (2018) WiFi",9318758547721,1TB / Rigtig god / Space Grey,48559242608905,53a98672978397b2,1TB,Rigtig god,Space Grey,continue,4449.00
"Brugt iPad Pro 12.9"" 3. Gen (2018) WiFi",9318758547721,1TB / Rigtig god / Sølv,48559242641673,8913670d78f4b7e2,1TB,Rigtig god,Sølv,continue,4449.00
"Brugt iPad Pro 12.9"" 3. Gen (2018) WiFi",9318758547721,1TB / Som ny / Space Grey,48559242674441,d561eb58bd34cd08,1TB,Som ny,Space Grey,continue,4849.00
"Brugt iPad Pro 12.9"" 3. Gen (2018) WiFi",9318758547721,1TB / Som ny / Sølv,48559242707209,bce7aee40b0a28f1,1TB,Som ny,Sølv,continue,4849.00
"Brugt iPad Pro 12.9"" 4. Gen (2020) Cellular",9318760317193,128GB / Brugbar / Hvid,48559271641353,956016cc1c3b178d,128GB,Brugbar,Hvid,continue,5049.00
"Brugt iPad Pro 12.9"" 4. Gen (2020) Cellular",9318760317193,128GB / Brugbar / Sort,48559271674121,036b0e83c0a563bb,128GB,Brugbar,Sort,continue,5049.00
"Brugt iPad Pro 12.9"" 4. Gen (2020) Cellular",9318760317193,128GB / Brugt / Hvid,48559271706889,dc2d3c1fd24f59a0,128GB,Brugt,Hvid,continue,5249.00
"Brugt iPad Pro 12.9"" 4. Gen (2020) Cellular",9318760317193,128GB / Brugt / Sort,48559271739657,c1f4a19d21717a32,128GB,Brugt,Sort,continue,5249.00
"Brugt iPad Pro 12.9"" 4. Gen (2020) Cellular",9318760317193,128GB / Rigtig god / Hvid,48559271772425,6747457314ab40f0,128GB,Rigtig god,Hvid,continue,5649.00
"Brugt iPad Pro 12.9"" 4. Gen (2020) Cellular",9318760317193,128GB / Rigtig god / Sort,48559271805193,57a6ff4abc17066d,128GB,Rigtig god,Sort,continue,5649.00
"Brugt iPad Pro 12.9"" 4. Gen (2020) Cellular",9318760317193,128GB / Som ny / Hvid,48559271837961,ac570449d1c5db5d,128GB,Som ny,Hvid,continue,6149.00
"Brugt iPad Pro 12.9"" 4. Gen (2020) Cellular",9318760317193,128GB / Som ny / Sort,48559271870729,67c81f9b16db4cba,128GB,Som ny,Sort,continue,6149.00
"Brugt iPad Pro 12.9"" 4. Gen (2020) Cellular",9318760317193,256GB / Brugbar / Hvid,48559271903497,4ba216ed89d521e0,256GB,Brugbar,Hvid,continue,5749.00
"Brugt iPad Pro 12.9"" 4. Gen (2020) Cellular",9318760317193,256GB / Brugbar / Sort,48559271936265,7b11278624340784,256GB,Brugbar,Sort,continue,5749.00
"Brugt iPad Pro 12.9"" 4. Gen (2020) Cellular",9318760317193,256GB / Brugt / Hvid,48559271969033,6e6d3226aff9ffd5,256GB,Brugt,Hvid,continue,5949.00
"Brugt iPad Pro 12.9"" 4. Gen (2020) Cellular",9318760317193,256GB / Brugt / Sort,48559272001801,817382a0be5c784e,256GB,Brugt,Sort,continue,5949.00
"Brugt iPad Pro 12.9"" 4. Gen (2020) Cellular",9318760317193,256GB / Rigtig god / Hvid,48559272034569,fed7695d65c8dc1e,256GB,Rigtig god,Hvid,continue,6349.00
"Brugt iPad Pro 12.9"" 4. Gen (2020) Cellular",9318760317193,256GB / Rigtig god / Sort,48559272067337,2f3a34bac905b0e8,256GB,Rigtig god,Sort,continue,6349.00
"Brugt iPad Pro 12.9"" 4. Gen (2020) Cellular",9318760317193,256GB / Som ny / Hvid,48559272100105,d316a54d8158c5a4,256GB,Som ny,Hvid,continue,6849.00
"Brugt iPad Pro 12.9"" 4. Gen (2020) Cellular",9318760317193,256GB / Som ny / Sort,48559272132873,c4c956c8430a93bf,256GB,Som ny,Sort,continue,6849.00
"Brugt iPad Pro 12.9"" 4. Gen (2020) Cellular",9318760317193,512GB / Brugbar / Hvid,48559272165641,ced35992da7b6bc9,512GB,Brugbar,Hvid,continue,6549.00
"Brugt iPad Pro 12.9"" 4. Gen (2020) Cellular",9318760317193,512GB / Brugbar / Sort,48559272198409,35fb3cc20007c028,512GB,Brugbar,Sort,continue,6549.00
"Brugt iPad Pro 12.9"" 4. Gen (2020) Cellular",9318760317193,512GB / Brugt / Hvid,48559272231177,21dc18f408ea87fc,512GB,Brugt,Hvid,continue,6749.00
"Brugt iPad Pro 12.9"" 4. Gen (2020) Cellular",9318760317193,512GB / Brugt / Sort,48559272263945,bf73ede088a01ac4,512GB,Brugt,Sort,continue,6749.00
"Brugt iPad Pro 12.9"" 4. Gen (2020) Cellular",9318760317193,512GB / Rigtig god / Hvid,48559272296713,3561602563e4c4ff,512GB,Rigtig god,Hvid,continue,7149.00
"Brugt iPad Pro 12.9"" 4. Gen (2020) Cellular",9318760317193,512GB / Rigtig god / Sort,48559272329481,361fbae7c4c4191b,512GB,Rigtig god,Sort,continue,7149.00
"Brugt iPad Pro 12.9"" 4. Gen (2020) Cellular",9318760317193,512GB / Som ny / Hvid,48559272362249,4cdd5d1dfa2093dc,512GB,Som ny,Hvid,continue,7649.00
"Brugt iPad Pro 12.9"" 4. Gen (2020) Cellular",9318760317193,512GB / Som ny / Sort,48559272395017,8ea9f1ede65bfa3e,512GB,Som ny,Sort,continue,7649.00
"Brugt iPad Pro 12.9"" 4. Gen (2020) Cellular",9318760317193,1TB / Brugbar / Hvid,48559272427785,db28ff84fd606439,1TB,Brugbar,Hvid,continue,7449.00
"Brugt iPad Pro 12.9"" 4. Gen (2020) Cellular",9318760317193,1TB / Brugbar / Sort,48559272460553,6624185bd93b1feb,1TB,Brugbar,Sort,continue,7449.00
"Brugt iPad Pro 12.9"" 4. Gen (2020) Cellular",9318760317193,1TB / Brugt / Hvid,48559272493321,fbab009100463b9c,1TB,Brugt,Hvid,continue,7649.00
"Brugt iPad Pro 12.9"" 4. Gen (2020) Cellular",9318760317193,1TB / Brugt / Sort,48559272526089,027546cea0f3ee46,1TB,Brugt,Sort,continue,7649.00
"Brugt iPad Pro 12.9"" 4. Gen (2020) Cellular",9318760317193,1TB / Rigtig god / Hvid,48559272558857,3951b4a0b211970b,1TB,Rigtig god,Hvid,continue,8049.00
"Brugt iPad Pro 12.9"" 4. Gen (2020) Cellular",9318760317193,1TB / Rigtig god / Sort,48559272591625,8ad02cf408c24451,1TB,Rigtig god,Sort,continue,8049.00
"Brugt iPad Pro 12.9"" 4. Gen (2020) Cellular",9318760317193,1TB / Som ny / Hvid,48559272624393,2c6f268722c13004,1TB,Som ny,Hvid,continue,8549.00
"Brugt iPad Pro 12.9"" 4. Gen (2020) Cellular",9318760317193,1TB / Som ny / Sort,48559272657161,d56e077534bc9f19,1TB,Som ny,Sort,continue,8549.00
"Brugt iPad Pro 12.9"" 4. Gen (2020) WiFi",9318760382729,128GB / Brugbar / Space Grey,48559272722697,0fe6f8c206eea2e4,128GB,Brugbar,Space Grey,continue,4249.00
"Brugt iPad Pro 12.9"" 4. Gen (2020) WiFi",9318760382729,128GB / Brugbar / Sølv,48559272755465,11642a6b0f55d866,128GB,Brugbar,Sølv,continue,4249.00
"Brugt iPad Pro 12.9"" 4. Gen (2020) WiFi",9318760382729,128GB / Brugt / Space Grey,48559272788233,3cb4bb7605324b22,128GB,Brugt,Space Grey,continue,4449.00
"Brugt iPad Pro 12.9"" 4. Gen (2020) WiFi",9318760382729,128GB / Brugt / Sølv,48559272821001,d5fd878f36d1b489,128GB,Brugt,Sølv,continue,4449.00
"Brugt iPad Pro 12.9"" 4. Gen (2020) WiFi",9318760382729,128GB / Rigtig god / Space Grey,48559272853769,59d618b1bd2a898a,128GB,Rigtig god,Space Grey,continue,4849.00
"Brugt iPad Pro 12.9"" 4. Gen (2020) WiFi",9318760382729,128GB / Rigtig god / Sølv,48559272886537,e647d0caa2d09402,128GB,Rigtig god,Sølv,continue,4849.00
"Brugt iPad Pro 12.9"" 4. Gen (2020) WiFi",9318760382729,128GB / Som ny / Space Grey,48559272919305,bd3474d2382f12c6,128GB,Som ny,Space Grey,continue,5349.00
"Brugt iPad Pro 12.9"" 4. Gen (2020) WiFi",9318760382729,128GB / Som ny / Sølv,48559272952073,b8348eaa51c1ddbf,128GB,Som ny,Sølv,continue,5349.00
"Brugt iPad Pro 12.9"" 4. Gen (2020) WiFi",9318760382729,256GB / Brugbar / Space Grey,48559272984841,679ecb6288ee3ede,256GB,Brugbar,Space Grey,continue,4949.00
"Brugt iPad Pro 12.9"" 4. Gen (2020) WiFi",9318760382729,256GB / Brugbar / Sølv,48559273017609,2de27c21093af7d5,256GB,Brugbar,Sølv,continue,4949.00
"Brugt iPad Pro 12.9"" 4. Gen (2020) WiFi",9318760382729,256GB / Brugt / Space Grey,48559273050377,3052c32a8cf4e543,256GB,Brugt,Space Grey,continue,5149.00
"Brugt iPad Pro 12.9"" 4. Gen (2020) WiFi",9318760382729,256GB / Brugt / Sølv,48559273083145,7f596729bb16c2bc,256GB,Brugt,Sølv,continue,5149.00
"Brugt iPad Pro 12.9"" 4. Gen (2020) WiFi",9318760382729,256GB / Rigtig god / Space Grey,48559273115913,4b2887bd1fe92bd9,256GB,Rigtig god,Space Grey,continue,5549.00
"Brugt iPad Pro 12.9"" 4. Gen (2020) WiFi",9318760382729,256GB / Rigtig god / Sølv,48559273148681,4b9e63fb67229bbd,256GB,Rigtig god,Sølv,continue,5549.00
"Brugt iPad Pro 12.9"" 4. Gen (2020) WiFi",9318760382729,256GB / Som ny / Space Grey,48559273181449,58359e7bab470a3c,256GB,Som ny,Space Grey,continue,6049.00
"Brugt iPad Pro 12.9"" 4. Gen (2020) WiFi",9318760382729,256GB / Som ny / Sølv,48559273214217,481716643c8323c7,256GB,Som ny,Sølv,continue,6049.00
"Brugt iPad Pro 12.9"" 4. Gen (2020) WiFi",9318760382729,512GB / Brugbar / Space Grey,48559273246985,2ec95529b8ec710a,512GB,Brugbar,Space Grey,continue,5749.00
"Brugt iPad Pro 12.9"" 4. Gen (2020) WiFi",9318760382729,512GB / Brugbar / Sølv,48559273279753,686883771e2d0ee5,512GB,Brugbar,Sølv,continue,5749.00
"Brugt iPad Pro 12.9"" 4. Gen (2020) WiFi",9318760382729,512GB / Brugt / Space Grey,48559273312521,dea31b8db4081160,512GB,Brugt,Space Grey,continue,5949.00
"Brugt iPad Pro 12.9"" 4. Gen (2020) WiFi",9318760382729,512GB / Brugt / Sølv,48559273345289,13c57c5995e69638,512GB,Brugt,Sølv,continue,5949.00
"Brugt iPad Pro 12.9"" 4. Gen (2020) WiFi",9318760382729,512GB / Rigtig god / Space Grey,48559273378057,058a50e59ef0a2d6,512GB,Rigtig god,Space Grey,continue,6349.00
"Brugt iPad Pro 12.9"" 4. Gen (2020) WiFi",9318760382729,512GB / Rigtig god / Sølv,48559273410825,ef9d59e2f9903c28,512GB,Rigtig god,Sølv,continue,6349.00
"Brugt iPad Pro 12.9"" 4. Gen (2020) WiFi",9318760382729,512GB / Som ny / Space Grey,48559273443593,ba154ec8af49a4b8,512GB,Som ny,Space Grey,continue,6849.00
"Brugt iPad Pro 12.9"" 4. Gen (2020) WiFi",9318760382729,512GB / Som ny / Sølv,48559273476361,bfa17fe3b9222fba,512GB,Som ny,Sølv,continue,6849.00
"Brugt iPad Pro 12.9"" 4. Gen (2020) WiFi",9318760382729,1TB / Brugbar / Space Grey,48559273509129,4173e7dd64ec59d7,1TB,Brugbar,Space Grey,continue,6649.00
"Brugt iPad Pro 12.9"" 4. Gen (2020) WiFi",9318760382729,1TB / Brugbar / Sølv,48559273541897,3170fd84053e85c0,1TB,Brugbar,Sølv,continue,6649.00
"Brugt iPad Pro 12.9"" 4. Gen (2020) WiFi",9318760382729,1TB / Brugt / Space Grey,48559273574665,5f5d94ca9da7400b,1TB,Brugt,Space Grey,continue,6849.00
"Brugt iPad Pro 12.9"" 4. Gen (2020) WiFi",9318760382729,1TB / Brugt / Sølv,48559273607433,8b8df6aefef640ca,1TB,Brugt,Sølv,continue,6849.00
"Brugt iPad Pro 12.9"" 4. Gen (2020) WiFi",9318760382729,1TB / Rigtig god / Space Grey,48559273640201,fbfa13035af5cf3b,1TB,Rigtig god,Space Grey,continue,7249.00
"Brugt iPad Pro 12.9"" 4. Gen (2020) WiFi",9318760382729,1TB / Rigtig god / Sølv,48559273672969,2aa33e312cac5f12,1TB,Rigtig god,Sølv,continue,7249.00
"Brugt iPad Pro 12.9"" 4. Gen (2020) WiFi",9318760382729,1TB / Som ny / Space Grey,48559273705737,7bbe88927d189efc,1TB,Som ny,Space Grey,continue,7749.00
"Brugt iPad Pro 12.9"" 4. Gen (2020) WiFi",9318760382729,1TB / Som ny / Sølv,48559273738505,0ecc43f8bbcfd7d1,1TB,Som ny,Sølv,continue,7749.00
"Brugt iPad Pro 12.9"" 5. Gen (2021) Cellular",9318762414345,128GB / Brugbar / Space Grey,48559283994889,5ec158607dfa705a,128GB,Brugbar,Space Grey,continue,7149.00
"Brugt iPad Pro 12.9"" 5. Gen (2021) Cellular",9318762414345,128GB / Brugbar / Sølv,48559284027657,a9c995590bb0ed8c,128GB,Brugbar,Sølv,continue,7149.00
"Brugt iPad Pro 12.9"" 5. Gen (2021) Cellular",9318762414345,128GB / Brugt / Space Grey,48559284060425,8ce6834726c5d986,128GB,Brugt,Space Grey,continue,7349.00
"Brugt iPad Pro 12.9"" 5. Gen (2021) Cellular",9318762414345,128GB / Brugt / Sølv,48559284093193,1a5365d4274107b8,128GB,Brugt,Sølv,continue,7349.00
"Brugt iPad Pro 12.9"" 5. Gen (2021) Cellular",9318762414345,128GB / Rigtig god / Space Grey,48559284125961,3ad3d03b0d3e6491,128GB,Rigtig god,Space Grey,continue,8249.00
"Brugt iPad Pro 12.9"" 5. Gen (2021) Cellular",9318762414345,128GB / Rigtig god / Sølv,48559284158729,1fa54aba791987b9,128GB,Rigtig god,Sølv,continue,8249.00
"Brugt iPad Pro 12.9"" 5. Gen (2021) Cellular",9318762414345,128GB / Som ny / Space Grey,48559284191497,d2601b32aa198161,128GB,Som ny,Space Grey,continue,8949.00
"Brugt iPad Pro 12.9"" 5. Gen (2021) Cellular",9318762414345,128GB / Som ny / Sølv,48559284224265,9af6493b9c3b286a,128GB,Som ny,Sølv,continue,8949.00
"Brugt iPad Pro 12.9"" 5. Gen (2021) Cellular",9318762414345,256GB / Brugbar / Space Grey,48559284257033,1989d17e7f424c5b,256GB,Brugbar,Space Grey,continue,7949.00
"Brugt iPad Pro 12.9"" 5. Gen (2021) Cellular",9318762414345,256GB / Brugbar / Sølv,48559284289801,016019a723e63bbd,256GB,Brugbar,Sølv,continue,7949.00
"Brugt iPad Pro 12.9"" 5. Gen (2021) Cellular",9318762414345,256GB / Brugt / Space Grey,48559284322569,ec4cd2c94f5af842,256GB,Brugt,Space Grey,continue,8149.00
"Brugt iPad Pro 12.9"" 5. Gen (2021) Cellular",9318762414345,256GB / Brugt / Sølv,48559284355337,91b663d38ef0ec75,256GB,Brugt,Sølv,continue,8149.00
"Brugt iPad Pro 12.9"" 5. Gen (2021) Cellular",9318762414345,256GB / Rigtig god / Space Grey,48559284388105,313e24c4d94a053b,256GB,Rigtig god,Space Grey,continue,8549.00
"Brugt iPad Pro 12.9"" 5. Gen (2021) Cellular",9318762414345,256GB / Rigtig god / Sølv,48559284420873,576bb5f18b92e52d,256GB,Rigtig god,Sølv,continue,8549.00
"Brugt iPad Pro 12.9"" 5. Gen (2021) Cellular",9318762414345,256GB / Som ny / Space Grey,48559284453641,5ee8f858a1501a7f,256GB,Som ny,Space Grey,continue,9249.00
"Brugt iPad Pro 12.9"" 5. Gen (2021) Cellular",9318762414345,256GB / Som ny / Sølv,48559284486409,b1a8653fa1a04a4b,256GB,Som ny,Sølv,continue,9249.00
"Brugt iPad Pro 12.9"" 5. Gen (2021) Cellular",9318762414345,512GB / Brugbar / Space Grey,48559284519177,81f59ac999eca83e,512GB,Brugbar,Space Grey,continue,8749.00
"Brugt iPad Pro 12.9"" 5. Gen (2021) Cellular",9318762414345,512GB / Brugbar / Sølv,48559284551945,21704359399e00e5,512GB,Brugbar,Sølv,continue,8749.00
"Brugt iPad Pro 12.9"" 5. Gen (2021) Cellular",9318762414345,512GB / Brugt / Space Grey,48559284584713,216db513e35a6d25,512GB,Brugt,Space Grey,continue,8949.00
"Brugt iPad Pro 12.9"" 5. Gen (2021) Cellular",9318762414345,512GB / Brugt / Sølv,48559284617481,0b0ea7a8228d46a0,512GB,Brugt,Sølv,continue,8949.00
"Brugt iPad Pro 12.9"" 5. Gen (2021) Cellular",9318762414345,512GB / Rigtig god / Space Grey,48559284650249,af56fca41cf0373d,512GB,Rigtig god,Space Grey,continue,8849.00
"Brugt iPad Pro 12.9"" 5. Gen (2021) Cellular",9318762414345,512GB / Rigtig god / Sølv,48559284683017,5489e5fee95ef4dc,512GB,Rigtig god,Sølv,continue,8849.00
"Brugt iPad Pro 12.9"" 5. Gen (2021) Cellular",9318762414345,512GB / Som ny / Space Grey,48559284715785,eb3e6947c2978431,512GB,Som ny,Space Grey,continue,9549.00
"Brugt iPad Pro 12.9"" 5. Gen (2021) Cellular",9318762414345,512GB / Som ny / Sølv,48559284748553,f433bed1c6086fee,512GB,Som ny,Sølv,continue,9549.00
"Brugt iPad Pro 12.9"" 5. Gen (2021) Cellular",9318762414345,1TB / Brugbar / Space Grey,48559284781321,a8c37207a2a976d9,1TB,Brugbar,Space Grey,continue,9549.00
"Brugt iPad Pro 12.9"" 5. Gen (2021) Cellular",9318762414345,1TB / Brugbar / Sølv,48559284814089,e1c9c99e958a5024,1TB,Brugbar,Sølv,continue,9549.00
"Brugt iPad Pro 12.9"" 5. Gen (2021) Cellular",9318762414345,1TB / Brugt / Space Grey,48559284846857,99e78751a76c0e8a,1TB,Brugt,Space Grey,continue,9749.00
"Brugt iPad Pro 12.9"" 5. Gen (2021) Cellular",9318762414345,1TB / Brugt / Sølv,48559284879625,b5ce34a50c4a43b5,1TB,Brugt,Sølv,continue,9749.00
"Brugt iPad Pro 12.9"" 5. Gen (2021) Cellular",9318762414345,1TB / Rigtig god / Space Grey,48559284912393,446a36507165e0a2,1TB,Rigtig god,Space Grey,continue,9749.00
"Brugt iPad Pro 12.9"" 5. Gen (2021) Cellular",9318762414345,1TB / Rigtig god / Sølv,48559284945161,d3fab3c6c525e246,1TB,Rigtig god,Sølv,continue,9749.00
"Brugt iPad Pro 12.9"" 5. Gen (2021) Cellular",9318762414345,1TB / Som ny / Space Grey,48559284977929,380e38482e0eb92d,1TB,Som ny,Space Grey,continue,10449.00
"Brugt iPad Pro 12.9"" 5. Gen (2021) Cellular",9318762414345,1TB / Som ny / Sølv,48559285010697,ccd8ca39e79b156f,1TB,Som ny,Sølv,continue,10449.00
"Brugt iPad Pro 12.9"" 5. Gen (2021) Cellular",9318762414345,2TB / Brugbar / Space Grey,48559285043465,d77e6645ccc933af,2TB,Brugbar,Space Grey,continue,10349.00
"Brugt iPad Pro 12.9"" 5. Gen (2021) Cellular",9318762414345,2TB / Brugbar / Sølv,48559285076233,b5226d8c2d624240,2TB,Brugbar,Sølv,continue,10349.00
"Brugt iPad Pro 12.9"" 5. Gen (2021) Cellular",9318762414345,2TB / Brugt / Space Grey,48559285109001,3dbeaa22f9988bc9,2TB,Brugt,Space Grey,continue,10549.00
"Brugt iPad Pro 12.9"" 5. Gen (2021) Cellular",9318762414345,2TB / Brugt / Sølv,48559285141769,06f1fc5af6abd548,2TB,Brugt,Sølv,continue,10549.00
"Brugt iPad Pro 12.9"" 5. Gen (2021) Cellular",9318762414345,2TB / Rigtig god / Space Grey,48559285174537,94b790983bd9bf17,2TB,Rigtig god,Space Grey,continue,10649.00
"Brugt iPad Pro 12.9"" 5. Gen (2021) Cellular",9318762414345,2TB / Rigtig god / Sølv,48559285207305,f4cf90cbd16dd2f1,2TB,Rigtig god,Sølv,continue,10649.00
"Brugt iPad Pro 12.9"" 5. Gen (2021) Cellular",9318762414345,2TB / Som ny / Space Grey,48559285240073,848bf15e61cfeecd,2TB,Som ny,Space Grey,continue,11349.00
"Brugt iPad Pro 12.9"" 5. Gen (2021) Cellular",9318762414345,2TB / Som ny / Sølv,48559285272841,4a9d7d49c5371f35,2TB,Som ny,Sølv,continue,11349.00
"Brugt iPad Pro 12.9"" 5. Gen (2021) WiFi",9318762545417,128GB / Brugbar / Space Grey,48559285600521,f89715adccf30b83,128GB,Brugbar,Space Grey,continue,6349.00
"Brugt iPad Pro 12.9"" 5. Gen (2021) WiFi",9318762545417,128GB / Brugbar / Sølv,48559285633289,02f66699094e9024,128GB,Brugbar,Sølv,continue,6349.00
"Brugt iPad Pro 12.9"" 5. Gen (2021) WiFi",9318762545417,128GB / Brugt / Space Grey,48559285666057,5db73b27bd4b6aee,128GB,Brugt,Space Grey,continue,6549.00
"Brugt iPad Pro 12.9"" 5. Gen (2021) WiFi",9318762545417,128GB / Brugt / Sølv,48559285698825,eb21c23f4e73e24a,128GB,Brugt,Sølv,continue,6549.00
"Brugt iPad Pro 12.9"" 5. Gen (2021) WiFi",9318762545417,128GB / Rigtig god / Space Grey,48559285731593,a4a5ffefe81a1ede,128GB,Rigtig god,Space Grey,continue,6949.00
"Brugt iPad Pro 12.9"" 5. Gen (2021) WiFi",9318762545417,128GB / Rigtig god / Sølv,48559285764361,91861ac81f54f56d,128GB,Rigtig god,Sølv,continue,6949.00
"Brugt iPad Pro 12.9"" 5. Gen (2021) WiFi",9318762545417,128GB / Som ny / Space Grey,48559285797129,5c6b6e9b28c4a71c,128GB,Som ny,Space Grey,continue,7349.00
"Brugt iPad Pro 12.9"" 5. Gen (2021) WiFi",9318762545417,128GB / Som ny / Sølv,48559285829897,02c8e937526bc61b,128GB,Som ny,Sølv,continue,7349.00
"Brugt iPad Pro 12.9"" 5. Gen (2021) WiFi",9318762545417,256GB / Brugbar / Space Grey,48559285862665,4346e41c581b993e,256GB,Brugbar,Space Grey,continue,7149.00
"Brugt iPad Pro 12.9"" 5. Gen (2021) WiFi",9318762545417,256GB / Brugbar / Sølv,48559285895433,26a587aa5f3c1bb0,256GB,Brugbar,Sølv,continue,7149.00
"Brugt iPad Pro 12.9"" 5. Gen (2021) WiFi",9318762545417,256GB / Brugt / Space Grey,48559285928201,087e21276f19cc1e,256GB,Brugt,Space Grey,continue,7349.00
"Brugt iPad Pro 12.9"" 5. Gen (2021) WiFi",9318762545417,256GB / Brugt / Sølv,48559285960969,c00339951896e28e,256GB,Brugt,Sølv,continue,7349.00
"Brugt iPad Pro 12.9"" 5. Gen (2021) WiFi",9318762545417,256GB / Rigtig god / Space Grey,48559285993737,0da099f2c49a930b,256GB,Rigtig god,Space Grey,continue,7749.00
"Brugt iPad Pro 12.9"" 5. Gen (2021) WiFi",9318762545417,256GB / Rigtig god / Sølv,48559286026505,a53412d8d920618d,256GB,Rigtig god,Sølv,continue,7749.00
"Brugt iPad Pro 12.9"" 5. Gen (2021) WiFi",9318762545417,256GB / Som ny / Space Grey,48559286059273,ad25560842113d3d,256GB,Som ny,Space Grey,continue,8149.00
"Brugt iPad Pro 12.9"" 5. Gen (2021) WiFi",9318762545417,256GB / Som ny / Sølv,48559286092041,a3514dd6388b19fd,256GB,Som ny,Sølv,continue,8149.00
"Brugt iPad Pro 12.9"" 5. Gen (2021) WiFi",9318762545417,512GB / Brugbar / Space Grey,48559286124809,ac3086af8b273094,512GB,Brugbar,Space Grey,continue,7949.00
"Brugt iPad Pro 12.9"" 5. Gen (2021) WiFi",9318762545417,512GB / Brugbar / Sølv,48559286157577,a6edf6d716c985c2,512GB,Brugbar,Sølv,continue,7949.00
"Brugt iPad Pro 12.9"" 5. Gen (2021) WiFi",9318762545417,512GB / Brugt / Space Grey,48559286190345,fea71b850f0a4a8b,512GB,Brugt,Space Grey,continue,8149.00
"Brugt iPad Pro 12.9"" 5. Gen (2021) WiFi",9318762545417,512GB / Brugt / Sølv,48559286223113,89ddf69d579ec291,512GB,Brugt,Sølv,continue,8149.00
"Brugt iPad Pro 12.9"" 5. Gen (2021) WiFi",9318762545417,512GB / Rigtig god / Space Grey,48559286255881,1b67eeb5009dee18,512GB,Rigtig god,Space Grey,continue,8549.00
"Brugt iPad Pro 12.9"" 5. Gen (2021) WiFi",9318762545417,512GB / Rigtig god / Sølv,48559286288649,daa732e0ec7a2d4c,512GB,Rigtig god,Sølv,continue,8549.00
"Brugt iPad Pro 12.9"" 5. Gen (2021) WiFi",9318762545417,512GB / Som ny / Space Grey,48559286321417,3edea62b98ee7f51,512GB,Som ny,Space Grey,continue,8949.00
"Brugt iPad Pro 12.9"" 5. Gen (2021) WiFi",9318762545417,512GB / Som ny / Sølv,48559286354185,15b139265347532b,512GB,Som ny,Sølv,continue,8949.00
"Brugt iPad Pro 12.9"" 5. Gen (2021) WiFi",9318762545417,1TB / Brugbar / Space Grey,48559286386953,5afb5ffd5e28d441,1TB,Brugbar,Space Grey,continue,8749.00
"Brugt iPad Pro 12.9"" 5. Gen (2021) WiFi",9318762545417,1TB / Brugbar / Sølv,48559286419721,7cff789e3d09d466,1TB,Brugbar,Sølv,continue,8749.00
"Brugt iPad Pro 12.9"" 5. Gen (2021) WiFi",9318762545417,1TB / Brugt / Space Grey,48559286452489,7163fd65f567ce0e,1TB,Brugt,Space Grey,continue,8949.00
"Brugt iPad Pro 12.9"" 5. Gen (2021) WiFi",9318762545417,1TB / Brugt / Sølv,48559286485257,48d810a7bdedc0fb,1TB,Brugt,Sølv,continue,8949.00
"Brugt iPad Pro 12.9"" 5. Gen (2021) WiFi",9318762545417,1TB / Rigtig god / Space Grey,48559286518025,0c47cd63def1d467,1TB,Rigtig god,Space Grey,continue,9349.00
"Brugt iPad Pro 12.9"" 5. Gen (2021) WiFi",9318762545417,1TB / Rigtig god / Sølv,48559286550793,80b5a4bd5a527152,1TB,Rigtig god,Sølv,continue,9349.00
"Brugt iPad Pro 12.9"" 5. Gen (2021) WiFi",9318762545417,1TB / Som ny / Space Grey,48559286583561,e445cafd283f197d,1TB,Som ny,Space Grey,continue,9749.00
"Brugt iPad Pro 12.9"" 5. Gen (2021) WiFi",9318762545417,1TB / Som ny / Sølv,48559286616329,448b67dc115cd192,1TB,Som ny,Sølv,continue,9749.00
"Brugt iPad Pro 12.9"" 5. Gen (2021) WiFi",9318762545417,2TB / Brugbar / Space Grey,48559286649097,4cb3da6bdd6418c0,2TB,Brugbar,Space Grey,continue,9549.00
"Brugt iPad Pro 12.9"" 5. Gen (2021) WiFi",9318762545417,2TB / Brugbar / Sølv,48559286681865,13f33336097aff1a,2TB,Brugbar,Sølv,continue,9549.00
"Brugt iPad Pro 12.9"" 5. Gen (2021) WiFi",9318762545417,2TB / Brugt / Space Grey,48559286714633,ac1e81190dfd6d9c,2TB,Brugt,Space Grey,continue,9749.00
"Brugt iPad Pro 12.9"" 5. Gen (2021) WiFi",9318762545417,2TB / Brugt / Sølv,48559286747401,f793a62851469bb6,2TB,Brugt,Sølv,continue,9749.00
"Brugt iPad Pro 12.9"" 5. Gen (2021) WiFi",9318762545417,2TB / Rigtig god / Space Grey,48559286780169,1b0a9ca399c8c9e4,2TB,Rigtig god,Space Grey,continue,10149.00
"Brugt iPad Pro 12.9"" 5. Gen (2021) WiFi",9318762545417,2TB / Rigtig god / Sølv,48559286812937,dec2e1d9af79957b,2TB,Rigtig god,Sølv,continue,10149.00
"Brugt iPad Pro 12.9"" 5. Gen (2021) WiFi",9318762545417,2TB / Som ny / Space Grey,48559286845705,c776586721a401b5,2TB,Som ny,Space Grey,continue,10549.00
"Brugt iPad Pro 12.9"" 5. Gen (2021) WiFi",9318762545417,2TB / Som ny / Sølv,48559286878473,5edb42d56e73030c,2TB,Som ny,Sølv,continue,10549.00
"Brugt iPad Pro 12.9"" 6. Gen (2022) Cellular",9325810712841,128GB / Rigtig god / Space Grey,48588077924617,3ad3d03b0d3e6491,128GB,Rigtig god,Space Grey,continue,7424.00
"Brugt iPad Pro 12.9"" 6. Gen (2022) Cellular",9325810712841,128GB / Rigtig god / Sølv,48588077957385,1fa54aba791987b9,128GB,Rigtig god,Sølv,continue,7424.00
"Brugt iPad Pro 12.9"" 6. Gen (2022) Cellular",9325810712841,128GB / Som ny / Space Grey,48588077990153,d2601b32aa198161,128GB,Som ny,Space Grey,continue,8054.00
"Brugt iPad Pro 12.9"" 6. Gen (2022) Cellular",9325810712841,128GB / Som ny / Sølv,48588078022921,9af6493b9c3b286a,128GB,Som ny,Sølv,continue,8054.00
"Brugt iPad Pro 12.9"" 6. Gen (2022) Cellular",9325810712841,256GB / Rigtig god / Space Grey,48588078186761,313e24c4d94a053b,256GB,Rigtig god,Space Grey,continue,7694.00
"Brugt iPad Pro 12.9"" 6. Gen (2022) Cellular",9325810712841,256GB / Rigtig god / Sølv,48588078219529,576bb5f18b92e52d,256GB,Rigtig god,Sølv,continue,7694.00
"Brugt iPad Pro 12.9"" 6. Gen (2022) Cellular",9325810712841,256GB / Som ny / Space Grey,48588078252297,5ee8f858a1501a7f,256GB,Som ny,Space Grey,continue,8324.00
"Brugt iPad Pro 12.9"" 6. Gen (2022) Cellular",9325810712841,256GB / Som ny / Sølv,48588078285065,b1a8653fa1a04a4b,256GB,Som ny,Sølv,continue,8324.00
"Brugt iPad Pro 12.9"" 6. Gen (2022) Cellular",9325810712841,512GB / Rigtig god / Space Grey,48588078448905,af56fca41cf0373d,512GB,Rigtig god,Space Grey,continue,7964.00
"Brugt iPad Pro 12.9"" 6. Gen (2022) Cellular",9325810712841,512GB / Rigtig god / Sølv,48588078481673,5489e5fee95ef4dc,512GB,Rigtig god,Sølv,continue,7964.00
"Brugt iPad Pro 12.9"" 6. Gen (2022) Cellular",9325810712841,512GB / Som ny / Space Grey,48588078514441,eb3e6947c2978431,512GB,Som ny,Space Grey,continue,8594.00
"Brugt iPad Pro 12.9"" 6. Gen (2022) Cellular",9325810712841,512GB / Som ny / Sølv,48588078547209,f433bed1c6086fee,512GB,Som ny,Sølv,continue,8594.00
"Brugt iPad Pro 12.9"" 6. Gen (2022) Cellular",9325810712841,1TB / Rigtig god / Space Grey,48588078711049,446a36507165e0a2,1TB,Rigtig god,Space Grey,continue,8774.00
"Brugt iPad Pro 12.9"" 6. Gen (2022) Cellular",9325810712841,1TB / Rigtig god / Sølv,48588078743817,d3fab3c6c525e246,1TB,Rigtig god,Sølv,continue,8774.00
"Brugt iPad Pro 12.9"" 6. Gen (2022) Cellular",9325810712841,1TB / Som ny / Space Grey,48588078776585,380e38482e0eb92d,1TB,Som ny,Space Grey,continue,9404.00
"Brugt iPad Pro 12.9"" 6. Gen (2022) Cellular",9325810712841,1TB / Som ny / Sølv,48588078809353,ccd8ca39e79b156f,1TB,Som ny,Sølv,continue,9404.00
"Brugt iPad Pro 12.9"" 6. Gen (2022) Cellular",9325810712841,2TB / Rigtig god / Space Grey,48588078973193,94b790983bd9bf17,2TB,Rigtig god,Space Grey,continue,9584.00
"Brugt iPad Pro 12.9"" 6. Gen (2022) Cellular",9325810712841,2TB / Rigtig god / Sølv,48588079005961,f4cf90cbd16dd2f1,2TB,Rigtig god,Sølv,continue,9584.00
"Brugt iPad Pro 12.9"" 6. Gen (2022) Cellular",9325810712841,2TB / Som ny / Space Grey,48588079038729,848bf15e61cfeecd,2TB,Som ny,Space Grey,continue,10214.00
"Brugt iPad Pro 12.9"" 6. Gen (2022) Cellular",9325810712841,2TB / Som ny / Sølv,48588079071497,4a9d7d49c5371f35,2TB,Som ny,Sølv,continue,10214.00
"Brugt iPad Pro 12.9"" 6. Gen (2022) WiFi",9325810745609,128GB / Rigtig god / Space Grey,48588079268105,3ad3d03b0d3e6491,128GB,Rigtig god,Space Grey,continue,7424.00
"Brugt iPad Pro 12.9"" 6. Gen (2022) WiFi",9325810745609,128GB / Rigtig god / Sølv,48588079300873,1fa54aba791987b9,128GB,Rigtig god,Sølv,continue,7424.00
"Brugt iPad Pro 12.9"" 6. Gen (2022) WiFi",9325810745609,128GB / Som ny / Space Grey,48588079333641,d2601b32aa198161,128GB,Som ny,Space Grey,continue,8054.00
"Brugt iPad Pro 12.9"" 6. Gen (2022) WiFi",9325810745609,128GB / Som ny / Sølv,48588079366409,9af6493b9c3b286a,128GB,Som ny,Sølv,continue,8054.00
"Brugt iPad Pro 12.9"" 6. Gen (2022) WiFi",9325810745609,256GB / Rigtig god / Space Grey,48588079530249,313e24c4d94a053b,256GB,Rigtig god,Space Grey,continue,7694.00
"Brugt iPad Pro 12.9"" 6. Gen (2022) WiFi",9325810745609,256GB / Rigtig god / Sølv,48588079563017,576bb5f18b92e52d,256GB,Rigtig god,Sølv,continue,7694.00
"Brugt iPad Pro 12.9"" 6. Gen (2022) WiFi",9325810745609,256GB / Som ny / Space Grey,48588079595785,5ee8f858a1501a7f,256GB,Som ny,Space Grey,continue,8324.00
"Brugt iPad Pro 12.9"" 6. Gen (2022) WiFi",9325810745609,256GB / Som ny / Sølv,48588079628553,b1a8653fa1a04a4b,256GB,Som ny,Sølv,continue,8324.00
"Brugt iPad Pro 12.9"" 6. Gen (2022) WiFi",9325810745609,512GB / Rigtig god / Space Grey,48588079792393,af56fca41cf0373d,512GB,Rigtig god,Space Grey,continue,7964.00
"Brugt iPad Pro 12.9"" 6. Gen (2022) WiFi",9325810745609,512GB / Rigtig god / Sølv,48588079825161,5489e5fee95ef4dc,512GB,Rigtig god,Sølv,continue,7964.00
"Brugt iPad Pro 12.9"" 6. Gen (2022) WiFi",9325810745609,512GB / Som ny / Space Grey,48588079857929,eb3e6947c2978431,512GB,Som ny,Space Grey,continue,8594.00
"Brugt iPad Pro 12.9"" 6. Gen (2022) WiFi",9325810745609,512GB / Som ny / Sølv,48588079890697,f433bed1c6086fee,512GB,Som ny,Sølv,continue,8594.00
"Brugt iPad Pro 12.9"" 6. Gen (2022) WiFi",9325810745609,1TB / Rigtig god / Space Grey,48588080054537,446a36507165e0a2,1TB,Rigtig god,Space Grey,continue,8774.00
"Brugt iPad Pro 12.9"" 6. Gen (2022) WiFi",9325810745609,1TB / Rigtig god / Sølv,48588080087305,d3fab3c6c525e246,1TB,Rigtig god,Sølv,continue,8774.00
"Brugt iPad Pro 12.9"" 6. Gen (2022) WiFi",9325810745609,1TB / Som ny / Space Grey,48588080120073,380e38482e0eb92d,1TB,Som ny,Space Grey,continue,9404.00
"Brugt iPad Pro 12.9"" 6. Gen (2022) WiFi",9325810745609,1TB / Som ny / Sølv,48588080185609,ccd8ca39e79b156f,1TB,Som ny,Sølv,continue,9404.00
"Brugt iPad Pro 12.9"" 6. Gen (2022) WiFi",9325810745609,2TB / Rigtig god / Space Grey,48588080349449,94b790983bd9bf17,2TB,Rigtig god,Space Grey,continue,9584.00
"Brugt iPad Pro 12.9"" 6. Gen (2022) WiFi",9325810745609,2TB / Rigtig god / Sølv,48588080382217,f4cf90cbd16dd2f1,2TB,Rigtig god,Sølv,continue,9584.00
"Brugt iPad Pro 12.9"" 6. Gen (2022) WiFi",9325810745609,2TB / Som ny / Space Grey,48588080414985,848bf15e61cfeecd,2TB,Som ny,Space Grey,continue,10214.00
"Brugt iPad Pro 12.9"" 6. Gen (2022) WiFi",9325810745609,2TB / Som ny / Sølv,48588080447753,4a9d7d49c5371f35,2TB,Som ny,Sølv,continue,10214.00
"Brugt iPad Pro 9.7"" (2016) Cellular",9318762381577,32GB / Brugbar / Space Grey,48559282782473,c37c0f834070f1ef,32GB,Brugbar,Space Grey,continue,1995.00
"Brugt iPad Pro 9.7"" (2016) Cellular",9318762381577,32GB / Brugbar / Rosa Guld,48559282815241,9635c884f09a93d1,32GB,Brugbar,Rosa Guld,continue,1995.00
"Brugt iPad Pro 9.7"" (2016) Cellular",9318762381577,32GB / Brugbar / Guld,48559282848009,f3c6e090b3856ae8,32GB,Brugbar,Guld,continue,1995.00
"Brugt iPad Pro 9.7"" (2016) Cellular",9318762381577,32GB / Brugt / Space Grey,48559282880777,408c45677491ffbe,32GB,Brugt,Space Grey,continue,2195.00
"Brugt iPad Pro 9.7"" (2016) Cellular",9318762381577,32GB / Brugt / Rosa Guld,48559282913545,215cf2988b58cfcb,32GB,Brugt,Rosa Guld,continue,2195.00
"Brugt iPad Pro 9.7"" (2016) Cellular",9318762381577,32GB / Brugt / Guld,48559282946313,4d28da986969eb5c,32GB,Brugt,Guld,continue,2195.00
"Brugt iPad Pro 9.7"" (2016) Cellular",9318762381577,32GB / Rigtig god / Space Grey,48559282979081,38749e4a82269c8d,32GB,Rigtig god,Space Grey,continue,2495.00
"Brugt iPad Pro 9.7"" (2016) Cellular",9318762381577,32GB / Rigtig god / Rosa Guld,48559283011849,acac51588e25f501,32GB,Rigtig god,Rosa Guld,continue,2495.00
"Brugt iPad Pro 9.7"" (2016) Cellular",9318762381577,32GB / Rigtig god / Guld,48559283044617,d40b2fd9d89be5c1,32GB,Rigtig god,Guld,continue,2495.00
"Brugt iPad Pro 9.7"" (2016) Cellular",9318762381577,32GB / Som ny / Space Grey,48559283077385,a6dc28293def5790,32GB,Som ny,Space Grey,continue,2695.00
"Brugt iPad Pro 9.7"" (2016) Cellular",9318762381577,32GB / Som ny / Rosa Guld,48559283110153,c69033ea1e61c7d5,32GB,Som ny,Rosa Guld,continue,2695.00
"Brugt iPad Pro 9.7"" (2016) Cellular",9318762381577,32GB / Som ny / Guld,48559283142921,b29beae57fea9161,32GB,Som ny,Guld,continue,2695.00
"Brugt iPad Pro 9.7"" (2016) Cellular",9318762381577,128GB / Brugbar / Space Grey,48559283175689,3ed6895740988eb6,128GB,Brugbar,Space Grey,continue,2095.00
"Brugt iPad Pro 9.7"" (2016) Cellular",9318762381577,128GB / Brugbar / Rosa Guld,48559283208457,2075bd6cb9ba6fd8,128GB,Brugbar,Rosa Guld,continue,2095.00
"Brugt iPad Pro 9.7"" (2016) Cellular",9318762381577,128GB / Brugbar / Guld,48559283241225,7ddb877df95af3c3,128GB,Brugbar,Guld,continue,2095.00
"Brugt iPad Pro 9.7"" (2016) Cellular",9318762381577,128GB / Brugt / Space Grey,48559283273993,3331e62ef39f5f51,128GB,Brugt,Space Grey,continue,2395.00
"Brugt iPad Pro 9.7"" (2016) Cellular",9318762381577,128GB / Brugt / Rosa Guld,48559283306761,1b806c6f2a1aa424,128GB,Brugt,Rosa Guld,continue,2395.00
"Brugt iPad Pro 9.7"" (2016) Cellular",9318762381577,128GB / Brugt / Guld,48559283339529,b6e12d12a390ad44,128GB,Brugt,Guld,continue,2395.00
"Brugt iPad Pro 9.7"" (2016) Cellular",9318762381577,128GB / Rigtig god / Space Grey,48559283372297,0495043d02c9858a,128GB,Rigtig god,Space Grey,continue,2595.00
"Brugt iPad Pro 9.7"" (2016) Cellular",9318762381577,128GB / Rigtig god / Rosa Guld,48559283405065,097b1182c2bcc4cf,128GB,Rigtig god,Rosa Guld,continue,2595.00
"Brugt iPad Pro 9.7"" (2016) Cellular",9318762381577,128GB / Rigtig god / Guld,48559283437833,f5633ed2f83fedf5,128GB,Rigtig god,Guld,continue,2595.00
"Brugt iPad Pro 9.7"" (2016) Cellular",9318762381577,128GB / Som ny / Space Grey,48559283470601,a4e70eae0990b79b,128GB,Som ny,Space Grey,continue,2895.00
"Brugt iPad Pro 9.7"" (2016) Cellular",9318762381577,128GB / Som ny / Rosa Guld,48559283503369,7138828e82f6e5b2,128GB,Som ny,Rosa Guld,continue,2895.00
"Brugt iPad Pro 9.7"" (2016) Cellular",9318762381577,128GB / Som ny / Guld,48559283536137,2af8df559d746ea3,128GB,Som ny,Guld,continue,2895.00
"Brugt iPad Pro 9.7"" (2016) Cellular",9318762381577,256GB / Brugbar / Space Grey,48559283568905,377ea8eddbc30446,256GB,Brugbar,Space Grey,continue,2195.00
"Brugt iPad Pro 9.7"" (2016) Cellular",9318762381577,256GB / Brugbar / Rosa Guld,48559283601673,c53ded57a794a26c,256GB,Brugbar,Rosa Guld,continue,2195.00
"Brugt iPad Pro 9.7"" (2016) Cellular",9318762381577,256GB / Brugbar / Guld,48559283634441,d741698cbf366161,256GB,Brugbar,Guld,continue,2195.00
"Brugt iPad Pro 9.7"" (2016) Cellular",9318762381577,256GB / Brugt / Space Grey,48559283667209,eada2d7dedc175de,256GB,Brugt,Space Grey,continue,2595.00
"Brugt iPad Pro 9.7"" (2016) Cellular",9318762381577,256GB / Brugt / Rosa Guld,48559283699977,478b93c49769e9a7,256GB,Brugt,Rosa Guld,continue,2595.00
"Brugt iPad Pro 9.7"" (2016) Cellular",9318762381577,256GB / Brugt / Guld,48559283732745,dc74827e94109428,256GB,Brugt,Guld,continue,2595.00
"Brugt iPad Pro 9.7"" (2016) Cellular",9318762381577,256GB / Rigtig god / Space Grey,48559283765513,918d4b6e64f7938c,256GB,Rigtig god,Space Grey,continue,2795.00
"Brugt iPad Pro 9.7"" (2016) Cellular",9318762381577,256GB / Rigtig god / Rosa Guld,48559283798281,81317d17a4718849,256GB,Rigtig god,Rosa Guld,continue,2795.00
"Brugt iPad Pro 9.7"" (2016) Cellular",9318762381577,256GB / Rigtig god / Guld,48559283831049,354f4803c84cd792,256GB,Rigtig god,Guld,continue,2795.00
"Brugt iPad Pro 9.7"" (2016) Cellular",9318762381577,256GB / Som ny / Space Grey,48559283863817,d689d6218d7c56ea,256GB,Som ny,Space Grey,continue,3095.00
"Brugt iPad Pro 9.7"" (2016) Cellular",9318762381577,256GB / Som ny / Rosa Guld,48559283896585,5a2b57f6adce4eb5,256GB,Som ny,Rosa Guld,continue,3095.00
"Brugt iPad Pro 9.7"" (2016) Cellular",9318762381577,256GB / Som ny / Guld,48559283929353,dc3cd9242bc40fdb,256GB,Som ny,Guld,continue,3095.00
"Brugt iPad Pro 9.7"" (2016) WiFi",9318762316041,32GB / Brugbar / Space Grey,48559281570057,54,32GB,Brugbar,Space Grey,continue,1695.00
"Brugt iPad Pro 9.7"" (2016) WiFi",9318762316041,32GB / Brugbar / Guld,48559281602825,950,32GB,Brugbar,Guld,continue,1695.00
"Brugt iPad Pro 9.7"" (2016) WiFi",9318762316041,32GB / Brugbar / Rosa Guld,48559281635593,7,32GB,Brugbar,Rosa Guld,continue,1695.00
"Brugt iPad Pro 9.7"" (2016) WiFi",9318762316041,32GB / Brugt / Space Grey,48559281668361,0,32GB,Brugt,Space Grey,continue,1895.00
"Brugt iPad Pro 9.7"" (2016) WiFi",9318762316041,32GB / Brugt / Guld,48559281701129,88,32GB,Brugt,Guld,continue,1895.00
"Brugt iPad Pro 9.7"" (2016) WiFi",9318762316041,32GB / Brugt / Rosa Guld,48559281733897,0,32GB,Brugt,Rosa Guld,continue,1895.00
"Brugt iPad Pro 9.7"" (2016) WiFi",9318762316041,32GB / Rigtig god / Space Grey,48559281766665,89,32GB,Rigtig god,Space Grey,continue,2195.00
"Brugt iPad Pro 9.7"" (2016) WiFi",9318762316041,32GB / Rigtig god / Guld,48559281799433,0,32GB,Rigtig god,Guld,continue,2195.00
"Brugt iPad Pro 9.7"" (2016) WiFi",9318762316041,32GB / Rigtig god / Rosa Guld,48559281832201,9,32GB,Rigtig god,Rosa Guld,continue,2195.00
"Brugt iPad Pro 9.7"" (2016) WiFi",9318762316041,32GB / Som ny / Space Grey,48559281864969,99274,32GB,Som ny,Space Grey,continue,2395.00
"Brugt iPad Pro 9.7"" (2016) WiFi",9318762316041,32GB / Som ny / Guld,48559281897737,0,32GB,Som ny,Guld,continue,2395.00
"Brugt iPad Pro 9.7"" (2016) WiFi",9318762316041,32GB / Som ny / Rosa Guld,48559281930505,2,32GB,Som ny,Rosa Guld,continue,2395.00
"Brugt iPad Pro 9.7"" (2016) WiFi",9318762316041,128GB / Brugbar / Space Grey,48559281963273,0,128GB,Brugbar,Space Grey,continue,1795.00
"Brugt iPad Pro 9.7"" (2016) WiFi",9318762316041,128GB / Brugbar / Guld,48559281996041,0,128GB,Brugbar,Guld,continue,1795.00
"Brugt iPad Pro 9.7"" (2016) WiFi",9318762316041,128GB / Brugbar / Rosa Guld,48559282028809,6,128GB,Brugbar,Rosa Guld,continue,1795.00
"Brugt iPad Pro 9.7"" (2016) WiFi",9318762316041,128GB / Brugt / Space Grey,48559282061577,9,128GB,Brugt,Space Grey,continue,2095.00
"Brugt iPad Pro 9.7"" (2016) WiFi",9318762316041,128GB / Brugt / Guld,48559282094345,5,128GB,Brugt,Guld,continue,2095.00
"Brugt iPad Pro 9.7"" (2016) WiFi",9318762316041,128GB / Brugt / Rosa Guld,48559282127113,4,128GB,Brugt,Rosa Guld,continue,2095.00
"Brugt iPad Pro 9.7"" (2016) WiFi",9318762316041,128GB / Rigtig god / Space Grey,48559282159881,0,128GB,Rigtig god,Space Grey,continue,2295.00
"Brugt iPad Pro 9.7"" (2016) WiFi",9318762316041,128GB / Rigtig god / Guld,48559282192649,271563,128GB,Rigtig god,Guld,continue,2295.00
"Brugt iPad Pro 9.7"" (2016) WiFi",9318762316041,128GB / Rigtig god / Rosa Guld,48559282225417,0,128GB,Rigtig god,Rosa Guld,continue,2295.00
"Brugt iPad Pro 9.7"" (2016) WiFi",9318762316041,128GB / Som ny / Space Grey,48559282258185,0,128GB,Som ny,Space Grey,continue,2595.00
"Brugt iPad Pro 9.7"" (2016) WiFi",9318762316041,128GB / Som ny / Guld,48559282290953,0,128GB,Som ny,Guld,continue,2595.00
"Brugt iPad Pro 9.7"" (2016) WiFi",9318762316041,128GB / Som ny / Rosa Guld,48559282323721,0,128GB,Som ny,Rosa Guld,continue,2595.00
"Brugt iPad Pro 9.7"" (2016) WiFi",9318762316041,256GB / Brugbar / Space Grey,48559282356489,0,256GB,Brugbar,Space Grey,continue,1895.00
"Brugt iPad Pro 9.7"" (2016) WiFi",9318762316041,256GB / Brugbar / Guld,48559282389257,0,256GB,Brugbar,Guld,continue,1895.00
"Brugt iPad Pro 9.7"" (2016) WiFi",9318762316041,256GB / Brugbar / Rosa Guld,48559282422025,422,256GB,Brugbar,Rosa Guld,continue,1895.00
"Brugt iPad Pro 9.7"" (2016) WiFi",9318762316041,256GB / Brugt / Space Grey,48559282454793,3553,256GB,Brugt,Space Grey,continue,2295.00
"Brugt iPad Pro 9.7"" (2016) WiFi",9318762316041,256GB / Brugt / Guld,48559282487561,0,256GB,Brugt,Guld,continue,2295.00
"Brugt iPad Pro 9.7"" (2016) WiFi",9318762316041,256GB / Brugt / Rosa Guld,48559282520329,0,256GB,Brugt,Rosa Guld,continue,2295.00
"Brugt iPad Pro 9.7"" (2016) WiFi",9318762316041,256GB / Rigtig god / Space Grey,48559282553097,0,256GB,Rigtig god,Space Grey,continue,2495.00
"Brugt iPad Pro 9.7"" (2016) WiFi",9318762316041,256GB / Rigtig god / Guld,48559282585865,9453,256GB,Rigtig god,Guld,continue,2495.00
"Brugt iPad Pro 9.7"" (2016) WiFi",9318762316041,256GB / Rigtig god / Rosa Guld,48559282618633,0,256GB,Rigtig god,Rosa Guld,continue,2495.00
"Brugt iPad Pro 9.7"" (2016) WiFi",9318762316041,256GB / Som ny / Space Grey,48559282651401,9,256GB,Som ny,Space Grey,continue,2795.00
"Brugt iPad Pro 9.7"" (2016) WiFi",9318762316041,256GB / Som ny / Guld,48559282684169,13,256GB,Som ny,Guld,continue,2795.00
"Brugt iPad Pro 9.7"" (2016) WiFi",9318762316041,256GB / Som ny / Rosa Guld,48559282716937,836262,256GB,Som ny,Rosa Guld,continue,2795.00
Brugt iPhone 11,9268027195657,Grøn / Brugbar / 64GB,48366411579657,f99b2518146d88eee1,Grøn,Brugbar,64GB,continue,1249.00
Brugt iPhone 11,9268027195657,Grøn / Brugbar / 128GB,48366411612425,9979a9d39f4cbee98a,Grøn,Brugbar,128GB,continue,1649.00
Brugt iPhone 11,9268027195657,Grøn / Brugbar / 256GB,48366411645193,1c13c4822462ab8ebd,Grøn,Brugbar,256GB,continue,1749.00
Brugt iPhone 11,9268027195657,Grøn / Brugt / 64GB,48366411677961,7ffcc5c4af7a17fe3c,Grøn,Brugt,64GB,continue,1349.00
Brugt iPhone 11,9268027195657,Grøn / Brugt / 128GB,48366411710729,9d32ba881d1acac204,Grøn,Brugt,128GB,continue,1749.00
Brugt iPhone 11,9268027195657,Grøn / Brugt / 256GB,48366411743497,0501eef0127ccf4d90,Grøn,Brugt,256GB,continue,1949.00
Brugt iPhone 11,9268027195657,Grøn / Rigtig god / 64GB,48366411776265,afb75598497168f2b8,Grøn,Rigtig god,64GB,continue,1449.00
Brugt iPhone 11,9268027195657,Grøn / Rigtig god / 128GB,48366411809033,f1dd1dc15e68f7e28d,Grøn,Rigtig god,128GB,continue,1849.00
Brugt iPhone 11,9268027195657,Grøn / Rigtig god / 256GB,48366411841801,fad356b4c8ff707145,Grøn,Rigtig god,256GB,continue,2149.00
Brugt iPhone 11,9268027195657,Grøn / Som ny / 64GB,48366411874569,dcfb9b3dca5c8ee253,Grøn,Som ny,64GB,continue,1549.00
Brugt iPhone 11,9268027195657,Grøn / Som ny / 128GB,48366411907337,c2e30b921fbf3af28a,Grøn,Som ny,128GB,continue,1949.00
Brugt iPhone 11,9268027195657,Grøn / Som ny / 256GB,48366411940105,5c515e6a16c2ace167,Grøn,Som ny,256GB,continue,2249.00
Brugt iPhone 11,9268027195657,Gul / Brugbar / 64GB,48366411972873,bf4dc1eeada9f98bc7,Gul,Brugbar,64GB,continue,1249.00
Brugt iPhone 11,9268027195657,Gul / Brugbar / 128GB,48366412005641,a5113fc0419b33a99d,Gul,Brugbar,128GB,continue,1649.00
Brugt iPhone 11,9268027195657,Gul / Brugbar / 256GB,48366412038409,b758065d40426c67d1,Gul,Brugbar,256GB,continue,1749.00
Brugt iPhone 11,9268027195657,Gul / Brugt / 64GB,48366412071177,9be40a868c8026107d,Gul,Brugt,64GB,continue,1349.00
Brugt iPhone 11,9268027195657,Gul / Brugt / 128GB,48366412103945,cf9eaaaaa004567882,Gul,Brugt,128GB,continue,1749.00
Brugt iPhone 11,9268027195657,Gul / Brugt / 256GB,48366412136713,cc712c944e72d54349,Gul,Brugt,256GB,continue,1949.00
Brugt iPhone 11,9268027195657,Gul / Rigtig god / 64GB,48366412169481,9418ac86ac4e62dc3c,Gul,Rigtig god,64GB,continue,1449.00
Brugt iPhone 11,9268027195657,Gul / Rigtig god / 128GB,48366412202249,ea2e84339ce86b8b1a,Gul,Rigtig god,128GB,continue,1849.00
Brugt iPhone 11,9268027195657,Gul / Rigtig god / 256GB,48366412235017,4d268d57f6d6099206,Gul,Rigtig god,256GB,continue,2149.00
Brugt iPhone 11,9268027195657,Gul / Som ny / 64GB,48366412267785,537c76270e69619475,Gul,Som ny,64GB,continue,1549.00
Brugt iPhone 11,9268027195657,Gul / Som ny / 128GB,48366412300553,7c3d6b99071d5de7cf,Gul,Som ny,128GB,continue,1949.00
Brugt iPhone 11,9268027195657,Gul / Som ny / 256GB,48366412333321,29713f2978adb71d26,Gul,Som ny,256GB,continue,2249.00
Brugt iPhone 11,9268027195657,Hvid / Brugbar / 64GB,48366412366089,1258acce1daf2c9517,Hvid,Brugbar,64GB,continue,1249.00
Brugt iPhone 11,9268027195657,Hvid / Brugbar / 128GB,48366412398857,ef226b7ca50b617f5b,Hvid,Brugbar,128GB,continue,1649.00
Brugt iPhone 11,9268027195657,Hvid / Brugbar / 256GB,48366412431625,5fafd1646228c53fed,Hvid,Brugbar,256GB,continue,1749.00
Brugt iPhone 11,9268027195657,Hvid / Brugt / 64GB,48366412464393,e3c2e226b67a2da8f3,Hvid,Brugt,64GB,continue,1349.00
Brugt iPhone 11,9268027195657,Hvid / Brugt / 128GB,48366412497161,93d41b1395a6c18e92,Hvid,Brugt,128GB,continue,1749.00
Brugt iPhone 11,9268027195657,Hvid / Brugt / 256GB,48366412529929,16644c5fe97854f187,Hvid,Brugt,256GB,continue,1949.00
Brugt iPhone 11,9268027195657,Hvid / Rigtig god / 64GB,48366412562697,ace4a10b908381c25b,Hvid,Rigtig god,64GB,continue,1449.00
Brugt iPhone 11,9268027195657,Hvid / Rigtig god / 128GB,48366412595465,d4bd278a9d98296796,Hvid,Rigtig god,128GB,continue,1849.00
Brugt iPhone 11,9268027195657,Hvid / Rigtig god / 256GB,48366412628233,d5ed0e98de4e6267a7,Hvid,Rigtig god,256GB,continue,2149.00
Brugt iPhone 11,9268027195657,Hvid / Som ny / 64GB,48366412661001,dc64bd1fed6ccaf30c,Hvid,Som ny,64GB,continue,1549.00
Brugt iPhone 11,9268027195657,Hvid / Som ny / 128GB,48366412693769,783f959e92b638c140,Hvid,Som ny,128GB,continue,1949.00
Brugt iPhone 11,9268027195657,Hvid / Som ny / 256GB,48366412726537,d66cac3d6ada1d0248,Hvid,Som ny,256GB,continue,2249.00
Brugt iPhone 11,9268027195657,Rød / Brugbar / 64GB,48366412759305,b14d1f5b27ebdbc5cf,Rød,Brugbar,64GB,continue,1249.00
Brugt iPhone 11,9268027195657,Rød / Brugbar / 128GB,48366412792073,3e7cc74e06894d8b80,Rød,Brugbar,128GB,continue,1649.00
Brugt iPhone 11,9268027195657,Rød / Brugbar / 256GB,48366412824841,3444d95bab11fa53c7,Rød,Brugbar,256GB,continue,1749.00
Brugt iPhone 11,9268027195657,Rød / Brugt / 64GB,48366412857609,378ccd04aaf08437cb,Rød,Brugt,64GB,continue,1349.00
Brugt iPhone 11,9268027195657,Rød / Brugt / 128GB,48366412890377,ae6c85011af6343157,Rød,Brugt,128GB,continue,1749.00
Brugt iPhone 11,9268027195657,Rød / Brugt / 256GB,48366412923145,484ebb08d09fe758cf,Rød,Brugt,256GB,continue,1949.00
Brugt iPhone 11,9268027195657,Rød / Rigtig god / 64GB,48366412955913,f2c2a38ab5437dfcc2,Rød,Rigtig god,64GB,continue,1449.00
Brugt iPhone 11,9268027195657,Rød / Rigtig god / 128GB,48366412988681,058707cf989d278ecc,Rød,Rigtig god,128GB,continue,1849.00
Brugt iPhone 11,9268027195657,Rød / Rigtig god / 256GB,48366413021449,8165a90ded4e920336,Rød,Rigtig god,256GB,continue,2149.00
Brugt iPhone 11,9268027195657,Rød / Som ny / 64GB,48366413054217,bd46d4ddd77c4670c6,Rød,Som ny,64GB,continue,1549.00
Brugt iPhone 11,9268027195657,Rød / Som ny / 128GB,48366413086985,2e16e60197acdef5eb,Rød,Som ny,128GB,continue,1949.00
Brugt iPhone 11,9268027195657,Rød / Som ny / 256GB,48366413119753,b20ebfa7e846f28a10,Rød,Som ny,256GB,continue,2249.00
Brugt iPhone 11,9268027195657,Sort / Brugbar / 64GB,48366413152521,165f57588bbe1e5de9,Sort,Brugbar,64GB,continue,1249.00
Brugt iPhone 11,9268027195657,Sort / Brugbar / 128GB,48366413185289,add48a5a442ee0a73f,Sort,Brugbar,128GB,continue,1649.00
Brugt iPhone 11,9268027195657,Sort / Brugbar / 256GB,48366413218057,462af21f2468604ee6,Sort,Brugbar,256GB,continue,1749.00
Brugt iPhone 11,9268027195657,Sort / Brugt / 64GB,48366413250825,03d46b1e7a8efe45ed,Sort,Brugt,64GB,continue,1349.00
Brugt iPhone 11,9268027195657,Sort / Brugt / 128GB,48366413283593,9bd1d8079d613ecbef,Sort,Brugt,128GB,continue,1749.00
Brugt iPhone 11,9268027195657,Sort / Brugt / 256GB,48366413316361,dd316a4f53911fd850,Sort,Brugt,256GB,continue,1949.00
Brugt iPhone 11,9268027195657,Sort / Rigtig god / 64GB,48366413349129,b9b288cf84f3d4a8e1,Sort,Rigtig god,64GB,continue,1449.00
Brugt iPhone 11,9268027195657,Sort / Rigtig god / 128GB,48366413381897,6c1915af08c3fd0058,Sort,Rigtig god,128GB,continue,1849.00
Brugt iPhone 11,9268027195657,Sort / Rigtig god / 256GB,48366413414665,96c27331f2afc60473,Sort,Rigtig god,256GB,continue,2149.00
Brugt iPhone 11,9268027195657,Sort / Som ny / 64GB,48366413447433,brugt-iphone-11-11900,Sort,Som ny,64GB,continue,1549.00
Brugt iPhone 11,9268027195657,Sort / Som ny / 128GB,48366413480201,be2c8242a25ec705ab,Sort,Som ny,128GB,continue,1949.00
Brugt iPhone 11,9268027195657,Sort / Som ny / 256GB,48366413512969,087765f63278bdd407,Sort,Som ny,256GB,continue,2249.00
Brugt iPhone 11,9268027195657,Violet / Brugbar / 64GB,48366413545737,fbc8201b5845f817cf,Violet,Brugbar,64GB,continue,1249.00
Brugt iPhone 11,9268027195657,Violet / Brugbar / 128GB,48366413578505,1189637f41e55952b2,Violet,Brugbar,128GB,continue,1649.00
Brugt iPhone 11,9268027195657,Violet / Brugbar / 256GB,48366413611273,d22f4c0ef98b0fa216,Violet,Brugbar,256GB,continue,1749.00
Brugt iPhone 11,9268027195657,Violet / Brugt / 64GB,48366413644041,brugt-iphone-11-11906,Violet,Brugt,64GB,continue,1349.00
Brugt iPhone 11,9268027195657,Violet / Brugt / 128GB,48366413676809,4ba42f69fbcb0ee05d,Violet,Brugt,128GB,continue,1749.00
Brugt iPhone 11,9268027195657,Violet / Brugt / 256GB,48366413709577,brugt-iphone-11-11907,Violet,Brugt,256GB,continue,1949.00
Brugt iPhone 11,9268027195657,Violet / Rigtig god / 64GB,48366413742345,9f69640cfac18c623d,Violet,Rigtig god,64GB,continue,1449.00
Brugt iPhone 11,9268027195657,Violet / Rigtig god / 128GB,48366413775113,40031de0a46ec5767b,Violet,Rigtig god,128GB,continue,1849.00
Brugt iPhone 11,9268027195657,Violet / Rigtig god / 256GB,48366413807881,2fc93d824c92199856,Violet,Rigtig god,256GB,continue,2149.00
Brugt iPhone 11,9268027195657,Violet / Som ny / 64GB,48366413840649,brugt-iphone-11-11912,Violet,Som ny,64GB,continue,1549.00
Brugt iPhone 11,9268027195657,Violet / Som ny / 128GB,48366413873417,e62da0a7cec664917d,Violet,Som ny,128GB,continue,1949.00
Brugt iPhone 11,9268027195657,Violet / Som ny / 256GB,48366413906185,46d97fb7f35d3b1411,Violet,Som ny,256GB,continue,2249.00
Brugt iPhone 11 Pro,9267925025033,Space grey / Brugbar / 64GB,48365996966153,1db27338bfffe8c9b9,Space grey,Brugbar,64GB,continue,1449.00
Brugt iPhone 11 Pro,9267925025033,Space grey / Brugbar / 256GB,48365996998921,36506ea095990ed68d,Space grey,Brugbar,256GB,continue,1749.00
Brugt iPhone 11 Pro,9267925025033,Space grey / Brugbar / 512GB,48365997031689,8627aff505a8964fb1,Space grey,Brugbar,512GB,continue,2049.00
Brugt iPhone 11 Pro,9267925025033,Space grey / Brugt / 64GB,48365997064457,34a2381f892d0d94ed,Space grey,Brugt,64GB,continue,1549.00
Brugt iPhone 11 Pro,9267925025033,Space grey / Brugt / 256GB,48365997097225,a923c1a8c597b38c02,Space grey,Brugt,256GB,continue,1849.00
Brugt iPhone 11 Pro,9267925025033,Space grey / Brugt / 512GB,48365997129993,94ab842e3b8c49d475,Space grey,Brugt,512GB,continue,2149.00
Brugt iPhone 11 Pro,9267925025033,Space grey / Rigtig god / 64GB,48365997162761,a81ef6a7b0f0d12e76,Space grey,Rigtig god,64GB,continue,1749.00
Brugt iPhone 11 Pro,9267925025033,Space grey / Rigtig god / 256GB,48365997195529,c97dd6046729b99a11,Space grey,Rigtig god,256GB,continue,2049.00
Brugt iPhone 11 Pro,9267925025033,Space grey / Rigtig god / 512GB,48365997228297,6d415d6f1fc3f7cb4c,Space grey,Rigtig god,512GB,continue,2349.00
Brugt iPhone 11 Pro,9267925025033,Space grey / Som ny / 64GB,48365997261065,066e846b333e16342d,Space grey,Som ny,64GB,continue,1949.00
Brugt iPhone 11 Pro,9267925025033,Space grey / Som ny / 256GB,48365997326601,fcc64df0f590102fc8,Space grey,Som ny,256GB,continue,2349.00
Brugt iPhone 11 Pro,9267925025033,Space grey / Som ny / 512GB,48365997359369,98735f4c89974a0b27,Space grey,Som ny,512GB,continue,2649.00
Brugt iPhone 11 Pro,9267925025033,Guld / Brugbar / 64GB,48365997392137,6811273ca025b2e9c1,Guld,Brugbar,64GB,continue,1449.00
Brugt iPhone 11 Pro,9267925025033,Guld / Brugbar / 256GB,48365997424905,b2fda97cc8a9b9afda,Guld,Brugbar,256GB,continue,1749.00
Brugt iPhone 11 Pro,9267925025033,Guld / Brugbar / 512GB,48365997457673,95fc4188fcecc62369,Guld,Brugbar,512GB,continue,2049.00
Brugt iPhone 11 Pro,9267925025033,Guld / Brugt / 64GB,48365997490441,64e9d880723c431b9c,Guld,Brugt,64GB,continue,1549.00
Brugt iPhone 11 Pro,9267925025033,Guld / Brugt / 256GB,48365997523209,6662160e8708a8aced,Guld,Brugt,256GB,continue,1849.00
Brugt iPhone 11 Pro,9267925025033,Guld / Brugt / 512GB,48365997555977,f2efceca1d5408bbd7,Guld,Brugt,512GB,continue,2149.00
Brugt iPhone 11 Pro,9267925025033,Guld / Rigtig god / 64GB,48365997588745,b198c0d2a15d45c880,Guld,Rigtig god,64GB,continue,1749.00
Brugt iPhone 11 Pro,9267925025033,Guld / Rigtig god / 256GB,48365997621513,4e7a6776d89a84f8bd,Guld,Rigtig god,256GB,continue,2049.00
Brugt iPhone 11 Pro,9267925025033,Guld / Rigtig god / 512GB,48365997654281,ae17b1a3c630c2a986,Guld,Rigtig god,512GB,continue,2349.00
Brugt iPhone 11 Pro,9267925025033,Guld / Som ny / 64GB,48365997687049,0d3ca4dee97ddb81b8,Guld,Som ny,64GB,continue,1949.00
Brugt iPhone 11 Pro,9267925025033,Guld / Som ny / 256GB,48365997719817,482a78e812e3f022f2,Guld,Som ny,256GB,continue,2349.00
Brugt iPhone 11 Pro,9267925025033,Guld / Som ny / 512GB,48365997752585,6f17d3ab4df7905564,Guld,Som ny,512GB,continue,2649.00
Brugt iPhone 11 Pro,9267925025033,Sølv / Brugbar / 64GB,48365997785353,868df24d82462c0aaf,Sølv,Brugbar,64GB,continue,1449.00
Brugt iPhone 11 Pro,9267925025033,Sølv / Brugbar / 256GB,48365997818121,0c30cbd97d9e9f5b48,Sølv,Brugbar,256GB,continue,1749.00
Brugt iPhone 11 Pro,9267925025033,Sølv / Brugbar / 512GB,48365997850889,b6d07f8a072d9a6c21,Sølv,Brugbar,512GB,continue,2049.00
Brugt iPhone 11 Pro,9267925025033,Sølv / Brugt / 64GB,48365997883657,4a2ecb0dd8f193afd8,Sølv,Brugt,64GB,continue,1549.00
Brugt iPhone 11 Pro,9267925025033,Sølv / Brugt / 256GB,48365997916425,f5e0b628aca923ec67,Sølv,Brugt,256GB,continue,1849.00
Brugt iPhone 11 Pro,9267925025033,Sølv / Brugt / 512GB,48365997949193,fd6279a92df85f2f17,Sølv,Brugt,512GB,continue,2149.00
Brugt iPhone 11 Pro,9267925025033,Sølv / Rigtig god / 64GB,48365997981961,7df0dadde7169d1884,Sølv,Rigtig god,64GB,continue,1749.00
Brugt iPhone 11 Pro,9267925025033,Sølv / Rigtig god / 256GB,48365998014729,9d6a5c148cc8a22634,Sølv,Rigtig god,256GB,continue,2049.00
Brugt iPhone 11 Pro,9267925025033,Sølv / Rigtig god / 512GB,48365998047497,0885cf60986e5f1a93,Sølv,Rigtig god,512GB,continue,2349.00
Brugt iPhone 11 Pro,9267925025033,Sølv / Som ny / 64GB,48365998080265,c3ee229a208de4dc7f,Sølv,Som ny,64GB,continue,1949.00
Brugt iPhone 11 Pro,9267925025033,Sølv / Som ny / 256GB,48365998113033,1d23493c8c5eeb6bd1,Sølv,Som ny,256GB,continue,2349.00
Brugt iPhone 11 Pro,9267925025033,Sølv / Som ny / 512GB,48365998145801,27f469b92959613a8f,Sølv,Som ny,512GB,continue,2649.00
Brugt iPhone 11 Pro,9267925025033,Midnatsgrøn / Brugbar / 64GB,48365998178569,6811273ca025b2e9c1,Midnatsgrøn,Brugbar,64GB,continue,1449.00
Brugt iPhone 11 Pro,9267925025033,Midnatsgrøn / Brugbar / 256GB,48365998211337,5e7849128a9abf1982,Midnatsgrøn,Brugbar,256GB,continue,1749.00
Brugt iPhone 11 Pro,9267925025033,Midnatsgrøn / Brugbar / 512GB,48365998244105,3e90b9a21d2b10e7ac,Midnatsgrøn,Brugbar,512GB,continue,2049.00
Brugt iPhone 11 Pro,9267925025033,Midnatsgrøn / Brugt / 64GB,48365998276873,36f5b9ebbabd7ca0a0,Midnatsgrøn,Brugt,64GB,continue,1549.00
Brugt iPhone 11 Pro,9267925025033,Midnatsgrøn / Brugt / 256GB,48365998309641,4aae1b3a7e2280713a,Midnatsgrøn,Brugt,256GB,continue,1849.00
Brugt iPhone 11 Pro,9267925025033,Midnatsgrøn / Brugt / 512GB,48365998342409,77f12b76aea3d323c2,Midnatsgrøn,Brugt,512GB,continue,2149.00
Brugt iPhone 11 Pro,9267925025033,Midnatsgrøn / Rigtig god / 64GB,48365998375177,84ea3f4652e4b8647c,Midnatsgrøn,Rigtig god,64GB,continue,1749.00
Brugt iPhone 11 Pro,9267925025033,Midnatsgrøn / Rigtig god / 256GB,48365998407945,ec7a6ed46e7a1a3d71,Midnatsgrøn,Rigtig god,256GB,continue,2049.00
Brugt iPhone 11 Pro,9267925025033,Midnatsgrøn / Rigtig god / 512GB,48365998440713,cc5d1158297aa66d62,Midnatsgrøn,Rigtig god,512GB,continue,2349.00
Brugt iPhone 11 Pro,9267925025033,Midnatsgrøn / Som ny / 64GB,48365998473481,94ba69a164f9867779,Midnatsgrøn,Som ny,64GB,continue,1949.00
Brugt iPhone 11 Pro,9267925025033,Midnatsgrøn / Som ny / 256GB,48365998506249,232302063639131677,Midnatsgrøn,Som ny,256GB,continue,2349.00
Brugt iPhone 11 Pro,9267925025033,Midnatsgrøn / Som ny / 512GB,48365998539017,9d6a2279238ee3f869,Midnatsgrøn,Som ny,512GB,continue,2649.00
Brugt iPhone 11 Pro Max,9267928760585,Space grey / Brugbar / 64GB,48366028521737,afde9a612d0e6e7398,Space grey,Brugbar,64GB,continue,1849.00
Brugt iPhone 11 Pro Max,9267928760585,Space grey / Brugbar / 256GB,48366028554505,3b3d150133a1d50db5,Space grey,Brugbar,256GB,continue,2049.00
Brugt iPhone 11 Pro Max,9267928760585,Space grey / Brugbar / 512GB,48366028587273,1ac6183bad32f85bdd,Space grey,Brugbar,512GB,continue,2249.00
Brugt iPhone 11 Pro Max,9267928760585,Space grey / Brugt / 64GB,48366028620041,e0948be03fdfdc47df,Space grey,Brugt,64GB,continue,2049.00
Brugt iPhone 11 Pro Max,9267928760585,Space grey / Brugt / 256GB,48366028652809,5523d9e5d20ddbffa4,Space grey,Brugt,256GB,continue,2249.00
Brugt iPhone 11 Pro Max,9267928760585,Space grey / Brugt / 512GB,48366028685577,2988f3d6512785f973,Space grey,Brugt,512GB,continue,2449.00
Brugt iPhone 11 Pro Max,9267928760585,Space grey / Rigtig god / 64GB,48366028718345,49672de65b772fe5d3,Space grey,Rigtig god,64GB,continue,2249.00
Brugt iPhone 11 Pro Max,9267928760585,Space grey / Rigtig god / 256GB,48366028751113,519739bae8428d1d5e,Space grey,Rigtig god,256GB,continue,2649.00
Brugt iPhone 11 Pro Max,9267928760585,Space grey / Rigtig god / 512GB,48366028783881,7cc8130f459138c866,Space grey,Rigtig god,512GB,continue,2649.00
Brugt iPhone 11 Pro Max,9267928760585,Space grey / Som ny / 64GB,48366028816649,b80b6ba1a5c1b6b464,Space grey,Som ny,64GB,continue,2449.00
Brugt iPhone 11 Pro Max,9267928760585,Space grey / Som ny / 256GB,48366028849417,848affac55191a0257,Space grey,Som ny,256GB,continue,2649.00
Brugt iPhone 11 Pro Max,9267928760585,Space grey / Som ny / 512GB,48366028882185,79037c425d8a59e64c,Space grey,Som ny,512GB,continue,2849.00
Brugt iPhone 11 Pro Max,9267928760585,Guld / Brugbar / 64GB,48366028914953,b8d0a39abc0fa2d2b3,Guld,Brugbar,64GB,continue,1849.00
Brugt iPhone 11 Pro Max,9267928760585,Guld / Brugbar / 256GB,48366028947721,92336100e5e78c219c,Guld,Brugbar,256GB,continue,2049.00
Brugt iPhone 11 Pro Max,9267928760585,Guld / Brugbar / 512GB,48366028980489,a2420afa394b2cb40c,Guld,Brugbar,512GB,continue,2249.00
Brugt iPhone 11 Pro Max,9267928760585,Guld / Brugt / 64GB,48366029013257,98f0942b67afecc7c9,Guld,Brugt,64GB,continue,2049.00
Brugt iPhone 11 Pro Max,9267928760585,Guld / Brugt / 256GB,48366029046025,905b5eb38ad219a3ab,Guld,Brugt,256GB,continue,2249.00
Brugt iPhone 11 Pro Max,9267928760585,Guld / Brugt / 512GB,48366029078793,496d9bd017f40a3f97,Guld,Brugt,512GB,continue,2449.00
Brugt iPhone 11 Pro Max,9267928760585,Guld / Rigtig god / 64GB,48366029111561,3b5422f252a97fdbe9,Guld,Rigtig god,64GB,continue,2249.00
Brugt iPhone 11 Pro Max,9267928760585,Guld / Rigtig god / 256GB,48366029144329,db0b95394421ca60cd,Guld,Rigtig god,256GB,continue,2649.00
Brugt iPhone 11 Pro Max,9267928760585,Guld / Rigtig god / 512GB,48366029177097,2af863188e2543167f,Guld,Rigtig god,512GB,continue,2649.00
Brugt iPhone 11 Pro Max,9267928760585,Guld / Som ny / 64GB,48366029209865,d6c5d7838afbdfa070,Guld,Som ny,64GB,continue,2449.00
Brugt iPhone 11 Pro Max,9267928760585,Guld / Som ny / 256GB,48366029242633,7b6e3f1c5a3742f5ca,Guld,Som ny,256GB,continue,2649.00
Brugt iPhone 11 Pro Max,9267928760585,Guld / Som ny / 512GB,48366029275401,99b66a7b20b755184f,Guld,Som ny,512GB,continue,2849.00
Brugt iPhone 11 Pro Max,9267928760585,Sølv / Brugbar / 64GB,48366029308169,56f3e8315be37cbbc3,Sølv,Brugbar,64GB,continue,1849.00
Brugt iPhone 11 Pro Max,9267928760585,Sølv / Brugbar / 256GB,48366029340937,78fa7f758fdc09c7f8,Sølv,Brugbar,256GB,continue,2049.00
Brugt iPhone 11 Pro Max,9267928760585,Sølv / Brugbar / 512GB,48366029373705,8f47d0467b8b3f00bb,Sølv,Brugbar,512GB,continue,2249.00
Brugt iPhone 11 Pro Max,9267928760585,Sølv / Brugt / 64GB,48366029406473,77b65e3c7f98d7ed20,Sølv,Brugt,64GB,continue,2049.00
Brugt iPhone 11 Pro Max,9267928760585,Sølv / Brugt / 256GB,48366029439241,dd847fb9db7c451015,Sølv,Brugt,256GB,continue,2249.00
Brugt iPhone 11 Pro Max,9267928760585,Sølv / Brugt / 512GB,48366029472009,f4db064735dbffe520,Sølv,Brugt,512GB,continue,2449.00
Brugt iPhone 11 Pro Max,9267928760585,Sølv / Rigtig god / 64GB,48366029504777,a17d25398c3d0d2cf1,Sølv,Rigtig god,64GB,continue,2249.00
Brugt iPhone 11 Pro Max,9267928760585,Sølv / Rigtig god / 256GB,48366029537545,ae369e42a5e5ba0a77,Sølv,Rigtig god,256GB,continue,2649.00
Brugt iPhone 11 Pro Max,9267928760585,Sølv / Rigtig god / 512GB,48366029570313,926138e3f49bedb837,Sølv,Rigtig god,512GB,continue,2649.00
Brugt iPhone 11 Pro Max,9267928760585,Sølv / Som ny / 64GB,48366029603081,59c78a638d172ee163,Sølv,Som ny,64GB,continue,2449.00
Brugt iPhone 11 Pro Max,9267928760585,Sølv / Som ny / 256GB,48366029635849,7418ffd4dec9614773,Sølv,Som ny,256GB,continue,2649.00
Brugt iPhone 11 Pro Max,9267928760585,Sølv / Som ny / 512GB,48366029668617,495f1edc0ee1650642,Sølv,Som ny,512GB,continue,2849.00
Brugt iPhone 11 Pro Max,9267928760585,Midnatsgrøn / Brugbar / 64GB,48366029701385,2a03960d7203c87032,Midnatsgrøn,Brugbar,64GB,continue,1849.00
Brugt iPhone 11 Pro Max,9267928760585,Midnatsgrøn / Brugbar / 256GB,48366029734153,037b2237975db62322,Midnatsgrøn,Brugbar,256GB,continue,2049.00
Brugt iPhone 11 Pro Max,9267928760585,Midnatsgrøn / Brugbar / 512GB,48366029766921,0b5cfc8757dde7924f,Midnatsgrøn,Brugbar,512GB,continue,2249.00
Brugt iPhone 11 Pro Max,9267928760585,Midnatsgrøn / Brugt / 64GB,48366029799689,7e82b3ca8add196838,Midnatsgrøn,Brugt,64GB,continue,2049.00
Brugt iPhone 11 Pro Max,9267928760585,Midnatsgrøn / Brugt / 256GB,48366029832457,7499ee6cf19229a039,Midnatsgrøn,Brugt,256GB,continue,2249.00
Brugt iPhone 11 Pro Max,9267928760585,Midnatsgrøn / Brugt / 512GB,48366029865225,bb0003e17f1d3c7342,Midnatsgrøn,Brugt,512GB,continue,2449.00
Brugt iPhone 11 Pro Max,9267928760585,Midnatsgrøn / Rigtig god / 64GB,48366029897993,a2cb19db22fc838d46,Midnatsgrøn,Rigtig god,64GB,continue,2249.00
Brugt iPhone 11 Pro Max,9267928760585,Midnatsgrøn / Rigtig god / 256GB,48366029930761,b20f7339eb7ffd178c,Midnatsgrøn,Rigtig god,256GB,continue,2649.00
Brugt iPhone 11 Pro Max,9267928760585,Midnatsgrøn / Rigtig god / 512GB,48366029963529,253dff7ccb2b9cdde1,Midnatsgrøn,Rigtig god,512GB,continue,2649.00
Brugt iPhone 11 Pro Max,9267928760585,Midnatsgrøn / Som ny / 64GB,48366029996297,b5ad34e8b6e0319232,Midnatsgrøn,Som ny,64GB,continue,2449.00
Brugt iPhone 11 Pro Max,9267928760585,Midnatsgrøn / Som ny / 256GB,48366030029065,a1c96416da40ab73ba,Midnatsgrøn,Som ny,256GB,continue,2649.00
Brugt iPhone 11 Pro Max,9267928760585,Midnatsgrøn / Som ny / 512GB,48366030061833,e1c8cc5a6e0cdbb0d7,Midnatsgrøn,Som ny,512GB,continue,2849.00
Brugt iPhone 12,9267932659977,Blå / Brugbar / 64GB,48366057062665,75a8b39dc5c9291268,Blå,Brugbar,64GB,continue,1649.00
Brugt iPhone 12,9267932659977,Blå / Brugbar / 128GB,48366057095433,cd94ce66b29aafa503,Blå,Brugbar,128GB,continue,1849.00
Brugt iPhone 12,9267932659977,Blå / Brugbar / 256GB,48366057128201,d86c9c47cb89682bb8,Blå,Brugbar,256GB,continue,2149.00
Brugt iPhone 12,9267932659977,Blå / Brugt / 64GB,48366057160969,8a8490ffc5929f9468,Blå,Brugt,64GB,continue,1949.00
Brugt iPhone 12,9267932659977,Blå / Brugt / 128GB,48366057193737,6b1a55a0e1cbaec100,Blå,Brugt,128GB,continue,1949.00
Brugt iPhone 12,9267932659977,Blå / Brugt / 256GB,48366057226505,20e09e932306bc9033,Blå,Brugt,256GB,continue,2249.00
Brugt iPhone 12,9267932659977,Blå / Rigtig god / 64GB,48366057259273,6a78a4b868cfc2b584,Blå,Rigtig god,64GB,continue,1949.00
Brugt iPhone 12,9267932659977,Blå / Rigtig god / 128GB,48366057292041,16ba7dfdc65996bf6f,Blå,Rigtig god,128GB,continue,2149.00
Brugt iPhone 12,9267932659977,Blå / Rigtig god / 256GB,48366057324809,76dffc6e72142837f8,Blå,Rigtig god,256GB,continue,2449.00
Brugt iPhone 12,9267932659977,Blå / Som ny / 64GB,48366057357577,5ef7ef199c0de64128,Blå,Som ny,64GB,continue,2149.00
Brugt iPhone 12,9267932659977,Blå / Som ny / 128GB,48366057390345,e3a6f947862288e358,Blå,Som ny,128GB,continue,2349.00
Brugt iPhone 12,9267932659977,Blå / Som ny / 256GB,48366057423113,36ad059842fded1d78,Blå,Som ny,256GB,continue,2849.00
Brugt iPhone 12,9267932659977,Grøn / Brugbar / 64GB,48366057455881,e14283cfe471c9ed4d,Grøn,Brugbar,64GB,continue,1649.00
Brugt iPhone 12,9267932659977,Grøn / Brugbar / 128GB,48366057488649,a165ad56699a9955ba,Grøn,Brugbar,128GB,continue,1849.00
Brugt iPhone 12,9267932659977,Grøn / Brugbar / 256GB,48366057521417,f43422722d6d7bddc6,Grøn,Brugbar,256GB,continue,2149.00
Brugt iPhone 12,9267932659977,Grøn / Brugt / 64GB,48366057554185,b1dacb032446d156a4,Grøn,Brugt,64GB,continue,1949.00
Brugt iPhone 12,9267932659977,Grøn / Brugt / 128GB,48366057586953,d9dcb16385e54b7432,Grøn,Brugt,128GB,continue,1949.00
Brugt iPhone 12,9267932659977,Grøn / Brugt / 256GB,48366057619721,cf0d6c54311ce89aad,Grøn,Brugt,256GB,continue,2249.00
Brugt iPhone 12,9267932659977,Grøn / Rigtig god / 64GB,48366057652489,6c94bc6bfabccafb5e,Grøn,Rigtig god,64GB,continue,1949.00
Brugt iPhone 12,9267932659977,Grøn / Rigtig god / 128GB,48366057685257,568ca1f207318fce81,Grøn,Rigtig god,128GB,continue,2149.00
Brugt iPhone 12,9267932659977,Grøn / Rigtig god / 256GB,48366057718025,fd94f68c16b229aa31,Grøn,Rigtig god,256GB,continue,2449.00
Brugt iPhone 12,9267932659977,Grøn / Som ny / 64GB,48366057750793,9c9182505725537fdb,Grøn,Som ny,64GB,continue,2149.00
Brugt iPhone 12,9267932659977,Grøn / Som ny / 128GB,48366057783561,6bf18f9b18725ae279,Grøn,Som ny,128GB,continue,2349.00
Brugt iPhone 12,9267932659977,Grøn / Som ny / 256GB,48366057816329,b0eb435f7ad9e498e1,Grøn,Som ny,256GB,continue,2849.00
Brugt iPhone 12,9267932659977,Hvid / Brugbar / 64GB,48366057849097,65507ef01b49ce9ae8,Hvid,Brugbar,64GB,continue,1649.00
Brugt iPhone 12,9267932659977,Hvid / Brugbar / 128GB,48366057881865,da5ff1c1e6d281a599,Hvid,Brugbar,128GB,continue,1849.00
Brugt iPhone 12,9267932659977,Hvid / Brugbar / 256GB,48366057914633,34add3a494df050fef,Hvid,Brugbar,256GB,continue,2149.00
Brugt iPhone 12,9267932659977,Hvid / Brugt / 64GB,48366057947401,2115fc1f543ca2dcee,Hvid,Brugt,64GB,continue,1949.00
Brugt iPhone 12,9267932659977,Hvid / Brugt / 128GB,48366057980169,760f1b3ff436e1475e,Hvid,Brugt,128GB,continue,1949.00
Brugt iPhone 12,9267932659977,Hvid / Brugt / 256GB,48366058012937,09639d00eaef3cf13b,Hvid,Brugt,256GB,continue,2249.00
Brugt iPhone 12,9267932659977,Hvid / Rigtig god / 64GB,48366058078473,17c06a639c11d00213,Hvid,Rigtig god,64GB,continue,1949.00
Brugt iPhone 12,9267932659977,Hvid / Rigtig god / 128GB,48366058111241,228c3aa03d959c33eb,Hvid,Rigtig god,128GB,continue,2149.00
Brugt iPhone 12,9267932659977,Hvid / Rigtig god / 256GB,48366058144009,611b454c899d3c3ee0,Hvid,Rigtig god,256GB,continue,2449.00
Brugt iPhone 12,9267932659977,Hvid / Som ny / 64GB,48366058176777,22c4b0b837006ccb7b,Hvid,Som ny,64GB,continue,2149.00
Brugt iPhone 12,9267932659977,Hvid / Som ny / 128GB,48366058209545,93c22b92828a8244cb,Hvid,Som ny,128GB,continue,2349.00
Brugt iPhone 12,9267932659977,Hvid / Som ny / 256GB,48366058242313,95086493f6bb3bf80f,Hvid,Som ny,256GB,continue,2849.00
Brugt iPhone 12,9267932659977,Lilla / Brugbar / 64GB,48366058275081,8aacedbdfe1558dcbd,Lilla,Brugbar,64GB,continue,1649.00
Brugt iPhone 12,9267932659977,Lilla / Brugbar / 128GB,48366058307849,46e8d03ed1d19dfa26,Lilla,Brugbar,128GB,continue,1849.00
Brugt iPhone 12,9267932659977,Lilla / Brugbar / 256GB,48366058340617,813fa02a119240f361,Lilla,Brugbar,256GB,continue,2149.00
Brugt iPhone 12,9267932659977,Lilla / Brugt / 64GB,48366058373385,202da6295e43a22088,Lilla,Brugt,64GB,continue,1949.00
Brugt iPhone 12,9267932659977,Lilla / Brugt / 128GB,48366058406153,d256ca0c6abbdaebaa,Lilla,Brugt,128GB,continue,1949.00
Brugt iPhone 12,9267932659977,Lilla / Brugt / 256GB,48366058471689,a558cbcb7dd2963153,Lilla,Brugt,256GB,continue,2249.00
Brugt iPhone 12,9267932659977,Lilla / Rigtig god / 64GB,48366058504457,b846e764abad4a6591,Lilla,Rigtig god,64GB,continue,1949.00
Brugt iPhone 12,9267932659977,Lilla / Rigtig god / 128GB,48366058537225,3d09f89e6f7ff5bdd2,Lilla,Rigtig god,128GB,continue,2149.00
Brugt iPhone 12,9267932659977,Lilla / Rigtig god / 256GB,48366058569993,8191b2b3883b31d80d,Lilla,Rigtig god,256GB,continue,2449.00
Brugt iPhone 12,9267932659977,Lilla / Som ny / 64GB,48366058602761,8e2dd6e7d00d620388,Lilla,Som ny,64GB,continue,2149.00
Brugt iPhone 12,9267932659977,Lilla / Som ny / 128GB,48366058635529,dcbbab9e2bb6b7e746,Lilla,Som ny,128GB,continue,2349.00
Brugt iPhone 12,9267932659977,Lilla / Som ny / 256GB,48366058668297,a4e348e0af884e0a22,Lilla,Som ny,256GB,continue,2849.00
Brugt iPhone 12,9267932659977,Rød / Brugbar / 64GB,48366058701065,7bde1513b63270080e,Rød,Brugbar,64GB,continue,1649.00
Brugt iPhone 12,9267932659977,Rød / Brugbar / 128GB,48366058733833,f99f5ea51ef32e67b8,Rød,Brugbar,128GB,continue,1849.00
Brugt iPhone 12,9267932659977,Rød / Brugbar / 256GB,48366058766601,9f5109ec7a8cec72cc,Rød,Brugbar,256GB,continue,2149.00
Brugt iPhone 12,9267932659977,Rød / Brugt / 64GB,48366058799369,80f15760cb443dab10,Rød,Brugt,64GB,continue,1949.00
Brugt iPhone 12,9267932659977,Rød / Brugt / 128GB,48366058832137,42504a15a99c00897b,Rød,Brugt,128GB,continue,1949.00
Brugt iPhone 12,9267932659977,Rød / Brugt / 256GB,48366058864905,3610283df32f1e6a13,Rød,Brugt,256GB,continue,2249.00
Brugt iPhone 12,9267932659977,Rød / Rigtig god / 64GB,48366058897673,75d4872055fc50371c,Rød,Rigtig god,64GB,continue,1949.00
Brugt iPhone 12,9267932659977,Rød / Rigtig god / 128GB,48366058930441,2d875ec1a597eb3b79,Rød,Rigtig god,128GB,continue,2149.00
Brugt iPhone 12,9267932659977,Rød / Rigtig god / 256GB,48366058963209,dfbacab1a1239d6db7,Rød,Rigtig god,256GB,continue,2449.00
Brugt iPhone 12,9267932659977,Rød / Som ny / 64GB,48366058995977,f81ec474b8a29818b2,Rød,Som ny,64GB,continue,2149.00
Brugt iPhone 12,9267932659977,Rød / Som ny / 128GB,48366059028745,4a37f596d8ea90199f,Rød,Som ny,128GB,continue,2349.00
Brugt iPhone 12,9267932659977,Rød / Som ny / 256GB,48366059061513,53fce34f82fd052267,Rød,Som ny,256GB,continue,2849.00
Brugt iPhone 12,9267932659977,Sort / Brugbar / 64GB,48366059094281,fbd2876da395d8f996,Sort,Brugbar,64GB,continue,1649.00
Brugt iPhone 12,9267932659977,Sort / Brugbar / 128GB,48366059127049,b94d8e414806542bff,Sort,Brugbar,128GB,continue,1849.00
Brugt iPhone 12,9267932659977,Sort / Brugbar / 256GB,48366059159817,f5ed6ea8aef27edca0,Sort,Brugbar,256GB,continue,2149.00
Brugt iPhone 12,9267932659977,Sort / Brugt / 64GB,48366059192585,74d5baa8f7e1a050ee,Sort,Brugt,64GB,continue,1949.00
Brugt iPhone 12,9267932659977,Sort / Brugt / 128GB,48366059225353,ebe9313eac02e4022b,Sort,Brugt,128GB,continue,1949.00
Brugt iPhone 12,9267932659977,Sort / Brugt / 256GB,48366059258121,4773df4ec7997d03fc,Sort,Brugt,256GB,continue,2249.00
Brugt iPhone 12,9267932659977,Sort / Rigtig god / 64GB,48366059290889,2e172639bc196a6994,Sort,Rigtig god,64GB,continue,1949.00
Brugt iPhone 12,9267932659977,Sort / Rigtig god / 128GB,48366059323657,dfc61ae0954b7d71f1,Sort,Rigtig god,128GB,continue,2149.00
Brugt iPhone 12,9267932659977,Sort / Rigtig god / 256GB,48366059356425,30630911e84c35e3ab,Sort,Rigtig god,256GB,continue,2449.00
Brugt iPhone 12,9267932659977,Sort / Som ny / 64GB,48366059389193,0bde614de6dd410428,Sort,Som ny,64GB,continue,2149.00
Brugt iPhone 12,9267932659977,Sort / Som ny / 128GB,48366059421961,1e25f2ae1fe9e8e4af,Sort,Som ny,128GB,continue,2349.00
Brugt iPhone 12,9267932659977,Sort / Som ny / 256GB,48366059454729,0d16a7ed6e5a290490,Sort,Som ny,256GB,continue,2849.00
Brugt iPhone 12 Mini,9267938165001,Blå / Brugbar / 64GB,48366087143689,d2f6406a3addb51408,Blå,Brugbar,64GB,continue,1449.00
Brugt iPhone 12 Mini,9267938165001,Blå / Brugbar / 128GB,48366087176457,471d63d8de2bf746a9,Blå,Brugbar,128GB,continue,1649.00
Brugt iPhone 12 Mini,9267938165001,Blå / Brugbar / 256GB,48366087209225,d10b86e7a3d5cdb737,Blå,Brugbar,256GB,continue,1849.00
Brugt iPhone 12 Mini,9267938165001,Blå / Brugt / 64GB,48366087241993,03a8313dde0de819c3,Blå,Brugt,64GB,continue,1549.00
Brugt iPhone 12 Mini,9267938165001,Blå / Brugt / 128GB,48366087307529,217b9919000d33bf9f,Blå,Brugt,128GB,continue,1749.00
Brugt iPhone 12 Mini,9267938165001,Blå / Brugt / 256GB,48366087340297,7de3b82dd0c818f31b,Blå,Brugt,256GB,continue,1949.00
Brugt iPhone 12 Mini,9267938165001,Blå / Rigtig god / 64GB,48366087373065,9f084dbfbb68df03a1,Blå,Rigtig god,64GB,continue,1649.00
Brugt iPhone 12 Mini,9267938165001,Blå / Rigtig god / 128GB,48366087405833,fe293f792079d67e4e,Blå,Rigtig god,128GB,continue,1949.00
Brugt iPhone 12 Mini,9267938165001,Blå / Rigtig god / 256GB,48366087438601,251dcb834b2e8fa48f,Blå,Rigtig god,256GB,continue,2149.00
Brugt iPhone 12 Mini,9267938165001,Blå / Som ny / 64GB,48366087471369,e5892a6d14c3359443,Blå,Som ny,64GB,continue,1849.00
Brugt iPhone 12 Mini,9267938165001,Blå / Som ny / 128GB,48366087504137,e5e55baa4429eee4a3,Blå,Som ny,128GB,continue,2049.00
Brugt iPhone 12 Mini,9267938165001,Blå / Som ny / 256GB,48366087569673,9214475ccab479165d,Blå,Som ny,256GB,continue,2349.00
Brugt iPhone 12 Mini,9267938165001,Grøn / Brugbar / 64GB,48366087602441,d9f93b10f5692f3742,Grøn,Brugbar,64GB,continue,1449.00
Brugt iPhone 12 Mini,9267938165001,Grøn / Brugbar / 128GB,48366087635209,b5be4d65f253875f33,Grøn,Brugbar,128GB,continue,1649.00
Brugt iPhone 12 Mini,9267938165001,Grøn / Brugbar / 256GB,48366087667977,60b2d4f12fb01d400a,Grøn,Brugbar,256GB,continue,1849.00
Brugt iPhone 12 Mini,9267938165001,Grøn / Brugt / 64GB,48366087733513,7d1e0dd7a177a37940,Grøn,Brugt,64GB,continue,1549.00
Brugt iPhone 12 Mini,9267938165001,Grøn / Brugt / 128GB,48366087766281,869bec849bddc1d18d,Grøn,Brugt,128GB,continue,1749.00
Brugt iPhone 12 Mini,9267938165001,Grøn / Brugt / 256GB,48366087799049,d332872199d92e5303,Grøn,Brugt,256GB,continue,1949.00
Brugt iPhone 12 Mini,9267938165001,Grøn / Rigtig god / 64GB,48366087831817,a713fd3962d74cbe8d,Grøn,Rigtig god,64GB,continue,1649.00
Brugt iPhone 12 Mini,9267938165001,Grøn / Rigtig god / 128GB,48366087864585,93498a614308a548ec,Grøn,Rigtig god,128GB,continue,1949.00
Brugt iPhone 12 Mini,9267938165001,Grøn / Rigtig god / 256GB,48366087897353,d1e907d475ef9a0949,Grøn,Rigtig god,256GB,continue,2149.00
Brugt iPhone 12 Mini,9267938165001,Grøn / Som ny / 64GB,48366087930121,50b602685568bfbd48,Grøn,Som ny,64GB,continue,1849.00
Brugt iPhone 12 Mini,9267938165001,Grøn / Som ny / 128GB,48366087962889,549a1fb2e47a31fc3c,Grøn,Som ny,128GB,continue,2049.00
Brugt iPhone 12 Mini,9267938165001,Grøn / Som ny / 256GB,48366087995657,bcde05bacaf9d0d497,Grøn,Som ny,256GB,continue,2349.00
Brugt iPhone 12 Mini,9267938165001,Hvid / Brugbar / 64GB,48366088028425,a4fc732938d99fb387,Hvid,Brugbar,64GB,continue,1449.00
Brugt iPhone 12 Mini,9267938165001,Hvid / Brugbar / 128GB,48366088061193,71d7f0a1fb25ffdf09,Hvid,Brugbar,128GB,continue,1649.00
Brugt iPhone 12 Mini,9267938165001,Hvid / Brugbar / 256GB,48366088093961,b332b77603adacb072,Hvid,Brugbar,256GB,continue,1849.00
Brugt iPhone 12 Mini,9267938165001,Hvid / Brugt / 64GB,48366088159497,780778b88777dd05a6,Hvid,Brugt,64GB,continue,1549.00
Brugt iPhone 12 Mini,9267938165001,Hvid / Brugt / 128GB,48366088192265,89419d03ca564582f3,Hvid,Brugt,128GB,continue,1749.00
Brugt iPhone 12 Mini,9267938165001,Hvid / Brugt / 256GB,48366088225033,7390f9c4094f1f9131,Hvid,Brugt,256GB,continue,1949.00
Brugt iPhone 12 Mini,9267938165001,Hvid / Rigtig god / 64GB,48366088257801,deb7124c364e76d9f4,Hvid,Rigtig god,64GB,continue,1649.00
Brugt iPhone 12 Mini,9267938165001,Hvid / Rigtig god / 128GB,48366088290569,7648db91b92aaa1468,Hvid,Rigtig god,128GB,continue,1949.00
Brugt iPhone 12 Mini,9267938165001,Hvid / Rigtig god / 256GB,48366088323337,8b89924cbf58d1d41c,Hvid,Rigtig god,256GB,continue,2149.00
Brugt iPhone 12 Mini,9267938165001,Hvid / Som ny / 64GB,48366088356105,69c5043a481455a3b2,Hvid,Som ny,64GB,continue,1849.00
Brugt iPhone 12 Mini,9267938165001,Hvid / Som ny / 128GB,48366088388873,3953e23ddd39227ab8,Hvid,Som ny,128GB,continue,2049.00
Brugt iPhone 12 Mini,9267938165001,Hvid / Som ny / 256GB,48366088421641,d647908e35d584faf9,Hvid,Som ny,256GB,continue,2349.00
Brugt iPhone 12 Mini,9267938165001,Lilla / Brugbar / 64GB,48366088454409,129733984a4d1f17ad,Lilla,Brugbar,64GB,continue,1449.00
Brugt iPhone 12 Mini,9267938165001,Lilla / Brugbar / 128GB,48366088487177,2514d5f2b19ec44c93,Lilla,Brugbar,128GB,continue,1649.00
Brugt iPhone 12 Mini,9267938165001,Lilla / Brugbar / 256GB,48366088519945,e3389326b74111705d,Lilla,Brugbar,256GB,continue,1849.00
Brugt iPhone 12 Mini,9267938165001,Lilla / Brugt / 64GB,48366088552713,b4dcbf708d9d3f103b,Lilla,Brugt,64GB,continue,1549.00
Brugt iPhone 12 Mini,9267938165001,Lilla / Brugt / 128GB,48366088585481,788aeda901acaec68d,Lilla,Brugt,128GB,continue,1749.00
Brugt iPhone 12 Mini,9267938165001,Lilla / Brugt / 256GB,48366088651017,efd8d506e6ed8df716,Lilla,Brugt,256GB,continue,1949.00
Brugt iPhone 12 Mini,9267938165001,Lilla / Rigtig god / 64GB,48366088683785,10c5f0b2b1b766cd6b,Lilla,Rigtig god,64GB,continue,1649.00
Brugt iPhone 12 Mini,9267938165001,Lilla / Rigtig god / 128GB,48366088716553,1db013f5964a443e59,Lilla,Rigtig god,128GB,continue,1949.00
Brugt iPhone 12 Mini,9267938165001,Lilla / Rigtig god / 256GB,48366088749321,ebf46f2e06f6f84f2a,Lilla,Rigtig god,256GB,continue,2149.00
Brugt iPhone 12 Mini,9267938165001,Lilla / Som ny / 64GB,48366088782089,3c090bd81446957ad7,Lilla,Som ny,64GB,continue,1849.00
Brugt iPhone 12 Mini,9267938165001,Lilla / Som ny / 128GB,48366088814857,5ce357711f094f045a,Lilla,Som ny,128GB,continue,2049.00
Brugt iPhone 12 Mini,9267938165001,Lilla / Som ny / 256GB,48366088847625,804acb416c337f1730,Lilla,Som ny,256GB,continue,2349.00
Brugt iPhone 12 Mini,9267938165001,Rød / Brugbar / 64GB,48366088880393,41dfa0b2a060a43af0,Rød,Brugbar,64GB,continue,1449.00
Brugt iPhone 12 Mini,9267938165001,Rød / Brugbar / 128GB,48366088913161,1eff6c41a0182079d4,Rød,Brugbar,128GB,continue,1649.00
Brugt iPhone 12 Mini,9267938165001,Rød / Brugbar / 256GB,48366088945929,e4ba018a158749b761,Rød,Brugbar,256GB,continue,1849.00
Brugt iPhone 12 Mini,9267938165001,Rød / Brugt / 64GB,48366088978697,3b86324175f67bb0f9,Rød,Brugt,64GB,continue,1549.00
Brugt iPhone 12 Mini,9267938165001,Rød / Brugt / 128GB,48366089011465,740cf872314c3ee74c,Rød,Brugt,128GB,continue,1749.00
Brugt iPhone 12 Mini,9267938165001,Rød / Brugt / 256GB,48366089044233,84d424f06c07f0b2a7,Rød,Brugt,256GB,continue,1949.00
Brugt iPhone 12 Mini,9267938165001,Rød / Rigtig god / 64GB,48366089109769,c0384d8794d351dc42,Rød,Rigtig god,64GB,continue,1649.00
Brugt iPhone 12 Mini,9267938165001,Rød / Rigtig god / 128GB,48366089142537,3b1b832b55a26fb7ea,Rød,Rigtig god,128GB,continue,1949.00
Brugt iPhone 12 Mini,9267938165001,Rød / Rigtig god / 256GB,48366089175305,a73fbf558a7a6ae231,Rød,Rigtig god,256GB,continue,2149.00
Brugt iPhone 12 Mini,9267938165001,Rød / Som ny / 64GB,48366089208073,56ce5701436c2bc928,Rød,Som ny,64GB,continue,1849.00
Brugt iPhone 12 Mini,9267938165001,Rød / Som ny / 128GB,48366089240841,63ccc9de35432cf2ba,Rød,Som ny,128GB,continue,2049.00
Brugt iPhone 12 Mini,9267938165001,Rød / Som ny / 256GB,48366089273609,557f7ebbe107f609d5,Rød,Som ny,256GB,continue,2349.00
Brugt iPhone 12 Mini,9267938165001,Sort / Brugbar / 64GB,48366089306377,10a9e1835b56dcafd9,Sort,Brugbar,64GB,continue,1449.00
Brugt iPhone 12 Mini,9267938165001,Sort / Brugbar / 128GB,48366089339145,835f3b25823c9e320d,Sort,Brugbar,128GB,continue,1649.00
Brugt iPhone 12 Mini,9267938165001,Sort / Brugbar / 256GB,48366089371913,f6c44c0afdd2a56447,Sort,Brugbar,256GB,continue,1849.00
Brugt iPhone 12 Mini,9267938165001,Sort / Brugt / 64GB,48366089404681,23783cac8202fcd1aa,Sort,Brugt,64GB,continue,1549.00
Brugt iPhone 12 Mini,9267938165001,Sort / Brugt / 128GB,48366089437449,d9088a62bb25484abe,Sort,Brugt,128GB,continue,1749.00
Brugt iPhone 12 Mini,9267938165001,Sort / Brugt / 256GB,48366089470217,c7ddd74fbdcee26442,Sort,Brugt,256GB,continue,1949.00
Brugt iPhone 12 Mini,9267938165001,Sort / Rigtig god / 64GB,48366089502985,7559586760a7e50d51,Sort,Rigtig god,64GB,continue,1649.00
Brugt iPhone 12 Mini,9267938165001,Sort / Rigtig god / 128GB,48366089568521,8021339a250e8df9d0,Sort,Rigtig god,128GB,continue,1949.00
Brugt iPhone 12 Mini,9267938165001,Sort / Rigtig god / 256GB,48366089601289,0af5852072633445f3,Sort,Rigtig god,256GB,continue,2149.00
Brugt iPhone 12 Mini,9267938165001,Sort / Som ny / 64GB,48366089634057,bcf4764e1f9cd77b07,Sort,Som ny,64GB,continue,1849.00
Brugt iPhone 12 Mini,9267938165001,Sort / Som ny / 128GB,48366089666825,37633e5acd40722ada,Sort,Som ny,128GB,continue,2049.00
Brugt iPhone 12 Mini,9267938165001,Sort / Som ny / 256GB,48366089699593,ef3916794f7d275f9b,Sort,Som ny,256GB,continue,2349.00
Brugt iPhone 12 Pro,9267945603337,Grafitgrå / Brugbar / 128GB,48366129479945,8eb4bf8fb80253d632,Grafitgrå,Brugbar,128GB,continue,2249.00
Brugt iPhone 12 Pro,9267945603337,Grafitgrå / Brugbar / 256GB,48366129512713,62a0ba9d46ffb5c8ef,Grafitgrå,Brugbar,256GB,continue,2349.00
Brugt iPhone 12 Pro,9267945603337,Grafitgrå / Brugbar / 512GB,48366129545481,5ebbbc1ea991561102,Grafitgrå,Brugbar,512GB,continue,2549.00
Brugt iPhone 12 Pro,9267945603337,Grafitgrå / Brugt / 128GB,48366129578249,9c1d09f05ad6b9be0c,Grafitgrå,Brugt,128GB,continue,2349.00
Brugt iPhone 12 Pro,9267945603337,Grafitgrå / Brugt / 256GB,48366129611017,9fb0c878372358267b,Grafitgrå,Brugt,256GB,continue,2449.00
Brugt iPhone 12 Pro,9267945603337,Grafitgrå / Brugt / 512GB,48366129643785,8e8241e7ad2cea03a7,Grafitgrå,Brugt,512GB,continue,2649.00
Brugt iPhone 12 Pro,9267945603337,Grafitgrå / Rigtig god / 128GB,48366129676553,9d2a9d97ae82bac51b,Grafitgrå,Rigtig god,128GB,continue,2449.00
Brugt iPhone 12 Pro,9267945603337,Grafitgrå / Rigtig god / 256GB,48366129709321,6efc297b7be14ef0fb,Grafitgrå,Rigtig god,256GB,continue,2549.00
Brugt iPhone 12 Pro,9267945603337,Grafitgrå / Rigtig god / 512GB,48366129742089,14ccc374cba5304ded,Grafitgrå,Rigtig god,512GB,continue,2749.00
Brugt iPhone 12 Pro,9267945603337,Grafitgrå / Som ny / 128GB,48366129774857,3e8fbc8a6eb158df4a,Grafitgrå,Som ny,128GB,continue,2749.00
Brugt iPhone 12 Pro,9267945603337,Grafitgrå / Som ny / 256GB,48366129807625,2d763e76d601fa1677,Grafitgrå,Som ny,256GB,continue,2949.00
Brugt iPhone 12 Pro,9267945603337,Grafitgrå / Som ny / 512GB,48366129840393,c87bcd91b41f08def6,Grafitgrå,Som ny,512GB,continue,3149.00
Brugt iPhone 12 Pro,9267945603337,Guld / Brugbar / 128GB,48366129873161,9887876ef3426fba9c,Guld,Brugbar,128GB,continue,2249.00
Brugt iPhone 12 Pro,9267945603337,Guld / Brugbar / 256GB,48366129905929,6585de35f80a91d1c3,Guld,Brugbar,256GB,continue,2349.00
Brugt iPhone 12 Pro,9267945603337,Guld / Brugbar / 512GB,48366129938697,48f0b8b3f9eb80dcba,Guld,Brugbar,512GB,continue,2549.00
Brugt iPhone 12 Pro,9267945603337,Guld / Brugt / 128GB,48366129971465,f4e4d7dddb7b48a6a7,Guld,Brugt,128GB,continue,2349.00
Brugt iPhone 12 Pro,9267945603337,Guld / Brugt / 256GB,48366130004233,6e9e8344cf4c221247,Guld,Brugt,256GB,continue,2449.00
Brugt iPhone 12 Pro,9267945603337,Guld / Brugt / 512GB,48366130037001,3886b608aa9e3cc0bb,Guld,Brugt,512GB,continue,2649.00
Brugt iPhone 12 Pro,9267945603337,Guld / Rigtig god / 128GB,48366130069769,35e404dcff8649744c,Guld,Rigtig god,128GB,continue,2449.00
Brugt iPhone 12 Pro,9267945603337,Guld / Rigtig god / 256GB,48366130102537,3c1309ff338586d98a,Guld,Rigtig god,256GB,continue,2549.00
Brugt iPhone 12 Pro,9267945603337,Guld / Rigtig god / 512GB,48366130135305,386cf08f865106ba32,Guld,Rigtig god,512GB,continue,2749.00
Brugt iPhone 12 Pro,9267945603337,Guld / Som ny / 128GB,48366130168073,822c84123265cb7808,Guld,Som ny,128GB,continue,2749.00
Brugt iPhone 12 Pro,9267945603337,Guld / Som ny / 256GB,48366130200841,0dacbaa0d5244af880,Guld,Som ny,256GB,continue,2949.00
Brugt iPhone 12 Pro,9267945603337,Guld / Som ny / 512GB,48366130233609,e718b199cadb06bc5a,Guld,Som ny,512GB,continue,3149.00
Brugt iPhone 12 Pro,9267945603337,Sølv / Brugbar / 128GB,48366130266377,7d00f732e662056370,Sølv,Brugbar,128GB,continue,2249.00
Brugt iPhone 12 Pro,9267945603337,Sølv / Brugbar / 256GB,48366130299145,8a5be38bf9ca3d7e3a,Sølv,Brugbar,256GB,continue,2349.00
Brugt iPhone 12 Pro,9267945603337,Sølv / Brugbar / 512GB,48366130331913,3415ba56b44abbc0c5,Sølv,Brugbar,512GB,continue,2549.00
Brugt iPhone 12 Pro,9267945603337,Sølv / Brugt / 128GB,48366130364681,c588f918abdff932fb,Sølv,Brugt,128GB,continue,2349.00
Brugt iPhone 12 Pro,9267945603337,Sølv / Brugt / 256GB,48366130397449,118de40f338c386d1e,Sølv,Brugt,256GB,continue,2449.00
Brugt iPhone 12 Pro,9267945603337,Sølv / Brugt / 512GB,48366130430217,3e8d2ac0ffd09db98c,Sølv,Brugt,512GB,continue,2649.00
Brugt iPhone 12 Pro,9267945603337,Sølv / Rigtig god / 128GB,48366130462985,a7c8254ecda77d7881,Sølv,Rigtig god,128GB,continue,2449.00
Brugt iPhone 12 Pro,9267945603337,Sølv / Rigtig god / 256GB,48366130495753,397c8c55dc7887ba7c,Sølv,Rigtig god,256GB,continue,2549.00
Brugt iPhone 12 Pro,9267945603337,Sølv / Rigtig god / 512GB,48366130528521,fde820b1a23c18ea1a,Sølv,Rigtig god,512GB,continue,2749.00
Brugt iPhone 12 Pro,9267945603337,Sølv / Som ny / 128GB,48366130561289,9484a68f89ce97f35a,Sølv,Som ny,128GB,continue,2749.00
Brugt iPhone 12 Pro,9267945603337,Sølv / Som ny / 256GB,48366130594057,be5c6eedaa75f8f06a,Sølv,Som ny,256GB,continue,2949.00
Brugt iPhone 12 Pro,9267945603337,Sølv / Som ny / 512GB,48366130626825,1c83c54aee009690d7,Sølv,Som ny,512GB,continue,3149.00
Brugt iPhone 12 Pro,9267945603337,Stillehavsblå / Brugbar / 128GB,48366130659593,2644b84f418865902f,Stillehavsblå,Brugbar,128GB,continue,2249.00
Brugt iPhone 12 Pro,9267945603337,Stillehavsblå / Brugbar / 256GB,48366130692361,d2b8f59ed7dd5751bf,Stillehavsblå,Brugbar,256GB,continue,2349.00
Brugt iPhone 12 Pro,9267945603337,Stillehavsblå / Brugbar / 512GB,48366130725129,222459558baa0af7cf,Stillehavsblå,Brugbar,512GB,continue,2549.00
Brugt iPhone 12 Pro,9267945603337,Stillehavsblå / Brugt / 128GB,48366130757897,c6e1b8c898573e3f0a,Stillehavsblå,Brugt,128GB,continue,2349.00
Brugt iPhone 12 Pro,9267945603337,Stillehavsblå / Brugt / 256GB,48366130790665,95e51635b90e53ccb6,Stillehavsblå,Brugt,256GB,continue,2449.00
Brugt iPhone 12 Pro,9267945603337,Stillehavsblå / Brugt / 512GB,48366130823433,3ee3391feb2ddf3fe2,Stillehavsblå,Brugt,512GB,continue,2649.00
Brugt iPhone 12 Pro,9267945603337,Stillehavsblå / Rigtig god / 128GB,48366130856201,4e658f18007ce17da8,Stillehavsblå,Rigtig god,128GB,continue,2449.00
Brugt iPhone 12 Pro,9267945603337,Stillehavsblå / Rigtig god / 256GB,48366130888969,609af7bafcc125a307,Stillehavsblå,Rigtig god,256GB,continue,2549.00
Brugt iPhone 12 Pro,9267945603337,Stillehavsblå / Rigtig god / 512GB,48366130921737,c4f1471e0f6d4d5f43,Stillehavsblå,Rigtig god,512GB,continue,2749.00
Brugt iPhone 12 Pro,9267945603337,Stillehavsblå / Som ny / 128GB,48366130954505,a66be142fad3a95077,Stillehavsblå,Som ny,128GB,continue,2749.00
Brugt iPhone 12 Pro,9267945603337,Stillehavsblå / Som ny / 256GB,48366130987273,30fc2af9eb2775f1b7,Stillehavsblå,Som ny,256GB,continue,2949.00
Brugt iPhone 12 Pro,9267945603337,Stillehavsblå / Som ny / 512GB,48366131020041,cecb9524897dbba439,Stillehavsblå,Som ny,512GB,continue,3149.00
Brugt iPhone 12 Pro Max,9267948978441,Grafitgrå / Brugbar / 128GB,48366150091017,f6e22462fbdd7eba9f,Grafitgrå,Brugbar,128GB,continue,2549.00
Brugt iPhone 12 Pro Max,9267948978441,Grafitgrå / Brugbar / 256GB,48366150123785,b6b15329d48e2e2116,Grafitgrå,Brugbar,256GB,continue,2749.00
Brugt iPhone 12 Pro Max,9267948978441,Grafitgrå / Brugbar / 512GB,48366150156553,0636bd3024ce692b15,Grafitgrå,Brugbar,512GB,continue,3149.00
Brugt iPhone 12 Pro Max,9267948978441,Grafitgrå / Brugt / 128GB,48366150189321,759d20585e82cf6e1a,Grafitgrå,Brugt,128GB,continue,2649.00
Brugt iPhone 12 Pro Max,9267948978441,Grafitgrå / Brugt / 256GB,48366150222089,925102916d3980c63f,Grafitgrå,Brugt,256GB,continue,2849.00
Brugt iPhone 12 Pro Max,9267948978441,Grafitgrå / Brugt / 512GB,48366150254857,96ab4bd243902b97a6,Grafitgrå,Brugt,512GB,continue,3349.00
Brugt iPhone 12 Pro Max,9267948978441,Grafitgrå / Rigtig god / 128GB,48366150287625,062f7190093e88852e,Grafitgrå,Rigtig god,128GB,continue,2849.00
Brugt iPhone 12 Pro Max,9267948978441,Grafitgrå / Rigtig god / 256GB,48366150320393,e40834df0310fabe80,Grafitgrå,Rigtig god,256GB,continue,3049.00
Brugt iPhone 12 Pro Max,9267948978441,Grafitgrå / Rigtig god / 512GB,48366150353161,2e2e4a4896b12acae8,Grafitgrå,Rigtig god,512GB,continue,3449.00
Brugt iPhone 12 Pro Max,9267948978441,Grafitgrå / Som ny / 128GB,48366150385929,0373baf6298e9b33c0,Grafitgrå,Som ny,128GB,continue,3149.00
Brugt iPhone 12 Pro Max,9267948978441,Grafitgrå / Som ny / 256GB,48366150418697,99337c17e4b9ad148f,Grafitgrå,Som ny,256GB,continue,3349.00
Brugt iPhone 12 Pro Max,9267948978441,Grafitgrå / Som ny / 512GB,48366150451465,093007fe1c4130f222,Grafitgrå,Som ny,512GB,continue,3749.00
Brugt iPhone 12 Pro Max,9267948978441,Guld / Brugbar / 128GB,48366150484233,4166d73b637dd4d87f,Guld,Brugbar,128GB,continue,2549.00
Brugt iPhone 12 Pro Max,9267948978441,Guld / Brugbar / 256GB,48366150517001,c4f84db2bf45a95c74,Guld,Brugbar,256GB,continue,2749.00
Brugt iPhone 12 Pro Max,9267948978441,Guld / Brugbar / 512GB,48366150549769,d321b56a43f5d5c0c7,Guld,Brugbar,512GB,continue,3149.00
Brugt iPhone 12 Pro Max,9267948978441,Guld / Brugt / 128GB,48366150582537,0f58c90bdc80e49213,Guld,Brugt,128GB,continue,2649.00
Brugt iPhone 12 Pro Max,9267948978441,Guld / Brugt / 256GB,48366150615305,0a59d5b75a0fe19221,Guld,Brugt,256GB,continue,2849.00
Brugt iPhone 12 Pro Max,9267948978441,Guld / Brugt / 512GB,48366150648073,d356490db455183408,Guld,Brugt,512GB,continue,3349.00
Brugt iPhone 12 Pro Max,9267948978441,Guld / Rigtig god / 128GB,48366150680841,22b4d2217fe7ea35c0,Guld,Rigtig god,128GB,continue,2849.00
Brugt iPhone 12 Pro Max,9267948978441,Guld / Rigtig god / 256GB,48366150713609,3c7d415fd1f04429ce,Guld,Rigtig god,256GB,continue,3049.00
Brugt iPhone 12 Pro Max,9267948978441,Guld / Rigtig god / 512GB,48366150746377,addb5726ea86b04c8b,Guld,Rigtig god,512GB,continue,3449.00
Brugt iPhone 12 Pro Max,9267948978441,Guld / Som ny / 128GB,48366150779145,70af4ae0874e50e948,Guld,Som ny,128GB,continue,3149.00
Brugt iPhone 12 Pro Max,9267948978441,Guld / Som ny / 256GB,48366150811913,3ce8b768a00155bea9,Guld,Som ny,256GB,continue,3349.00
Brugt iPhone 12 Pro Max,9267948978441,Guld / Som ny / 512GB,48366150844681,5dc2a6d8e4f4160582,Guld,Som ny,512GB,continue,3749.00
Brugt iPhone 12 Pro Max,9267948978441,Sølv / Brugbar / 128GB,48366150877449,1070f8852b1f7a4b50,Sølv,Brugbar,128GB,continue,2549.00
Brugt iPhone 12 Pro Max,9267948978441,Sølv / Brugbar / 256GB,48366150910217,68d81d4ceb2a86e600,Sølv,Brugbar,256GB,continue,2749.00
Brugt iPhone 12 Pro Max,9267948978441,Sølv / Brugbar / 512GB,48366150942985,357a429c6157cf94d2,Sølv,Brugbar,512GB,continue,3149.00
Brugt iPhone 12 Pro Max,9267948978441,Sølv / Brugt / 128GB,48366150975753,97d3ca0ee240320500,Sølv,Brugt,128GB,continue,2649.00
Brugt iPhone 12 Pro Max,9267948978441,Sølv / Brugt / 256GB,48366151008521,edde66606b223e3a10,Sølv,Brugt,256GB,continue,2849.00
Brugt iPhone 12 Pro Max,9267948978441,Sølv / Brugt / 512GB,48366151041289,1288c00278fe647107,Sølv,Brugt,512GB,continue,3349.00
Brugt iPhone 12 Pro Max,9267948978441,Sølv / Rigtig god / 128GB,48366151074057,93fb1d5d9d299b0b3a,Sølv,Rigtig god,128GB,continue,2849.00
Brugt iPhone 12 Pro Max,9267948978441,Sølv / Rigtig god / 256GB,48366151106825,8ffecfa1c7c9ad793c,Sølv,Rigtig god,256GB,continue,3049.00
Brugt iPhone 12 Pro Max,9267948978441,Sølv / Rigtig god / 512GB,48366151139593,2fa6385d323c9004f2,Sølv,Rigtig god,512GB,continue,3449.00
Brugt iPhone 12 Pro Max,9267948978441,Sølv / Som ny / 128GB,48366151172361,a74531ffa99c4751f7,Sølv,Som ny,128GB,continue,3149.00
Brugt iPhone 12 Pro Max,9267948978441,Sølv / Som ny / 256GB,48366151205129,8b74f4afe4211a1b25,Sølv,Som ny,256GB,continue,3349.00
Brugt iPhone 12 Pro Max,9267948978441,Sølv / Som ny / 512GB,48366151237897,d29208b1ab2851b145,Sølv,Som ny,512GB,continue,3749.00
Brugt iPhone 12 Pro Max,9267948978441,Stillehavsblå / Brugbar / 128GB,48366151270665,9dc97b1a90c9225cdb,Stillehavsblå,Brugbar,128GB,continue,2549.00
Brugt iPhone 12 Pro Max,9267948978441,Stillehavsblå / Brugbar / 256GB,48366151303433,5d419aba9df9b6cc92,Stillehavsblå,Brugbar,256GB,continue,2749.00
Brugt iPhone 12 Pro Max,9267948978441,Stillehavsblå / Brugbar / 512GB,48366151336201,ec2b99ab332f839ae7,Stillehavsblå,Brugbar,512GB,continue,3149.00
Brugt iPhone 12 Pro Max,9267948978441,Stillehavsblå / Brugt / 128GB,48366151368969,76534c7d1810b97581,Stillehavsblå,Brugt,128GB,continue,2649.00
Brugt iPhone 12 Pro Max,9267948978441,Stillehavsblå / Brugt / 256GB,48366151401737,d3751641e111cae703,Stillehavsblå,Brugt,256GB,continue,2849.00
Brugt iPhone 12 Pro Max,9267948978441,Stillehavsblå / Brugt / 512GB,48366151434505,7686bc5ec72af5fb44,Stillehavsblå,Brugt,512GB,continue,3349.00
Brugt iPhone 12 Pro Max,9267948978441,Stillehavsblå / Rigtig god / 128GB,48366151467273,65934e1a27cd645e87,Stillehavsblå,Rigtig god,128GB,continue,2849.00
Brugt iPhone 12 Pro Max,9267948978441,Stillehavsblå / Rigtig god / 256GB,48366151500041,be0cf61859632223f0,Stillehavsblå,Rigtig god,256GB,continue,3049.00
Brugt iPhone 12 Pro Max,9267948978441,Stillehavsblå / Rigtig god / 512GB,48366151532809,4f9779caa4bc5aba57,Stillehavsblå,Rigtig god,512GB,continue,3449.00
Brugt iPhone 12 Pro Max,9267948978441,Stillehavsblå / Som ny / 128GB,48366151565577,7c9c3018daac49175a,Stillehavsblå,Som ny,128GB,continue,3149.00
Brugt iPhone 12 Pro Max,9267948978441,Stillehavsblå / Som ny / 256GB,48366151598345,caffd6189609da8073,Stillehavsblå,Som ny,256GB,continue,3349.00
Brugt iPhone 12 Pro Max,9267948978441,Stillehavsblå / Som ny / 512GB,48366151631113,534e2290af66c03fba,Stillehavsblå,Som ny,512GB,continue,3749.00
Brugt iPhone 13,9267952386313,Blå / Brugbar / 128GB,48366169456905,83173026a77b53c7bc,Blå,Brugbar,128GB,continue,2349.00
Brugt iPhone 13,9267952386313,Blå / Brugbar / 256GB,48366169489673,e6d7c4b4adeb10d9e3,Blå,Brugbar,256GB,continue,2849.00
Brugt iPhone 13,9267952386313,Blå / Brugbar / 512GB,48366169522441,aa85fb4d29bb69a704,Blå,Brugbar,512GB,continue,3249.00
Brugt iPhone 13,9267952386313,Blå / Brugt / 128GB,48366169555209,71ff4c5c709d87f6be,Blå,Brugt,128GB,continue,2449.00
Brugt iPhone 13,9267952386313,Blå / Brugt / 256GB,48366169587977,34c3d2f4787525cfc2,Blå,Brugt,256GB,continue,3049.00
Brugt iPhone 13,9267952386313,Blå / Brugt / 512GB,48366169620745,4cb8f30840bc41c4cd,Blå,Brugt,512GB,continue,3449.00
Brugt iPhone 13,9267952386313,Blå / Rigtig god / 128GB,48366169653513,7cfe0f46479008ce26,Blå,Rigtig god,128GB,continue,2549.00
Brugt iPhone 13,9267952386313,Blå / Rigtig god / 256GB,48366169686281,c1f7f49591fe7c3421,Blå,Rigtig god,256GB,continue,3149.00
Brugt iPhone 13,9267952386313,Blå / Rigtig god / 512GB,48366169719049,4c3d222a2158883d3b,Blå,Rigtig god,512GB,continue,3649.00
Brugt iPhone 13,9267952386313,Blå / Som ny / 128GB,48366169751817,654ae04aaeb5a360b0,Blå,Som ny,128GB,continue,2649.00
Brugt iPhone 13,9267952386313,Blå / Som ny / 256GB,48366169784585,a0005bcac7a2f7305e,Blå,Som ny,256GB,continue,3349.00
Brugt iPhone 13,9267952386313,Blå / Som ny / 512GB,48366169817353,d58e53dc6602decf92,Blå,Som ny,512GB,continue,3949.00
Brugt iPhone 13,9267952386313,Grøn / Brugbar / 128GB,48366169850121,b5d83ccfb1554279d2,Grøn,Brugbar,128GB,continue,2349.00
Brugt iPhone 13,9267952386313,Grøn / Brugbar / 256GB,48366169882889,704dd3550941dff742,Grøn,Brugbar,256GB,continue,2849.00
Brugt iPhone 13,9267952386313,Grøn / Brugbar / 512GB,48366169915657,9fa52120b6fccb3890,Grøn,Brugbar,512GB,continue,3249.00
Brugt iPhone 13,9267952386313,Grøn / Brugt / 128GB,48366169948425,d2e6508f92cf9e16be,Grøn,Brugt,128GB,continue,2449.00
Brugt iPhone 13,9267952386313,Grøn / Brugt / 256GB,48366169981193,844ddd26a646f52213,Grøn,Brugt,256GB,continue,3049.00
Brugt iPhone 13,9267952386313,Grøn / Brugt / 512GB,48366170013961,3a1eb41bb2dfc1428e,Grøn,Brugt,512GB,continue,3449.00
Brugt iPhone 13,9267952386313,Grøn / Rigtig god / 128GB,48366170046729,d8edd0fd843766642b,Grøn,Rigtig god,128GB,continue,2549.00
Brugt iPhone 13,9267952386313,Grøn / Rigtig god / 256GB,48366170079497,5e029cf5aea51f36b0,Grøn,Rigtig god,256GB,continue,3149.00
Brugt iPhone 13,9267952386313,Grøn / Rigtig god / 512GB,48366170112265,a14fa355445a07d3f7,Grøn,Rigtig god,512GB,continue,3649.00
Brugt iPhone 13,9267952386313,Grøn / Som ny / 128GB,48366170145033,d4a65c5567b80b6722,Grøn,Som ny,128GB,continue,2649.00
Brugt iPhone 13,9267952386313,Grøn / Som ny / 256GB,48366170177801,40bb2601227337937d,Grøn,Som ny,256GB,continue,3349.00
Brugt iPhone 13,9267952386313,Grøn / Som ny / 512GB,48366170210569,fec0d27c4c9e76c752,Grøn,Som ny,512GB,continue,3949.00
Brugt iPhone 13,9267952386313,Lyserød / Brugbar / 128GB,48366170243337,243f8c093ddd3dd874,Lyserød,Brugbar,128GB,continue,2349.00
Brugt iPhone 13,9267952386313,Lyserød / Brugbar / 256GB,48366170276105,4240f7107d6bc1d5f7,Lyserød,Brugbar,256GB,continue,2849.00
Brugt iPhone 13,9267952386313,Lyserød / Brugbar / 512GB,48366170308873,3f4c3bfc76f8bbac46,Lyserød,Brugbar,512GB,continue,3249.00
Brugt iPhone 13,9267952386313,Lyserød / Brugt / 128GB,48366170341641,bdced6f50e3cfb6550,Lyserød,Brugt,128GB,continue,2449.00
Brugt iPhone 13,9267952386313,Lyserød / Brugt / 256GB,48366170374409,8a9d499cc2c61ef6d4,Lyserød,Brugt,256GB,continue,3049.00
Brugt iPhone 13,9267952386313,Lyserød / Brugt / 512GB,48366170407177,0b2fc896c1242d2649,Lyserød,Brugt,512GB,continue,3449.00
Brugt iPhone 13,9267952386313,Lyserød / Rigtig god / 128GB,48366170439945,3aaacdedb62be126aa,Lyserød,Rigtig god,128GB,continue,2549.00
Brugt iPhone 13,9267952386313,Lyserød / Rigtig god / 256GB,48366170505481,91bae3f5a5ef614793,Lyserød,Rigtig god,256GB,continue,3149.00
Brugt iPhone 13,9267952386313,Lyserød / Rigtig god / 512GB,48366170538249,4ddd4746e2426fabe2,Lyserød,Rigtig god,512GB,continue,3649.00
Brugt iPhone 13,9267952386313,Lyserød / Som ny / 128GB,48366170571017,44d1b330d303f89b54,Lyserød,Som ny,128GB,continue,2649.00
Brugt iPhone 13,9267952386313,Lyserød / Som ny / 256GB,48366170603785,29ca1e5eaaf8d8d1e4,Lyserød,Som ny,256GB,continue,3349.00
Brugt iPhone 13,9267952386313,Lyserød / Som ny / 512GB,48366170636553,261e83ba190ecff4f7,Lyserød,Som ny,512GB,continue,3949.00
Brugt iPhone 13,9267952386313,Midnat / Brugbar / 128GB,48366170669321,1692b95d80948888d6,Midnat,Brugbar,128GB,continue,2349.00
Brugt iPhone 13,9267952386313,Midnat / Brugbar / 256GB,48366170702089,9a51f3ac3e4d17bdfc,Midnat,Brugbar,256GB,continue,2849.00
Brugt iPhone 13,9267952386313,Midnat / Brugbar / 512GB,48366170734857,8216f159fbfee73adf,Midnat,Brugbar,512GB,continue,3249.00
Brugt iPhone 13,9267952386313,Midnat / Brugt / 128GB,48366170767625,cbc29de3b28b27f671,Midnat,Brugt,128GB,continue,2449.00
Brugt iPhone 13,9267952386313,Midnat / Brugt / 256GB,48366170800393,cf67911055f9734525,Midnat,Brugt,256GB,continue,3049.00
Brugt iPhone 13,9267952386313,Midnat / Brugt / 512GB,48366170833161,ee46891ee58385411c,Midnat,Brugt,512GB,continue,3449.00
Brugt iPhone 13,9267952386313,Midnat / Rigtig god / 128GB,48366170865929,07edb23098c836aa27,Midnat,Rigtig god,128GB,continue,2549.00
Brugt iPhone 13,9267952386313,Midnat / Rigtig god / 256GB,48366170898697,9812dd80a5ed4def08,Midnat,Rigtig god,256GB,continue,3149.00
Brugt iPhone 13,9267952386313,Midnat / Rigtig god / 512GB,48366170931465,45b05a9dce616af4a4,Midnat,Rigtig god,512GB,continue,3649.00
Brugt iPhone 13,9267952386313,Midnat / Som ny / 128GB,48366170964233,c8b38048ba62652d69,Midnat,Som ny,128GB,continue,2649.00
Brugt iPhone 13,9267952386313,Midnat / Som ny / 256GB,48366170997001,a58b2af95020ba895e,Midnat,Som ny,256GB,continue,3349.00
Brugt iPhone 13,9267952386313,Midnat / Som ny / 512GB,48366171029769,57fc9cbace124da23c,Midnat,Som ny,512GB,continue,3949.00
Brugt iPhone 13,9267952386313,Rød / Brugbar / 128GB,48366171062537,ff9240e42a76e2293b,Rød,Brugbar,128GB,continue,2349.00
Brugt iPhone 13,9267952386313,Rød / Brugbar / 256GB,48366171095305,2a17a0c120da09050e,Rød,Brugbar,256GB,continue,2849.00
Brugt iPhone 13,9267952386313,Rød / Brugbar / 512GB,48366171128073,b3585c9e58541861f4,Rød,Brugbar,512GB,continue,3249.00
Brugt iPhone 13,9267952386313,Rød / Brugt / 128GB,48366171160841,98d999c2f2f1a70a65,Rød,Brugt,128GB,continue,2449.00
Brugt iPhone 13,9267952386313,Rød / Brugt / 256GB,48366171193609,8bb1ddf7bb4800c402,Rød,Brugt,256GB,continue,3049.00
Brugt iPhone 13,9267952386313,Rød / Brugt / 512GB,48366171226377,4062503f788bfcf6d8,Rød,Brugt,512GB,continue,3449.00
Brugt iPhone 13,9267952386313,Rød / Rigtig god / 128GB,48366171259145,b63c4dfff0f7f5c5dd,Rød,Rigtig god,128GB,continue,2549.00
Brugt iPhone 13,9267952386313,Rød / Rigtig god / 256GB,48366171291913,063e52b490f3e19aa9,Rød,Rigtig god,256GB,continue,3149.00
Brugt iPhone 13,9267952386313,Rød / Rigtig god / 512GB,48366171324681,11aac9deb03b0ed041,Rød,Rigtig god,512GB,continue,3649.00
Brugt iPhone 13,9267952386313,Rød / Som ny / 128GB,48366171357449,a73c1f880679bf27f5,Rød,Som ny,128GB,continue,2649.00
Brugt iPhone 13,9267952386313,Rød / Som ny / 256GB,48366171390217,3aeabd2be31ce83ca0,Rød,Som ny,256GB,continue,3349.00
Brugt iPhone 13,9267952386313,Rød / Som ny / 512GB,48366171422985,42f1463e90d104a8ec,Rød,Som ny,512GB,continue,3949.00
Brugt iPhone 13,9267952386313,Stjerneskær / Brugbar / 128GB,48366171455753,89a18730b9fb929c8b,Stjerneskær,Brugbar,128GB,continue,2349.00
Brugt iPhone 13,9267952386313,Stjerneskær / Brugbar / 256GB,48366171488521,00d4ee4b4610884f78,Stjerneskær,Brugbar,256GB,continue,2849.00
Brugt iPhone 13,9267952386313,Stjerneskær / Brugbar / 512GB,48366171521289,7c9111afc0e9886078,Stjerneskær,Brugbar,512GB,continue,3249.00
Brugt iPhone 13,9267952386313,Stjerneskær / Brugt / 128GB,48366171554057,bddaaddaaf14e2d539,Stjerneskær,Brugt,128GB,continue,2449.00
Brugt iPhone 13,9267952386313,Stjerneskær / Brugt / 256GB,48366171586825,f9192ef920ee811237,Stjerneskær,Brugt,256GB,continue,3049.00
Brugt iPhone 13,9267952386313,Stjerneskær / Brugt / 512GB,48366171619593,ac8759cada32f466ea,Stjerneskær,Brugt,512GB,continue,3449.00
Brugt iPhone 13,9267952386313,Stjerneskær / Rigtig god / 128GB,48366171652361,59e843803c024afdd3,Stjerneskær,Rigtig god,128GB,continue,2549.00
Brugt iPhone 13,9267952386313,Stjerneskær / Rigtig god / 256GB,48366171685129,8be95ff0ef730864d8,Stjerneskær,Rigtig god,256GB,continue,3149.00
Brugt iPhone 13,9267952386313,Stjerneskær / Rigtig god / 512GB,48366171717897,337a9e1aa80588a27e,Stjerneskær,Rigtig god,512GB,continue,3649.00
Brugt iPhone 13,9267952386313,Stjerneskær / Som ny / 128GB,48366171750665,bcc31f6e4c3e30a051,Stjerneskær,Som ny,128GB,continue,2649.00
Brugt iPhone 13,9267952386313,Stjerneskær / Som ny / 256GB,48366171783433,895d7be09f965b8b7c,Stjerneskær,Som ny,256GB,continue,3349.00
Brugt iPhone 13,9267952386313,Stjerneskær / Som ny / 512GB,48366171816201,14d148098dbf9ea48a,Stjerneskær,Som ny,512GB,continue,3949.00
Brugt iPhone 13 Mini,9267957727497,Blå / Brugbar / 128GB,48366201274633,c802636be1b0c9ff7c,Blå,Brugbar,128GB,continue,2449.00
Brugt iPhone 13 Mini,9267957727497,Blå / Brugbar / 256GB,48366201307401,eb0f3f916a33083401,Blå,Brugbar,256GB,continue,2649.00
Brugt iPhone 13 Mini,9267957727497,Blå / Brugbar / 512GB,48366201340169,e0fc0b895b5817a091,Blå,Brugbar,512GB,continue,2949.00
Brugt iPhone 13 Mini,9267957727497,Blå / Brugt / 128GB,48366201372937,1b9d8bbcc168dbee09,Blå,Brugt,128GB,continue,2549.00
Brugt iPhone 13 Mini,9267957727497,Blå / Brugt / 256GB,48366201405705,c1df474f0bb862bb5d,Blå,Brugt,256GB,continue,2749.00
Brugt iPhone 13 Mini,9267957727497,Blå / Brugt / 512GB,48366201438473,56f8dda34104aaaa3f,Blå,Brugt,512GB,continue,3049.00
Brugt iPhone 13 Mini,9267957727497,Blå / Rigtig god / 128GB,48366201471241,61778e9432dcfecd94,Blå,Rigtig god,128GB,continue,2649.00
Brugt iPhone 13 Mini,9267957727497,Blå / Rigtig god / 256GB,48366201504009,b32832332be4430e78,Blå,Rigtig god,256GB,continue,2949.00
Brugt iPhone 13 Mini,9267957727497,Blå / Rigtig god / 512GB,48366201536777,2b71411d18e2d8d624,Blå,Rigtig god,512GB,continue,3249.00
Brugt iPhone 13 Mini,9267957727497,Blå / Som ny / 128GB,48366201569545,ac64b6372eea29f877,Blå,Som ny,128GB,continue,2849.00
Brugt iPhone 13 Mini,9267957727497,Blå / Som ny / 256GB,48366201602313,aaffa2b3cb67370feb,Blå,Som ny,256GB,continue,3149.00
Brugt iPhone 13 Mini,9267957727497,Blå / Som ny / 512GB,48366201635081,79ef9d0784b43f7195,Blå,Som ny,512GB,continue,3849.00
Brugt iPhone 13 Mini,9267957727497,Grøn / Brugbar / 128GB,48366201667849,1c90a521ad744a8402,Grøn,Brugbar,128GB,continue,2449.00
Brugt iPhone 13 Mini,9267957727497,Grøn / Brugbar / 256GB,48366201700617,6138bbc17c35a7724d,Grøn,Brugbar,256GB,continue,2649.00
Brugt iPhone 13 Mini,9267957727497,Grøn / Brugbar / 512GB,48366201733385,c1773645d150c76f5a,Grøn,Brugbar,512GB,continue,2949.00
Brugt iPhone 13 Mini,9267957727497,Grøn / Brugt / 128GB,48366201766153,a4bf6a732922e6594c,Grøn,Brugt,128GB,continue,2549.00
Brugt iPhone 13 Mini,9267957727497,Grøn / Brugt / 256GB,48366201798921,c17c5a412329f05223,Grøn,Brugt,256GB,continue,2749.00
Brugt iPhone 13 Mini,9267957727497,Grøn / Brugt / 512GB,48366201831689,f3c04a098695072c2c,Grøn,Brugt,512GB,continue,3049.00
Brugt iPhone 13 Mini,9267957727497,Grøn / Rigtig god / 128GB,48366201864457,ae070a79ce668208c0,Grøn,Rigtig god,128GB,continue,2649.00
Brugt iPhone 13 Mini,9267957727497,Grøn / Rigtig god / 256GB,48366201897225,78967492f919ba46f9,Grøn,Rigtig god,256GB,continue,2949.00
Brugt iPhone 13 Mini,9267957727497,Grøn / Rigtig god / 512GB,48366201929993,8aa1f42c04edc383fe,Grøn,Rigtig god,512GB,continue,3249.00
Brugt iPhone 13 Mini,9267957727497,Grøn / Som ny / 128GB,48366201962761,b226cd450c4a70c79d,Grøn,Som ny,128GB,continue,2849.00
Brugt iPhone 13 Mini,9267957727497,Grøn / Som ny / 256GB,48366201995529,c841f1faf85192e4c8,Grøn,Som ny,256GB,continue,3149.00
Brugt iPhone 13 Mini,9267957727497,Grøn / Som ny / 512GB,48366202028297,4858722ac3574a2a7f,Grøn,Som ny,512GB,continue,3849.00
Brugt iPhone 13 Mini,9267957727497,Lyserød / Brugbar / 128GB,48366202061065,0e709d6e9b98b23c65,Lyserød,Brugbar,128GB,continue,2449.00
Brugt iPhone 13 Mini,9267957727497,Lyserød / Brugbar / 256GB,48366202093833,7c470986d0b32fadb8,Lyserød,Brugbar,256GB,continue,2649.00
Brugt iPhone 13 Mini,9267957727497,Lyserød / Brugbar / 512GB,48366202126601,53d5b7c15b250a24e7,Lyserød,Brugbar,512GB,continue,2949.00
Brugt iPhone 13 Mini,9267957727497,Lyserød / Brugt / 128GB,48366202159369,e4b40f0b33b31d09cd,Lyserød,Brugt,128GB,continue,2549.00
Brugt iPhone 13 Mini,9267957727497,Lyserød / Brugt / 256GB,48366202192137,4267991bce8bbc7da6,Lyserød,Brugt,256GB,continue,2749.00
Brugt iPhone 13 Mini,9267957727497,Lyserød / Brugt / 512GB,48366202224905,69fb6ddb02742075b4,Lyserød,Brugt,512GB,continue,3049.00
Brugt iPhone 13 Mini,9267957727497,Lyserød / Rigtig god / 128GB,48366202257673,0f33942d78fa7d5d33,Lyserød,Rigtig god,128GB,continue,2649.00
Brugt iPhone 13 Mini,9267957727497,Lyserød / Rigtig god / 256GB,48366202290441,a84fffd69198ade0ba,Lyserød,Rigtig god,256GB,continue,2949.00
Brugt iPhone 13 Mini,9267957727497,Lyserød / Rigtig god / 512GB,48366202323209,8d38a7ebe566cb295a,Lyserød,Rigtig god,512GB,continue,3249.00
Brugt iPhone 13 Mini,9267957727497,Lyserød / Som ny / 128GB,48366202355977,e72a37b89430c52899,Lyserød,Som ny,128GB,continue,2849.00
Brugt iPhone 13 Mini,9267957727497,Lyserød / Som ny / 256GB,48366202388745,e0493daa345ecbee1b,Lyserød,Som ny,256GB,continue,3149.00
Brugt iPhone 13 Mini,9267957727497,Lyserød / Som ny / 512GB,48366202421513,fe2e5f2688e56cec10,Lyserød,Som ny,512GB,continue,3849.00
Brugt iPhone 13 Mini,9267957727497,Midnat / Brugbar / 128GB,48366202454281,6d008f7c0ad3b3fc4f,Midnat,Brugbar,128GB,continue,2449.00
Brugt iPhone 13 Mini,9267957727497,Midnat / Brugbar / 256GB,48366202487049,7df4434145183913ce,Midnat,Brugbar,256GB,continue,2649.00
Brugt iPhone 13 Mini,9267957727497,Midnat / Brugbar / 512GB,48366202519817,df50f9c2b1756c2440,Midnat,Brugbar,512GB,continue,2949.00
Brugt iPhone 13 Mini,9267957727497,Midnat / Brugt / 128GB,48366202552585,9018c954f33b823d32,Midnat,Brugt,128GB,continue,2549.00
Brugt iPhone 13 Mini,9267957727497,Midnat / Brugt / 256GB,48366202585353,0d8917a0fc00f202e9,Midnat,Brugt,256GB,continue,2749.00
Brugt iPhone 13 Mini,9267957727497,Midnat / Brugt / 512GB,48366202618121,7cf6b599a0b6922717,Midnat,Brugt,512GB,continue,3049.00
Brugt iPhone 13 Mini,9267957727497,Midnat / Rigtig god / 128GB,48366202650889,b76b62efecc77118d1,Midnat,Rigtig god,128GB,continue,2649.00
Brugt iPhone 13 Mini,9267957727497,Midnat / Rigtig god / 256GB,48366202683657,c83b44179b3400b5aa,Midnat,Rigtig god,256GB,continue,2949.00
Brugt iPhone 13 Mini,9267957727497,Midnat / Rigtig god / 512GB,48366202716425,96c80a0e02abca0f85,Midnat,Rigtig god,512GB,continue,3249.00
Brugt iPhone 13 Mini,9267957727497,Midnat / Som ny / 128GB,48366202749193,8cad2162560cadad9f,Midnat,Som ny,128GB,continue,2849.00
Brugt iPhone 13 Mini,9267957727497,Midnat / Som ny / 256GB,48366202781961,9ae26a0c14d93b75a1,Midnat,Som ny,256GB,continue,3149.00
Brugt iPhone 13 Mini,9267957727497,Midnat / Som ny / 512GB,48366202814729,7fa6320b9a05a943f3,Midnat,Som ny,512GB,continue,3849.00
Brugt iPhone 13 Mini,9267957727497,Rød / Brugbar / 128GB,48366202847497,babcc801ed78195034,Rød,Brugbar,128GB,continue,2449.00
Brugt iPhone 13 Mini,9267957727497,Rød / Brugbar / 256GB,48366202880265,48db100c7362a392bb,Rød,Brugbar,256GB,continue,2649.00
Brugt iPhone 13 Mini,9267957727497,Rød / Brugbar / 512GB,48366202913033,80e04afdfc8c871e02,Rød,Brugbar,512GB,continue,2949.00
Brugt iPhone 13 Mini,9267957727497,Rød / Brugt / 128GB,48366202945801,46ca679441aea093f6,Rød,Brugt,128GB,continue,2549.00
Brugt iPhone 13 Mini,9267957727497,Rød / Brugt / 256GB,48366202978569,4435e9424d2efdc0a8,Rød,Brugt,256GB,continue,2749.00
Brugt iPhone 13 Mini,9267957727497,Rød / Brugt / 512GB,48366203011337,a92e40c441e79c83a8,Rød,Brugt,512GB,continue,3049.00
Brugt iPhone 13 Mini,9267957727497,Rød / Rigtig god / 128GB,48366203044105,d2c22c43ccb775443d,Rød,Rigtig god,128GB,continue,2649.00
Brugt iPhone 13 Mini,9267957727497,Rød / Rigtig god / 256GB,48366203076873,f6c77d02ae8e01beda,Rød,Rigtig god,256GB,continue,2949.00
Brugt iPhone 13 Mini,9267957727497,Rød / Rigtig god / 512GB,48366203109641,643fdad566b7c76957,Rød,Rigtig god,512GB,continue,3249.00
Brugt iPhone 13 Mini,9267957727497,Rød / Som ny / 128GB,48366203142409,042b0dd1a218e91db1,Rød,Som ny,128GB,continue,2849.00
Brugt iPhone 13 Mini,9267957727497,Rød / Som ny / 256GB,48366203175177,8a9352a06cac4f211e,Rød,Som ny,256GB,continue,3149.00
Brugt iPhone 13 Mini,9267957727497,Rød / Som ny / 512GB,48366203207945,ae4bebbf52c9a91087,Rød,Som ny,512GB,continue,3849.00
Brugt iPhone 13 Mini,9267957727497,Stjerneskær / Brugbar / 128GB,48366203240713,67177ff1d8badb7a51,Stjerneskær,Brugbar,128GB,continue,2449.00
Brugt iPhone 13 Mini,9267957727497,Stjerneskær / Brugbar / 256GB,48366203273481,7c142432dd34003325,Stjerneskær,Brugbar,256GB,continue,2649.00
Brugt iPhone 13 Mini,9267957727497,Stjerneskær / Brugbar / 512GB,48366203306249,94f5116b88c3f16c31,Stjerneskær,Brugbar,512GB,continue,2949.00
Brugt iPhone 13 Mini,9267957727497,Stjerneskær / Brugt / 128GB,48366203339017,16d88cfb61cbb70d7a,Stjerneskær,Brugt,128GB,continue,2549.00
Brugt iPhone 13 Mini,9267957727497,Stjerneskær / Brugt / 256GB,48366203371785,a411a534ff0e07fa10,Stjerneskær,Brugt,256GB,continue,2749.00
Brugt iPhone 13 Mini,9267957727497,Stjerneskær / Brugt / 512GB,48366203404553,a4ac14bc90e9898b03,Stjerneskær,Brugt,512GB,continue,3049.00
Brugt iPhone 13 Mini,9267957727497,Stjerneskær / Rigtig god / 128GB,48366203437321,709aa5ea4266ac9255,Stjerneskær,Rigtig god,128GB,continue,2649.00
Brugt iPhone 13 Mini,9267957727497,Stjerneskær / Rigtig god / 256GB,48366203470089,1a39ba64c7a887f6c4,Stjerneskær,Rigtig god,256GB,continue,2949.00
Brugt iPhone 13 Mini,9267957727497,Stjerneskær / Rigtig god / 512GB,48366203502857,ad4f05e3f515fc8c24,Stjerneskær,Rigtig god,512GB,continue,3249.00
Brugt iPhone 13 Mini,9267957727497,Stjerneskær / Som ny / 128GB,48366203535625,fe1faf6926a379b2bf,Stjerneskær,Som ny,128GB,continue,2849.00
Brugt iPhone 13 Mini,9267957727497,Stjerneskær / Som ny / 256GB,48366203568393,d89c3bbce97595cd8a,Stjerneskær,Som ny,256GB,continue,3149.00
Brugt iPhone 13 Mini,9267957727497,Stjerneskær / Som ny / 512GB,48366203601161,6ac134d66053103ed3,Stjerneskær,Som ny,512GB,continue,3849.00
Brugt iPhone 13 Pro,9267962675465,Grafitgrå / Brugbar / 128GB,48366231683337,56cf04387b281f1897,Grafitgrå,Brugbar,128GB,continue,3149.00
Brugt iPhone 13 Pro,9267962675465,Grafitgrå / Brugbar / 256GB,48366231716105,4ee625ab4d6930ae7f,Grafitgrå,Brugbar,256GB,continue,3349.00
Brugt iPhone 13 Pro,9267962675465,Grafitgrå / Brugbar / 512GB,48366231748873,2d5f03988c544e2e83,Grafitgrå,Brugbar,512GB,continue,3849.00
Brugt iPhone 13 Pro,9267962675465,Grafitgrå / Brugbar / 1024GB,54932707672329,,Grafitgrå,Brugbar,1024GB,continue,4249.00
Brugt iPhone 13 Pro,9267962675465,Grafitgrå / Brugt / 128GB,48366231781641,241d3dddcaf1c4dab2,Grafitgrå,Brugt,128GB,continue,3249.00
Brugt iPhone 13 Pro,9267962675465,Grafitgrå / Brugt / 256GB,48366231814409,bd9d7f7dc5ccb06ff8,Grafitgrå,Brugt,256GB,continue,3449.00
Brugt iPhone 13 Pro,9267962675465,Grafitgrå / Brugt / 512GB,48366231847177,6e7e3111ffc88f2fd7,Grafitgrå,Brugt,512GB,continue,3949.00
Brugt iPhone 13 Pro,9267962675465,Grafitgrå / Brugt / 1024GB,54932707705097,,Grafitgrå,Brugt,1024GB,continue,4449.00
Brugt iPhone 13 Pro,9267962675465,Grafitgrå / Rigtig god / 128GB,48366231879945,aebba0837381c81944,Grafitgrå,Rigtig god,128GB,continue,3549.00
Brugt iPhone 13 Pro,9267962675465,Grafitgrå / Rigtig god / 256GB,48366231912713,bd36a33239f8fcacac,Grafitgrå,Rigtig god,256GB,continue,3649.00
Brugt iPhone 13 Pro,9267962675465,Grafitgrå / Rigtig god / 512GB,48366231945481,72d113a17b5c6539a9,Grafitgrå,Rigtig god,512GB,continue,4249.00
Brugt iPhone 13 Pro,9267962675465,Grafitgrå / Rigtig god / 1024GB,54932707737865,,Grafitgrå,Rigtig god,1024GB,continue,4649.00
Brugt iPhone 13 Pro,9267962675465,Grafitgrå / Som ny / 128GB,48366231978249,7f82668229d2fa37cc,Grafitgrå,Som ny,128GB,continue,3949.00
Brugt iPhone 13 Pro,9267962675465,Grafitgrå / Som ny / 256GB,48366232011017,1b443c4caf358dee01,Grafitgrå,Som ny,256GB,continue,4049.00
Brugt iPhone 13 Pro,9267962675465,Grafitgrå / Som ny / 512GB,48366232043785,30602ebf8e22e1884e,Grafitgrå,Som ny,512GB,continue,4649.00
Brugt iPhone 13 Pro,9267962675465,Grafitgrå / Som ny / 1024GB,54932707770633,,Grafitgrå,Som ny,1024GB,continue,4949.00
Brugt iPhone 13 Pro,9267962675465,Grangrøn / Brugbar / 128GB,48366232076553,3ded44eb43eab9d429,Grangrøn,Brugbar,128GB,continue,3149.00
Brugt iPhone 13 Pro,9267962675465,Grangrøn / Brugbar / 256GB,48366232109321,537ecd56d3311e3e08,Grangrøn,Brugbar,256GB,continue,3349.00
Brugt iPhone 13 Pro,9267962675465,Grangrøn / Brugbar / 512GB,48366232142089,3ffc424792b5e710f1,Grangrøn,Brugbar,512GB,continue,3849.00
Brugt iPhone 13 Pro,9267962675465,Grangrøn / Brugbar / 1024GB,54932707803401,,Grangrøn,Brugbar,1024GB,continue,4249.00
Brugt iPhone 13 Pro,9267962675465,Grangrøn / Brugt / 128GB,48366232174857,215f4f8d944814e937,Grangrøn,Brugt,128GB,continue,3249.00
Brugt iPhone 13 Pro,9267962675465,Grangrøn / Brugt / 256GB,48366232207625,70687d350c7e341516,Grangrøn,Brugt,256GB,continue,3449.00
Brugt iPhone 13 Pro,9267962675465,Grangrøn / Brugt / 512GB,48366232240393,3dbc7f7be1b491b6b0,Grangrøn,Brugt,512GB,continue,3949.00
Brugt iPhone 13 Pro,9267962675465,Grangrøn / Brugt / 1024GB,54932707836169,,Grangrøn,Brugt,1024GB,continue,4449.00
Brugt iPhone 13 Pro,9267962675465,Grangrøn / Rigtig god / 128GB,48366232273161,e7d54d50fc3de7f592,Grangrøn,Rigtig god,128GB,continue,3549.00
Brugt iPhone 13 Pro,9267962675465,Grangrøn / Rigtig god / 256GB,48366232305929,5712af2c9f9a164180,Grangrøn,Rigtig god,256GB,continue,3649.00
Brugt iPhone 13 Pro,9267962675465,Grangrøn / Rigtig god / 512GB,48366232338697,fe1e9db1876b361380,Grangrøn,Rigtig god,512GB,continue,4249.00
Brugt iPhone 13 Pro,9267962675465,Grangrøn / Rigtig god / 1024GB,54932707868937,,Grangrøn,Rigtig god,1024GB,continue,4649.00
Brugt iPhone 13 Pro,9267962675465,Grangrøn / Som ny / 128GB,48366232371465,41fc639a4fcc58587c,Grangrøn,Som ny,128GB,continue,3949.00
Brugt iPhone 13 Pro,9267962675465,Grangrøn / Som ny / 256GB,48366232404233,2ee7653707202af7fc,Grangrøn,Som ny,256GB,continue,4049.00
Brugt iPhone 13 Pro,9267962675465,Grangrøn / Som ny / 512GB,48366232437001,9f70df6dbdd84b7d7f,Grangrøn,Som ny,512GB,continue,4649.00
Brugt iPhone 13 Pro,9267962675465,Grangrøn / Som ny / 1024GB,54932707901705,,Grangrøn,Som ny,1024GB,continue,4949.00
Brugt iPhone 13 Pro,9267962675465,Guld / Brugbar / 128GB,48366232469769,bbdb6ed73c2e268f27,Guld,Brugbar,128GB,continue,3149.00
Brugt iPhone 13 Pro,9267962675465,Guld / Brugbar / 256GB,48366232502537,e2ea30765382a13e92,Guld,Brugbar,256GB,continue,3349.00
Brugt iPhone 13 Pro,9267962675465,Guld / Brugbar / 512GB,48366232535305,cb4e941baa5019e4ba,Guld,Brugbar,512GB,continue,3849.00
Brugt iPhone 13 Pro,9267962675465,Guld / Brugbar / 1024GB,54932707934473,,Guld,Brugbar,1024GB,continue,4249.00
Brugt iPhone 13 Pro,9267962675465,Guld / Brugt / 128GB,48366232568073,a6c1e15532dec54a20,Guld,Brugt,128GB,continue,3249.00
Brugt iPhone 13 Pro,9267962675465,Guld / Brugt / 256GB,48366232600841,e5eb10ed9e36b73534,Guld,Brugt,256GB,continue,3449.00
Brugt iPhone 13 Pro,9267962675465,Guld / Brugt / 512GB,48366232633609,98618ee20ae9035839,Guld,Brugt,512GB,continue,3949.00
Brugt iPhone 13 Pro,9267962675465,Guld / Brugt / 1024GB,54932707967241,,Guld,Brugt,1024GB,continue,4449.00
Brugt iPhone 13 Pro,9267962675465,Guld / Rigtig god / 128GB,48366232666377,edafe4d370c1f8c000,Guld,Rigtig god,128GB,continue,3549.00
Brugt iPhone 13 Pro,9267962675465,Guld / Rigtig god / 256GB,48366232699145,0c8676a08184ad53b6,Guld,Rigtig god,256GB,continue,3649.00
Brugt iPhone 13 Pro,9267962675465,Guld / Rigtig god / 512GB,48366232731913,f994476255adaeedb1,Guld,Rigtig god,512GB,continue,4249.00
Brugt iPhone 13 Pro,9267962675465,Guld / Rigtig god / 1024GB,54932708000009,,Guld,Rigtig god,1024GB,continue,4649.00
Brugt iPhone 13 Pro,9267962675465,Guld / Som ny / 128GB,48366232764681,5d9f291c339e532935,Guld,Som ny,128GB,continue,3949.00
Brugt iPhone 13 Pro,9267962675465,Guld / Som ny / 256GB,48366232797449,440892691403eefe41,Guld,Som ny,256GB,continue,4049.00
Brugt iPhone 13 Pro,9267962675465,Guld / Som ny / 512GB,48366232830217,72c53ae6508d39909e,Guld,Som ny,512GB,continue,4649.00
Brugt iPhone 13 Pro,9267962675465,Guld / Som ny / 1024GB,54932708032777,,Guld,Som ny,1024GB,continue,4949.00
Brugt iPhone 13 Pro,9267962675465,Skyfri blå / Brugbar / 128GB,48366232862985,ee7a7917cefa5a706e,Skyfri blå,Brugbar,128GB,continue,3149.00
Brugt iPhone 13 Pro,9267962675465,Skyfri blå / Brugbar / 256GB,48366232895753,bf8b916d35733ba3f1,Skyfri blå,Brugbar,256GB,continue,3349.00
Brugt iPhone 13 Pro,9267962675465,Skyfri blå / Brugbar / 512GB,48366232928521,e234ebae682e0d4ec3,Skyfri blå,Brugbar,512GB,continue,3849.00
Brugt iPhone 13 Pro,9267962675465,Skyfri blå / Brugbar / 1024GB,54932708065545,,Skyfri blå,Brugbar,1024GB,continue,4249.00
Brugt iPhone 13 Pro,9267962675465,Skyfri blå / Brugt / 128GB,48366232961289,0667dc708102f155c0,Skyfri blå,Brugt,128GB,continue,3249.00
Brugt iPhone 13 Pro,9267962675465,Skyfri blå / Brugt / 256GB,48366232994057,fdf3958b663e99fc37,Skyfri blå,Brugt,256GB,continue,3449.00
Brugt iPhone 13 Pro,9267962675465,Skyfri blå / Brugt / 512GB,48366233026825,7ab54f0564618d449f,Skyfri blå,Brugt,512GB,continue,3949.00
Brugt iPhone 13 Pro,9267962675465,Skyfri blå / Brugt / 1024GB,54932708098313,,Skyfri blå,Brugt,1024GB,continue,4449.00
Brugt iPhone 13 Pro,9267962675465,Skyfri blå / Rigtig god / 128GB,48366233059593,3b26b66378f849df2b,Skyfri blå,Rigtig god,128GB,continue,3549.00
Brugt iPhone 13 Pro,9267962675465,Skyfri blå / Rigtig god / 256GB,48366233092361,7a05f9d0d4c1820dde,Skyfri blå,Rigtig god,256GB,continue,3649.00
Brugt iPhone 13 Pro,9267962675465,Skyfri blå / Rigtig god / 512GB,48366233125129,c589b5b8cbb4c4e23e,Skyfri blå,Rigtig god,512GB,continue,4249.00
Brugt iPhone 13 Pro,9267962675465,Skyfri blå / Rigtig god / 1024GB,54932708131081,,Skyfri blå,Rigtig god,1024GB,continue,4649.00
Brugt iPhone 13 Pro,9267962675465,Skyfri blå / Som ny / 128GB,48366233157897,b9a8964d0b94902cda,Skyfri blå,Som ny,128GB,continue,3949.00
Brugt iPhone 13 Pro,9267962675465,Skyfri blå / Som ny / 256GB,48366233190665,8eb7e0a41443d38f92,Skyfri blå,Som ny,256GB,continue,4049.00
Brugt iPhone 13 Pro,9267962675465,Skyfri blå / Som ny / 512GB,48366233223433,178f08dc7e75afe20f,Skyfri blå,Som ny,512GB,continue,4649.00
Brugt iPhone 13 Pro,9267962675465,Skyfri blå / Som ny / 1024GB,54932708163849,,Skyfri blå,Som ny,1024GB,continue,4949.00
Brugt iPhone 13 Pro,9267962675465,Sølv / Brugbar / 128GB,48366233256201,ddd45bb9719a75a709,Sølv,Brugbar,128GB,continue,3149.00
Brugt iPhone 13 Pro,9267962675465,Sølv / Brugbar / 256GB,48366233288969,544ba7c3c65d46e17e,Sølv,Brugbar,256GB,continue,3349.00
Brugt iPhone 13 Pro,9267962675465,Sølv / Brugbar / 512GB,48366233321737,c020fcb5b3e7504fce,Sølv,Brugbar,512GB,continue,3849.00
Brugt iPhone 13 Pro,9267962675465,Sølv / Brugbar / 1024GB,54932708196617,,Sølv,Brugbar,1024GB,continue,4249.00
Brugt iPhone 13 Pro,9267962675465,Sølv / Brugt / 128GB,48366233354505,a11af9c78a81c42214,Sølv,Brugt,128GB,continue,3249.00
Brugt iPhone 13 Pro,9267962675465,Sølv / Brugt / 256GB,48366233387273,39565dcae633ff68bb,Sølv,Brugt,256GB,continue,3449.00
Brugt iPhone 13 Pro,9267962675465,Sølv / Brugt / 512GB,48366233420041,8c53300230a9d21776,Sølv,Brugt,512GB,continue,3949.00
Brugt iPhone 13 Pro,9267962675465,Sølv / Brugt / 1024GB,54932708229385,,Sølv,Brugt,1024GB,continue,4449.00
Brugt iPhone 13 Pro,9267962675465,Sølv / Rigtig god / 128GB,48366233452809,3500157938b14dd2af,Sølv,Rigtig god,128GB,continue,3549.00
Brugt iPhone 13 Pro,9267962675465,Sølv / Rigtig god / 256GB,48366233485577,f705fc31d4e1a98083,Sølv,Rigtig god,256GB,continue,3649.00
Brugt iPhone 13 Pro,9267962675465,Sølv / Rigtig god / 512GB,48366233518345,f71aaff7fed6ca64cc,Sølv,Rigtig god,512GB,continue,4249.00
Brugt iPhone 13 Pro,9267962675465,Sølv / Rigtig god / 1024GB,54932708262153,,Sølv,Rigtig god,1024GB,continue,4649.00
Brugt iPhone 13 Pro,9267962675465,Sølv / Som ny / 128GB,48366233551113,3c465e72d41176a6a9,Sølv,Som ny,128GB,continue,3949.00
Brugt iPhone 13 Pro,9267962675465,Sølv / Som ny / 256GB,48366233583881,3d31cf5f53d214476b,Sølv,Som ny,256GB,continue,4049.00
Brugt iPhone 13 Pro,9267962675465,Sølv / Som ny / 512GB,48366233616649,7799eee72cd200ce66,Sølv,Som ny,512GB,continue,4649.00
Brugt iPhone 13 Pro,9267962675465,Sølv / Som ny / 1024GB,54932708294921,,Sølv,Som ny,1024GB,continue,4949.00
Brugt iPhone 13 Pro Max,9267966804233,Grafitgrå / Brugbar / 128GB,48366254752009,41d633b314a8d73faa,Grafitgrå,Brugbar,128GB,continue,3249.00
Brugt iPhone 13 Pro Max,9267966804233,Grafitgrå / Brugbar / 256GB,48366254784777,42ddae76acf7cc9a32,Grafitgrå,Brugbar,256GB,continue,3549.00
Brugt iPhone 13 Pro Max,9267966804233,Grafitgrå / Brugbar / 512GB,48366254817545,5257b99eba26a0321d,Grafitgrå,Brugbar,512GB,continue,3749.00
Brugt iPhone 13 Pro Max,9267966804233,Grafitgrå / Brugbar / 1024GB,54932902740233,,Grafitgrå,Brugbar,1024GB,continue,3949.00
Brugt iPhone 13 Pro Max,9267966804233,Grafitgrå / Brugt / 128GB,48366254850313,c6d43d57cccbd73f8b,Grafitgrå,Brugt,128GB,continue,3349.00
Brugt iPhone 13 Pro Max,9267966804233,Grafitgrå / Brugt / 256GB,48366254883081,a00bd46092ef640795,Grafitgrå,Brugt,256GB,continue,3649.00
Brugt iPhone 13 Pro Max,9267966804233,Grafitgrå / Brugt / 512GB,48366254915849,125fe08f5917dca635,Grafitgrå,Brugt,512GB,continue,3949.00
Brugt iPhone 13 Pro Max,9267966804233,Grafitgrå / Brugt / 1024GB,54932902773001,,Grafitgrå,Brugt,1024GB,continue,4049.00
Brugt iPhone 13 Pro Max,9267966804233,Grafitgrå / Rigtig god / 128GB,48366254948617,e7287e9e9e4fc9bc63,Grafitgrå,Rigtig god,128GB,continue,3649.00
Brugt iPhone 13 Pro Max,9267966804233,Grafitgrå / Rigtig god / 256GB,48366254981385,be105acf84272f4583,Grafitgrå,Rigtig god,256GB,continue,3849.00
Brugt iPhone 13 Pro Max,9267966804233,Grafitgrå / Rigtig god / 512GB,48366255014153,eab285e90a325cb946,Grafitgrå,Rigtig god,512GB,continue,4349.00
Brugt iPhone 13 Pro Max,9267966804233,Grafitgrå / Rigtig god / 1024GB,54932902805769,,Grafitgrå,Rigtig god,1024GB,continue,4449.00
Brugt iPhone 13 Pro Max,9267966804233,Grafitgrå / Som ny / 128GB,48366255046921,20c5bb2ae470d98c29,Grafitgrå,Som ny,128GB,continue,4549.00
Brugt iPhone 13 Pro Max,9267966804233,Grafitgrå / Som ny / 256GB,48366255079689,63587b66374194be44,Grafitgrå,Som ny,256GB,continue,4849.00
Brugt iPhone 13 Pro Max,9267966804233,Grafitgrå / Som ny / 512GB,48366255112457,a3f917209a15f221fb,Grafitgrå,Som ny,512GB,continue,5349.00
Brugt iPhone 13 Pro Max,9267966804233,Grafitgrå / Som ny / 1024GB,54932902838537,,Grafitgrå,Som ny,1024GB,continue,5449.00
Brugt iPhone 13 Pro Max,9267966804233,Grangrøn / Brugbar / 128GB,48366255145225,a9dc61a8cc62ae9d57,Grangrøn,Brugbar,128GB,continue,3249.00
Brugt iPhone 13 Pro Max,9267966804233,Grangrøn / Brugbar / 256GB,48366255177993,ba7930ab09e122d7c5,Grangrøn,Brugbar,256GB,continue,3549.00
Brugt iPhone 13 Pro Max,9267966804233,Grangrøn / Brugbar / 512GB,48366255210761,ed3173d14e14001789,Grangrøn,Brugbar,512GB,continue,3749.00
Brugt iPhone 13 Pro Max,9267966804233,Grangrøn / Brugbar / 1024GB,54932902871305,,Grangrøn,Brugbar,1024GB,continue,3949.00
Brugt iPhone 13 Pro Max,9267966804233,Grangrøn / Brugt / 128GB,48366255243529,c78cd59b72c0aaf1e1,Grangrøn,Brugt,128GB,continue,3349.00
Brugt iPhone 13 Pro Max,9267966804233,Grangrøn / Brugt / 256GB,48366255276297,dcb4521d47cf2e5f9a,Grangrøn,Brugt,256GB,continue,3649.00
Brugt iPhone 13 Pro Max,9267966804233,Grangrøn / Brugt / 512GB,48366255309065,32fc51824094d6d7cd,Grangrøn,Brugt,512GB,continue,3949.00
Brugt iPhone 13 Pro Max,9267966804233,Grangrøn / Brugt / 1024GB,54932902904073,,Grangrøn,Brugt,1024GB,continue,4049.00
Brugt iPhone 13 Pro Max,9267966804233,Grangrøn / Rigtig god / 128GB,48366255341833,326cefffaa14eae98f,Grangrøn,Rigtig god,128GB,continue,3649.00
Brugt iPhone 13 Pro Max,9267966804233,Grangrøn / Rigtig god / 256GB,48366255374601,e2d97fe06317affcae,Grangrøn,Rigtig god,256GB,continue,3849.00
Brugt iPhone 13 Pro Max,9267966804233,Grangrøn / Rigtig god / 512GB,48366255407369,bfe076e465ad036359,Grangrøn,Rigtig god,512GB,continue,4349.00
Brugt iPhone 13 Pro Max,9267966804233,Grangrøn / Rigtig god / 1024GB,54932902936841,,Grangrøn,Rigtig god,1024GB,continue,4449.00
Brugt iPhone 13 Pro Max,9267966804233,Grangrøn / Som ny / 128GB,48366255440137,03e4a825392a6356a9,Grangrøn,Som ny,128GB,continue,4549.00
Brugt iPhone 13 Pro Max,9267966804233,Grangrøn / Som ny / 256GB,48366255472905,fe330bdd7bb3d1cc68,Grangrøn,Som ny,256GB,continue,4849.00
Brugt iPhone 13 Pro Max,9267966804233,Grangrøn / Som ny / 512GB,48366255505673,c737836747bded996d,Grangrøn,Som ny,512GB,continue,5349.00
Brugt iPhone 13 Pro Max,9267966804233,Grangrøn / Som ny / 1024GB,54932902969609,,Grangrøn,Som ny,1024GB,continue,5449.00
Brugt iPhone 13 Pro Max,9267966804233,Guld / Brugbar / 128GB,48366255538441,02d1725aa9b5cde9dd,Guld,Brugbar,128GB,continue,3249.00
Brugt iPhone 13 Pro Max,9267966804233,Guld / Brugbar / 256GB,48366255571209,a1be88ba85ab306a47,Guld,Brugbar,256GB,continue,3549.00
Brugt iPhone 13 Pro Max,9267966804233,Guld / Brugbar / 512GB,48366255603977,a6cf4ccbf471c1a65c,Guld,Brugbar,512GB,continue,3749.00
Brugt iPhone 13 Pro Max,9267966804233,Guld / Brugbar / 1024GB,54932903002377,,Guld,Brugbar,1024GB,continue,3949.00
Brugt iPhone 13 Pro Max,9267966804233,Guld / Brugt / 128GB,48366255636745,c5d48dabaf1d63ade2,Guld,Brugt,128GB,continue,3349.00
Brugt iPhone 13 Pro Max,9267966804233,Guld / Brugt / 256GB,48366255669513,dd0048ff2fd67d8900,Guld,Brugt,256GB,continue,3649.00
Brugt iPhone 13 Pro Max,9267966804233,Guld / Brugt / 512GB,48366255702281,a52deb0137e77f4cfa,Guld,Brugt,512GB,continue,3949.00
Brugt iPhone 13 Pro Max,9267966804233,Guld / Brugt / 1024GB,54932903035145,,Guld,Brugt,1024GB,continue,4049.00
Brugt iPhone 13 Pro Max,9267966804233,Guld / Rigtig god / 128GB,48366255735049,a7120935e8143c95e1,Guld,Rigtig god,128GB,continue,3649.00
Brugt iPhone 13 Pro Max,9267966804233,Guld / Rigtig god / 256GB,48366255767817,67bfc850f4de5f1aa6,Guld,Rigtig god,256GB,continue,3849.00
Brugt iPhone 13 Pro Max,9267966804233,Guld / Rigtig god / 512GB,48366255800585,f7fae9f18fb821f0bf,Guld,Rigtig god,512GB,continue,4349.00
Brugt iPhone 13 Pro Max,9267966804233,Guld / Rigtig god / 1024GB,54932903067913,,Guld,Rigtig god,1024GB,continue,4449.00
Brugt iPhone 13 Pro Max,9267966804233,Guld / Som ny / 128GB,48366255833353,4e6498493c58e60c59,Guld,Som ny,128GB,continue,4549.00
Brugt iPhone 13 Pro Max,9267966804233,Guld / Som ny / 256GB,48366255866121,01aeff7db2dad619d4,Guld,Som ny,256GB,continue,4849.00
Brugt iPhone 13 Pro Max,9267966804233,Guld / Som ny / 512GB,48366255898889,10f978551bbd38f5aa,Guld,Som ny,512GB,continue,5349.00
Brugt iPhone 13 Pro Max,9267966804233,Guld / Som ny / 1024GB,54932903100681,,Guld,Som ny,1024GB,continue,5449.00
Brugt iPhone 13 Pro Max,9267966804233,Skyfri blå / Brugbar / 128GB,48366255931657,c80c08f7d60bae9e71,Skyfri blå,Brugbar,128GB,continue,3249.00
Brugt iPhone 13 Pro Max,9267966804233,Skyfri blå / Brugbar / 256GB,48366255964425,433f7128feafd3420c,Skyfri blå,Brugbar,256GB,continue,3549.00
Brugt iPhone 13 Pro Max,9267966804233,Skyfri blå / Brugbar / 512GB,48366255997193,0d71994bf2ab0d1dce,Skyfri blå,Brugbar,512GB,continue,3749.00
Brugt iPhone 13 Pro Max,9267966804233,Skyfri blå / Brugbar / 1024GB,54932903133449,,Skyfri blå,Brugbar,1024GB,continue,3949.00
Brugt iPhone 13 Pro Max,9267966804233,Skyfri blå / Brugt / 128GB,48366256029961,36e1511794bc59287f,Skyfri blå,Brugt,128GB,continue,3349.00
Brugt iPhone 13 Pro Max,9267966804233,Skyfri blå / Brugt / 256GB,48366256062729,9d3fc28a499cabe5cf,Skyfri blå,Brugt,256GB,continue,3649.00
Brugt iPhone 13 Pro Max,9267966804233,Skyfri blå / Brugt / 512GB,48366256095497,4627aabc2281dade99,Skyfri blå,Brugt,512GB,continue,3949.00
Brugt iPhone 13 Pro Max,9267966804233,Skyfri blå / Brugt / 1024GB,54932903166217,,Skyfri blå,Brugt,1024GB,continue,4049.00
Brugt iPhone 13 Pro Max,9267966804233,Skyfri blå / Rigtig god / 128GB,48366256128265,88841ed4c3c813ac60,Skyfri blå,Rigtig god,128GB,continue,3649.00
Brugt iPhone 13 Pro Max,9267966804233,Skyfri blå / Rigtig god / 256GB,48366256161033,615c031cae9b5071f0,Skyfri blå,Rigtig god,256GB,continue,3849.00
Brugt iPhone 13 Pro Max,9267966804233,Skyfri blå / Rigtig god / 512GB,48366256193801,46913af6f0b4c51a81,Skyfri blå,Rigtig god,512GB,continue,4349.00
Brugt iPhone 13 Pro Max,9267966804233,Skyfri blå / Rigtig god / 1024GB,54932903198985,,Skyfri blå,Rigtig god,1024GB,continue,4449.00
Brugt iPhone 13 Pro Max,9267966804233,Skyfri blå / Som ny / 128GB,48366256226569,bd9b732ed765795f88,Skyfri blå,Som ny,128GB,continue,4549.00
Brugt iPhone 13 Pro Max,9267966804233,Skyfri blå / Som ny / 256GB,48366256259337,d9854389f7b26308c6,Skyfri blå,Som ny,256GB,continue,4849.00
Brugt iPhone 13 Pro Max,9267966804233,Skyfri blå / Som ny / 512GB,48366256292105,6bbe20b665c8d3bd71,Skyfri blå,Som ny,512GB,continue,5349.00
Brugt iPhone 13 Pro Max,9267966804233,Skyfri blå / Som ny / 1024GB,54932903231753,,Skyfri blå,Som ny,1024GB,continue,5449.00
Brugt iPhone 13 Pro Max,9267966804233,Sølv / Brugbar / 128GB,48366256324873,929bcccdfa2fdce4e0,Sølv,Brugbar,128GB,continue,3249.00
Brugt iPhone 13 Pro Max,9267966804233,Sølv / Brugbar / 256GB,48366256357641,ba012b2269e60c060b,Sølv,Brugbar,256GB,continue,3549.00
Brugt iPhone 13 Pro Max,9267966804233,Sølv / Brugbar / 512GB,48366256390409,03f3fcbb33462346e9,Sølv,Brugbar,512GB,continue,3749.00
Brugt iPhone 13 Pro Max,9267966804233,Sølv / Brugbar / 1024GB,54932903264521,,Sølv,Brugbar,1024GB,continue,3949.00
Brugt iPhone 13 Pro Max,9267966804233,Sølv / Brugt / 128GB,48366256423177,4e37a7e364412dcb38,Sølv,Brugt,128GB,continue,3349.00
Brugt iPhone 13 Pro Max,9267966804233,Sølv / Brugt / 256GB,48366256455945,a376f8dbb2216c3d0d,Sølv,Brugt,256GB,continue,3649.00
Brugt iPhone 13 Pro Max,9267966804233,Sølv / Brugt / 512GB,48366256488713,d002d041152fa9e9b7,Sølv,Brugt,512GB,continue,3949.00
Brugt iPhone 13 Pro Max,9267966804233,Sølv / Brugt / 1024GB,54932903297289,,Sølv,Brugt,1024GB,continue,4049.00
Brugt iPhone 13 Pro Max,9267966804233,Sølv / Rigtig god / 128GB,48366256521481,872d50b0c8ec03ccb5,Sølv,Rigtig god,128GB,continue,3649.00
Brugt iPhone 13 Pro Max,9267966804233,Sølv / Rigtig god / 256GB,48366256554249,bce9b6cfccf2b6ce00,Sølv,Rigtig god,256GB,continue,3849.00
Brugt iPhone 13 Pro Max,9267966804233,Sølv / Rigtig god / 512GB,48366256587017,1ba9caf9883e2fbb06,Sølv,Rigtig god,512GB,continue,4349.00
Brugt iPhone 13 Pro Max,9267966804233,Sølv / Rigtig god / 1024GB,54932903330057,,Sølv,Rigtig god,1024GB,continue,4449.00
Brugt iPhone 13 Pro Max,9267966804233,Sølv / Som ny / 128GB,48366256619785,9a30aa732c31a2f57c,Sølv,Som ny,128GB,continue,4549.00
Brugt iPhone 13 Pro Max,9267966804233,Sølv / Som ny / 256GB,48366256652553,1156b969f4b0c8d932,Sølv,Som ny,256GB,continue,4849.00
Brugt iPhone 13 Pro Max,9267966804233,Sølv / Som ny / 512GB,48366256685321,135de823809b45120e,Sølv,Som ny,512GB,continue,5349.00
Brugt iPhone 13 Pro Max,9267966804233,Sølv / Som ny / 1024GB,54932903362825,,Sølv,Som ny,1024GB,continue,5449.00
Brugt iPhone 14,9267970933001,Midnat / Brugbar / 128GB,48366275723529,f10282e630358a93f1,Midnat,Brugbar,128GB,continue,2949.00
Brugt iPhone 14,9267970933001,Midnat / Brugbar / 256GB,48366275756297,04b287314e23d54ffc,Midnat,Brugbar,256GB,continue,3549.00
Brugt iPhone 14,9267970933001,Midnat / Brugbar / 512GB,48366275789065,1d5d16477c5d6092aa,Midnat,Brugbar,512GB,continue,4249.00
Brugt iPhone 14,9267970933001,Midnat / Brugt / 128GB,48366275821833,8da2d9e6e9744e482a,Midnat,Brugt,128GB,continue,3049.00
Brugt iPhone 14,9267970933001,Midnat / Brugt / 256GB,48366275854601,f9e6d287275089c996,Midnat,Brugt,256GB,continue,3749.00
Brugt iPhone 14,9267970933001,Midnat / Brugt / 512GB,48366275887369,175eb6a25a80d1fffc,Midnat,Brugt,512GB,continue,4349.00
Brugt iPhone 14,9267970933001,Midnat / Rigtig god / 128GB,48366275920137,1fbcd317d596a423da,Midnat,Rigtig god,128GB,continue,3449.00
Brugt iPhone 14,9267970933001,Midnat / Rigtig god / 256GB,48366275952905,eed28f57eda96065d9,Midnat,Rigtig god,256GB,continue,3949.00
Brugt iPhone 14,9267970933001,Midnat / Rigtig god / 512GB,48366275985673,69509c0ec7d58203da,Midnat,Rigtig god,512GB,continue,4549.00
Brugt iPhone 14,9267970933001,Midnat / Som ny / 128GB,48366276018441,69882274707ac1c710,Midnat,Som ny,128GB,continue,3649.00
Brugt iPhone 14,9267970933001,Midnat / Som ny / 256GB,48366276051209,a328c08303a31ea0b9,Midnat,Som ny,256GB,continue,4249.00
Brugt iPhone 14,9267970933001,Midnat / Som ny / 512GB,48366276083977,7eab8290134712e3b9,Midnat,Som ny,512GB,continue,4649.00
Brugt iPhone 14,9267970933001,Rød / Brugbar / 128GB,48366276116745,5c380fa6aafeaa6dab,Rød,Brugbar,128GB,continue,2949.00
Brugt iPhone 14,9267970933001,Rød / Brugbar / 256GB,48366276149513,c801c593ee487f3796,Rød,Brugbar,256GB,continue,3549.00
Brugt iPhone 14,9267970933001,Rød / Brugbar / 512GB,48366276182281,2e1d50f756bad2415a,Rød,Brugbar,512GB,continue,4249.00
Brugt iPhone 14,9267970933001,Rød / Brugt / 128GB,48366276215049,895d1c794d88101e2e,Rød,Brugt,128GB,continue,3049.00
Brugt iPhone 14,9267970933001,Rød / Brugt / 256GB,48366276247817,33e474af4abb6ce19b,Rød,Brugt,256GB,continue,3749.00
Brugt iPhone 14,9267970933001,Rød / Brugt / 512GB,48366276280585,69cb9526c5e3bece11,Rød,Brugt,512GB,continue,4349.00
Brugt iPhone 14,9267970933001,Rød / Rigtig god / 128GB,48366276313353,08a921eeb7aab04169,Rød,Rigtig god,128GB,continue,3449.00
Brugt iPhone 14,9267970933001,Rød / Rigtig god / 256GB,48366276346121,77764a05b59f5841fe,Rød,Rigtig god,256GB,continue,3949.00
Brugt iPhone 14,9267970933001,Rød / Rigtig god / 512GB,48366276378889,018a06210d4e3031ab,Rød,Rigtig god,512GB,continue,4549.00
Brugt iPhone 14,9267970933001,Rød / Som ny / 128GB,48366276411657,c1b138edac40f4a9cb,Rød,Som ny,128GB,continue,3649.00
Brugt iPhone 14,9267970933001,Rød / Som ny / 256GB,48366276444425,527d0b016a34ee0735,Rød,Som ny,256GB,continue,4249.00
Brugt iPhone 14,9267970933001,Rød / Som ny / 512GB,48366276477193,f55bb6263832b206b9,Rød,Som ny,512GB,continue,4649.00
Brugt iPhone 14,9267970933001,Stjerneskær / Brugbar / 128GB,48366276509961,19a1569b7e44fc7a64,Stjerneskær,Brugbar,128GB,continue,2949.00
Brugt iPhone 14,9267970933001,Stjerneskær / Brugbar / 256GB,48366276542729,9bcefa3a1405500fbf,Stjerneskær,Brugbar,256GB,continue,3549.00
Brugt iPhone 14,9267970933001,Stjerneskær / Brugbar / 512GB,48366276575497,895c1a3259a1b1498e,Stjerneskær,Brugbar,512GB,continue,4249.00
Brugt iPhone 14,9267970933001,Stjerneskær / Brugt / 128GB,48366276608265,b760edf16b1e9ae421,Stjerneskær,Brugt,128GB,continue,3049.00
Brugt iPhone 14,9267970933001,Stjerneskær / Brugt / 256GB,48366276641033,ce75e1bc067a065ea3,Stjerneskær,Brugt,256GB,continue,3749.00
Brugt iPhone 14,9267970933001,Stjerneskær / Brugt / 512GB,48366276673801,73364b0bfcd5cdf0bd,Stjerneskær,Brugt,512GB,continue,4349.00
Brugt iPhone 14,9267970933001,Stjerneskær / Rigtig god / 128GB,48366276706569,54a4b22b547b143b84,Stjerneskær,Rigtig god,128GB,continue,3449.00
Brugt iPhone 14,9267970933001,Stjerneskær / Rigtig god / 256GB,48366276739337,599fa02199b53f3cf9,Stjerneskær,Rigtig god,256GB,continue,3949.00
Brugt iPhone 14,9267970933001,Stjerneskær / Rigtig god / 512GB,48366276772105,9cb6c635e88b6eeeaa,Stjerneskær,Rigtig god,512GB,continue,4549.00
Brugt iPhone 14,9267970933001,Stjerneskær / Som ny / 128GB,48366276804873,532362a7ed3e0de77d,Stjerneskær,Som ny,128GB,continue,3649.00
Brugt iPhone 14,9267970933001,Stjerneskær / Som ny / 256GB,48366276837641,14a23b41e2a4a40a98,Stjerneskær,Som ny,256GB,continue,4249.00
Brugt iPhone 14,9267970933001,Stjerneskær / Som ny / 512GB,48366276870409,bfd277ed30914cf581,Stjerneskær,Som ny,512GB,continue,4649.00
Brugt iPhone 14,9267970933001,Blå / Brugbar / 128GB,48366276903177,9ded1e68e737c0f58a,Blå,Brugbar,128GB,continue,2949.00
Brugt iPhone 14,9267970933001,Blå / Brugbar / 256GB,48366276935945,c4d63b8954d0ec8544,Blå,Brugbar,256GB,continue,3549.00
Brugt iPhone 14,9267970933001,Blå / Brugbar / 512GB,48366276968713,6da4d049313ec284ac,Blå,Brugbar,512GB,continue,4249.00
Brugt iPhone 14,9267970933001,Blå / Brugt / 128GB,48366277001481,755719d7e6d2d51e82,Blå,Brugt,128GB,continue,3049.00
Brugt iPhone 14,9267970933001,Blå / Brugt / 256GB,48366277034249,e6cfd99ea45ec3e0af,Blå,Brugt,256GB,continue,3749.00
Brugt iPhone 14,9267970933001,Blå / Brugt / 512GB,48366277067017,7b0068384f22bacdc9,Blå,Brugt,512GB,continue,4349.00
Brugt iPhone 14,9267970933001,Blå / Rigtig god / 128GB,48366277099785,d8cfdcd8c617cc5792,Blå,Rigtig god,128GB,continue,3449.00
Brugt iPhone 14,9267970933001,Blå / Rigtig god / 256GB,48366277132553,9273a243604824ebfb,Blå,Rigtig god,256GB,continue,3949.00
Brugt iPhone 14,9267970933001,Blå / Rigtig god / 512GB,48366277165321,3211f215ceba990d79,Blå,Rigtig god,512GB,continue,4549.00
Brugt iPhone 14,9267970933001,Blå / Som ny / 128GB,48366277198089,8b65a11a047d566f9d,Blå,Som ny,128GB,continue,3649.00
Brugt iPhone 14,9267970933001,Blå / Som ny / 256GB,48366277230857,944595ab34f64d54cb,Blå,Som ny,256GB,continue,4249.00
Brugt iPhone 14,9267970933001,Blå / Som ny / 512GB,48366277263625,8df5a2227fcbeb79c9,Blå,Som ny,512GB,continue,4649.00
Brugt iPhone 14,9267970933001,Lilla / Brugbar / 128GB,48366277296393,83749cd4ecbf60c0aa,Lilla,Brugbar,128GB,continue,2949.00
Brugt iPhone 14,9267970933001,Lilla / Brugbar / 256GB,48366277329161,5a9a964d0d33d13103,Lilla,Brugbar,256GB,continue,3549.00
Brugt iPhone 14,9267970933001,Lilla / Brugbar / 512GB,48366277361929,eccf598de49d282018,Lilla,Brugbar,512GB,continue,4249.00
Brugt iPhone 14,9267970933001,Lilla / Brugt / 128GB,48366277394697,bda17d8ef7beb5a055,Lilla,Brugt,128GB,continue,3049.00
Brugt iPhone 14,9267970933001,Lilla / Brugt / 256GB,48366277427465,3ba562a1e8489b1b19,Lilla,Brugt,256GB,continue,3749.00
Brugt iPhone 14,9267970933001,Lilla / Brugt / 512GB,48366277460233,5831cc8df7ffae44c2,Lilla,Brugt,512GB,continue,4349.00
Brugt iPhone 14,9267970933001,Lilla / Rigtig god / 128GB,48366277493001,ccdb6307bc3410ba02,Lilla,Rigtig god,128GB,continue,3449.00
Brugt iPhone 14,9267970933001,Lilla / Rigtig god / 256GB,48366277525769,5e11fecf7495bc69d5,Lilla,Rigtig god,256GB,continue,3949.00
Brugt iPhone 14,9267970933001,Lilla / Rigtig god / 512GB,48366277558537,b8d914173c1828c596,Lilla,Rigtig god,512GB,continue,4549.00
Brugt iPhone 14,9267970933001,Lilla / Som ny / 128GB,48366277591305,463e34c2b15d04f5a1,Lilla,Som ny,128GB,continue,3649.00
Brugt iPhone 14,9267970933001,Lilla / Som ny / 256GB,48366277624073,22cbd6c086b6ef3bbf,Lilla,Som ny,256GB,continue,4249.00
Brugt iPhone 14,9267970933001,Lilla / Som ny / 512GB,48366277656841,02b9d33afb7d30402e,Lilla,Som ny,512GB,continue,4649.00
Brugt iPhone 14 Plus,9267975127305,Midnat / Brugbar / 128GB,48366299119881,8a45d30e18ad620e0a,Midnat,Brugbar,128GB,continue,3249.00
Brugt iPhone 14 Plus,9267975127305,Midnat / Brugbar / 256GB,48366299152649,942fde9039c179bd39,Midnat,Brugbar,256GB,continue,3649.00
Brugt iPhone 14 Plus,9267975127305,Midnat / Brugbar / 512GB,48366299185417,fb76dfb3021bfe4390,Midnat,Brugbar,512GB,continue,4249.00
Brugt iPhone 14 Plus,9267975127305,Midnat / Brugt / 128GB,48366299218185,56ee89139c5bdb6ee8,Midnat,Brugt,128GB,continue,3449.00
Brugt iPhone 14 Plus,9267975127305,Midnat / Brugt / 256GB,48366299250953,5ef570e58b7c34b8c0,Midnat,Brugt,256GB,continue,3749.00
Brugt iPhone 14 Plus,9267975127305,Midnat / Brugt / 512GB,48366299283721,9651bc08285c0a03a5,Midnat,Brugt,512GB,continue,4449.00
Brugt iPhone 14 Plus,9267975127305,Midnat / Rigtig god / 128GB,48366299316489,d6967b3d5b447d4663,Midnat,Rigtig god,128GB,continue,3749.00
Brugt iPhone 14 Plus,9267975127305,Midnat / Rigtig god / 256GB,48366299349257,3c1716f9e0d65ddfd3,Midnat,Rigtig god,256GB,continue,3949.00
Brugt iPhone 14 Plus,9267975127305,Midnat / Rigtig god / 512GB,48366299382025,7722c87b760657e395,Midnat,Rigtig god,512GB,continue,4749.00
Brugt iPhone 14 Plus,9267975127305,Midnat / Som ny / 128GB,48366299414793,54853ee969daaa0bf3,Midnat,Som ny,128GB,continue,3949.00
Brugt iPhone 14 Plus,9267975127305,Midnat / Som ny / 256GB,48366299447561,abc1a3b097298db655,Midnat,Som ny,256GB,continue,4649.00
Brugt iPhone 14 Plus,9267975127305,Midnat / Som ny / 512GB,48366299480329,cdeb1b1123a84cf680,Midnat,Som ny,512GB,continue,4949.00
Brugt iPhone 14 Plus,9267975127305,Rød / Brugbar / 128GB,48366299513097,7e03597d38b797b7c1,Rød,Brugbar,128GB,continue,3249.00
Brugt iPhone 14 Plus,9267975127305,Rød / Brugbar / 256GB,48366299545865,232463d9b62c393872,Rød,Brugbar,256GB,continue,3649.00
Brugt iPhone 14 Plus,9267975127305,Rød / Brugbar / 512GB,48366299578633,ee643e5262d5dbd793,Rød,Brugbar,512GB,continue,4249.00
Brugt iPhone 14 Plus,9267975127305,Rød / Brugt / 128GB,48366299611401,44dff01669e3fbf865,Rød,Brugt,128GB,continue,3449.00
Brugt iPhone 14 Plus,9267975127305,Rød / Brugt / 256GB,48366299644169,37c89030f37c30fb5d,Rød,Brugt,256GB,continue,3749.00
Brugt iPhone 14 Plus,9267975127305,Rød / Brugt / 512GB,48366299676937,facc7098ce10520c4f,Rød,Brugt,512GB,continue,4449.00
Brugt iPhone 14 Plus,9267975127305,Rød / Rigtig god / 128GB,48366299709705,bcd27830ae62b55bf4,Rød,Rigtig god,128GB,continue,3749.00
Brugt iPhone 14 Plus,9267975127305,Rød / Rigtig god / 256GB,48366299742473,07a8ccc6447107a777,Rød,Rigtig god,256GB,continue,3949.00
Brugt iPhone 14 Plus,9267975127305,Rød / Rigtig god / 512GB,48366299775241,496fb5f9e9f6d0e028,Rød,Rigtig god,512GB,continue,4749.00
Brugt iPhone 14 Plus,9267975127305,Rød / Som ny / 128GB,48366299808009,f20676403fa98e81c9,Rød,Som ny,128GB,continue,3949.00
Brugt iPhone 14 Plus,9267975127305,Rød / Som ny / 256GB,48366299840777,6354e350a553176f62,Rød,Som ny,256GB,continue,4649.00
Brugt iPhone 14 Plus,9267975127305,Rød / Som ny / 512GB,48366299873545,297b1182dcf8612e53,Rød,Som ny,512GB,continue,4949.00
Brugt iPhone 14 Plus,9267975127305,Stjerneskær / Brugbar / 128GB,48366299906313,8259d025e2172bab9e,Stjerneskær,Brugbar,128GB,continue,3249.00
Brugt iPhone 14 Plus,9267975127305,Stjerneskær / Brugbar / 256GB,48366299939081,dab98aff6880e376ec,Stjerneskær,Brugbar,256GB,continue,3649.00
Brugt iPhone 14 Plus,9267975127305,Stjerneskær / Brugbar / 512GB,48366299971849,3bc4e3ae74f3e290b6,Stjerneskær,Brugbar,512GB,continue,4249.00
Brugt iPhone 14 Plus,9267975127305,Stjerneskær / Brugt / 128GB,48366300004617,5497450ff6d8429cea,Stjerneskær,Brugt,128GB,continue,3449.00
Brugt iPhone 14 Plus,9267975127305,Stjerneskær / Brugt / 256GB,48366300037385,f8539759569fc2f2ee,Stjerneskær,Brugt,256GB,continue,3749.00
Brugt iPhone 14 Plus,9267975127305,Stjerneskær / Brugt / 512GB,48366300070153,409cb75b1d957c3424,Stjerneskær,Brugt,512GB,continue,4449.00
Brugt iPhone 14 Plus,9267975127305,Stjerneskær / Rigtig god / 128GB,48366300102921,2a66a9dac01589b632,Stjerneskær,Rigtig god,128GB,continue,3749.00
Brugt iPhone 14 Plus,9267975127305,Stjerneskær / Rigtig god / 256GB,48366300135689,7547d61bed815a5e31,Stjerneskær,Rigtig god,256GB,continue,3949.00
Brugt iPhone 14 Plus,9267975127305,Stjerneskær / Rigtig god / 512GB,48366300168457,21b220718a0b57a10f,Stjerneskær,Rigtig god,512GB,continue,4749.00
Brugt iPhone 14 Plus,9267975127305,Stjerneskær / Som ny / 128GB,48366300201225,5bfda320adaad7cade,Stjerneskær,Som ny,128GB,continue,3949.00
Brugt iPhone 14 Plus,9267975127305,Stjerneskær / Som ny / 256GB,48366300233993,1de73b861787095f6e,Stjerneskær,Som ny,256GB,continue,4649.00
Brugt iPhone 14 Plus,9267975127305,Stjerneskær / Som ny / 512GB,48366300266761,51245afb9a0029d456,Stjerneskær,Som ny,512GB,continue,4949.00
Brugt iPhone 14 Plus,9267975127305,Blå / Brugbar / 128GB,48366300299529,b01ab7b8772a2c81fe,Blå,Brugbar,128GB,continue,3249.00
Brugt iPhone 14 Plus,9267975127305,Blå / Brugbar / 256GB,48366300332297,ec451bdb9e7522e072,Blå,Brugbar,256GB,continue,3649.00
Brugt iPhone 14 Plus,9267975127305,Blå / Brugbar / 512GB,48366300365065,0964c0288a10cfb9e8,Blå,Brugbar,512GB,continue,4249.00
Brugt iPhone 14 Plus,9267975127305,Blå / Brugt / 128GB,48366300397833,14d5a7d05ebeb1e602,Blå,Brugt,128GB,continue,3449.00
Brugt iPhone 14 Plus,9267975127305,Blå / Brugt / 256GB,48366300430601,38b3e8daf0bbd108d3,Blå,Brugt,256GB,continue,3749.00
Brugt iPhone 14 Plus,9267975127305,Blå / Brugt / 512GB,48366300463369,be9f0fbd765a341c5f,Blå,Brugt,512GB,continue,4449.00
Brugt iPhone 14 Plus,9267975127305,Blå / Rigtig god / 128GB,48366300496137,ae479182d658d1c30f,Blå,Rigtig god,128GB,continue,3749.00
Brugt iPhone 14 Plus,9267975127305,Blå / Rigtig god / 256GB,48366300528905,dc573f04c1fc512130,Blå,Rigtig god,256GB,continue,3949.00
Brugt iPhone 14 Plus,9267975127305,Blå / Rigtig god / 512GB,48366300561673,f134693b3ba1e4f8ee,Blå,Rigtig god,512GB,continue,4749.00
Brugt iPhone 14 Plus,9267975127305,Blå / Som ny / 128GB,48366300594441,aa604e51aeed527814,Blå,Som ny,128GB,continue,3949.00
Brugt iPhone 14 Plus,9267975127305,Blå / Som ny / 256GB,48366300627209,0c1a673ed3d71c4070,Blå,Som ny,256GB,continue,4649.00
Brugt iPhone 14 Plus,9267975127305,Blå / Som ny / 512GB,48366300659977,9e8f1c9f1c5b0a2faf,Blå,Som ny,512GB,continue,4949.00
Brugt iPhone 14 Plus,9267975127305,Lilla / Brugbar / 128GB,48366300692745,13733434c5e2a7926f,Lilla,Brugbar,128GB,continue,3249.00
Brugt iPhone 14 Plus,9267975127305,Lilla / Brugbar / 256GB,48366300725513,9f9a3b8a071953820a,Lilla,Brugbar,256GB,continue,3649.00
Brugt iPhone 14 Plus,9267975127305,Lilla / Brugbar / 512GB,48366300758281,43645ff0ef71cad51e,Lilla,Brugbar,512GB,continue,4249.00
Brugt iPhone 14 Plus,9267975127305,Lilla / Brugt / 128GB,48366300791049,941628b860715095db,Lilla,Brugt,128GB,continue,3449.00
Brugt iPhone 14 Plus,9267975127305,Lilla / Brugt / 256GB,48366300823817,bb9b705a00757a2676,Lilla,Brugt,256GB,continue,3749.00
Brugt iPhone 14 Plus,9267975127305,Lilla / Brugt / 512GB,48366300856585,6724710d807254fb30,Lilla,Brugt,512GB,continue,4449.00
Brugt iPhone 14 Plus,9267975127305,Lilla / Rigtig god / 128GB,48366300889353,547088468518eee493,Lilla,Rigtig god,128GB,continue,3749.00
Brugt iPhone 14 Plus,9267975127305,Lilla / Rigtig god / 256GB,48366300922121,c90fd5c7f4f10d40a7,Lilla,Rigtig god,256GB,continue,3949.00
Brugt iPhone 14 Plus,9267975127305,Lilla / Rigtig god / 512GB,48366300954889,bf5c07e4920a240e73,Lilla,Rigtig god,512GB,continue,4749.00
Brugt iPhone 14 Plus,9267975127305,Lilla / Som ny / 128GB,48366300987657,7a31545d664cabe098,Lilla,Som ny,128GB,continue,3949.00
Brugt iPhone 14 Plus,9267975127305,Lilla / Som ny / 256GB,48366301020425,f4e9173d4801f4bd55,Lilla,Som ny,256GB,continue,4649.00
Brugt iPhone 14 Plus,9267975127305,Lilla / Som ny / 512GB,48366301053193,38537b010072c0f9bc,Lilla,Som ny,512GB,continue,4949.00
Brugt iPhone 14 Pro,9267979157769,Dyblilla / Brugbar / 128GB,48366320419081,9a75caa06281ce71cd,Dyblilla,Brugbar,128GB,continue,3949.00
Brugt iPhone 14 Pro,9267979157769,Dyblilla / Brugbar / 256GB,48366320451849,861b6c7b8f07a7f629,Dyblilla,Brugbar,256GB,continue,4549.00
Brugt iPhone 14 Pro,9267979157769,Dyblilla / Brugbar / 512GB,48366320484617,d821415b9d1008fd24,Dyblilla,Brugbar,512GB,continue,5049.00
Brugt iPhone 14 Pro,9267979157769,Dyblilla / Brugbar / 1024GB,54933739536649,,Dyblilla,Brugbar,1024GB,continue,5549.00
Brugt iPhone 14 Pro,9267979157769,Dyblilla / Brugt / 128GB,48366320517385,3153d8a383f7ce7cc6,Dyblilla,Brugt,128GB,continue,4149.00
Brugt iPhone 14 Pro,9267979157769,Dyblilla / Brugt / 256GB,48366320550153,8afbeda448b6374c52,Dyblilla,Brugt,256GB,continue,4649.00
Brugt iPhone 14 Pro,9267979157769,Dyblilla / Brugt / 512GB,48366320582921,d525b0709bb1f065eb,Dyblilla,Brugt,512GB,continue,5149.00
Brugt iPhone 14 Pro,9267979157769,Dyblilla / Brugt / 1024GB,54933739569417,,Dyblilla,Brugt,1024GB,continue,5749.00
Brugt iPhone 14 Pro,9267979157769,Dyblilla / Rigtig god / 128GB,48366320615689,403f8b7c38009f6688,Dyblilla,Rigtig god,128GB,continue,4449.00
Brugt iPhone 14 Pro,9267979157769,Dyblilla / Rigtig god / 256GB,48366320648457,e359735fe0b890e11e,Dyblilla,Rigtig god,256GB,continue,4849.00
Brugt iPhone 14 Pro,9267979157769,Dyblilla / Rigtig god / 512GB,48366320681225,964893634018ce66a2,Dyblilla,Rigtig god,512GB,continue,5349.00
Brugt iPhone 14 Pro,9267979157769,Dyblilla / Rigtig god / 1024GB,54933739602185,,Dyblilla,Rigtig god,1024GB,continue,6049.00
Brugt iPhone 14 Pro,9267979157769,Dyblilla / Som ny / 128GB,48366320713993,f7da2915696facb992,Dyblilla,Som ny,128GB,continue,4649.00
Brugt iPhone 14 Pro,9267979157769,Dyblilla / Som ny / 256GB,48366320746761,4fc7afbdd7d5fe5860,Dyblilla,Som ny,256GB,continue,5149.00
Brugt iPhone 14 Pro,9267979157769,Dyblilla / Som ny / 512GB,48366320779529,e12a15eb8da0ef4567,Dyblilla,Som ny,512GB,continue,5949.00
Brugt iPhone 14 Pro,9267979157769,Dyblilla / Som ny / 1024GB,54933739634953,,Dyblilla,Som ny,1024GB,continue,6349.00
Brugt iPhone 14 Pro,9267979157769,Guld / Brugbar / 128GB,48366320812297,d12e55f01f2a69b805,Guld,Brugbar,128GB,continue,3949.00
Brugt iPhone 14 Pro,9267979157769,Guld / Brugbar / 256GB,48366320845065,60ca9ea0aa80696e89,Guld,Brugbar,256GB,continue,4549.00
Brugt iPhone 14 Pro,9267979157769,Guld / Brugbar / 512GB,48366320877833,74313207ce47be0e38,Guld,Brugbar,512GB,continue,5049.00
Brugt iPhone 14 Pro,9267979157769,Guld / Brugbar / 1024GB,54933739667721,,Guld,Brugbar,1024GB,continue,5549.00
Brugt iPhone 14 Pro,9267979157769,Guld / Brugt / 128GB,48366320910601,2be38e2166a6252fcf,Guld,Brugt,128GB,continue,4149.00
Brugt iPhone 14 Pro,9267979157769,Guld / Brugt / 256GB,48366320943369,41327e1806eab2dc27,Guld,Brugt,256GB,continue,4649.00
Brugt iPhone 14 Pro,9267979157769,Guld / Brugt / 512GB,48366320976137,ff5fd57a9e5554e8de,Guld,Brugt,512GB,continue,5149.00
Brugt iPhone 14 Pro,9267979157769,Guld / Brugt / 1024GB,54933739700489,,Guld,Brugt,1024GB,continue,5749.00
Brugt iPhone 14 Pro,9267979157769,Guld / Rigtig god / 128GB,48366321008905,4d0ed653afbd8ab095,Guld,Rigtig god,128GB,continue,4449.00
Brugt iPhone 14 Pro,9267979157769,Guld / Rigtig god / 256GB,48366321041673,e8c9cea7fcec750fa6,Guld,Rigtig god,256GB,continue,4849.00
Brugt iPhone 14 Pro,9267979157769,Guld / Rigtig god / 512GB,48366321074441,b5b1490658b250eefa,Guld,Rigtig god,512GB,continue,5349.00
Brugt iPhone 14 Pro,9267979157769,Guld / Rigtig god / 1024GB,54933739733257,,Guld,Rigtig god,1024GB,continue,6049.00
Brugt iPhone 14 Pro,9267979157769,Guld / Som ny / 128GB,48366321107209,812f42c8859a15c251,Guld,Som ny,128GB,continue,4649.00
Brugt iPhone 14 Pro,9267979157769,Guld / Som ny / 256GB,48366321139977,f2382ca9bff64b66aa,Guld,Som ny,256GB,continue,5149.00
Brugt iPhone 14 Pro,9267979157769,Guld / Som ny / 512GB,48366321172745,0855b9d548ec7048dd,Guld,Som ny,512GB,continue,5949.00
Brugt iPhone 14 Pro,9267979157769,Guld / Som ny / 1024GB,54933739766025,,Guld,Som ny,1024GB,continue,6349.00
Brugt iPhone 14 Pro,9267979157769,Sølv / Brugbar / 128GB,48366321205513,7500b1435c166cdabf,Sølv,Brugbar,128GB,continue,3949.00
Brugt iPhone 14 Pro,9267979157769,Sølv / Brugbar / 256GB,48366321238281,ab56c7de6632cb2ed7,Sølv,Brugbar,256GB,continue,4549.00
Brugt iPhone 14 Pro,9267979157769,Sølv / Brugbar / 512GB,48366321271049,bf70c829b5457824d0,Sølv,Brugbar,512GB,continue,5049.00
Brugt iPhone 14 Pro,9267979157769,Sølv / Brugbar / 1024GB,54933739798793,,Sølv,Brugbar,1024GB,continue,5549.00
Brugt iPhone 14 Pro,9267979157769,Sølv / Brugt / 128GB,48366321303817,27e6025b77f26ed581,Sølv,Brugt,128GB,continue,4149.00
Brugt iPhone 14 Pro,9267979157769,Sølv / Brugt / 256GB,48366321336585,bd685c704b4d8b00bd,Sølv,Brugt,256GB,continue,4649.00
Brugt iPhone 14 Pro,9267979157769,Sølv / Brugt / 512GB,48366321369353,b2fea74d56053ed734,Sølv,Brugt,512GB,continue,5149.00
Brugt iPhone 14 Pro,9267979157769,Sølv / Brugt / 1024GB,54933739831561,,Sølv,Brugt,1024GB,continue,5749.00
Brugt iPhone 14 Pro,9267979157769,Sølv / Rigtig god / 128GB,48366321402121,a256a058e8222b2f12,Sølv,Rigtig god,128GB,continue,4449.00
Brugt iPhone 14 Pro,9267979157769,Sølv / Rigtig god / 256GB,48366321434889,3df32a5a145d8332d7,Sølv,Rigtig god,256GB,continue,4849.00
Brugt iPhone 14 Pro,9267979157769,Sølv / Rigtig god / 512GB,48366321467657,97e4de3072ec2d4caf,Sølv,Rigtig god,512GB,continue,5349.00
Brugt iPhone 14 Pro,9267979157769,Sølv / Rigtig god / 1024GB,54933739864329,,Sølv,Rigtig god,1024GB,continue,6049.00
Brugt iPhone 14 Pro,9267979157769,Sølv / Som ny / 128GB,48366321500425,8a0ba7a9f58d743b8e,Sølv,Som ny,128GB,continue,4649.00
Brugt iPhone 14 Pro,9267979157769,Sølv / Som ny / 256GB,48366321533193,bf33a79abc72957a59,Sølv,Som ny,256GB,continue,5149.00
Brugt iPhone 14 Pro,9267979157769,Sølv / Som ny / 512GB,48366321565961,8f4ac067df64805023,Sølv,Som ny,512GB,continue,5949.00
Brugt iPhone 14 Pro,9267979157769,Sølv / Som ny / 1024GB,54933739897097,,Sølv,Som ny,1024GB,continue,6349.00
Brugt iPhone 14 Pro,9267979157769,Space black / Brugbar / 128GB,48366321598729,abeb6b6eabfda365a3,Space black,Brugbar,128GB,continue,3949.00
Brugt iPhone 14 Pro,9267979157769,Space black / Brugbar / 256GB,48366321631497,f9e52b8ae25956cbd5,Space black,Brugbar,256GB,continue,4549.00
Brugt iPhone 14 Pro,9267979157769,Space black / Brugbar / 512GB,48366321664265,8c7cf7a3762a45d2d2,Space black,Brugbar,512GB,continue,5049.00
Brugt iPhone 14 Pro,9267979157769,Space black / Brugbar / 1024GB,54933739929865,,Space black,Brugbar,1024GB,continue,5549.00
Brugt iPhone 14 Pro,9267979157769,Space black / Brugt / 128GB,48366321697033,2d341bf22ad005dd00,Space black,Brugt,128GB,continue,4149.00
Brugt iPhone 14 Pro,9267979157769,Space black / Brugt / 256GB,48366321729801,6b59a45829da34051d,Space black,Brugt,256GB,continue,4649.00
Brugt iPhone 14 Pro,9267979157769,Space black / Brugt / 512GB,48366321762569,a2aa7083207eaa75eb,Space black,Brugt,512GB,continue,5149.00
Brugt iPhone 14 Pro,9267979157769,Space black / Brugt / 1024GB,54933739962633,,Space black,Brugt,1024GB,continue,5749.00
Brugt iPhone 14 Pro,9267979157769,Space black / Rigtig god / 128GB,48366321795337,25c47bc3b6f9e5fe86,Space black,Rigtig god,128GB,continue,4449.00
Brugt iPhone 14 Pro,9267979157769,Space black / Rigtig god / 256GB,48366321828105,6fb76d66f972c0f4a2,Space black,Rigtig god,256GB,continue,4849.00
Brugt iPhone 14 Pro,9267979157769,Space black / Rigtig god / 512GB,48366321860873,e28cafc59dbe2551f3,Space black,Rigtig god,512GB,continue,5349.00
Brugt iPhone 14 Pro,9267979157769,Space black / Rigtig god / 1024GB,54933739995401,,Space black,Rigtig god,1024GB,continue,6049.00
Brugt iPhone 14 Pro,9267979157769,Space black / Som ny / 128GB,48366321893641,385281b90897ceaf80,Space black,Som ny,128GB,continue,4649.00
Brugt iPhone 14 Pro,9267979157769,Space black / Som ny / 256GB,48366321926409,6b35d5c25fe9a333dd,Space black,Som ny,256GB,continue,5149.00
Brugt iPhone 14 Pro,9267979157769,Space black / Som ny / 512GB,48366321959177,9c2d6124770b95db39,Space black,Som ny,512GB,continue,5949.00
Brugt iPhone 14 Pro,9267979157769,Space black / Som ny / 1024GB,54933740028169,,Space black,Som ny,1024GB,continue,6349.00
Brugt iPhone 14 Pro Max,9267981943049,Dyblilla / Brugbar / 128GB,48366328185097,f18d7cb7b0d9383ebd,Dyblilla,Brugbar,128GB,continue,4349.00
Brugt iPhone 14 Pro Max,9267981943049,Dyblilla / Brugbar / 256GB,48366328217865,d94410fa2b020293bc,Dyblilla,Brugbar,256GB,continue,4549.00
Brugt iPhone 14 Pro Max,9267981943049,Dyblilla / Brugbar / 512GB,48366328250633,c4e295caf4de5e8e54,Dyblilla,Brugbar,512GB,continue,5149.00
Brugt iPhone 14 Pro Max,9267981943049,Dyblilla / Brugbar / 1024GB,54933786132745,,Dyblilla,Brugbar,1024GB,continue,6149.00
Brugt iPhone 14 Pro Max,9267981943049,Dyblilla / Brugt / 128GB,48366328283401,16514f2a60107aa73b,Dyblilla,Brugt,128GB,continue,4449.00
Brugt iPhone 14 Pro Max,9267981943049,Dyblilla / Brugt / 256GB,48366328316169,b233ecafa95a2e5924,Dyblilla,Brugt,256GB,continue,4749.00
Brugt iPhone 14 Pro Max,9267981943049,Dyblilla / Brugt / 512GB,48366328348937,fd258d501fb76e3113,Dyblilla,Brugt,512GB,continue,5349.00
Brugt iPhone 14 Pro Max,9267981943049,Dyblilla / Brugt / 1024GB,54933786165513,,Dyblilla,Brugt,1024GB,continue,6249.00
Brugt iPhone 14 Pro Max,9267981943049,Dyblilla / Rigtig god / 128GB,48366328381705,70acb99b26402f048f,Dyblilla,Rigtig god,128GB,continue,4849.00
Brugt iPhone 14 Pro Max,9267981943049,Dyblilla / Rigtig god / 256GB,48366328414473,96a0888b5294d65ec1,Dyblilla,Rigtig god,256GB,continue,5049.00
Brugt iPhone 14 Pro Max,9267981943049,Dyblilla / Rigtig god / 512GB,48366328447241,7bffe7fa19fadb1677,Dyblilla,Rigtig god,512GB,continue,5649.00
Brugt iPhone 14 Pro Max,9267981943049,Dyblilla / Rigtig god / 1024GB,54933786198281,,Dyblilla,Rigtig god,1024GB,continue,6549.00
Brugt iPhone 14 Pro Max,9267981943049,Dyblilla / Som ny / 128GB,48366328480009,465c33e26af1af32af,Dyblilla,Som ny,128GB,continue,5349.00
Brugt iPhone 14 Pro Max,9267981943049,Dyblilla / Som ny / 256GB,48366328512777,fa52fa89e325f28ab7,Dyblilla,Som ny,256GB,continue,5649.00
Brugt iPhone 14 Pro Max,9267981943049,Dyblilla / Som ny / 512GB,48366328545545,1dfa41d18426d4f470,Dyblilla,Som ny,512GB,continue,5949.00
Brugt iPhone 14 Pro Max,9267981943049,Dyblilla / Som ny / 1024GB,54933786231049,,Dyblilla,Som ny,1024GB,continue,7049.00
Brugt iPhone 14 Pro Max,9267981943049,Guld / Brugbar / 128GB,48366328578313,30f821aac1b5285db0,Guld,Brugbar,128GB,continue,4349.00
Brugt iPhone 14 Pro Max,9267981943049,Guld / Brugbar / 256GB,48366328611081,dc17a8126c39a60d7a,Guld,Brugbar,256GB,continue,4549.00
Brugt iPhone 14 Pro Max,9267981943049,Guld / Brugbar / 512GB,48366328643849,62bd943b55f472ac4c,Guld,Brugbar,512GB,continue,5149.00
Brugt iPhone 14 Pro Max,9267981943049,Guld / Brugbar / 1024GB,54933786263817,,Guld,Brugbar,1024GB,continue,6149.00
Brugt iPhone 14 Pro Max,9267981943049,Guld / Brugt / 128GB,48366328676617,1e7fc3b0534db66ce2,Guld,Brugt,128GB,continue,4449.00
Brugt iPhone 14 Pro Max,9267981943049,Guld / Brugt / 256GB,48366328709385,b7853f8271dffd180d,Guld,Brugt,256GB,continue,4749.00
Brugt iPhone 14 Pro Max,9267981943049,Guld / Brugt / 512GB,48366328742153,9e3a7b3021fa6ff60a,Guld,Brugt,512GB,continue,5349.00
Brugt iPhone 14 Pro Max,9267981943049,Guld / Brugt / 1024GB,54933786296585,,Guld,Brugt,1024GB,continue,6249.00
Brugt iPhone 14 Pro Max,9267981943049,Guld / Rigtig god / 128GB,48366328774921,f943737b4c9cf3d127,Guld,Rigtig god,128GB,continue,4849.00
Brugt iPhone 14 Pro Max,9267981943049,Guld / Rigtig god / 256GB,48366328807689,5354b4f885f1af1fce,Guld,Rigtig god,256GB,continue,5049.00
Brugt iPhone 14 Pro Max,9267981943049,Guld / Rigtig god / 512GB,48366328840457,6e991d4afa5a9eebf8,Guld,Rigtig god,512GB,continue,5649.00
Brugt iPhone 14 Pro Max,9267981943049,Guld / Rigtig god / 1024GB,54933786329353,,Guld,Rigtig god,1024GB,continue,6549.00
Brugt iPhone 14 Pro Max,9267981943049,Guld / Som ny / 128GB,48366328873225,33029f7932a6bbab8b,Guld,Som ny,128GB,continue,5349.00
Brugt iPhone 14 Pro Max,9267981943049,Guld / Som ny / 256GB,48366328905993,23fae23d27ad1167ae,Guld,Som ny,256GB,continue,5649.00
Brugt iPhone 14 Pro Max,9267981943049,Guld / Som ny / 512GB,48366328938761,085cd53ca78c15830d,Guld,Som ny,512GB,continue,5949.00
Brugt iPhone 14 Pro Max,9267981943049,Guld / Som ny / 1024GB,54933786362121,,Guld,Som ny,1024GB,continue,7049.00
Brugt iPhone 14 Pro Max,9267981943049,Sølv / Brugbar / 128GB,48366328971529,c33db3dd96f920e8d3,Sølv,Brugbar,128GB,continue,4349.00
Brugt iPhone 14 Pro Max,9267981943049,Sølv / Brugbar / 256GB,48366329004297,947115b8e4b407d286,Sølv,Brugbar,256GB,continue,4549.00
Brugt iPhone 14 Pro Max,9267981943049,Sølv / Brugbar / 512GB,48366329037065,5a05fede3b0f23599f,Sølv,Brugbar,512GB,continue,5149.00
Brugt iPhone 14 Pro Max,9267981943049,Sølv / Brugbar / 1024GB,54933786394889,,Sølv,Brugbar,1024GB,continue,6149.00
Brugt iPhone 14 Pro Max,9267981943049,Sølv / Brugt / 128GB,48366329069833,487f9d8ccc0a7c5f5a,Sølv,Brugt,128GB,continue,4449.00
Brugt iPhone 14 Pro Max,9267981943049,Sølv / Brugt / 256GB,48366329102601,72d1e8ee947c7b0b1d,Sølv,Brugt,256GB,continue,4749.00
Brugt iPhone 14 Pro Max,9267981943049,Sølv / Brugt / 512GB,48366329135369,e81024dba4fcc2007a,Sølv,Brugt,512GB,continue,5349.00
Brugt iPhone 14 Pro Max,9267981943049,Sølv / Brugt / 1024GB,54933786427657,,Sølv,Brugt,1024GB,continue,6249.00
Brugt iPhone 14 Pro Max,9267981943049,Sølv / Rigtig god / 128GB,48366329168137,e001317555b3f9565b,Sølv,Rigtig god,128GB,continue,4849.00
Brugt iPhone 14 Pro Max,9267981943049,Sølv / Rigtig god / 256GB,48366329200905,2b466d7ac481fdbe39,Sølv,Rigtig god,256GB,continue,5049.00
Brugt iPhone 14 Pro Max,9267981943049,Sølv / Rigtig god / 512GB,48366329233673,20b8812ab27ac8062f,Sølv,Rigtig god,512GB,continue,5649.00
Brugt iPhone 14 Pro Max,9267981943049,Sølv / Rigtig god / 1024GB,54933786460425,,Sølv,Rigtig god,1024GB,continue,6549.00
Brugt iPhone 14 Pro Max,9267981943049,Sølv / Som ny / 128GB,48366329266441,ac9537b42633ab6b81,Sølv,Som ny,128GB,continue,5349.00
Brugt iPhone 14 Pro Max,9267981943049,Sølv / Som ny / 256GB,48366329299209,d30f2c4d6ab031e59d,Sølv,Som ny,256GB,continue,5649.00
Brugt iPhone 14 Pro Max,9267981943049,Sølv / Som ny / 512GB,48366329331977,afd91833bfbfaa0cdb,Sølv,Som ny,512GB,continue,5949.00
Brugt iPhone 14 Pro Max,9267981943049,Sølv / Som ny / 1024GB,54933786493193,,Sølv,Som ny,1024GB,continue,7049.00
Brugt iPhone 14 Pro Max,9267981943049,Space black / Brugbar / 128GB,48366329364745,2067b2a0255ee50088,Space black,Brugbar,128GB,continue,4349.00
Brugt iPhone 14 Pro Max,9267981943049,Space black / Brugbar / 256GB,48366329397513,9c181a811c0e381cb7,Space black,Brugbar,256GB,continue,4549.00
Brugt iPhone 14 Pro Max,9267981943049,Space black / Brugbar / 512GB,48366329430281,54cf608f746cccfa87,Space black,Brugbar,512GB,continue,5149.00
Brugt iPhone 14 Pro Max,9267981943049,Space black / Brugbar / 1024GB,54933786525961,,Space black,Brugbar,1024GB,continue,6149.00
Brugt iPhone 14 Pro Max,9267981943049,Space black / Brugt / 128GB,48366329463049,c72c155e46f12bbb6b,Space black,Brugt,128GB,continue,4449.00
Brugt iPhone 14 Pro Max,9267981943049,Space black / Brugt / 256GB,48366329495817,227ddae897b5f06a2d,Space black,Brugt,256GB,continue,4749.00
Brugt iPhone 14 Pro Max,9267981943049,Space black / Brugt / 512GB,48366329528585,c1b230c5416fe325c4,Space black,Brugt,512GB,continue,5349.00
Brugt iPhone 14 Pro Max,9267981943049,Space black / Brugt / 1024GB,54933786558729,,Space black,Brugt,1024GB,continue,6249.00
Brugt iPhone 14 Pro Max,9267981943049,Space black / Rigtig god / 128GB,48366329561353,0a173b87511367f862,Space black,Rigtig god,128GB,continue,4849.00
Brugt iPhone 14 Pro Max,9267981943049,Space black / Rigtig god / 256GB,48366329594121,2472cda36b97af2e63,Space black,Rigtig god,256GB,continue,5049.00
Brugt iPhone 14 Pro Max,9267981943049,Space black / Rigtig god / 512GB,48366329626889,679162fd6c43dc7eec,Space black,Rigtig god,512GB,continue,5649.00
Brugt iPhone 14 Pro Max,9267981943049,Space black / Rigtig god / 1024GB,54933786591497,,Space black,Rigtig god,1024GB,continue,6549.00
Brugt iPhone 14 Pro Max,9267981943049,Space black / Som ny / 128GB,48366329659657,69664c586773c8dc9e,Space black,Som ny,128GB,continue,5349.00
Brugt iPhone 14 Pro Max,9267981943049,Space black / Som ny / 256GB,48366329692425,b1a553afe35ec88735,Space black,Som ny,256GB,continue,5649.00
Brugt iPhone 14 Pro Max,9267981943049,Space black / Som ny / 512GB,48366329725193,6a13854af46f6219cb,Space black,Som ny,512GB,continue,5949.00
Brugt iPhone 14 Pro Max,9267981943049,Space black / Som ny / 1024GB,54933786624265,,Space black,Som ny,1024GB,continue,7049.00
Brugt iPhone 15,9267984826633,Blå / Rigtig god / 128GB,48366333788425,5cebdd402288dd7204,Blå,Rigtig god,128GB,continue,4449.00
Brugt iPhone 15,9267984826633,Blå / Rigtig god / 256GB,48366333821193,f61ae032d66b56e860,Blå,Rigtig god,256GB,continue,5249.00
Brugt iPhone 15,9267984826633,Blå / Rigtig god / 512GB,48366333853961,960b1fdb5cf0e9f586,Blå,Rigtig god,512GB,continue,6349.00
Brugt iPhone 15,9267984826633,Blå / Som ny / 128GB,48366333886729,11a6fd6db54d7e9871,Blå,Som ny,128GB,continue,5049.00
Brugt iPhone 15,9267984826633,Blå / Som ny / 256GB,48366333919497,a9efeb3eb5ea829a18,Blå,Som ny,256GB,continue,5849.00
Brugt iPhone 15,9267984826633,Blå / Som ny / 512GB,48366333952265,c77abed659fa9d068c,Blå,Som ny,512GB,continue,6949.00
Brugt iPhone 15,9267984826633,Lyserød / Rigtig god / 128GB,48366333985033,e2e2ff856f1befb604,Lyserød,Rigtig god,128GB,continue,4449.00
Brugt iPhone 15,9267984826633,Lyserød / Rigtig god / 256GB,48366334017801,c74684cbb6fd1e8651,Lyserød,Rigtig god,256GB,continue,5249.00
Brugt iPhone 15,9267984826633,Lyserød / Rigtig god / 512GB,48366334050569,2bd0aa0c40b056d6c0,Lyserød,Rigtig god,512GB,continue,6349.00
Brugt iPhone 15,9267984826633,Lyserød / Som ny / 128GB,48366334083337,4db4c9e5f47a2636ff,Lyserød,Som ny,128GB,continue,5049.00
Brugt iPhone 15,9267984826633,Lyserød / Som ny / 256GB,48366334116105,8b830aed432d47693c,Lyserød,Som ny,256GB,continue,5849.00
Brugt iPhone 15,9267984826633,Lyserød / Som ny / 512GB,48366334148873,16cbd16f31d6ce6c33,Lyserød,Som ny,512GB,continue,6949.00
Brugt iPhone 15,9267984826633,Gul / Rigtig god / 128GB,48366334181641,3e6a0cc6584518c8df,Gul,Rigtig god,128GB,continue,4449.00
Brugt iPhone 15,9267984826633,Gul / Rigtig god / 256GB,48366334214409,28fd23a0c92439dd27,Gul,Rigtig god,256GB,continue,5249.00
Brugt iPhone 15,9267984826633,Gul / Rigtig god / 512GB,48366334247177,2d39bcf709fd79b3c7,Gul,Rigtig god,512GB,continue,6349.00
Brugt iPhone 15,9267984826633,Gul / Som ny / 128GB,48366334279945,b628966dcbc4f2c5fd,Gul,Som ny,128GB,continue,5049.00
Brugt iPhone 15,9267984826633,Gul / Som ny / 256GB,48366334312713,e65d04577af85e5066,Gul,Som ny,256GB,continue,5849.00
Brugt iPhone 15,9267984826633,Gul / Som ny / 512GB,48366334345481,27036d373f508782d0,Gul,Som ny,512GB,continue,6949.00
Brugt iPhone 15,9267984826633,Grøn / Rigtig god / 128GB,48366334378249,a63430a8df50988851,Grøn,Rigtig god,128GB,continue,4449.00
Brugt iPhone 15,9267984826633,Grøn / Rigtig god / 256GB,48366334411017,52c46bfc4f5e99c073,Grøn,Rigtig god,256GB,continue,5249.00
Brugt iPhone 15,9267984826633,Grøn / Rigtig god / 512GB,48366334443785,87cf261de8302ebd48,Grøn,Rigtig god,512GB,continue,6349.00
Brugt iPhone 15,9267984826633,Grøn / Som ny / 128GB,48366334476553,deb312bdec9a901b01,Grøn,Som ny,128GB,continue,5049.00
Brugt iPhone 15,9267984826633,Grøn / Som ny / 256GB,48366334509321,d7cd8392eb21f18b4d,Grøn,Som ny,256GB,continue,5849.00
Brugt iPhone 15,9267984826633,Grøn / Som ny / 512GB,48366334542089,1454168f16aa5b7b1f,Grøn,Som ny,512GB,continue,6949.00
Brugt iPhone 15,9267984826633,Sort / Rigtig god / 128GB,48366334574857,f36a7ff7cf7338e1fd,Sort,Rigtig god,128GB,continue,4449.00
Brugt iPhone 15,9267984826633,Sort / Rigtig god / 256GB,48366334607625,6ae218bf7e8b3c9d98,Sort,Rigtig god,256GB,continue,5249.00
Brugt iPhone 15,9267984826633,Sort / Rigtig god / 512GB,48366334640393,07b255933777a52470,Sort,Rigtig god,512GB,continue,6349.00
Brugt iPhone 15,9267984826633,Sort / Som ny / 128GB,48366334673161,6544e7bbdcf163daf2,Sort,Som ny,128GB,continue,5049.00
Brugt iPhone 15,9267984826633,Sort / Som ny / 256GB,48366334705929,95d3d3f47994be86e9,Sort,Som ny,256GB,continue,5849.00
Brugt iPhone 15,9267984826633,Sort / Som ny / 512GB,48366334738697,1d5664f649692ca2ba,Sort,Som ny,512GB,continue,6949.00
Brugt iPhone 15 Plus,9267986661641,Blå / Rigtig god / 128GB,48366337491209,19281cda8fd2296ff2,Blå,Rigtig god,128GB,continue,4949.00
Brugt iPhone 15 Plus,9267986661641,Blå / Rigtig god / 256GB,48366337523977,f6e271e3521743c598,Blå,Rigtig god,256GB,continue,5349.00
Brugt iPhone 15 Plus,9267986661641,Blå / Rigtig god / 512GB,48366337556745,09edc4173096bad361,Blå,Rigtig god,512GB,continue,7249.00
Brugt iPhone 15 Plus,9267986661641,Blå / Som ny / 128GB,48366337589513,06e035b9b228132381,Blå,Som ny,128GB,continue,5249.00
Brugt iPhone 15 Plus,9267986661641,Blå / Som ny / 256GB,48366337622281,a74d1f640f3c351deb,Blå,Som ny,256GB,continue,5649.00
Brugt iPhone 15 Plus,9267986661641,Blå / Som ny / 512GB,48366337655049,a4e450cdc0565c6a49,Blå,Som ny,512GB,continue,8049.00
Brugt iPhone 15 Plus,9267986661641,Lyserød / Rigtig god / 128GB,48366337687817,9e9b6a36c2134e9bac,Lyserød,Rigtig god,128GB,continue,4949.00
Brugt iPhone 15 Plus,9267986661641,Lyserød / Rigtig god / 256GB,48366337720585,46f39b16cddc1dff16,Lyserød,Rigtig god,256GB,continue,5349.00
Brugt iPhone 15 Plus,9267986661641,Lyserød / Rigtig god / 512GB,48366337753353,5a7d26a13244d9a261,Lyserød,Rigtig god,512GB,continue,7249.00
Brugt iPhone 15 Plus,9267986661641,Lyserød / Som ny / 128GB,48366337786121,2f7880862e3c66b389,Lyserød,Som ny,128GB,continue,5249.00
Brugt iPhone 15 Plus,9267986661641,Lyserød / Som ny / 256GB,48366337818889,4bef1bef68393beb9e,Lyserød,Som ny,256GB,continue,5649.00
Brugt iPhone 15 Plus,9267986661641,Lyserød / Som ny / 512GB,48366337851657,49fc3512872afc2e58,Lyserød,Som ny,512GB,continue,8049.00
Brugt iPhone 15 Plus,9267986661641,Gul / Rigtig god / 128GB,48366337884425,723f473a8cd33e6316,Gul,Rigtig god,128GB,continue,4949.00
Brugt iPhone 15 Plus,9267986661641,Gul / Rigtig god / 256GB,48366337917193,9bebfc6defb2f0700a,Gul,Rigtig god,256GB,continue,5349.00
Brugt iPhone 15 Plus,9267986661641,Gul / Rigtig god / 512GB,48366337949961,a0ce1e44b4fc56111f,Gul,Rigtig god,512GB,continue,7249.00
Brugt iPhone 15 Plus,9267986661641,Gul / Som ny / 128GB,48366337982729,7977c5109e36f034c1,Gul,Som ny,128GB,continue,5249.00
Brugt iPhone 15 Plus,9267986661641,Gul / Som ny / 256GB,48366338015497,de410b61b2ca44630e,Gul,Som ny,256GB,continue,5649.00
Brugt iPhone 15 Plus,9267986661641,Gul / Som ny / 512GB,48366338048265,3be840a90684936576,Gul,Som ny,512GB,continue,8049.00
Brugt iPhone 15 Plus,9267986661641,Grøn / Rigtig god / 128GB,48366338081033,0b1f17cab320f2b3a6,Grøn,Rigtig god,128GB,continue,4949.00
Brugt iPhone 15 Plus,9267986661641,Grøn / Rigtig god / 256GB,48366338113801,0edb227c81c69eb5a9,Grøn,Rigtig god,256GB,continue,5349.00
Brugt iPhone 15 Plus,9267986661641,Grøn / Rigtig god / 512GB,48366338146569,2fe30ceb5886b2923c,Grøn,Rigtig god,512GB,continue,7249.00
Brugt iPhone 15 Plus,9267986661641,Grøn / Som ny / 128GB,48366338179337,12de4e9bdb81d51634,Grøn,Som ny,128GB,continue,5249.00
Brugt iPhone 15 Plus,9267986661641,Grøn / Som ny / 256GB,48366338212105,683ce9363d6a74c961,Grøn,Som ny,256GB,continue,5649.00
Brugt iPhone 15 Plus,9267986661641,Grøn / Som ny / 512GB,48366338244873,13e5430c279008cb74,Grøn,Som ny,512GB,continue,8049.00
Brugt iPhone 15 Plus,9267986661641,Sort / Rigtig god / 128GB,48366338277641,60b2821204606de8c1,Sort,Rigtig god,128GB,continue,4949.00
Brugt iPhone 15 Plus,9267986661641,Sort / Rigtig god / 256GB,48366338310409,7531061416607dbde8,Sort,Rigtig god,256GB,continue,5349.00
Brugt iPhone 15 Plus,9267986661641,Sort / Rigtig god / 512GB,48366338343177,13afba7c86bbe791e8,Sort,Rigtig god,512GB,continue,7249.00
Brugt iPhone 15 Plus,9267986661641,Sort / Som ny / 128GB,48366338375945,55e0cca7f9cae5cef8,Sort,Som ny,128GB,continue,5249.00
Brugt iPhone 15 Plus,9267986661641,Sort / Som ny / 256GB,48366338408713,460cbb176cd28894ca,Sort,Som ny,256GB,continue,5649.00
Brugt iPhone 15 Plus,9267986661641,Sort / Som ny / 512GB,48366338441481,3e09e24503b01cae4a,Sort,Som ny,512GB,continue,8049.00
Brugt iPhone 15 Pro,9267988496649,Titanium / Rigtig god / 128GB,48366341325065,d2a66f9fe2b5032120,Titanium,Rigtig god,128GB,continue,5949.00
Brugt iPhone 15 Pro,9267988496649,Titanium / Rigtig god / 256GB,48366341357833,19865ebacfd3de08c7,Titanium,Rigtig god,256GB,continue,6249.00
Brugt iPhone 15 Pro,9267988496649,Titanium / Rigtig god / 512GB,48366341390601,4ef8c6e012e79496b1,Titanium,Rigtig god,512GB,continue,7649.00
Brugt iPhone 15 Pro,9267988496649,Titanium / Rigtig god / 1024GB,48366341423369,1dad0cf813a6a27a47,Titanium,Rigtig god,1024GB,continue,8349.00
Brugt iPhone 15 Pro,9267988496649,Titanium / Som ny / 128GB,48366341456137,1887bdfed983f65878,Titanium,Som ny,128GB,continue,6849.00
Brugt iPhone 15 Pro,9267988496649,Titanium / Som ny / 256GB,48366341488905,8152578d213cb2e728,Titanium,Som ny,256GB,continue,7149.00
Brugt iPhone 15 Pro,9267988496649,Titanium / Som ny / 512GB,48366341521673,4774ab36383ecdf54b,Titanium,Som ny,512GB,continue,8249.00
Brugt iPhone 15 Pro,9267988496649,Titanium / Som ny / 1024GB,48366341554441,8e675c4a7f6a797f3b,Titanium,Som ny,1024GB,continue,8849.00
Brugt iPhone 15 Pro,9267988496649,Blå / Rigtig god / 128GB,48366341587209,c6e8a7649be7b9cdf4,Blå,Rigtig god,128GB,continue,5949.00
Brugt iPhone 15 Pro,9267988496649,Blå / Rigtig god / 256GB,48366341619977,74638b8f1007161ae5,Blå,Rigtig god,256GB,continue,6249.00
Brugt iPhone 15 Pro,9267988496649,Blå / Rigtig god / 512GB,48366341652745,873bee64718fa84f98,Blå,Rigtig god,512GB,continue,7649.00
Brugt iPhone 15 Pro,9267988496649,Blå / Rigtig god / 1024GB,48366341685513,d39b7a5e49c07ba9e6,Blå,Rigtig god,1024GB,continue,8349.00
Brugt iPhone 15 Pro,9267988496649,Blå / Som ny / 128GB,48366341718281,b9bde309f789d54be5,Blå,Som ny,128GB,continue,6849.00
Brugt iPhone 15 Pro,9267988496649,Blå / Som ny / 256GB,48366341751049,75f12c51ac7c4f02d2,Blå,Som ny,256GB,continue,7149.00
Brugt iPhone 15 Pro,9267988496649,Blå / Som ny / 512GB,48366341783817,9881e4f4a01cfdb253,Blå,Som ny,512GB,continue,8249.00
Brugt iPhone 15 Pro,9267988496649,Blå / Som ny / 1024GB,48366341816585,b5dd42c504d18f5dc9,Blå,Som ny,1024GB,continue,8849.00
Brugt iPhone 15 Pro,9267988496649,Hvid / Rigtig god / 128GB,48366341849353,d4c9fc3501e25b6723,Hvid,Rigtig god,128GB,continue,5949.00
Brugt iPhone 15 Pro,9267988496649,Hvid / Rigtig god / 256GB,48366341882121,82978365ce1334f11f,Hvid,Rigtig god,256GB,continue,6249.00
Brugt iPhone 15 Pro,9267988496649,Hvid / Rigtig god / 512GB,48366341914889,56d895105bad772da8,Hvid,Rigtig god,512GB,continue,7649.00
Brugt iPhone 15 Pro,9267988496649,Hvid / Rigtig god / 1024GB,48366341947657,8eb9747719429e64c3,Hvid,Rigtig god,1024GB,continue,8349.00
Brugt iPhone 15 Pro,9267988496649,Hvid / Som ny / 128GB,48366341980425,d66e38d2ee40de24d2,Hvid,Som ny,128GB,continue,6849.00
Brugt iPhone 15 Pro,9267988496649,Hvid / Som ny / 256GB,48366342013193,a5e053c4a2f3f979ab,Hvid,Som ny,256GB,continue,7149.00
Brugt iPhone 15 Pro,9267988496649,Hvid / Som ny / 512GB,48366342045961,a9d43c19cb38130b23,Hvid,Som ny,512GB,continue,8249.00
Brugt iPhone 15 Pro,9267988496649,Hvid / Som ny / 1024GB,48366342078729,c1c8e9f444d83aec67,Hvid,Som ny,1024GB,continue,8849.00
Brugt iPhone 15 Pro,9267988496649,Sort / Rigtig god / 128GB,48366342111497,66ae95ee0983f3e07e,Sort,Rigtig god,128GB,continue,5949.00
Brugt iPhone 15 Pro,9267988496649,Sort / Rigtig god / 256GB,48366342144265,b1c29899a2acb7a271,Sort,Rigtig god,256GB,continue,6249.00
Brugt iPhone 15 Pro,9267988496649,Sort / Rigtig god / 512GB,48366342177033,d64f4be5c246dc6034,Sort,Rigtig god,512GB,continue,7649.00
Brugt iPhone 15 Pro,9267988496649,Sort / Rigtig god / 1024GB,48366342209801,0daf33407b349e3ede,Sort,Rigtig god,1024GB,continue,8349.00
Brugt iPhone 15 Pro,9267988496649,Sort / Som ny / 128GB,48366342242569,396d842f8ea28b9d92,Sort,Som ny,128GB,continue,6849.00
Brugt iPhone 15 Pro,9267988496649,Sort / Som ny / 256GB,48366342275337,a86f2ba6e292e643ab,Sort,Som ny,256GB,continue,7149.00
Brugt iPhone 15 Pro,9267988496649,Sort / Som ny / 512GB,48366342308105,fd75a6a2c3e07b6633,Sort,Som ny,512GB,continue,8249.00
Brugt iPhone 15 Pro,9267988496649,Sort / Som ny / 1024GB,48366342340873,db5c5a55c7fdeb9a1b,Sort,Som ny,1024GB,continue,8849.00
Brugt iPhone 15 Pro Max,9267990397193,Titanium / Rigtig god / 256GB,48366345027849,8782d85e26e11d5e2c,Titanium,Rigtig god,256GB,continue,6949.00
Brugt iPhone 15 Pro Max,9267990397193,Titanium / Rigtig god / 512GB,48366345060617,240940fa43b294f625,Titanium,Rigtig god,512GB,continue,7849.00
Brugt iPhone 15 Pro Max,9267990397193,Titanium / Rigtig god / 1024GB,48366345093385,c1e895d6179a6d70f0,Titanium,Rigtig god,1024GB,continue,8349.00
Brugt iPhone 15 Pro Max,9267990397193,Titanium / Som ny / 256GB,48366345126153,dc298e6457fe5815f3,Titanium,Som ny,256GB,continue,7249.00
Brugt iPhone 15 Pro Max,9267990397193,Titanium / Som ny / 512GB,48366345158921,79bfb720c2b7d56cc7,Titanium,Som ny,512GB,continue,8349.00
Brugt iPhone 15 Pro Max,9267990397193,Titanium / Som ny / 1024GB,48366345191689,312f791efa1be90586,Titanium,Som ny,1024GB,continue,8949.00
Brugt iPhone 15 Pro Max,9267990397193,Blå / Rigtig god / 256GB,48366345224457,9055b1b5099e57168a,Blå,Rigtig god,256GB,continue,6949.00
Brugt iPhone 15 Pro Max,9267990397193,Blå / Rigtig god / 512GB,48366345257225,c255edfebec851bd8c,Blå,Rigtig god,512GB,continue,7849.00
Brugt iPhone 15 Pro Max,9267990397193,Blå / Rigtig god / 1024GB,48366345289993,898ea523d27a7aac60,Blå,Rigtig god,1024GB,continue,8349.00
Brugt iPhone 15 Pro Max,9267990397193,Blå / Som ny / 256GB,48366345322761,b78b38072ad8f9ca63,Blå,Som ny,256GB,continue,7249.00
Brugt iPhone 15 Pro Max,9267990397193,Blå / Som ny / 512GB,48366345355529,30bc486162499577db,Blå,Som ny,512GB,continue,8349.00
Brugt iPhone 15 Pro Max,9267990397193,Blå / Som ny / 1024GB,48366345388297,3bd664cdc32d264e12,Blå,Som ny,1024GB,continue,8949.00
Brugt iPhone 15 Pro Max,9267990397193,Hvid / Rigtig god / 256GB,48366345421065,f88145e4a08d62c2af,Hvid,Rigtig god,256GB,continue,6949.00
Brugt iPhone 15 Pro Max,9267990397193,Hvid / Rigtig god / 512GB,48366345453833,a3434f62195b3ab947,Hvid,Rigtig god,512GB,continue,7849.00
Brugt iPhone 15 Pro Max,9267990397193,Hvid / Rigtig god / 1024GB,48366345486601,e6d2ac3880b661aa93,Hvid,Rigtig god,1024GB,continue,8349.00
Brugt iPhone 15 Pro Max,9267990397193,Hvid / Som ny / 256GB,48366345519369,218eb30607c13d28ba,Hvid,Som ny,256GB,continue,7249.00
Brugt iPhone 15 Pro Max,9267990397193,Hvid / Som ny / 512GB,48366345552137,a27f707857e183fa2b,Hvid,Som ny,512GB,continue,8349.00
Brugt iPhone 15 Pro Max,9267990397193,Hvid / Som ny / 1024GB,48366345584905,4880e7b34882532a07,Hvid,Som ny,1024GB,continue,8949.00
Brugt iPhone 15 Pro Max,9267990397193,Sort / Rigtig god / 256GB,48366345617673,9dde8cf25fce128bda,Sort,Rigtig god,256GB,continue,6949.00
Brugt iPhone 15 Pro Max,9267990397193,Sort / Rigtig god / 512GB,48366345650441,9f1a02cf5b3a20a5da,Sort,Rigtig god,512GB,continue,7849.00
Brugt iPhone 15 Pro Max,9267990397193,Sort / Rigtig god / 1024GB,48366345683209,6526e4fd8728e88fbe,Sort,Rigtig god,1024GB,continue,8349.00
Brugt iPhone 15 Pro Max,9267990397193,Sort / Som ny / 256GB,48366345715977,c82488a04fa82fea36,Sort,Som ny,256GB,continue,7249.00
Brugt iPhone 15 Pro Max,9267990397193,Sort / Som ny / 512GB,48366345748745,2f675148c195c6d8c5,Sort,Som ny,512GB,continue,8349.00
Brugt iPhone 15 Pro Max,9267990397193,Sort / Som ny / 1024GB,48366345781513,ef844d2e7e78e1525c,Sort,Som ny,1024GB,continue,8949.00
Brugt iPhone 16,14895242281225,Lyserød / Som ny / 128GB,54942095507721,dc298e6457fe5815f3,Lyserød,Som ny,128GB,continue,5849.00
Brugt iPhone 16,14895242281225,Lyserød / Som ny / 256GB,54942095540489,79bfb720c2b7d56cc7,Lyserød,Som ny,256GB,continue,6849.00
Brugt iPhone 16,14895242281225,Lyserød / Som ny / 512GB,54942095573257,312f791efa1be90586,Lyserød,Som ny,512GB,continue,8849.00
Brugt iPhone 16,14895242281225,Ultramarin / Som ny / 128GB,54942095704329,b78b38072ad8f9ca63,Ultramarin,Som ny,128GB,continue,5849.00
Brugt iPhone 16,14895242281225,Ultramarin / Som ny / 256GB,54942095737097,30bc486162499577db,Ultramarin,Som ny,256GB,continue,6849.00
Brugt iPhone 16,14895242281225,Ultramarin / Som ny / 512GB,54942095769865,3bd664cdc32d264e12,Ultramarin,Som ny,512GB,continue,8849.00
Brugt iPhone 16,14895242281225,Hvid / Som ny / 128GB,54942095900937,218eb30607c13d28ba,Hvid,Som ny,128GB,continue,5849.00
Brugt iPhone 16,14895242281225,Hvid / Som ny / 256GB,54942095933705,a27f707857e183fa2b,Hvid,Som ny,256GB,continue,6849.00
Brugt iPhone 16,14895242281225,Hvid / Som ny / 512GB,54942095966473,4880e7b34882532a07,Hvid,Som ny,512GB,continue,8849.00
Brugt iPhone 16,14895242281225,Sort / Som ny / 128GB,54942096097545,c82488a04fa82fea36,Sort,Som ny,128GB,continue,5849.00
Brugt iPhone 16,14895242281225,Sort / Som ny / 256GB,54942096130313,2f675148c195c6d8c5,Sort,Som ny,256GB,continue,6849.00
Brugt iPhone 16,14895242281225,Sort / Som ny / 512GB,54942096163081,ef844d2e7e78e1525c,Sort,Som ny,512GB,continue,8849.00
Brugt iPhone 16,14895242281225,Grønblå / Som ny / 128GB,54942130503945,,Grønblå,Som ny,128GB,continue,5849.00
Brugt iPhone 16,14895242281225,Grønblå / Som ny / 256GB,54942130536713,,Grønblå,Som ny,256GB,continue,6849.00
Brugt iPhone 16,14895242281225,Grønblå / Som ny / 512GB,54942130569481,,Grønblå,Som ny,512GB,continue,8849.00
Brugt iPhone 16 Pro,14895236219145,Sandfarvet titanium / Som ny / 128GB,54942064083209,dc298e6457fe5815f3,Sandfarvet titanium,Som ny,128GB,continue,7549.00
Brugt iPhone 16 Pro,14895236219145,Sandfarvet titanium / Som ny / 256GB,54942064115977,79bfb720c2b7d56cc7,Sandfarvet titanium,Som ny,256GB,continue,8549.00
Brugt iPhone 16 Pro,14895236219145,Sandfarvet titanium / Som ny / 512GB,54942064148745,312f791efa1be90586,Sandfarvet titanium,Som ny,512GB,continue,10249.00
Brugt iPhone 16 Pro,14895236219145,Sandfarvet titanium / Som ny / 1024GB,55538991268105,,Sandfarvet titanium,Som ny,1024GB,continue,12249.00
Brugt iPhone 16 Pro,14895236219145,Naturligt titanium / Som ny / 128GB,54942064279817,b78b38072ad8f9ca63,Naturligt titanium,Som ny,128GB,continue,7549.00
Brugt iPhone 16 Pro,14895236219145,Naturligt titanium / Som ny / 256GB,54942064312585,30bc486162499577db,Naturligt titanium,Som ny,256GB,continue,8549.00
Brugt iPhone 16 Pro,14895236219145,Naturligt titanium / Som ny / 512GB,54942064345353,3bd664cdc32d264e12,Naturligt titanium,Som ny,512GB,continue,10249.00
Brugt iPhone 16 Pro,14895236219145,Naturligt titanium / Som ny / 1024GB,55538991300873,,Naturligt titanium,Som ny,1024GB,continue,12249.00
Brugt iPhone 16 Pro,14895236219145,Hvidt titanium / Som ny / 128GB,54942064476425,218eb30607c13d28ba,Hvidt titanium,Som ny,128GB,continue,7549.00
Brugt iPhone 16 Pro,14895236219145,Hvidt titanium / Som ny / 256GB,54942064509193,a27f707857e183fa2b,Hvidt titanium,Som ny,256GB,continue,8549.00
Brugt iPhone 16 Pro,14895236219145,Hvidt titanium / Som ny / 512GB,54942064541961,4880e7b34882532a07,Hvidt titanium,Som ny,512GB,continue,10249.00
Brugt iPhone 16 Pro,14895236219145,Hvidt titanium / Som ny / 1024GB,55538991333641,,Hvidt titanium,Som ny,1024GB,continue,12249.00
Brugt iPhone 16 Pro,14895236219145,Sort titanium / Som ny / 128GB,54942064673033,c82488a04fa82fea36,Sort titanium,Som ny,128GB,continue,7549.00
Brugt iPhone 16 Pro,14895236219145,Sort titanium / Som ny / 256GB,54942064705801,2f675148c195c6d8c5,Sort titanium,Som ny,256GB,continue,8549.00
Brugt iPhone 16 Pro,14895236219145,Sort titanium / Som ny / 512GB,54942064738569,ef844d2e7e78e1525c,Sort titanium,Som ny,512GB,continue,10249.00
Brugt iPhone 16 Pro,14895236219145,Sort titanium / Som ny / 1024GB,55538991366409,,Sort titanium,Som ny,1024GB,continue,12249.00
Brugt iPhone 16 Pro Max,14895225962761,Sandfarvet titanium / Som ny / 256GB,54941859512585,dc298e6457fe5815f3,Sandfarvet titanium,Som ny,256GB,continue,9449.00
Brugt iPhone 16 Pro Max,14895225962761,Sandfarvet titanium / Som ny / 512GB,54941859545353,79bfb720c2b7d56cc7,Sandfarvet titanium,Som ny,512GB,continue,11249.00
Brugt iPhone 16 Pro Max,14895225962761,Sandfarvet titanium / Som ny / 1024GB,54941859578121,312f791efa1be90586,Sandfarvet titanium,Som ny,1024GB,continue,13249.00
Brugt iPhone 16 Pro Max,14895225962761,Naturligt titanium / Som ny / 256GB,54941859709193,b78b38072ad8f9ca63,Naturligt titanium,Som ny,256GB,continue,9449.00
Brugt iPhone 16 Pro Max,14895225962761,Naturligt titanium / Som ny / 512GB,54941859741961,30bc486162499577db,Naturligt titanium,Som ny,512GB,continue,11249.00
Brugt iPhone 16 Pro Max,14895225962761,Naturligt titanium / Som ny / 1024GB,54941859774729,3bd664cdc32d264e12,Naturligt titanium,Som ny,1024GB,continue,13249.00
Brugt iPhone 16 Pro Max,14895225962761,Hvidt titanium / Som ny / 256GB,54941859905801,218eb30607c13d28ba,Hvidt titanium,Som ny,256GB,continue,9449.00
Brugt iPhone 16 Pro Max,14895225962761,Hvidt titanium / Som ny / 512GB,54941859938569,a27f707857e183fa2b,Hvidt titanium,Som ny,512GB,continue,11249.00
Brugt iPhone 16 Pro Max,14895225962761,Hvidt titanium / Som ny / 1024GB,54941859971337,4880e7b34882532a07,Hvidt titanium,Som ny,1024GB,continue,13249.00
Brugt iPhone 16 Pro Max,14895225962761,Sort titanium / Som ny / 256GB,54941860102409,c82488a04fa82fea36,Sort titanium,Som ny,256GB,continue,9449.00
Brugt iPhone 16 Pro Max,14895225962761,Sort titanium / Som ny / 512GB,54941860135177,2f675148c195c6d8c5,Sort titanium,Som ny,512GB,continue,11249.00
Brugt iPhone 16 Pro Max,14895225962761,Sort titanium / Som ny / 1024GB,54941860167945,ef844d2e7e78e1525c,Sort titanium,Som ny,1024GB,continue,13249.00
Brugt iPhone 7,9267992232201,Sort / Brugbar / 32GB,48366348206345,5ee33649a371086ec0,Sort,Brugbar,32GB,continue,549.00
Brugt iPhone 7,9267992232201,Sort / Brugbar / 128GB,48366348239113,d5fe3e4a348c8bc8b4,Sort,Brugbar,128GB,continue,649.00
Brugt iPhone 7,9267992232201,Sort / Brugbar / 256GB,48366348271881,8a074ba4952a3a39f0,Sort,Brugbar,256GB,continue,749.00
Brugt iPhone 7,9267992232201,Sort / Brugt / 32GB,48366348304649,d479204ed2812f8a3e,Sort,Brugt,32GB,continue,649.00
Brugt iPhone 7,9267992232201,Sort / Brugt / 128GB,48366348337417,4edee65fc107c3c2bd,Sort,Brugt,128GB,continue,749.00
Brugt iPhone 7,9267992232201,Sort / Brugt / 256GB,48366348370185,a63c1640395c5637d3,Sort,Brugt,256GB,continue,849.00
Brugt iPhone 7,9267992232201,Sort / Rigtig god / 32GB,48366348402953,6a852c257c89006499,Sort,Rigtig god,32GB,continue,749.00
Brugt iPhone 7,9267992232201,Sort / Rigtig god / 128GB,48366348435721,1f402d2395336b1c6a,Sort,Rigtig god,128GB,continue,849.00
Brugt iPhone 7,9267992232201,Sort / Rigtig god / 256GB,48366348468489,6f04f2fbbc20c4fe45,Sort,Rigtig god,256GB,continue,949.00
Brugt iPhone 7,9267992232201,Sort / Som ny / 32GB,48366348501257,1e5fb8eb8c14a00802,Sort,Som ny,32GB,continue,849.00
Brugt iPhone 7,9267992232201,Sort / Som ny / 128GB,48366348534025,c129fa93aafe2ef3c3,Sort,Som ny,128GB,continue,949.00
Brugt iPhone 7,9267992232201,Sort / Som ny / 256GB,48366348566793,213e46ae41b29bf403,Sort,Som ny,256GB,continue,1049.00
Brugt iPhone 7,9267992232201,Blank sort / Brugbar / 32GB,48366348599561,353caea339075ceb38,Blank sort,Brugbar,32GB,continue,549.00
Brugt iPhone 7,9267992232201,Blank sort / Brugbar / 128GB,48366348632329,3ebdb0e3f4e16abba1,Blank sort,Brugbar,128GB,continue,649.00
Brugt iPhone 7,9267992232201,Blank sort / Brugbar / 256GB,48366348665097,b9f23155502fde4bbd,Blank sort,Brugbar,256GB,continue,749.00
Brugt iPhone 7,9267992232201,Blank sort / Brugt / 32GB,48366348697865,6507fa48a084dfa5ad,Blank sort,Brugt,32GB,continue,649.00
Brugt iPhone 7,9267992232201,Blank sort / Brugt / 128GB,48366348730633,41e54ca40fbb98f0f9,Blank sort,Brugt,128GB,continue,749.00
Brugt iPhone 7,9267992232201,Blank sort / Brugt / 256GB,48366348763401,8e0211408bc7f28ebc,Blank sort,Brugt,256GB,continue,849.00
Brugt iPhone 7,9267992232201,Blank sort / Rigtig god / 32GB,48366348796169,dcfa8f53e2fc4ee814,Blank sort,Rigtig god,32GB,continue,749.00
Brugt iPhone 7,9267992232201,Blank sort / Rigtig god / 128GB,48366348828937,2b99f61201e75f4313,Blank sort,Rigtig god,128GB,continue,849.00
Brugt iPhone 7,9267992232201,Blank sort / Rigtig god / 256GB,48366348861705,63353b01eb18df1d86,Blank sort,Rigtig god,256GB,continue,949.00
Brugt iPhone 7,9267992232201,Blank sort / Som ny / 32GB,48366348894473,a9b5d784fc8b0dfe51,Blank sort,Som ny,32GB,continue,849.00
Brugt iPhone 7,9267992232201,Blank sort / Som ny / 128GB,48366348927241,e2fb70dd188f1a2772,Blank sort,Som ny,128GB,continue,949.00
Brugt iPhone 7,9267992232201,Blank sort / Som ny / 256GB,48366348960009,27c690670d8a5f8245,Blank sort,Som ny,256GB,continue,1049.00
Brugt iPhone 7,9267992232201,Rosa guld / Brugbar / 32GB,48366348992777,664bb424fd2f2e05c1,Rosa guld,Brugbar,32GB,continue,549.00
Brugt iPhone 7,9267992232201,Rosa guld / Brugbar / 128GB,48366349025545,b54165b5ad67c4fab6,Rosa guld,Brugbar,128GB,continue,649.00
Brugt iPhone 7,9267992232201,Rosa guld / Brugbar / 256GB,48366349058313,76db07ee06290273c0,Rosa guld,Brugbar,256GB,continue,749.00
Brugt iPhone 7,9267992232201,Rosa guld / Brugt / 32GB,48366349091081,ea5ffdc779326f1de4,Rosa guld,Brugt,32GB,continue,649.00
Brugt iPhone 7,9267992232201,Rosa guld / Brugt / 128GB,48366349123849,667c89614650e3ee04,Rosa guld,Brugt,128GB,continue,749.00
Brugt iPhone 7,9267992232201,Rosa guld / Brugt / 256GB,48366349156617,8911ce39131b14e008,Rosa guld,Brugt,256GB,continue,849.00
Brugt iPhone 7,9267992232201,Rosa guld / Rigtig god / 32GB,48366349189385,9afd943068b7c4ae65,Rosa guld,Rigtig god,32GB,continue,749.00
Brugt iPhone 7,9267992232201,Rosa guld / Rigtig god / 128GB,48366349222153,1c1c3669d505947459,Rosa guld,Rigtig god,128GB,continue,849.00
Brugt iPhone 7,9267992232201,Rosa guld / Rigtig god / 256GB,48366349254921,4b8b8a38efbd3209bb,Rosa guld,Rigtig god,256GB,continue,949.00
Brugt iPhone 7,9267992232201,Rosa guld / Som ny / 32GB,48366349287689,1da78ad341c8b2bbfb,Rosa guld,Som ny,32GB,continue,849.00
Brugt iPhone 7,9267992232201,Rosa guld / Som ny / 128GB,48366349320457,f37defc3a27963379a,Rosa guld,Som ny,128GB,continue,949.00
Brugt iPhone 7,9267992232201,Rosa guld / Som ny / 256GB,48366349353225,7f253e04ee0cd95c3c,Rosa guld,Som ny,256GB,continue,1049.00
Brugt iPhone 7,9267992232201,Sølv / Brugbar / 32GB,48366349385993,0ee1a1856edd1c2905,Sølv,Brugbar,32GB,continue,549.00
Brugt iPhone 7,9267992232201,Sølv / Brugbar / 128GB,48366349418761,93ebbdd8b43be40df2,Sølv,Brugbar,128GB,continue,649.00
Brugt iPhone 7,9267992232201,Sølv / Brugbar / 256GB,48366349451529,e36be8a05454b9d3f8,Sølv,Brugbar,256GB,continue,749.00
Brugt iPhone 7,9267992232201,Sølv / Brugt / 32GB,48366349484297,3d5e8ae146b3d3133e,Sølv,Brugt,32GB,continue,649.00
Brugt iPhone 7,9267992232201,Sølv / Brugt / 128GB,48366349517065,3f9bdcada19677d1bf,Sølv,Brugt,128GB,continue,749.00
Brugt iPhone 7,9267992232201,Sølv / Brugt / 256GB,48366349549833,f65c0000785ccd3560,Sølv,Brugt,256GB,continue,849.00
Brugt iPhone 7,9267992232201,Sølv / Rigtig god / 32GB,48366349582601,6afa4032b00dbf1ed5,Sølv,Rigtig god,32GB,continue,749.00
Brugt iPhone 7,9267992232201,Sølv / Rigtig god / 128GB,48366349615369,9cb023f6bd152bd4f2,Sølv,Rigtig god,128GB,continue,849.00
Brugt iPhone 7,9267992232201,Sølv / Rigtig god / 256GB,48366349648137,8291cb4478cb3af3b7,Sølv,Rigtig god,256GB,continue,949.00
Brugt iPhone 7,9267992232201,Sølv / Som ny / 32GB,48366349680905,44ae51c5b3c7ca08b0,Sølv,Som ny,32GB,continue,849.00
Brugt iPhone 7,9267992232201,Sølv / Som ny / 128GB,48366349713673,12fd1d1573b4183931,Sølv,Som ny,128GB,continue,949.00
Brugt iPhone 7,9267992232201,Sølv / Som ny / 256GB,48366349746441,f245652dad6a01f8c5,Sølv,Som ny,256GB,continue,1049.00
Brugt iPhone 7,9267992232201,Guld / Brugbar / 32GB,48366349779209,22f13ba3bbe94d4e92,Guld,Brugbar,32GB,continue,549.00
Brugt iPhone 7,9267992232201,Guld / Brugbar / 128GB,48366349811977,da3577e3a56233b52c,Guld,Brugbar,128GB,continue,649.00
Brugt iPhone 7,9267992232201,Guld / Brugbar / 256GB,48366349844745,2306f52ddedd8bc8a7,Guld,Brugbar,256GB,continue,749.00
Brugt iPhone 7,9267992232201,Guld / Brugt / 32GB,48366349877513,b229634f227932655a,Guld,Brugt,32GB,continue,649.00
Brugt iPhone 7,9267992232201,Guld / Brugt / 128GB,48366349910281,85ddc9b5a799ee09fc,Guld,Brugt,128GB,continue,749.00
Brugt iPhone 7,9267992232201,Guld / Brugt / 256GB,48366349943049,f2271b8a7911c7bfef,Guld,Brugt,256GB,continue,849.00
Brugt iPhone 7,9267992232201,Guld / Rigtig god / 32GB,48366349975817,1b3bb559d4ccfd9209,Guld,Rigtig god,32GB,continue,749.00
Brugt iPhone 7,9267992232201,Guld / Rigtig god / 128GB,48366350008585,9ac49c4375d519fd51,Guld,Rigtig god,128GB,continue,849.00
Brugt iPhone 7,9267992232201,Guld / Rigtig god / 256GB,48366350041353,28919b55bb15a02005,Guld,Rigtig god,256GB,continue,949.00
Brugt iPhone 7,9267992232201,Guld / Som ny / 32GB,48366350074121,0540e2388004201c01,Guld,Som ny,32GB,continue,849.00
Brugt iPhone 7,9267992232201,Guld / Som ny / 128GB,48366350106889,d574f7bc50a64a4339,Guld,Som ny,128GB,continue,949.00
Brugt iPhone 7,9267992232201,Guld / Som ny / 256GB,48366350139657,9c290e53e0df638bd4,Guld,Som ny,256GB,continue,1049.00
Brugt iPhone 7,9267992232201,Rød / Brugbar / 32GB,48366350172425,318aea48f7fd791623,Rød,Brugbar,32GB,continue,549.00
Brugt iPhone 7,9267992232201,Rød / Brugbar / 128GB,48366350205193,7765929d9917a5c72c,Rød,Brugbar,128GB,continue,649.00
Brugt iPhone 7,9267992232201,Rød / Brugbar / 256GB,48366350237961,8f53989223ed9c4c1a,Rød,Brugbar,256GB,continue,749.00
Brugt iPhone 7,9267992232201,Rød / Brugt / 32GB,48366350270729,06d5e0cf43782a4475,Rød,Brugt,32GB,continue,649.00
Brugt iPhone 7,9267992232201,Rød / Brugt / 128GB,48366350303497,33357cc55329b079d7,Rød,Brugt,128GB,continue,749.00
Brugt iPhone 7,9267992232201,Rød / Brugt / 256GB,48366350336265,a877278ab945d3ca49,Rød,Brugt,256GB,continue,849.00
Brugt iPhone 7,9267992232201,Rød / Rigtig god / 32GB,48366350369033,5c237b7af5d793dd74,Rød,Rigtig god,32GB,continue,749.00
Brugt iPhone 7,9267992232201,Rød / Rigtig god / 128GB,48366350401801,973cc47741e3eea32f,Rød,Rigtig god,128GB,continue,849.00
Brugt iPhone 7,9267992232201,Rød / Rigtig god / 256GB,48366350434569,4efb2c4a601faceb49,Rød,Rigtig god,256GB,continue,949.00
Brugt iPhone 7,9267992232201,Rød / Som ny / 32GB,48366350467337,e15a77935987c369fb,Rød,Som ny,32GB,continue,849.00
Brugt iPhone 7,9267992232201,Rød / Som ny / 128GB,48366350500105,88359a12eb11fb505d,Rød,Som ny,128GB,continue,949.00
Brugt iPhone 7,9267992232201,Rød / Som ny / 256GB,48366350532873,ed3055e60b75eee32f,Rød,Som ny,256GB,continue,1049.00
Brugt iPhone 7 Plus,9267996295433,Sort / Brugbar / 32GB,48366356005129,da52a5fc407ebc1dde,Sort,Brugbar,32GB,continue,749.00
Brugt iPhone 7 Plus,9267996295433,Sort / Brugbar / 128GB,48366356037897,1c8f5b6b8a2ccff663,Sort,Brugbar,128GB,continue,849.00
Brugt iPhone 7 Plus,9267996295433,Sort / Brugbar / 256GB,48366356070665,fee88b5265b32ab048,Sort,Brugbar,256GB,continue,949.00
Brugt iPhone 7 Plus,9267996295433,Sort / Brugt / 32GB,48366356103433,680eb5d8186d31b7f9,Sort,Brugt,32GB,continue,849.00
Brugt iPhone 7 Plus,9267996295433,Sort / Brugt / 128GB,48366356136201,1476c8f781c782ae58,Sort,Brugt,128GB,continue,949.00
Brugt iPhone 7 Plus,9267996295433,Sort / Brugt / 256GB,48366356168969,206d6b5894b6f2c4a0,Sort,Brugt,256GB,continue,1049.00
Brugt iPhone 7 Plus,9267996295433,Sort / Rigtig god / 32GB,48366356201737,16cef8371d083fd23b,Sort,Rigtig god,32GB,continue,949.00
Brugt iPhone 7 Plus,9267996295433,Sort / Rigtig god / 128GB,48366356234505,3cbd7f536f66aba946,Sort,Rigtig god,128GB,continue,1049.00
Brugt iPhone 7 Plus,9267996295433,Sort / Rigtig god / 256GB,48366356267273,06f4072f042871dc0e,Sort,Rigtig god,256GB,continue,1149.00
Brugt iPhone 7 Plus,9267996295433,Sort / Som ny / 32GB,48366356300041,e88ca126b33fe48ddb,Sort,Som ny,32GB,continue,1049.00
Brugt iPhone 7 Plus,9267996295433,Sort / Som ny / 128GB,48366356332809,8c43cc99253fef06db,Sort,Som ny,128GB,continue,1149.00
Brugt iPhone 7 Plus,9267996295433,Sort / Som ny / 256GB,48366356365577,5271b961c949c265d4,Sort,Som ny,256GB,continue,1249.00
Brugt iPhone 7 Plus,9267996295433,Blank sort / Brugbar / 32GB,48366356398345,9556b993561266ded8,Blank sort,Brugbar,32GB,continue,749.00
Brugt iPhone 7 Plus,9267996295433,Blank sort / Brugbar / 128GB,48366356431113,f8e6d747740b251b52,Blank sort,Brugbar,128GB,continue,849.00
Brugt iPhone 7 Plus,9267996295433,Blank sort / Brugbar / 256GB,48366356463881,be652616d0bfe12847,Blank sort,Brugbar,256GB,continue,949.00
Brugt iPhone 7 Plus,9267996295433,Blank sort / Brugt / 32GB,48366356496649,e5a0f9e313af189b85,Blank sort,Brugt,32GB,continue,849.00
Brugt iPhone 7 Plus,9267996295433,Blank sort / Brugt / 128GB,48366356529417,7acbe35081df981db1,Blank sort,Brugt,128GB,continue,949.00
Brugt iPhone 7 Plus,9267996295433,Blank sort / Brugt / 256GB,48366356562185,81886197c8d7a798c8,Blank sort,Brugt,256GB,continue,1049.00
Brugt iPhone 7 Plus,9267996295433,Blank sort / Rigtig god / 32GB,48366356594953,1d675959400cbcd564,Blank sort,Rigtig god,32GB,continue,949.00
Brugt iPhone 7 Plus,9267996295433,Blank sort / Rigtig god / 128GB,48366356627721,156a28420003f2f16f,Blank sort,Rigtig god,128GB,continue,1049.00
Brugt iPhone 7 Plus,9267996295433,Blank sort / Rigtig god / 256GB,48366356660489,5a01948141aa23bc41,Blank sort,Rigtig god,256GB,continue,1149.00
Brugt iPhone 7 Plus,9267996295433,Blank sort / Som ny / 32GB,48366356693257,16add6b83ac90f1183,Blank sort,Som ny,32GB,continue,1049.00
Brugt iPhone 7 Plus,9267996295433,Blank sort / Som ny / 128GB,48366356726025,6aa4cf38bfb476cf87,Blank sort,Som ny,128GB,continue,1149.00
Brugt iPhone 7 Plus,9267996295433,Blank sort / Som ny / 256GB,48366356758793,7281e665b2778fb3d1,Blank sort,Som ny,256GB,continue,1249.00
Brugt iPhone 7 Plus,9267996295433,Rosa guld / Brugbar / 32GB,48366356791561,f4658c4c9030b4b949,Rosa guld,Brugbar,32GB,continue,749.00
Brugt iPhone 7 Plus,9267996295433,Rosa guld / Brugbar / 128GB,48366356824329,c7bb9106dbecafe104,Rosa guld,Brugbar,128GB,continue,849.00
Brugt iPhone 7 Plus,9267996295433,Rosa guld / Brugbar / 256GB,48366356889865,01ac5f81c42deecbc5,Rosa guld,Brugbar,256GB,continue,949.00
Brugt iPhone 7 Plus,9267996295433,Rosa guld / Brugt / 32GB,48366356922633,83998e77b7af26637d,Rosa guld,Brugt,32GB,continue,849.00
Brugt iPhone 7 Plus,9267996295433,Rosa guld / Brugt / 128GB,48366356955401,ee72877f8d50882138,Rosa guld,Brugt,128GB,continue,949.00
Brugt iPhone 7 Plus,9267996295433,Rosa guld / Brugt / 256GB,48366356988169,2c8e3db7ba7b460142,Rosa guld,Brugt,256GB,continue,1049.00
Brugt iPhone 7 Plus,9267996295433,Rosa guld / Rigtig god / 32GB,48366357020937,2e9b6e2bc757b6c489,Rosa guld,Rigtig god,32GB,continue,949.00
Brugt iPhone 7 Plus,9267996295433,Rosa guld / Rigtig god / 128GB,48366357053705,1d3693969b661ecd27,Rosa guld,Rigtig god,128GB,continue,1049.00
Brugt iPhone 7 Plus,9267996295433,Rosa guld / Rigtig god / 256GB,48366357086473,033da3888d749070a8,Rosa guld,Rigtig god,256GB,continue,1149.00
Brugt iPhone 7 Plus,9267996295433,Rosa guld / Som ny / 32GB,48366357119241,bd6c630df550088b0e,Rosa guld,Som ny,32GB,continue,1049.00
Brugt iPhone 7 Plus,9267996295433,Rosa guld / Som ny / 128GB,48366357152009,efc795ae0c38d46101,Rosa guld,Som ny,128GB,continue,1149.00
Brugt iPhone 7 Plus,9267996295433,Rosa guld / Som ny / 256GB,48366357184777,18026edca1aa00fec5,Rosa guld,Som ny,256GB,continue,1249.00
Brugt iPhone 7 Plus,9267996295433,Sølv / Brugbar / 32GB,48366357217545,ba9991e3cdac8ec8d9,Sølv,Brugbar,32GB,continue,749.00
Brugt iPhone 7 Plus,9267996295433,Sølv / Brugbar / 128GB,48366357250313,b4011dbe44c0071ff2,Sølv,Brugbar,128GB,continue,849.00
Brugt iPhone 7 Plus,9267996295433,Sølv / Brugbar / 256GB,48366357283081,64faa20fc469fa360f,Sølv,Brugbar,256GB,continue,949.00
Brugt iPhone 7 Plus,9267996295433,Sølv / Brugt / 32GB,48366357315849,cfdbd59e6b7ce480db,Sølv,Brugt,32GB,continue,849.00
Brugt iPhone 7 Plus,9267996295433,Sølv / Brugt / 128GB,48366357348617,ad98f0de15e114a8c7,Sølv,Brugt,128GB,continue,949.00
Brugt iPhone 7 Plus,9267996295433,Sølv / Brugt / 256GB,48366357381385,f3a7eb05b5766c42bf,Sølv,Brugt,256GB,continue,1049.00
Brugt iPhone 7 Plus,9267996295433,Sølv / Rigtig god / 32GB,48366357414153,ceaaed9b1fc13ec0f7,Sølv,Rigtig god,32GB,continue,949.00
Brugt iPhone 7 Plus,9267996295433,Sølv / Rigtig god / 128GB,48366357446921,22ffa078b45a812c37,Sølv,Rigtig god,128GB,continue,1049.00
Brugt iPhone 7 Plus,9267996295433,Sølv / Rigtig god / 256GB,48366357479689,a63a823f6279ffeb13,Sølv,Rigtig god,256GB,continue,1149.00
Brugt iPhone 7 Plus,9267996295433,Sølv / Som ny / 32GB,48366357512457,4e1ac57a46be7ea889,Sølv,Som ny,32GB,continue,1049.00
Brugt iPhone 7 Plus,9267996295433,Sølv / Som ny / 128GB,48366357545225,1d7ad8fedab77977d2,Sølv,Som ny,128GB,continue,1149.00
Brugt iPhone 7 Plus,9267996295433,Sølv / Som ny / 256GB,48366357577993,85b52102c308d84550,Sølv,Som ny,256GB,continue,1249.00
Brugt iPhone 7 Plus,9267996295433,Guld / Brugbar / 32GB,48366357610761,a72fb5ad39db13c201,Guld,Brugbar,32GB,continue,749.00
Brugt iPhone 7 Plus,9267996295433,Guld / Brugbar / 128GB,48366357643529,86b254081fa1786387,Guld,Brugbar,128GB,continue,849.00
Brugt iPhone 7 Plus,9267996295433,Guld / Brugbar / 256GB,48366357676297,680c7f71c31a41f626,Guld,Brugbar,256GB,continue,949.00
Brugt iPhone 7 Plus,9267996295433,Guld / Brugt / 32GB,48366357709065,dad9e23c239de775e1,Guld,Brugt,32GB,continue,849.00
Brugt iPhone 7 Plus,9267996295433,Guld / Brugt / 128GB,48366357741833,cbcba758e48dabad0c,Guld,Brugt,128GB,continue,949.00
Brugt iPhone 7 Plus,9267996295433,Guld / Brugt / 256GB,48366357774601,ccbd23398fb467ce11,Guld,Brugt,256GB,continue,1049.00
Brugt iPhone 7 Plus,9267996295433,Guld / Rigtig god / 32GB,48366357807369,89f21013613ba6b9d0,Guld,Rigtig god,32GB,continue,949.00
Brugt iPhone 7 Plus,9267996295433,Guld / Rigtig god / 128GB,48366357840137,11e6b0f58cfe94e017,Guld,Rigtig god,128GB,continue,1049.00
Brugt iPhone 7 Plus,9267996295433,Guld / Rigtig god / 256GB,48366357872905,744286e225c86c56f2,Guld,Rigtig god,256GB,continue,1149.00
Brugt iPhone 7 Plus,9267996295433,Guld / Som ny / 32GB,48366357905673,392925b1f77f31325c,Guld,Som ny,32GB,continue,1049.00
Brugt iPhone 7 Plus,9267996295433,Guld / Som ny / 128GB,48366357938441,b848cd97800856533e,Guld,Som ny,128GB,continue,1149.00
Brugt iPhone 7 Plus,9267996295433,Guld / Som ny / 256GB,48366357971209,1f79f0cba880ab4ef4,Guld,Som ny,256GB,continue,1249.00
Brugt iPhone 7 Plus,9267996295433,Rød / Brugbar / 32GB,48366358003977,88e97e8712661ca3a5,Rød,Brugbar,32GB,continue,749.00
Brugt iPhone 7 Plus,9267996295433,Rød / Brugbar / 128GB,48366358036745,fbe303071a5174f11e,Rød,Brugbar,128GB,continue,849.00
Brugt iPhone 7 Plus,9267996295433,Rød / Brugbar / 256GB,48366358069513,eaf52b15df31396986,Rød,Brugbar,256GB,continue,949.00
Brugt iPhone 7 Plus,9267996295433,Rød / Brugt / 32GB,48366358102281,4683ff26ea24ebc4f6,Rød,Brugt,32GB,continue,849.00
Brugt iPhone 7 Plus,9267996295433,Rød / Brugt / 128GB,48366358135049,1e3ea0b6a9e6529431,Rød,Brugt,128GB,continue,949.00
Brugt iPhone 7 Plus,9267996295433,Rød / Brugt / 256GB,48366358167817,6a141136132b35ed02,Rød,Brugt,256GB,continue,1049.00
Brugt iPhone 7 Plus,9267996295433,Rød / Rigtig god / 32GB,48366358200585,0927da94769d84bc16,Rød,Rigtig god,32GB,continue,949.00
Brugt iPhone 7 Plus,9267996295433,Rød / Rigtig god / 128GB,48366358233353,c7738da491ebbd8bf8,Rød,Rigtig god,128GB,continue,1049.00
Brugt iPhone 7 Plus,9267996295433,Rød / Rigtig god / 256GB,48366358266121,66427d91c73147aae8,Rød,Rigtig god,256GB,continue,1149.00
Brugt iPhone 7 Plus,9267996295433,Rød / Som ny / 32GB,48366358298889,c0ce8ad6c053bd65aa,Rød,Som ny,32GB,continue,1049.00
Brugt iPhone 7 Plus,9267996295433,Rød / Som ny / 128GB,48366358331657,7618be942baab3d2df,Rød,Som ny,128GB,continue,1149.00
Brugt iPhone 7 Plus,9267996295433,Rød / Som ny / 256GB,48366358364425,7e4258727ef571ecc2,Rød,Som ny,256GB,continue,1249.00
Brugt iPhone 8,9268003832073,Guld / Brugbar / 64GB,48366366982409,797fe7c14d499f02ee,Guld,Brugbar,64GB,continue,749.00
Brugt iPhone 8,9268003832073,Guld / Brugbar / 128GB,48366367015177,3f2f8428eea4f19295,Guld,Brugbar,128GB,continue,849.00
Brugt iPhone 8,9268003832073,Guld / Brugbar / 256GB,48366367047945,2eb73118b56b6e3c69,Guld,Brugbar,256GB,continue,949.00
Brugt iPhone 8,9268003832073,Guld / Brugt / 64GB,48366367080713,2c4f6316fe22fd33d9,Guld,Brugt,64GB,continue,849.00
Brugt iPhone 8,9268003832073,Guld / Brugt / 128GB,48366367113481,0e604972ac480db1bd,Guld,Brugt,128GB,continue,949.00
Brugt iPhone 8,9268003832073,Guld / Brugt / 256GB,48366367146249,09f4e70ca4b2019739,Guld,Brugt,256GB,continue,1049.00
Brugt iPhone 8,9268003832073,Guld / Rigtig god / 64GB,48366367179017,ba26ae6bda64ab0a2e,Guld,Rigtig god,64GB,continue,949.00
Brugt iPhone 8,9268003832073,Guld / Rigtig god / 128GB,48366367211785,8b5256f9b5d28fb469,Guld,Rigtig god,128GB,continue,1049.00
Brugt iPhone 8,9268003832073,Guld / Rigtig god / 256GB,48366367244553,a59727344a82e7095b,Guld,Rigtig god,256GB,continue,1149.00
Brugt iPhone 8,9268003832073,Guld / Som ny / 64GB,48366367277321,b929912556f6c9196d,Guld,Som ny,64GB,continue,1049.00
Brugt iPhone 8,9268003832073,Guld / Som ny / 128GB,48366367310089,043dd7742f9d5d09ff,Guld,Som ny,128GB,continue,1149.00
Brugt iPhone 8,9268003832073,Guld / Som ny / 256GB,48366367342857,3da9a29051ce0a747a,Guld,Som ny,256GB,continue,1249.00
Brugt iPhone 8,9268003832073,Sølv / Brugbar / 64GB,48366367375625,64223a5b9970245c8c,Sølv,Brugbar,64GB,continue,749.00
Brugt iPhone 8,9268003832073,Sølv / Brugbar / 128GB,48366367408393,fd7246c1c3dea2e6ba,Sølv,Brugbar,128GB,continue,849.00
Brugt iPhone 8,9268003832073,Sølv / Brugbar / 256GB,48366367441161,b64545ab0fbacefbc4,Sølv,Brugbar,256GB,continue,949.00
Brugt iPhone 8,9268003832073,Sølv / Brugt / 64GB,48366367473929,890a314b9352141f8f,Sølv,Brugt,64GB,continue,849.00
Brugt iPhone 8,9268003832073,Sølv / Brugt / 128GB,48366367506697,82055451986ff3a115,Sølv,Brugt,128GB,continue,949.00
Brugt iPhone 8,9268003832073,Sølv / Brugt / 256GB,48366367539465,0aea10bdad7328e159,Sølv,Brugt,256GB,continue,1049.00
Brugt iPhone 8,9268003832073,Sølv / Rigtig god / 64GB,48366367572233,e27247749b4105d9cc,Sølv,Rigtig god,64GB,continue,949.00
Brugt iPhone 8,9268003832073,Sølv / Rigtig god / 128GB,48366367605001,944c705ba934304c70,Sølv,Rigtig god,128GB,continue,1049.00
Brugt iPhone 8,9268003832073,Sølv / Rigtig god / 256GB,48366367637769,db39585649d4101fe9,Sølv,Rigtig god,256GB,continue,1149.00
Brugt iPhone 8,9268003832073,Sølv / Som ny / 64GB,48366367670537,5a80d2961dd26bf267,Sølv,Som ny,64GB,continue,1049.00
Brugt iPhone 8,9268003832073,Sølv / Som ny / 128GB,48366367703305,21853ad84797cfe243,Sølv,Som ny,128GB,continue,1149.00
Brugt iPhone 8,9268003832073,Sølv / Som ny / 256GB,48366367736073,8e70116d1199020969,Sølv,Som ny,256GB,continue,1249.00
Brugt iPhone 8,9268003832073,Space grey / Brugbar / 64GB,48366367768841,52735e598f0dbd897b,Space grey,Brugbar,64GB,continue,749.00
Brugt iPhone 8,9268003832073,Space grey / Brugbar / 128GB,48366367801609,00c83c747647993fe4,Space grey,Brugbar,128GB,continue,849.00
Brugt iPhone 8,9268003832073,Space grey / Brugbar / 256GB,48366367834377,fb0d62ca11880e4d4b,Space grey,Brugbar,256GB,continue,949.00
Brugt iPhone 8,9268003832073,Space grey / Brugt / 64GB,48366367867145,7d71b92ce3a537861d,Space grey,Brugt,64GB,continue,849.00
Brugt iPhone 8,9268003832073,Space grey / Brugt / 128GB,48366367899913,9c63d1c1aef45e9d69,Space grey,Brugt,128GB,continue,949.00
Brugt iPhone 8,9268003832073,Space grey / Brugt / 256GB,48366367932681,10a5e660b6e2b69c36,Space grey,Brugt,256GB,continue,1049.00
Brugt iPhone 8,9268003832073,Space grey / Rigtig god / 64GB,48366367965449,1b79658e4a4cf36460,Space grey,Rigtig god,64GB,continue,949.00
Brugt iPhone 8,9268003832073,Space grey / Rigtig god / 128GB,48366367998217,dc64545653a02b550e,Space grey,Rigtig god,128GB,continue,1049.00
Brugt iPhone 8,9268003832073,Space grey / Rigtig god / 256GB,48366368030985,bbffa48aa6cd02df52,Space grey,Rigtig god,256GB,continue,1149.00
Brugt iPhone 8,9268003832073,Space grey / Som ny / 64GB,48366368063753,9c1dd8790a8f86a75c,Space grey,Som ny,64GB,continue,1049.00
Brugt iPhone 8,9268003832073,Space grey / Som ny / 128GB,48366368096521,9d011b2a97387feca1,Space grey,Som ny,128GB,continue,1149.00
Brugt iPhone 8,9268003832073,Space grey / Som ny / 256GB,48366368129289,c6dfc955624a2f61f0,Space grey,Som ny,256GB,continue,1249.00
Brugt iPhone 8,9268003832073,Rød / Brugbar / 64GB,48366368162057,fbdb4fb9116d04c4d2,Rød,Brugbar,64GB,continue,749.00
Brugt iPhone 8,9268003832073,Rød / Brugbar / 128GB,48366368194825,762acc82a0dbf9ef5d,Rød,Brugbar,128GB,continue,849.00
Brugt iPhone 8,9268003832073,Rød / Brugbar / 256GB,48366368227593,41b0e4a4a227442a03,Rød,Brugbar,256GB,continue,949.00
Brugt iPhone 8,9268003832073,Rød / Brugt / 64GB,48366368260361,5168256a028bf31a28,Rød,Brugt,64GB,continue,849.00
Brugt iPhone 8,9268003832073,Rød / Brugt / 128GB,48366368293129,1f8e0d32198e5835b9,Rød,Brugt,128GB,continue,949.00
Brugt iPhone 8,9268003832073,Rød / Brugt / 256GB,48366368325897,e0f5d3eafc0936bfc8,Rød,Brugt,256GB,continue,1049.00
Brugt iPhone 8,9268003832073,Rød / Rigtig god / 64GB,48366368358665,67938aa36a47363faa,Rød,Rigtig god,64GB,continue,949.00
Brugt iPhone 8,9268003832073,Rød / Rigtig god / 128GB,48366368391433,559f3dbc7fbb731474,Rød,Rigtig god,128GB,continue,1049.00
Brugt iPhone 8,9268003832073,Rød / Rigtig god / 256GB,48366368424201,85cafbc1896bd5b057,Rød,Rigtig god,256GB,continue,1149.00
Brugt iPhone 8,9268003832073,Rød / Som ny / 64GB,48366368456969,4cb45a28769f02057b,Rød,Som ny,64GB,continue,1049.00
Brugt iPhone 8,9268003832073,Rød / Som ny / 128GB,48366368489737,7a83e89bf1dd54cb64,Rød,Som ny,128GB,continue,1149.00
Brugt iPhone 8,9268003832073,Rød / Som ny / 256GB,48366368522505,ddaf5c6d1cb2aff235,Rød,Som ny,256GB,continue,1249.00
Brugt iPhone 8 Plus,9268008976649,Guld / Brugbar / 64GB,48366374650121,691577029af42b3549,Guld,Brugbar,64GB,continue,949.00
Brugt iPhone 8 Plus,9268008976649,Guld / Brugbar / 128GB,48366374682889,5415a4e6eb6510d84b,Guld,Brugbar,128GB,continue,1149.00
Brugt iPhone 8 Plus,9268008976649,Guld / Brugbar / 256GB,48366374715657,d708bea544ae65b8c5,Guld,Brugbar,256GB,continue,1149.00
Brugt iPhone 8 Plus,9268008976649,Guld / Brugt / 64GB,48366374748425,69f96178ba123018e7,Guld,Brugt,64GB,continue,1049.00
Brugt iPhone 8 Plus,9268008976649,Guld / Brugt / 128GB,48366374781193,ab537001402e5cf456,Guld,Brugt,128GB,continue,1249.00
Brugt iPhone 8 Plus,9268008976649,Guld / Brugt / 256GB,48366374813961,6d5710b8147cfe1bad,Guld,Brugt,256GB,continue,1249.00
Brugt iPhone 8 Plus,9268008976649,Guld / Rigtig god / 64GB,48366374846729,9e6793ced89cee70a1,Guld,Rigtig god,64GB,continue,1149.00
Brugt iPhone 8 Plus,9268008976649,Guld / Rigtig god / 128GB,48366374879497,5172aab4de8cd4c476,Guld,Rigtig god,128GB,continue,1349.00
Brugt iPhone 8 Plus,9268008976649,Guld / Rigtig god / 256GB,48366374912265,bf1da6a96fbeb6a030,Guld,Rigtig god,256GB,continue,1449.00
Brugt iPhone 8 Plus,9268008976649,Guld / Som ny / 64GB,48366374945033,c00c2864b66ffb16b9,Guld,Som ny,64GB,continue,1249.00
Brugt iPhone 8 Plus,9268008976649,Guld / Som ny / 128GB,48366374977801,82f278ce426d1b370d,Guld,Som ny,128GB,continue,1449.00
Brugt iPhone 8 Plus,9268008976649,Guld / Som ny / 256GB,48366375010569,69a8b38c7ea0f3faa7,Guld,Som ny,256GB,continue,1649.00
Brugt iPhone 8 Plus,9268008976649,Sølv / Brugbar / 64GB,48366375043337,3b87c46fc28d5b79ea,Sølv,Brugbar,64GB,continue,949.00
Brugt iPhone 8 Plus,9268008976649,Sølv / Brugbar / 128GB,48366375076105,d283106f6b9ecf47b7,Sølv,Brugbar,128GB,continue,1149.00
Brugt iPhone 8 Plus,9268008976649,Sølv / Brugbar / 256GB,48366375108873,e4c8fdbb757f23d949,Sølv,Brugbar,256GB,continue,1149.00
Brugt iPhone 8 Plus,9268008976649,Sølv / Brugt / 64GB,48366375141641,a3fbf57e44455cae49,Sølv,Brugt,64GB,continue,1049.00
Brugt iPhone 8 Plus,9268008976649,Sølv / Brugt / 128GB,48366375174409,cf979b412cb9c1c59c,Sølv,Brugt,128GB,continue,1249.00
Brugt iPhone 8 Plus,9268008976649,Sølv / Brugt / 256GB,48366375207177,80f426e442ac3aea47,Sølv,Brugt,256GB,continue,1249.00
Brugt iPhone 8 Plus,9268008976649,Sølv / Rigtig god / 64GB,48366375239945,8963d936d5ddfbc386,Sølv,Rigtig god,64GB,continue,1149.00
Brugt iPhone 8 Plus,9268008976649,Sølv / Rigtig god / 128GB,48366375272713,3522159d445cb08fa3,Sølv,Rigtig god,128GB,continue,1349.00
Brugt iPhone 8 Plus,9268008976649,Sølv / Rigtig god / 256GB,48366375305481,4bf464f8dcd2f4f4e3,Sølv,Rigtig god,256GB,continue,1449.00
Brugt iPhone 8 Plus,9268008976649,Sølv / Som ny / 64GB,48366375338249,e30f03592327c25fca,Sølv,Som ny,64GB,continue,1249.00
Brugt iPhone 8 Plus,9268008976649,Sølv / Som ny / 128GB,48366375371017,70374b3ff2e600e00b,Sølv,Som ny,128GB,continue,1449.00
Brugt iPhone 8 Plus,9268008976649,Sølv / Som ny / 256GB,48366375403785,8ac2d4e71162788e09,Sølv,Som ny,256GB,continue,1649.00
Brugt iPhone 8 Plus,9268008976649,Space grey / Brugbar / 64GB,48366375436553,3aa1931e4e6bf3d25b,Space grey,Brugbar,64GB,continue,949.00
Brugt iPhone 8 Plus,9268008976649,Space grey / Brugbar / 128GB,48366375469321,03496b0f06c76df6f6,Space grey,Brugbar,128GB,continue,1149.00
Brugt iPhone 8 Plus,9268008976649,Space grey / Brugbar / 256GB,48366375502089,fd85848a648a05e57b,Space grey,Brugbar,256GB,continue,1149.00
Brugt iPhone 8 Plus,9268008976649,Space grey / Brugt / 64GB,48366375534857,cdeb5df2058ddd53fa,Space grey,Brugt,64GB,continue,1049.00
Brugt iPhone 8 Plus,9268008976649,Space grey / Brugt / 128GB,48366375567625,561aa7d26abe82d0fb,Space grey,Brugt,128GB,continue,1249.00
Brugt iPhone 8 Plus,9268008976649,Space grey / Brugt / 256GB,48366375600393,548389d183332cd205,Space grey,Brugt,256GB,continue,1249.00
Brugt iPhone 8 Plus,9268008976649,Space grey / Rigtig god / 64GB,48366375633161,8f290431f46b2ad805,Space grey,Rigtig god,64GB,continue,1149.00
Brugt iPhone 8 Plus,9268008976649,Space grey / Rigtig god / 128GB,48366375665929,df689e6e5bd5a82dd6,Space grey,Rigtig god,128GB,continue,1349.00
Brugt iPhone 8 Plus,9268008976649,Space grey / Rigtig god / 256GB,48366375698697,b7fb5c2eaccb9c6484,Space grey,Rigtig god,256GB,continue,1449.00
Brugt iPhone 8 Plus,9268008976649,Space grey / Som ny / 64GB,48366375731465,554943792ac0f540e0,Space grey,Som ny,64GB,continue,1249.00
Brugt iPhone 8 Plus,9268008976649,Space grey / Som ny / 128GB,48366375764233,de48e12088577cb9fa,Space grey,Som ny,128GB,continue,1449.00
Brugt iPhone 8 Plus,9268008976649,Space grey / Som ny / 256GB,48366375797001,e6c6852a418c20dc16,Space grey,Som ny,256GB,continue,1649.00
Brugt iPhone 8 Plus,9268008976649,Rød / Brugbar / 64GB,48366375829769,0952216cca6ed09b81,Rød,Brugbar,64GB,continue,949.00
Brugt iPhone 8 Plus,9268008976649,Rød / Brugbar / 128GB,48366375862537,6f57293d1425e2e655,Rød,Brugbar,128GB,continue,1149.00
Brugt iPhone 8 Plus,9268008976649,Rød / Brugbar / 256GB,48366375895305,e341274159c3e8d54c,Rød,Brugbar,256GB,continue,1149.00
Brugt iPhone 8 Plus,9268008976649,Rød / Brugt / 64GB,48366375928073,091266bcf8aa90590c,Rød,Brugt,64GB,continue,1049.00
Brugt iPhone 8 Plus,9268008976649,Rød / Brugt / 128GB,48366375960841,393f5ebc2492cc1974,Rød,Brugt,128GB,continue,1249.00
Brugt iPhone 8 Plus,9268008976649,Rød / Brugt / 256GB,48366375993609,8477f0b5d903c87713,Rød,Brugt,256GB,continue,1249.00
Brugt iPhone 8 Plus,9268008976649,Rød / Rigtig god / 64GB,48366376026377,cfce31c77b2daebd9a,Rød,Rigtig god,64GB,continue,1149.00
Brugt iPhone 8 Plus,9268008976649,Rød / Rigtig god / 128GB,48366376059145,4a1c2ff9e0d1f0c7e4,Rød,Rigtig god,128GB,continue,1349.00
Brugt iPhone 8 Plus,9268008976649,Rød / Rigtig god / 256GB,48366376091913,8e8f957962d96207dc,Rød,Rigtig god,256GB,continue,1449.00
Brugt iPhone 8 Plus,9268008976649,Rød / Som ny / 64GB,48366376124681,ee24f87a210c479de0,Rød,Som ny,64GB,continue,1249.00
Brugt iPhone 8 Plus,9268008976649,Rød / Som ny / 128GB,48366376157449,2219bed4657419d7b6,Rød,Som ny,128GB,continue,1449.00
Brugt iPhone 8 Plus,9268008976649,Rød / Som ny / 256GB,48366376190217,76876cd1f2f8e650dd,Rød,Som ny,256GB,continue,1649.00
Brugt iPhone SE 2020,9268011729161,Sort / Brugbar / 64GB,48366379532553,1b45e0d870db86f6c9,Sort,Brugbar,64GB,continue,849.00
Brugt iPhone SE 2020,9268011729161,Sort / Brugbar / 128GB,48366379565321,035792aab107dd7016,Sort,Brugbar,128GB,continue,1049.00
Brugt iPhone SE 2020,9268011729161,Sort / Brugbar / 256GB,48366379598089,1b34f5bd04c4946abf,Sort,Brugbar,256GB,continue,1449.00
Brugt iPhone SE 2020,9268011729161,Sort / Brugt / 64GB,48366379630857,03f0546b5cd87815ce,Sort,Brugt,64GB,continue,949.00
Brugt iPhone SE 2020,9268011729161,Sort / Brugt / 128GB,48366379663625,81ae59be2e98c6b158,Sort,Brugt,128GB,continue,1149.00
Brugt iPhone SE 2020,9268011729161,Sort / Brugt / 256GB,48366379696393,95ca2d5fd339cf489b,Sort,Brugt,256GB,continue,1549.00
Brugt iPhone SE 2020,9268011729161,Sort / Rigtig god / 64GB,48366379729161,0ad2fdc33a9ee0e119,Sort,Rigtig god,64GB,continue,1049.00
Brugt iPhone SE 2020,9268011729161,Sort / Rigtig god / 128GB,48366379761929,6d64864cf08503bb64,Sort,Rigtig god,128GB,continue,1249.00
Brugt iPhone SE 2020,9268011729161,Sort / Rigtig god / 256GB,48366379794697,77eb7a3007aa8664ba,Sort,Rigtig god,256GB,continue,1649.00
Brugt iPhone SE 2020,9268011729161,Sort / Som ny / 64GB,48366379827465,11aad2b7b58fecb4e2,Sort,Som ny,64GB,continue,1149.00
Brugt iPhone SE 2020,9268011729161,Sort / Som ny / 128GB,48366379860233,44af78bdd1fe6ec5db,Sort,Som ny,128GB,continue,1349.00
Brugt iPhone SE 2020,9268011729161,Sort / Som ny / 256GB,48366379893001,ff58a1d628eb78e5ae,Sort,Som ny,256GB,continue,1749.00
Brugt iPhone SE 2020,9268011729161,Hvid / Brugbar / 64GB,48366379925769,0e9a78ca4fb48efeb8,Hvid,Brugbar,64GB,continue,849.00
Brugt iPhone SE 2020,9268011729161,Hvid / Brugbar / 128GB,48366379958537,fb9bafb5a15b085da8,Hvid,Brugbar,128GB,continue,1049.00
Brugt iPhone SE 2020,9268011729161,Hvid / Brugbar / 256GB,48366379991305,86f5c84418fe8fb70a,Hvid,Brugbar,256GB,continue,1449.00
Brugt iPhone SE 2020,9268011729161,Hvid / Brugt / 64GB,48366380024073,cfc8474fc346cf4bb9,Hvid,Brugt,64GB,continue,949.00
Brugt iPhone SE 2020,9268011729161,Hvid / Brugt / 128GB,48366380056841,4210497a2db8e7f7ad,Hvid,Brugt,128GB,continue,1149.00
Brugt iPhone SE 2020,9268011729161,Hvid / Brugt / 256GB,48366380089609,8e4fa286454547041b,Hvid,Brugt,256GB,continue,1549.00
Brugt iPhone SE 2020,9268011729161,Hvid / Rigtig god / 64GB,48366380122377,7d3f4660ca415fbc1b,Hvid,Rigtig god,64GB,continue,1049.00
Brugt iPhone SE 2020,9268011729161,Hvid / Rigtig god / 128GB,48366380155145,04eaa947b2a548655f,Hvid,Rigtig god,128GB,continue,1249.00
Brugt iPhone SE 2020,9268011729161,Hvid / Rigtig god / 256GB,48366380187913,6d549e5c5234b82c61,Hvid,Rigtig god,256GB,continue,1649.00
Brugt iPhone SE 2020,9268011729161,Hvid / Som ny / 64GB,48366380220681,16583a7aa4cd0c7ad0,Hvid,Som ny,64GB,continue,1149.00
Brugt iPhone SE 2020,9268011729161,Hvid / Som ny / 128GB,48366380253449,85609d39719dd1ada9,Hvid,Som ny,128GB,continue,1349.00
Brugt iPhone SE 2020,9268011729161,Hvid / Som ny / 256GB,48366380286217,4caf3f3887e953fcbb,Hvid,Som ny,256GB,continue,1749.00
Brugt iPhone SE 2020,9268011729161,Rød / Brugbar / 64GB,48366380318985,94d9f9bb6462972b9f,Rød,Brugbar,64GB,continue,849.00
Brugt iPhone SE 2020,9268011729161,Rød / Brugbar / 128GB,48366380351753,037f15e2e13d95755e,Rød,Brugbar,128GB,continue,1049.00
Brugt iPhone SE 2020,9268011729161,Rød / Brugbar / 256GB,48366380384521,7e678e289396e0a734,Rød,Brugbar,256GB,continue,1449.00
Brugt iPhone SE 2020,9268011729161,Rød / Brugt / 64GB,48366380417289,0d53218db3bb2c1c44,Rød,Brugt,64GB,continue,949.00
Brugt iPhone SE 2020,9268011729161,Rød / Brugt / 128GB,48366380450057,6a793cc2e6e9548be9,Rød,Brugt,128GB,continue,1149.00
Brugt iPhone SE 2020,9268011729161,Rød / Brugt / 256GB,48366380482825,37061a21bd3225c438,Rød,Brugt,256GB,continue,1549.00
Brugt iPhone SE 2020,9268011729161,Rød / Rigtig god / 64GB,48366380515593,29482dfdce830a38e4,Rød,Rigtig god,64GB,continue,1049.00
Brugt iPhone SE 2020,9268011729161,Rød / Rigtig god / 128GB,48366380548361,9457afd87e89c4c361,Rød,Rigtig god,128GB,continue,1249.00
Brugt iPhone SE 2020,9268011729161,Rød / Rigtig god / 256GB,48366380581129,a9d816bab9b9b8aabc,Rød,Rigtig god,256GB,continue,1649.00
Brugt iPhone SE 2020,9268011729161,Rød / Som ny / 64GB,48366380613897,0f6c5740c0e2b2910d,Rød,Som ny,64GB,continue,1149.00
Brugt iPhone SE 2020,9268011729161,Rød / Som ny / 128GB,48366380646665,1712319dbd4314e8a5,Rød,Som ny,128GB,continue,1349.00
Brugt iPhone SE 2020,9268011729161,Rød / Som ny / 256GB,48366380679433,4cb00335bcb8e241a7,Rød,Som ny,256GB,continue,1749.00
Brugt iPhone SE 2022,9268013695241,Midnat / Brugbar / 64GB,48735593070857,48763bacaf394ae3,Midnat,Brugbar,64GB,continue,1349.00
Brugt iPhone SE 2022,9268013695241,Midnat / Brugbar / 128GB,48366384972041,c03676bc3d87d20a1b,Midnat,Brugbar,128GB,continue,1649.00
Brugt iPhone SE 2022,9268013695241,Midnat / Brugbar / 256GB,48366385004809,1ba5831b4e43994278,Midnat,Brugbar,256GB,continue,2049.00
Brugt iPhone SE 2022,9268013695241,Midnat / Brugt / 64GB,48735593103625,d342b06f9dd94873,Midnat,Brugt,64GB,continue,1449.00
Brugt iPhone SE 2022,9268013695241,Midnat / Brugt / 128GB,48366385037577,a7800059ee4dba34f1,Midnat,Brugt,128GB,continue,1749.00
Brugt iPhone SE 2022,9268013695241,Midnat / Brugt / 256GB,48366385070345,fe6a6270ebd929ad7e,Midnat,Brugt,256GB,continue,2149.00
Brugt iPhone SE 2022,9268013695241,Midnat / Rigtig god / 64GB,48735593136393,38e9d3853d5d4e20,Midnat,Rigtig god,64GB,continue,1549.00
Brugt iPhone SE 2022,9268013695241,Midnat / Rigtig god / 128GB,48366385103113,7a7a3e156de74940bf,Midnat,Rigtig god,128GB,continue,1949.00
Brugt iPhone SE 2022,9268013695241,Midnat / Rigtig god / 256GB,48366385135881,6d87152553b7c8a635,Midnat,Rigtig god,256GB,continue,2449.00
Brugt iPhone SE 2022,9268013695241,Midnat / Som ny / 64GB,48735593169161,5e85aad983ea4381,Midnat,Som ny,64GB,continue,1749.00
Brugt iPhone SE 2022,9268013695241,Midnat / Som ny / 128GB,48366385168649,e9f97adb817edd93fd,Midnat,Som ny,128GB,continue,2149.00
Brugt iPhone SE 2022,9268013695241,Midnat / Som ny / 256GB,48366385201417,06635e186845bd76ad,Midnat,Som ny,256GB,continue,2649.00
Brugt iPhone SE 2022,9268013695241,Rød / Brugbar / 64GB,48735593201929,5e85aad983ea4381,Rød,Brugbar,64GB,continue,1349.00
Brugt iPhone SE 2022,9268013695241,Rød / Brugbar / 128GB,48366385234185,3373b863ccc68f61a3,Rød,Brugbar,128GB,continue,1649.00
Brugt iPhone SE 2022,9268013695241,Rød / Brugbar / 256GB,48366385266953,eab996bca97ede6a7f,Rød,Brugbar,256GB,continue,2049.00
Brugt iPhone SE 2022,9268013695241,Rød / Brugt / 64GB,48735593234697,9113478f738c424f,Rød,Brugt,64GB,continue,1449.00
Brugt iPhone SE 2022,9268013695241,Rød / Brugt / 128GB,48366385299721,3ce932ab533c663fce,Rød,Brugt,128GB,continue,1749.00
Brugt iPhone SE 2022,9268013695241,Rød / Brugt / 256GB,48366385332489,7f405145e95485dc0b,Rød,Brugt,256GB,continue,2149.00
Brugt iPhone SE 2022,9268013695241,Rød / Rigtig god / 64GB,48735593267465,e497dc58f0374531,Rød,Rigtig god,64GB,continue,1549.00
Brugt iPhone SE 2022,9268013695241,Rød / Rigtig god / 128GB,48366385365257,68e597f5480ffd4cad,Rød,Rigtig god,128GB,continue,1949.00
Brugt iPhone SE 2022,9268013695241,Rød / Rigtig god / 256GB,48366385398025,40118f2ef1060b60e8,Rød,Rigtig god,256GB,continue,2449.00
Brugt iPhone SE 2022,9268013695241,Rød / Som ny / 64GB,48735593300233,d22a6ba7faa84031,Rød,Som ny,64GB,continue,1749.00
Brugt iPhone SE 2022,9268013695241,Rød / Som ny / 128GB,48366385430793,7bf43a5bf12047ca29,Rød,Som ny,128GB,continue,2149.00
Brugt iPhone SE 2022,9268013695241,Rød / Som ny / 256GB,48366385463561,9079dbd2b931b8eedd,Rød,Som ny,256GB,continue,2649.00
Brugt iPhone SE 2022,9268013695241,Stjerneskær / Brugbar / 64GB,48735593333001,28ba8819fc61461f,Stjerneskær,Brugbar,64GB,continue,1349.00
Brugt iPhone SE 2022,9268013695241,Stjerneskær / Brugbar / 128GB,48366385496329,bf06de5e825891c47d,Stjerneskær,Brugbar,128GB,continue,1649.00
Brugt iPhone SE 2022,9268013695241,Stjerneskær / Brugbar / 256GB,48366385529097,6865ba45ba0e3c3426,Stjerneskær,Brugbar,256GB,continue,2049.00
Brugt iPhone SE 2022,9268013695241,Stjerneskær / Brugt / 64GB,48735593365769,18aacd1dcb1c4be7,Stjerneskær,Brugt,64GB,continue,1449.00
Brugt iPhone SE 2022,9268013695241,Stjerneskær / Brugt / 128GB,48366385561865,117994000c972991fc,Stjerneskær,Brugt,128GB,continue,1749.00
Brugt iPhone SE 2022,9268013695241,Stjerneskær / Brugt / 256GB,48366385594633,6ae94d551d82a483d4,Stjerneskær,Brugt,256GB,continue,2149.00
Brugt iPhone SE 2022,9268013695241,Stjerneskær / Rigtig god / 64GB,48735593398537,278628fe0408434a,Stjerneskær,Rigtig god,64GB,continue,1549.00
Brugt iPhone SE 2022,9268013695241,Stjerneskær / Rigtig god / 128GB,48366385627401,cf175ca84137435cfc,Stjerneskær,Rigtig god,128GB,continue,1949.00
Brugt iPhone SE 2022,9268013695241,Stjerneskær / Rigtig god / 256GB,48366385660169,97e0b28745d91e9d04,Stjerneskær,Rigtig god,256GB,continue,2449.00
Brugt iPhone SE 2022,9268013695241,Stjerneskær / Som ny / 64GB,48735593431305,8fb83a1f1b4943a1,Stjerneskær,Som ny,64GB,continue,1749.00
Brugt iPhone SE 2022,9268013695241,Stjerneskær / Som ny / 128GB,48366385692937,d141e3bd48c68e41f0,Stjerneskær,Som ny,128GB,continue,2149.00
Brugt iPhone SE 2022,9268013695241,Stjerneskær / Som ny / 256GB,48366385725705,444e0508a8b3085b38,Stjerneskær,Som ny,256GB,continue,2649.00
Brugt iPhone X,9268015071497,Sølv / Brugbar / 64GB,48366387921161,0e3e5cdbee3dc9d0a6,Sølv,Brugbar,64GB,continue,1049.00
Brugt iPhone X,9268015071497,Sølv / Brugbar / 256GB,48366387953929,50209f89ec8670babe,Sølv,Brugbar,256GB,continue,1249.00
Brugt iPhone X,9268015071497,Sølv / Brugt / 64GB,48366387986697,51e1e916fbb1d98ae2,Sølv,Brugt,64GB,continue,1149.00
Brugt iPhone X,9268015071497,Sølv / Brugt / 256GB,48366388019465,1ce9e6270f95978f2f,Sølv,Brugt,256GB,continue,1349.00
Brugt iPhone X,9268015071497,Sølv / Rigtig god / 64GB,48366388052233,24c7db5d58bf5ef6b0,Sølv,Rigtig god,64GB,continue,1249.00
Brugt iPhone X,9268015071497,Sølv / Rigtig god / 256GB,48366388085001,00eae2ff7aec951639,Sølv,Rigtig god,256GB,continue,1449.00
Brugt iPhone X,9268015071497,Sølv / Som ny / 64GB,48366388117769,e34767418795e4cc59,Sølv,Som ny,64GB,continue,1349.00
Brugt iPhone X,9268015071497,Sølv / Som ny / 256GB,48366388150537,9e84a1925bb0be8a72,Sølv,Som ny,256GB,continue,1549.00
Brugt iPhone X,9268015071497,Space grey / Brugbar / 64GB,48366388183305,7b2b8814a3918f6ece,Space grey,Brugbar,64GB,continue,1049.00
Brugt iPhone X,9268015071497,Space grey / Brugbar / 256GB,48366388216073,cf9ed51a63be125dbe,Space grey,Brugbar,256GB,continue,1249.00
Brugt iPhone X,9268015071497,Space grey / Brugt / 64GB,48366388248841,3abeb470f3bc3c8ea7,Space grey,Brugt,64GB,continue,1149.00
Brugt iPhone X,9268015071497,Space grey / Brugt / 256GB,48366388281609,47a1d61a0f3e85c83b,Space grey,Brugt,256GB,continue,1349.00
Brugt iPhone X,9268015071497,Space grey / Rigtig god / 64GB,48366388314377,750c056a9514480929,Space grey,Rigtig god,64GB,continue,1249.00
Brugt iPhone X,9268015071497,Space grey / Rigtig god / 256GB,48366388347145,946d3df8cd5c3eccc2,Space grey,Rigtig god,256GB,continue,1449.00
Brugt iPhone X,9268015071497,Space grey / Som ny / 64GB,48366388379913,b525a9004953d1ca2b,Space grey,Som ny,64GB,continue,1349.00
Brugt iPhone X,9268015071497,Space grey / Som ny / 256GB,48366388412681,813a22b400bb68f139,Space grey,Som ny,256GB,continue,1549.00
Brugt iPhone XR,9268016283913,Blå / Brugbar / 64GB,48366390804745,0b1286aba4388ff8f5,Blå,Brugbar,64GB,continue,1049.00
Brugt iPhone XR,9268016283913,Blå / Brugbar / 128GB,48366390837513,3ce23a966d12211950,Blå,Brugbar,128GB,continue,1149.00
Brugt iPhone XR,9268016283913,Blå / Brugbar / 256GB,48366390870281,63385d97198cb04660,Blå,Brugbar,256GB,continue,1349.00
Brugt iPhone XR,9268016283913,Blå / Brugt / 64GB,48366390903049,0ecfb867ae7afd5c92,Blå,Brugt,64GB,continue,1149.00
Brugt iPhone XR,9268016283913,Blå / Brugt / 128GB,48366390935817,1c67e764f776a5bf4e,Blå,Brugt,128GB,continue,1349.00
Brugt iPhone XR,9268016283913,Blå / Brugt / 256GB,48366390968585,539987a4c3981b35f4,Blå,Brugt,256GB,continue,1549.00
Brugt iPhone XR,9268016283913,Blå / Rigtig god / 64GB,48366391001353,22b05816938b3f5285,Blå,Rigtig god,64GB,continue,1349.00
Brugt iPhone XR,9268016283913,Blå / Rigtig god / 128GB,48366391034121,35eebb5d7e5dadadbd,Blå,Rigtig god,128GB,continue,1649.00
Brugt iPhone XR,9268016283913,Blå / Rigtig god / 256GB,48366391066889,f3f4a2774bb248ebba,Blå,Rigtig god,256GB,continue,1849.00
Brugt iPhone XR,9268016283913,Blå / Som ny / 64GB,48366391099657,815d989f7e6e6f3957,Blå,Som ny,64GB,continue,1449.00
Brugt iPhone XR,9268016283913,Blå / Som ny / 128GB,48366391132425,3755903d72db169cec,Blå,Som ny,128GB,continue,1749.00
Brugt iPhone XR,9268016283913,Blå / Som ny / 256GB,48366391165193,28ddd9d1e0c5f8c9e1,Blå,Som ny,256GB,continue,2049.00
Brugt iPhone XR,9268016283913,Gul / Brugbar / 64GB,48366391197961,d9dcb2f65b21d428bb,Gul,Brugbar,64GB,continue,1049.00
Brugt iPhone XR,9268016283913,Gul / Brugbar / 128GB,48366391230729,bb51e977097913d669,Gul,Brugbar,128GB,continue,1149.00
Brugt iPhone XR,9268016283913,Gul / Brugbar / 256GB,48366391263497,33e401bf42e67f132f,Gul,Brugbar,256GB,continue,1349.00
Brugt iPhone XR,9268016283913,Gul / Brugt / 64GB,48366391296265,5e5122cfbb7594016e,Gul,Brugt,64GB,continue,1149.00
Brugt iPhone XR,9268016283913,Gul / Brugt / 128GB,48366391329033,a49839a70d364ddfc4,Gul,Brugt,128GB,continue,1349.00
Brugt iPhone XR,9268016283913,Gul / Brugt / 256GB,48366391361801,09b7214a0462718985,Gul,Brugt,256GB,continue,1549.00
Brugt iPhone XR,9268016283913,Gul / Rigtig god / 64GB,48366391394569,fe96c673d7582ae8df,Gul,Rigtig god,64GB,continue,1349.00
Brugt iPhone XR,9268016283913,Gul / Rigtig god / 128GB,48366391427337,080dc37a7973186f29,Gul,Rigtig god,128GB,continue,1649.00
Brugt iPhone XR,9268016283913,Gul / Rigtig god / 256GB,48366391460105,848076db31f78c067f,Gul,Rigtig god,256GB,continue,1849.00
Brugt iPhone XR,9268016283913,Gul / Som ny / 64GB,48366391492873,b26c5e050375020ada,Gul,Som ny,64GB,continue,1449.00
Brugt iPhone XR,9268016283913,Gul / Som ny / 128GB,48366391525641,8bb03a649380e1b661,Gul,Som ny,128GB,continue,1749.00
Brugt iPhone XR,9268016283913,Gul / Som ny / 256GB,48366391558409,f007f382a39c8bf616,Gul,Som ny,256GB,continue,2049.00
Brugt iPhone XR,9268016283913,Hvid / Brugbar / 64GB,48366391591177,5ecbd9d7003a633953,Hvid,Brugbar,64GB,continue,1049.00
Brugt iPhone XR,9268016283913,Hvid / Brugbar / 128GB,48366391623945,ccd48e515497a7ca0f,Hvid,Brugbar,128GB,continue,1149.00
Brugt iPhone XR,9268016283913,Hvid / Brugbar / 256GB,48366391656713,d0234daf7243949ea4,Hvid,Brugbar,256GB,continue,1349.00
Brugt iPhone XR,9268016283913,Hvid / Brugt / 64GB,48366391689481,3ffaf909e66da1401c,Hvid,Brugt,64GB,continue,1149.00
Brugt iPhone XR,9268016283913,Hvid / Brugt / 128GB,48366391722249,2b29448f34088edcba,Hvid,Brugt,128GB,continue,1349.00
Brugt iPhone XR,9268016283913,Hvid / Brugt / 256GB,48366391755017,739caeb45d4c19996d,Hvid,Brugt,256GB,continue,1549.00
Brugt iPhone XR,9268016283913,Hvid / Rigtig god / 64GB,48366391787785,03963962a03fc978ba,Hvid,Rigtig god,64GB,continue,1349.00
Brugt iPhone XR,9268016283913,Hvid / Rigtig god / 128GB,48366391820553,e9293742856c481eb5,Hvid,Rigtig god,128GB,continue,1649.00
Brugt iPhone XR,9268016283913,Hvid / Rigtig god / 256GB,48366391853321,946e169a2f82eb9d15,Hvid,Rigtig god,256GB,continue,1849.00
Brugt iPhone XR,9268016283913,Hvid / Som ny / 64GB,48366391886089,3b7569aa024d0971ea,Hvid,Som ny,64GB,continue,1449.00
Brugt iPhone XR,9268016283913,Hvid / Som ny / 128GB,48366391918857,8c59f1eb477fbc557f,Hvid,Som ny,128GB,continue,1749.00
Brugt iPhone XR,9268016283913,Hvid / Som ny / 256GB,48366391951625,46d14aa8c702a35d04,Hvid,Som ny,256GB,continue,2049.00
Brugt iPhone XR,9268016283913,Koral / Brugbar / 64GB,48366391984393,bad3c22db29452c580,Koral,Brugbar,64GB,continue,1049.00
Brugt iPhone XR,9268016283913,Koral / Brugbar / 128GB,48366392017161,e01cf0eda465164e54,Koral,Brugbar,128GB,continue,1149.00
Brugt iPhone XR,9268016283913,Koral / Brugbar / 256GB,48366392049929,52a1388820da5e2327,Koral,Brugbar,256GB,continue,1349.00
Brugt iPhone XR,9268016283913,Koral / Brugt / 64GB,48366392082697,9985c395895df9dd0f,Koral,Brugt,64GB,continue,1149.00
Brugt iPhone XR,9268016283913,Koral / Brugt / 128GB,48366392115465,bb6b9a46dad9155407,Koral,Brugt,128GB,continue,1349.00
Brugt iPhone XR,9268016283913,Koral / Brugt / 256GB,48366392148233,22da66f8b0bd67e0b2,Koral,Brugt,256GB,continue,1549.00
Brugt iPhone XR,9268016283913,Koral / Rigtig god / 64GB,48366392181001,6b98a4eb3a7c04700d,Koral,Rigtig god,64GB,continue,1349.00
Brugt iPhone XR,9268016283913,Koral / Rigtig god / 128GB,48366392213769,7fafe7309b37dcd0fc,Koral,Rigtig god,128GB,continue,1649.00
Brugt iPhone XR,9268016283913,Koral / Rigtig god / 256GB,48366392246537,913c624f2abd92a40d,Koral,Rigtig god,256GB,continue,1849.00
Brugt iPhone XR,9268016283913,Koral / Som ny / 64GB,48366392279305,0ca0126033c92ee574,Koral,Som ny,64GB,continue,1449.00
Brugt iPhone XR,9268016283913,Koral / Som ny / 128GB,48366392312073,ba132df92315b10f0f,Koral,Som ny,128GB,continue,1749.00
Brugt iPhone XR,9268016283913,Koral / Som ny / 256GB,48366392344841,2739fde38df4387f77,Koral,Som ny,256GB,continue,2049.00
Brugt iPhone XR,9268016283913,Sort / Brugbar / 64GB,48366392377609,b68dddb4fee03518c1,Sort,Brugbar,64GB,continue,1049.00
Brugt iPhone XR,9268016283913,Sort / Brugbar / 128GB,48366392410377,222b3be3ba29c3056a,Sort,Brugbar,128GB,continue,1149.00
Brugt iPhone XR,9268016283913,Sort / Brugbar / 256GB,48366392443145,3c85a55a6cf6140d82,Sort,Brugbar,256GB,continue,1349.00
Brugt iPhone XR,9268016283913,Sort / Brugt / 64GB,48366392475913,6aba6bddea2433020c,Sort,Brugt,64GB,continue,1149.00
Brugt iPhone XR,9268016283913,Sort / Brugt / 128GB,48366392508681,e6fa6b381045c9e059,Sort,Brugt,128GB,continue,1349.00
Brugt iPhone XR,9268016283913,Sort / Brugt / 256GB,48366392541449,f944902a9dee3c3693,Sort,Brugt,256GB,continue,1549.00
Brugt iPhone XR,9268016283913,Sort / Rigtig god / 64GB,48366392574217,fd4df0d8c55249bfef,Sort,Rigtig god,64GB,continue,1349.00
Brugt iPhone XR,9268016283913,Sort / Rigtig god / 128GB,48366392606985,3e44494a2859f5ab0f,Sort,Rigtig god,128GB,continue,1649.00
Brugt iPhone XR,9268016283913,Sort / Rigtig god / 256GB,48366392639753,ebdfb31610b0af63e4,Sort,Rigtig god,256GB,continue,1849.00
Brugt iPhone XR,9268016283913,Sort / Som ny / 64GB,48366392672521,47b435611a41429f1f,Sort,Som ny,64GB,continue,1449.00
Brugt iPhone XR,9268016283913,Sort / Som ny / 128GB,48366392705289,279b6bd062606fa6fa,Sort,Som ny,128GB,continue,1749.00
Brugt iPhone XR,9268016283913,Sort / Som ny / 256GB,48366392738057,ebfdc767e1de489056,Sort,Som ny,256GB,continue,2049.00
Brugt iPhone XR,9268016283913,Rød / Brugbar / 64GB,48366392770825,cc9c251158fbea3d1a,Rød,Brugbar,64GB,continue,1049.00
Brugt iPhone XR,9268016283913,Rød / Brugbar / 128GB,48366392803593,1890fc915af121fd4f,Rød,Brugbar,128GB,continue,1149.00
Brugt iPhone XR,9268016283913,Rød / Brugbar / 256GB,48366392836361,841ac7b39555303276,Rød,Brugbar,256GB,continue,1349.00
Brugt iPhone XR,9268016283913,Rød / Brugt / 64GB,48366392869129,83a637bfae044eceae,Rød,Brugt,64GB,continue,1149.00
Brugt iPhone XR,9268016283913,Rød / Brugt / 128GB,48366392901897,aeb9432d4f974c9e8b,Rød,Brugt,128GB,continue,1349.00
Brugt iPhone XR,9268016283913,Rød / Brugt / 256GB,48366392934665,106924c6f7ece018c6,Rød,Brugt,256GB,continue,1549.00
Brugt iPhone XR,9268016283913,Rød / Rigtig god / 64GB,48366392967433,c66c80755ea9a68528,Rød,Rigtig god,64GB,continue,1349.00
Brugt iPhone XR,9268016283913,Rød / Rigtig god / 128GB,48366393000201,e05ee0504dcfcc0518,Rød,Rigtig god,128GB,continue,1649.00
Brugt iPhone XR,9268016283913,Rød / Rigtig god / 256GB,48366393032969,ee980dfbbefa74d521,Rød,Rigtig god,256GB,continue,1849.00
Brugt iPhone XR,9268016283913,Rød / Som ny / 64GB,48366393065737,62830eb97d2a840680,Rød,Som ny,64GB,continue,1449.00
Brugt iPhone XR,9268016283913,Rød / Som ny / 128GB,48366393098505,0740a84003eee96aca,Rød,Som ny,128GB,continue,1749.00
Brugt iPhone XR,9268016283913,Rød / Som ny / 256GB,48366393131273,628cd405a82cdf8bfe,Rød,Som ny,256GB,continue,2049.00
Brugt iPhone XS,9268020314377,Space grey / Brugbar / 64GB,48366398243081,50d3175eb70a220f56,Space grey,Brugbar,64GB,continue,854.00
Brugt iPhone XS,9268020314377,Space grey / Brugbar / 256GB,48366398275849,2d6075c76ae396d5e1,Space grey,Brugbar,256GB,continue,1124.00
Brugt iPhone XS,9268020314377,Space grey / Brugbar / 512GB,48366398308617,0611a2d9e5f187d6b5,Space grey,Brugbar,512GB,continue,1394.00
Brugt iPhone XS,9268020314377,Space grey / Brugt / 64GB,48366398341385,3bd42ff30930ee1a21,Space grey,Brugt,64GB,continue,1034.00
Brugt iPhone XS,9268020314377,Space grey / Brugt / 256GB,48366398374153,8e7de9ace198c43b21,Space grey,Brugt,256GB,continue,1304.00
Brugt iPhone XS,9268020314377,Space grey / Brugt / 512GB,48366398406921,30b38bc8e4355816e3,Space grey,Brugt,512GB,continue,1574.00
Brugt iPhone XS,9268020314377,Space grey / Rigtig god / 64GB,48366398439689,332600847df8f41199,Space grey,Rigtig god,64GB,continue,1214.00
Brugt iPhone XS,9268020314377,Space grey / Rigtig god / 256GB,48366398472457,e27a9881408abcb180,Space grey,Rigtig god,256GB,continue,1484.00
Brugt iPhone XS,9268020314377,Space grey / Rigtig god / 512GB,48366398505225,ef0ad1a488bec012f4,Space grey,Rigtig god,512GB,continue,1754.00
Brugt iPhone XS,9268020314377,Space grey / Som ny / 64GB,48366398537993,e75c2175af845cd9d4,Space grey,Som ny,64GB,continue,1394.00
Brugt iPhone XS,9268020314377,Space grey / Som ny / 256GB,48366398570761,1141cee4aa15849ea8,Space grey,Som ny,256GB,continue,1664.00
Brugt iPhone XS,9268020314377,Space grey / Som ny / 512GB,48366398603529,621bfb7942e4bad208,Space grey,Som ny,512GB,continue,1934.00
Brugt iPhone XS,9268020314377,Guld / Brugbar / 64GB,48366398636297,1e9b71a2e6f3cc034f,Guld,Brugbar,64GB,continue,854.00
Brugt iPhone XS,9268020314377,Guld / Brugbar / 256GB,48366398669065,175e9eb0a4c0345f09,Guld,Brugbar,256GB,continue,1124.00
Brugt iPhone XS,9268020314377,Guld / Brugbar / 512GB,48366398701833,b56c0387f1a6ce6d46,Guld,Brugbar,512GB,continue,1394.00
Brugt iPhone XS,9268020314377,Guld / Brugt / 64GB,48366398734601,86f3da25f1e8f1fa7c,Guld,Brugt,64GB,continue,1034.00
Brugt iPhone XS,9268020314377,Guld / Brugt / 256GB,48366398767369,a8cdb0be21f51e773d,Guld,Brugt,256GB,continue,1304.00
Brugt iPhone XS,9268020314377,Guld / Brugt / 512GB,48366398800137,c4593d746c53036aee,Guld,Brugt,512GB,continue,1574.00
Brugt iPhone XS,9268020314377,Guld / Rigtig god / 64GB,48366398832905,e46d2f7bd4ec9f50cf,Guld,Rigtig god,64GB,continue,1214.00
Brugt iPhone XS,9268020314377,Guld / Rigtig god / 256GB,48366398865673,88ed3be808fdeaf07c,Guld,Rigtig god,256GB,continue,1484.00
Brugt iPhone XS,9268020314377,Guld / Rigtig god / 512GB,48366398898441,4a473bc015c41718a2,Guld,Rigtig god,512GB,continue,1754.00
Brugt iPhone XS,9268020314377,Guld / Som ny / 64GB,48366398931209,c77e24b4e89c727bc7,Guld,Som ny,64GB,continue,1394.00
Brugt iPhone XS,9268020314377,Guld / Som ny / 256GB,48366398963977,df24eaf99a2d192bff,Guld,Som ny,256GB,continue,1664.00
Brugt iPhone XS,9268020314377,Guld / Som ny / 512GB,48366398996745,de6442513b4b49a1b3,Guld,Som ny,512GB,continue,1934.00
Brugt iPhone XS,9268020314377,Sølv / Brugbar / 64GB,48366399029513,cd0061956843e35381,Sølv,Brugbar,64GB,continue,854.00
Brugt iPhone XS,9268020314377,Sølv / Brugbar / 256GB,48366399062281,ba2fda033468db41ce,Sølv,Brugbar,256GB,continue,1124.00
Brugt iPhone XS,9268020314377,Sølv / Brugbar / 512GB,48366399095049,b029d253d0712f3db6,Sølv,Brugbar,512GB,continue,1394.00
Brugt iPhone XS,9268020314377,Sølv / Brugt / 64GB,48366399127817,9f912eb1bbdfd10332,Sølv,Brugt,64GB,continue,1034.00
Brugt iPhone XS,9268020314377,Sølv / Brugt / 256GB,48366399160585,45b2c050b8059a932b,Sølv,Brugt,256GB,continue,1304.00
Brugt iPhone XS,9268020314377,Sølv / Brugt / 512GB,48366399193353,8d171a0392c9ffc6c8,Sølv,Brugt,512GB,continue,1574.00
Brugt iPhone XS,9268020314377,Sølv / Rigtig god / 64GB,48366399226121,8cab124fdf2c922357,Sølv,Rigtig god,64GB,continue,1214.00
Brugt iPhone XS,9268020314377,Sølv / Rigtig god / 256GB,48366399258889,db9b350a5dc9fdabbf,Sølv,Rigtig god,256GB,continue,1484.00
Brugt iPhone XS,9268020314377,Sølv / Rigtig god / 512GB,48366399291657,981d01e527d1e0f803,Sølv,Rigtig god,512GB,continue,1754.00
Brugt iPhone XS,9268020314377,Sølv / Som ny / 64GB,48366399324425,1fd55ad8bfc721d806,Sølv,Som ny,64GB,continue,1394.00
Brugt iPhone XS,9268020314377,Sølv / Som ny / 256GB,48366399357193,cf204f024511a36ed1,Sølv,Som ny,256GB,continue,1664.00
Brugt iPhone XS,9268020314377,Sølv / Som ny / 512GB,48366399389961,37848452232dcb410b,Sølv,Som ny,512GB,continue,1934.00
Brugt iPhone XS Max,9268022608137,Space grey / Brugbar / 64GB,48366402273545,83154e6d8d8e18c810,Space grey,Brugbar,64GB,continue,1149.00
Brugt iPhone XS Max,9268022608137,Space grey / Brugbar / 256GB,48366402306313,94d1e8bc319ab04cc8,Space grey,Brugbar,256GB,continue,1349.00
Brugt iPhone XS Max,9268022608137,Space grey / Brugbar / 512GB,48366402339081,f0e3cbc525f96a0f2c,Space grey,Brugbar,512GB,continue,1649.00
Brugt iPhone XS Max,9268022608137,Space grey / Brugt / 64GB,48366402371849,910bf4db6b578c16df,Space grey,Brugt,64GB,continue,1349.00
Brugt iPhone XS Max,9268022608137,Space grey / Brugt / 256GB,48366402404617,0e7e3163a16a3db9de,Space grey,Brugt,256GB,continue,1549.00
Brugt iPhone XS Max,9268022608137,Space grey / Brugt / 512GB,48366402437385,fd5b9992850baf5c37,Space grey,Brugt,512GB,continue,1849.00
Brugt iPhone XS Max,9268022608137,Space grey / Rigtig god / 64GB,48366402470153,995c921f4e4dad3068,Space grey,Rigtig god,64GB,continue,1549.00
Brugt iPhone XS Max,9268022608137,Space grey / Rigtig god / 256GB,48366402502921,a03046053dada06ff2,Space grey,Rigtig god,256GB,continue,1749.00
Brugt iPhone XS Max,9268022608137,Space grey / Rigtig god / 512GB,48366402535689,5eebc3dd5bc2f2551d,Space grey,Rigtig god,512GB,continue,2049.00
Brugt iPhone XS Max,9268022608137,Space grey / Som ny / 64GB,48366402568457,eb95f09905f9dcd665,Space grey,Som ny,64GB,continue,1749.00
Brugt iPhone XS Max,9268022608137,Space grey / Som ny / 256GB,48366402601225,7e5eb219cbacbe3dd9,Space grey,Som ny,256GB,continue,1949.00
Brugt iPhone XS Max,9268022608137,Space grey / Som ny / 512GB,48366402633993,1766b2cec1481642b7,Space grey,Som ny,512GB,continue,2149.00
Brugt iPhone XS Max,9268022608137,Guld / Brugbar / 64GB,48366402666761,1d100bb5656e7179f1,Guld,Brugbar,64GB,continue,1149.00
Brugt iPhone XS Max,9268022608137,Guld / Brugbar / 256GB,48366402699529,79c6471456ca7b4717,Guld,Brugbar,256GB,continue,1349.00
Brugt iPhone XS Max,9268022608137,Guld / Brugbar / 512GB,48366402732297,be620856955acdb214,Guld,Brugbar,512GB,continue,1649.00
Brugt iPhone XS Max,9268022608137,Guld / Brugt / 64GB,48366402765065,e6f771511b5a3dd331,Guld,Brugt,64GB,continue,1349.00
Brugt iPhone XS Max,9268022608137,Guld / Brugt / 256GB,48366402797833,f8a4b9e700286d4dcc,Guld,Brugt,256GB,continue,1549.00
Brugt iPhone XS Max,9268022608137,Guld / Brugt / 512GB,48366402830601,a1fbbe723d5a6cb1c3,Guld,Brugt,512GB,continue,1849.00
Brugt iPhone XS Max,9268022608137,Guld / Rigtig god / 64GB,48366402863369,5316e0dfe6938e4f92,Guld,Rigtig god,64GB,continue,1549.00
Brugt iPhone XS Max,9268022608137,Guld / Rigtig god / 256GB,48366402896137,bc567a1c2cba6e35c1,Guld,Rigtig god,256GB,continue,1749.00
Brugt iPhone XS Max,9268022608137,Guld / Rigtig god / 512GB,48366402928905,5016b81906bbdf5073,Guld,Rigtig god,512GB,continue,2049.00
Brugt iPhone XS Max,9268022608137,Guld / Som ny / 64GB,48366402961673,1e833090af75eb4bdd,Guld,Som ny,64GB,continue,1749.00
Brugt iPhone XS Max,9268022608137,Guld / Som ny / 256GB,48366402994441,0b8d34a25142e7aba2,Guld,Som ny,256GB,continue,1949.00
Brugt iPhone XS Max,9268022608137,Guld / Som ny / 512GB,48366403027209,2a15c60309b2616c2c,Guld,Som ny,512GB,continue,2149.00
Brugt iPhone XS Max,9268022608137,Sølv / Brugbar / 64GB,48366403059977,e65f686e9b1fbd7720,Sølv,Brugbar,64GB,continue,1149.00
Brugt iPhone XS Max,9268022608137,Sølv / Brugbar / 256GB,48366403092745,e2117de022fa74cf31,Sølv,Brugbar,256GB,continue,1349.00
Brugt iPhone XS Max,9268022608137,Sølv / Brugbar / 512GB,48366403125513,ef90c7d4ed7988bc9f,Sølv,Brugbar,512GB,continue,1649.00
Brugt iPhone XS Max,9268022608137,Sølv / Brugt / 64GB,48366403158281,4ee5e001d9e402863a,Sølv,Brugt,64GB,continue,1349.00
Brugt iPhone XS Max,9268022608137,Sølv / Brugt / 256GB,48366403191049,1bcb36767055a1bc70,Sølv,Brugt,256GB,continue,1549.00
Brugt iPhone XS Max,9268022608137,Sølv / Brugt / 512GB,48366403223817,eb6cdf0e4aedad21a1,Sølv,Brugt,512GB,continue,1849.00
Brugt iPhone XS Max,9268022608137,Sølv / Rigtig god / 64GB,48366403256585,1d6405c303b68bc5ac,Sølv,Rigtig god,64GB,continue,1549.00
Brugt iPhone XS Max,9268022608137,Sølv / Rigtig god / 256GB,48366403289353,452f3d33fd9af3310d,Sølv,Rigtig god,256GB,continue,1749.00
Brugt iPhone XS Max,9268022608137,Sølv / Rigtig god / 512GB,48366403322121,ddc075275720edf2a3,Sølv,Rigtig god,512GB,continue,2049.00
Brugt iPhone XS Max,9268022608137,Sølv / Som ny / 64GB,48366403354889,442ffdb43042f3b2b0,Sølv,Som ny,64GB,continue,1749.00
Brugt iPhone XS Max,9268022608137,Sølv / Som ny / 256GB,48366403387657,b9e2d046a8d4b955e4,Sølv,Som ny,256GB,continue,1949.00
Brugt iPhone XS Max,9268022608137,Sølv / Som ny / 512GB,48366403420425,f739acf61a1d160b1f,Sølv,Som ny,512GB,continue,2149.00
Brugt Samsung Galaxy S20 5G,15097416548617,Hvid / Brugbar / 128GB,55196252766473,,Hvid,Brugbar,128GB,deny,1699.00
Brugt Samsung Galaxy S20 5G,15097416548617,Hvid / Brugt / 128GB,55196252733705,,Hvid,Brugt,128GB,deny,1829.00
Brugt Samsung Galaxy S20 5G,15097416548617,Hvid / Rigtig god / 128GB,55196252700937,,Hvid,Rigtig god,128GB,deny,1969.00
Brugt Samsung Galaxy S20 5G,15097416548617,Hvid / Som ny / 128GB,55196252668169,,Hvid,Som ny,128GB,deny,2269.00
Brugt Samsung Galaxy S20 5G,15097416548617,Grå / Brugbar / 128GB,55196252897545,,Grå,Brugbar,128GB,deny,1699.00
Brugt Samsung Galaxy S20 5G,15097416548617,Grå / Brugt / 128GB,55196252864777,,Grå,Brugt,128GB,deny,1829.00
Brugt Samsung Galaxy S20 5G,15097416548617,Grå / Rigtig god / 128GB,55196252832009,,Grå,Rigtig god,128GB,deny,1969.00
Brugt Samsung Galaxy S20 5G,15097416548617,Grå / Som ny / 128GB,55196252799241,,Grå,Som ny,128GB,deny,2269.00
Brugt Samsung Galaxy S20 5G,15097416548617,Blå / Brugbar / 128GB,55196253028617,,Blå,Brugbar,128GB,deny,1699.00
Brugt Samsung Galaxy S20 5G,15097416548617,Blå / Brugt / 128GB,55196252995849,,Blå,Brugt,128GB,deny,1829.00
Brugt Samsung Galaxy S20 5G,15097416548617,Blå / Rigtig god / 128GB,55196252963081,,Blå,Rigtig god,128GB,deny,1969.00
Brugt Samsung Galaxy S20 5G,15097416548617,Blå / Som ny / 128GB,55196252930313,,Blå,Som ny,128GB,deny,2269.00
Brugt Samsung Galaxy S20 FE 5G,15097417236745,Hvid / Brugbar / 128GB,55196255355145,,Hvid,Brugbar,128GB,deny,1499.00
Brugt Samsung Galaxy S20 FE 5G,15097417236745,Hvid / Brugt / 128GB,55196255322377,,Hvid,Brugt,128GB,deny,1609.00
Brugt Samsung Galaxy S20 FE 5G,15097417236745,Hvid / Rigtig god / 128GB,55196255289609,,Hvid,Rigtig god,128GB,deny,1719.00
Brugt Samsung Galaxy S20 FE 5G,15097417236745,Hvid / Som ny / 128GB,55196255256841,,Hvid,Som ny,128GB,deny,1969.00
Brugt Samsung Galaxy S20 FE 5G,15097417236745,Lilla / Brugbar / 128GB,55196255518985,,Lilla,Brugbar,128GB,deny,1499.00
Brugt Samsung Galaxy S20 FE 5G,15097417236745,Lilla / Brugt / 128GB,55196255486217,,Lilla,Brugt,128GB,deny,1609.00
Brugt Samsung Galaxy S20 FE 5G,15097417236745,Lilla / Rigtig god / 128GB,55196255453449,,Lilla,Rigtig god,128GB,deny,1719.00
Brugt Samsung Galaxy S20 FE 5G,15097417236745,Lilla / Som ny / 128GB,55196255420681,,Lilla,Som ny,128GB,deny,1969.00
Brugt Samsung Galaxy S20 FE 5G,15097417236745,Blå / Brugbar / 128GB,55196255650057,,Blå,Brugbar,128GB,deny,1499.00
Brugt Samsung Galaxy S20 FE 5G,15097417236745,Blå / Brugt / 128GB,55196255617289,,Blå,Brugt,128GB,deny,1609.00
Brugt Samsung Galaxy S20 FE 5G,15097417236745,Blå / Rigtig god / 128GB,55196255584521,,Blå,Rigtig god,128GB,deny,1719.00
Brugt Samsung Galaxy S20 FE 5G,15097417236745,Blå / Som ny / 128GB,55196255551753,,Blå,Som ny,128GB,deny,1969.00
Brugt Samsung Galaxy S20 FE 5G,15097417236745,Grøn / Brugbar / 128GB,55196255781129,,Grøn,Brugbar,128GB,deny,1499.00
Brugt Samsung Galaxy S20 FE 5G,15097417236745,Grøn / Brugt / 128GB,55196255748361,,Grøn,Brugt,128GB,deny,1609.00
Brugt Samsung Galaxy S20 FE 5G,15097417236745,Grøn / Rigtig god / 128GB,55196255715593,,Grøn,Rigtig god,128GB,deny,1719.00
Brugt Samsung Galaxy S20 FE 5G,15097417236745,Grøn / Som ny / 128GB,55196255682825,,Grøn,Som ny,128GB,deny,1969.00
Brugt Samsung Galaxy S21 5G,15097418252553,Hvid / Brugbar / 128GB,55196258238729,,Hvid,Brugbar,128GB,deny,1799.00
Brugt Samsung Galaxy S21 5G,15097418252553,Hvid / Brugbar / 256GB,55196258271497,,Hvid,Brugbar,256GB,deny,1999.00
Brugt Samsung Galaxy S21 5G,15097418252553,Hvid / Brugt / 128GB,55196258140425,,Hvid,Brugt,128GB,deny,1969.00
Brugt Samsung Galaxy S21 5G,15097418252553,Hvid / Brugt / 256GB,55196258205961,,Hvid,Brugt,256GB,deny,2219.00
Brugt Samsung Galaxy S21 5G,15097418252553,Hvid / Rigtig god / 128GB,55196258074889,,Hvid,Rigtig god,128GB,deny,2149.00
Brugt Samsung Galaxy S21 5G,15097418252553,Hvid / Rigtig god / 256GB,55196258107657,,Hvid,Rigtig god,256GB,deny,2449.00
Brugt Samsung Galaxy S21 5G,15097418252553,Hvid / Som ny / 128GB,55196258009353,,Hvid,Som ny,128GB,deny,2699.00
Brugt Samsung Galaxy S21 5G,15097418252553,Hvid / Som ny / 256GB,55196258042121,,Hvid,Som ny,256GB,deny,2949.00
Brugt Samsung Galaxy S21 5G,15097418252553,Lilla / Brugbar / 128GB,55196258566409,,Lilla,Brugbar,128GB,deny,1799.00
Brugt Samsung Galaxy S21 5G,15097418252553,Lilla / Brugbar / 256GB,55196258599177,,Lilla,Brugbar,256GB,deny,1999.00
Brugt Samsung Galaxy S21 5G,15097418252553,Lilla / Brugt / 128GB,55196258500873,,Lilla,Brugt,128GB,deny,1969.00
Brugt Samsung Galaxy S21 5G,15097418252553,Lilla / Brugt / 256GB,55196258533641,,Lilla,Brugt,256GB,deny,2219.00
Brugt Samsung Galaxy S21 5G,15097418252553,Lilla / Rigtig god / 128GB,55196258435337,,Lilla,Rigtig god,128GB,deny,2149.00
Brugt Samsung Galaxy S21 5G,15097418252553,Lilla / Rigtig god / 256GB,55196258468105,,Lilla,Rigtig god,256GB,deny,2449.00
Brugt Samsung Galaxy S21 5G,15097418252553,Lilla / Som ny / 128GB,55196258304265,,Lilla,Som ny,128GB,deny,2699.00
Brugt Samsung Galaxy S21 5G,15097418252553,Lilla / Som ny / 256GB,55196258402569,,Lilla,Som ny,256GB,deny,2949.00
Brugt Samsung Galaxy S21 5G,15097418252553,Grå / Brugbar / 128GB,55196258828553,,Grå,Brugbar,128GB,deny,1799.00
Brugt Samsung Galaxy S21 5G,15097418252553,Grå / Brugbar / 256GB,55196258861321,,Grå,Brugbar,256GB,deny,1999.00
Brugt Samsung Galaxy S21 5G,15097418252553,Grå / Brugt / 128GB,55196258763017,,Grå,Brugt,128GB,deny,1969.00
Brugt Samsung Galaxy S21 5G,15097418252553,Grå / Brugt / 256GB,55196258795785,,Grå,Brugt,256GB,deny,2219.00
Brugt Samsung Galaxy S21 5G,15097418252553,Grå / Rigtig god / 128GB,55196258697481,,Grå,Rigtig god,128GB,deny,2149.00
Brugt Samsung Galaxy S21 5G,15097418252553,Grå / Rigtig god / 256GB,55196258730249,,Grå,Rigtig god,256GB,deny,2449.00
Brugt Samsung Galaxy S21 5G,15097418252553,Grå / Som ny / 128GB,55196258631945,,Grå,Som ny,128GB,deny,2699.00
Brugt Samsung Galaxy S21 5G,15097418252553,Grå / Som ny / 256GB,55196258664713,,Grå,Som ny,256GB,deny,2949.00
Brugt Samsung Galaxy S21 FE 5G,15097417761033,Hvid / Brugbar / 128GB,55196256403721,,Hvid,Brugbar,128GB,deny,1699.00
Brugt Samsung Galaxy S21 FE 5G,15097417761033,Hvid / Brugt / 128GB,55196256370953,,Hvid,Brugt,128GB,deny,1859.00
Brugt Samsung Galaxy S21 FE 5G,15097417761033,Hvid / Rigtig god / 128GB,55196256338185,,Hvid,Rigtig god,128GB,deny,2029.00
Brugt Samsung Galaxy S21 FE 5G,15097417761033,Hvid / Som ny / 128GB,55196256305417,,Hvid,Som ny,128GB,deny,2269.00
Brugt Samsung Galaxy S21 FE 5G,15097417761033,Lilla / Brugbar / 128GB,55196256534793,,Lilla,Brugbar,128GB,deny,1499.00
Brugt Samsung Galaxy S21 FE 5G,15097417761033,Lilla / Brugt / 128GB,55196256502025,,Lilla,Brugt,128GB,deny,1609.00
Brugt Samsung Galaxy S21 FE 5G,15097417761033,Lilla / Rigtig god / 128GB,55196256469257,,Lilla,Rigtig god,128GB,deny,1719.00
Brugt Samsung Galaxy S21 FE 5G,15097417761033,Lilla / Som ny / 128GB,55196256436489,,Lilla,Som ny,128GB,deny,1969.00
Brugt Samsung Galaxy S21 FE 5G,15097417761033,Sort / Brugbar / 128GB,55196256665865,,Sort,Brugbar,128GB,deny,1499.00
Brugt Samsung Galaxy S21 FE 5G,15097417761033,Sort / Brugt / 128GB,55196256633097,,Sort,Brugt,128GB,deny,1609.00
Brugt Samsung Galaxy S21 FE 5G,15097417761033,Sort / Rigtig god / 128GB,55196256600329,,Sort,Rigtig god,128GB,deny,1719.00
Brugt Samsung Galaxy S21 FE 5G,15097417761033,Sort / Som ny / 128GB,55196256567561,,Sort,Som ny,128GB,deny,1969.00
Brugt Samsung Galaxy S21 FE 5G,15097417761033,Grøn / Brugbar / 128GB,55196256796937,,Grøn,Brugbar,128GB,deny,1499.00
Brugt Samsung Galaxy S21 FE 5G,15097417761033,Grøn / Brugt / 128GB,55196256764169,,Grøn,Brugt,128GB,deny,1609.00
Brugt Samsung Galaxy S21 FE 5G,15097417761033,Grøn / Rigtig god / 128GB,55196256731401,,Grøn,Rigtig god,128GB,deny,1719.00
Brugt Samsung Galaxy S21 FE 5G,15097417761033,Grøn / Som ny / 128GB,55196256698633,,Grøn,Som ny,128GB,deny,1969.00
Brugt Samsung Galaxy S21 Plus 5G,15097418678537,Sølv / Brugbar / 128GB,55196259909897,,Sølv,Brugbar,128GB,deny,1899.00
Brugt Samsung Galaxy S21 Plus 5G,15097418678537,Sølv / Brugbar / 256GB,55196259942665,,Sølv,Brugbar,256GB,deny,1999.00
Brugt Samsung Galaxy S21 Plus 5G,15097418678537,Sølv / Rigtig god / 128GB,55196259778825,,Sølv,Rigtig god,128GB,deny,2269.00
Brugt Samsung Galaxy S21 Plus 5G,15097418678537,Sølv / Rigtig god / 256GB,55196259811593,,Sølv,Rigtig god,256GB,deny,2449.00
Brugt Samsung Galaxy S21 Plus 5G,15097418678537,Sølv / Brugt / 128GB,55196259844361,,Sølv,Brugt,128GB,deny,2079.00
Brugt Samsung Galaxy S21 Plus 5G,15097418678537,Sølv / Brugt / 256GB,55196259877129,,Sølv,Brugt,256GB,deny,2219.00
Brugt Samsung Galaxy S21 Plus 5G,15097418678537,Sølv / Som ny / 128GB,55196259713289,,Sølv,Som ny,128GB,deny,2639.00
Brugt Samsung Galaxy S21 Plus 5G,15097418678537,Sølv / Som ny / 256GB,55196259746057,,Sølv,Som ny,256GB,deny,3019.00
Brugt Samsung Galaxy S21 Plus 5G,15097418678537,Sort / Brugbar / 128GB,55196260172041,,Sort,Brugbar,128GB,deny,1899.00
Brugt Samsung Galaxy S21 Plus 5G,15097418678537,Sort / Brugbar / 256GB,55196260204809,,Sort,Brugbar,256GB,deny,1999.00
Brugt Samsung Galaxy S21 Plus 5G,15097418678537,Sort / Rigtig god / 128GB,55196260040969,,Sort,Rigtig god,128GB,deny,2269.00
Brugt Samsung Galaxy S21 Plus 5G,15097418678537,Sort / Rigtig god / 256GB,55196260073737,,Sort,Rigtig god,256GB,deny,2449.00
Brugt Samsung Galaxy S21 Plus 5G,15097418678537,Sort / Brugt / 128GB,55196260106505,,Sort,Brugt,128GB,deny,2079.00
Brugt Samsung Galaxy S21 Plus 5G,15097418678537,Sort / Brugt / 256GB,55196260139273,,Sort,Brugt,256GB,deny,2219.00
Brugt Samsung Galaxy S21 Plus 5G,15097418678537,Sort / Som ny / 128GB,55196259975433,,Sort,Som ny,128GB,deny,2639.00
Brugt Samsung Galaxy S21 Plus 5G,15097418678537,Sort / Som ny / 256GB,55196260008201,,Sort,Som ny,256GB,deny,3019.00
Brugt Samsung Galaxy S21 Plus 5G,15097418678537,Lilla / Brugbar / 128GB,55196260434185,,Lilla,Brugbar,128GB,deny,1899.00
Brugt Samsung Galaxy S21 Plus 5G,15097418678537,Lilla / Brugbar / 256GB,55196260466953,,Lilla,Brugbar,256GB,deny,1999.00
Brugt Samsung Galaxy S21 Plus 5G,15097418678537,Lilla / Rigtig god / 128GB,55196260303113,,Lilla,Rigtig god,128GB,deny,2269.00
Brugt Samsung Galaxy S21 Plus 5G,15097418678537,Lilla / Rigtig god / 256GB,55196260335881,,Lilla,Rigtig god,256GB,deny,2449.00
Brugt Samsung Galaxy S21 Plus 5G,15097418678537,Lilla / Brugt / 128GB,55196260368649,,Lilla,Brugt,128GB,deny,2079.00
Brugt Samsung Galaxy S21 Plus 5G,15097418678537,Lilla / Brugt / 256GB,55196260401417,,Lilla,Brugt,256GB,deny,2219.00
Brugt Samsung Galaxy S21 Plus 5G,15097418678537,Lilla / Som ny / 128GB,55196260237577,,Lilla,Som ny,128GB,deny,2639.00
Brugt Samsung Galaxy S21 Plus 5G,15097418678537,Lilla / Som ny / 256GB,55196260270345,,Lilla,Som ny,256GB,deny,3019.00
Brugt Samsung Galaxy S21 Ultra 5G,15097419038985,Sølv / Brugbar / 128GB,55196261679369,,Sølv,Brugbar,128GB,deny,2799.00
Brugt Samsung Galaxy S21 Ultra 5G,15097419038985,Sølv / Brugbar / 256GB,55196261712137,,Sølv,Brugbar,256GB,deny,2799.00
Brugt Samsung Galaxy S21 Ultra 5G,15097419038985,Sølv / Brugbar / 512GB,55196261744905,,Sølv,Brugbar,512GB,deny,3599.00
Brugt Samsung Galaxy S21 Ultra 5G,15097419038985,Sølv / Brugt / 128GB,55196261581065,,Sølv,Brugt,128GB,deny,2959.00
Brugt Samsung Galaxy S21 Ultra 5G,15097419038985,Sølv / Brugt / 256GB,55196261613833,,Sølv,Brugt,256GB,deny,3089.00
Brugt Samsung Galaxy S21 Ultra 5G,15097419038985,Sølv / Brugt / 512GB,55196261646601,,Sølv,Brugt,512GB,deny,3759.00
Brugt Samsung Galaxy S21 Ultra 5G,15097419038985,Sølv / Rigtig god / 128GB,55196261482761,,Sølv,Rigtig god,128GB,deny,3129.00
Brugt Samsung Galaxy S21 Ultra 5G,15097419038985,Sølv / Rigtig god / 256GB,55196261515529,,Sølv,Rigtig god,256GB,deny,3379.00
Brugt Samsung Galaxy S21 Ultra 5G,15097419038985,Sølv / Rigtig god / 512GB,55196261548297,,Sølv,Rigtig god,512GB,deny,3929.00
Brugt Samsung Galaxy S21 Ultra 5G,15097419038985,Sølv / Som ny / 128GB,55196261384457,,Sølv,Som ny,128GB,deny,3679.00
Brugt Samsung Galaxy S21 Ultra 5G,15097419038985,Sølv / Som ny / 256GB,55196261417225,,Sølv,Som ny,256GB,deny,3749.00
Brugt Samsung Galaxy S21 Ultra 5G,15097419038985,Sølv / Som ny / 512GB,55196261449993,,Sølv,Som ny,512GB,deny,4669.00
Brugt Samsung Galaxy S21 Ultra 5G,15097419038985,Sort / Brugbar / 128GB,55196262072585,,Sort,Brugbar,128GB,deny,2799.00
Brugt Samsung Galaxy S21 Ultra 5G,15097419038985,Sort / Brugbar / 256GB,55196262105353,,Sort,Brugbar,256GB,deny,2799.00
Brugt Samsung Galaxy S21 Ultra 5G,15097419038985,Sort / Brugbar / 512GB,55196262138121,,Sort,Brugbar,512GB,deny,3599.00
Brugt Samsung Galaxy S21 Ultra 5G,15097419038985,Sort / Brugt / 128GB,55196261974281,,Sort,Brugt,128GB,deny,2959.00
Brugt Samsung Galaxy S21 Ultra 5G,15097419038985,Sort / Brugt / 256GB,55196262007049,,Sort,Brugt,256GB,deny,3089.00
Brugt Samsung Galaxy S21 Ultra 5G,15097419038985,Sort / Brugt / 512GB,55196262039817,,Sort,Brugt,512GB,deny,3759.00
Brugt Samsung Galaxy S21 Ultra 5G,15097419038985,Sort / Rigtig god / 128GB,55196261875977,,Sort,Rigtig god,128GB,deny,3129.00
Brugt Samsung Galaxy S21 Ultra 5G,15097419038985,Sort / Rigtig god / 256GB,55196261908745,,Sort,Rigtig god,256GB,deny,3379.00
Brugt Samsung Galaxy S21 Ultra 5G,15097419038985,Sort / Rigtig god / 512GB,55196261941513,,Sort,Rigtig god,512GB,deny,3929.00
Brugt Samsung Galaxy S21 Ultra 5G,15097419038985,Sort / Som ny / 128GB,55196261777673,,Sort,Som ny,128GB,deny,3679.00
Brugt Samsung Galaxy S21 Ultra 5G,15097419038985,Sort / Som ny / 256GB,55196261810441,,Sort,Som ny,256GB,deny,3749.00
Brugt Samsung Galaxy S21 Ultra 5G,15097419038985,Sort / Som ny / 512GB,55196261843209,,Sort,Som ny,512GB,deny,4669.00
Brugt Samsung Galaxy S22 5G,15097413927177,Sort / Brugbar / 128GB,55196237955337,,Sort,Brugbar,128GB,deny,2399.00
Brugt Samsung Galaxy S22 5G,15097413927177,Sort / Brugbar / 256GB,55196237988105,,Sort,Brugbar,256GB,deny,2699.00
Brugt Samsung Galaxy S22 5G,15097413927177,Sort / Brugt / 128GB,55196237889801,,Sort,Brugt,128GB,deny,2549.00
Brugt Samsung Galaxy S22 5G,15097413927177,Sort / Brugt / 256GB,55196237922569,,Sort,Brugt,256GB,deny,2909.00
Brugt Samsung Galaxy S22 5G,15097413927177,Sort / Rigtig god / 128GB,55196237824265,,Sort,Rigtig god,128GB,deny,2699.00
Brugt Samsung Galaxy S22 5G,15097413927177,Sort / Rigtig god / 256GB,55196237857033,,Sort,Rigtig god,256GB,deny,3129.00
Brugt Samsung Galaxy S22 5G,15097413927177,Sort / Som ny / 128GB,55196237758729,,Sort,Som ny,128GB,deny,3129.00
Brugt Samsung Galaxy S22 5G,15097413927177,Sort / Som ny / 256GB,55196237791497,,Sort,Som ny,256GB,deny,3619.00
Brugt Samsung Galaxy S22 5G,15097413927177,Hvid / Brugbar / 128GB,55196238217481,,Hvid,Brugbar,128GB,deny,2399.00
Brugt Samsung Galaxy S22 5G,15097413927177,Hvid / Brugbar / 256GB,55196238250249,,Hvid,Brugbar,256GB,deny,2699.00
Brugt Samsung Galaxy S22 5G,15097413927177,Hvid / Brugt / 128GB,55196238151945,,Hvid,Brugt,128GB,deny,2549.00
Brugt Samsung Galaxy S22 5G,15097413927177,Hvid / Brugt / 256GB,55196238184713,,Hvid,Brugt,256GB,deny,2909.00
Brugt Samsung Galaxy S22 5G,15097413927177,Hvid / Rigtig god / 128GB,55196238086409,,Hvid,Rigtig god,128GB,deny,2699.00
Brugt Samsung Galaxy S22 5G,15097413927177,Hvid / Rigtig god / 256GB,55196238119177,,Hvid,Rigtig god,256GB,deny,3129.00
Brugt Samsung Galaxy S22 5G,15097413927177,Hvid / Som ny / 128GB,55196238020873,,Hvid,Som ny,128GB,deny,3129.00
Brugt Samsung Galaxy S22 5G,15097413927177,Hvid / Som ny / 256GB,55196238053641,,Hvid,Som ny,256GB,deny,3619.00
Brugt Samsung Galaxy S22 5G,15097413927177,Grøn / Brugbar / 128GB,55196238479625,,Grøn,Brugbar,128GB,deny,2399.00
Brugt Samsung Galaxy S22 5G,15097413927177,Grøn / Brugbar / 256GB,55196238512393,,Grøn,Brugbar,256GB,deny,2699.00
Brugt Samsung Galaxy S22 5G,15097413927177,Grøn / Brugt / 128GB,55196238414089,,Grøn,Brugt,128GB,deny,2549.00
Brugt Samsung Galaxy S22 5G,15097413927177,Grøn / Brugt / 256GB,55196238446857,,Grøn,Brugt,256GB,deny,2909.00
Brugt Samsung Galaxy S22 5G,15097413927177,Grøn / Rigtig god / 128GB,55196238348553,,Grøn,Rigtig god,128GB,deny,2699.00
Brugt Samsung Galaxy S22 5G,15097413927177,Grøn / Rigtig god / 256GB,55196238381321,,Grøn,Rigtig god,256GB,deny,3129.00
Brugt Samsung Galaxy S22 5G,15097413927177,Grøn / Som ny / 128GB,55196238283017,,Grøn,Som ny,128GB,deny,3129.00
Brugt Samsung Galaxy S22 5G,15097413927177,Grøn / Som ny / 256GB,55196238315785,,Grøn,Som ny,256GB,deny,3619.00
Brugt Samsung Galaxy S22 5G,15097413927177,Lilla / Brugbar / 128GB,55196238741769,,Lilla,Brugbar,128GB,deny,2399.00
Brugt Samsung Galaxy S22 5G,15097413927177,Lilla / Brugbar / 256GB,55196238774537,,Lilla,Brugbar,256GB,deny,2699.00
Brugt Samsung Galaxy S22 5G,15097413927177,Lilla / Brugt / 128GB,55196238676233,,Lilla,Brugt,128GB,deny,2549.00
Brugt Samsung Galaxy S22 5G,15097413927177,Lilla / Brugt / 256GB,55196238709001,,Lilla,Brugt,256GB,deny,2909.00
Brugt Samsung Galaxy S22 5G,15097413927177,Lilla / Rigtig god / 128GB,55196238610697,,Lilla,Rigtig god,128GB,deny,2699.00
Brugt Samsung Galaxy S22 5G,15097413927177,Lilla / Rigtig god / 256GB,55196238643465,,Lilla,Rigtig god,256GB,deny,3129.00
Brugt Samsung Galaxy S22 5G,15097413927177,Lilla / Som ny / 128GB,55196238545161,,Lilla,Som ny,128GB,deny,3129.00
Brugt Samsung Galaxy S22 5G,15097413927177,Lilla / Som ny / 256GB,55196238577929,,Lilla,Som ny,256GB,deny,3619.00
Brugt Samsung Galaxy S22 Plus 5G,15097413435657,Sort / Brugbar / 128GB,55196236054793,,Sort,Brugbar,128GB,deny,2519.00
Brugt Samsung Galaxy S22 Plus 5G,15097413435657,Sort / Brugbar / 256GB,55196236087561,,Sort,Brugbar,256GB,deny,2769.00
Brugt Samsung Galaxy S22 Plus 5G,15097413435657,Sort / Brugt / 128GB,55196235989257,,Sort,Brugt,128GB,deny,2729.00
Brugt Samsung Galaxy S22 Plus 5G,15097413435657,Sort / Brugt / 256GB,55196236022025,,Sort,Brugt,256GB,deny,3039.00
Brugt Samsung Galaxy S22 Plus 5G,15097413435657,Sort / Rigtig god / 128GB,55196235923721,,Sort,Rigtig god,128GB,deny,2949.00
Brugt Samsung Galaxy S22 Plus 5G,15097413435657,Sort / Rigtig god / 256GB,55196235956489,,Sort,Rigtig god,256GB,deny,3319.00
Brugt Samsung Galaxy S22 Plus 5G,15097413435657,Sort / Som ny / 128GB,55196235858185,,Sort,Som ny,128GB,deny,3499.00
Brugt Samsung Galaxy S22 Plus 5G,15097413435657,Sort / Som ny / 256GB,55196235890953,,Sort,Som ny,256GB,deny,3929.00
Brugt Samsung Galaxy S22 Plus 5G,15097413435657,Hvid / Brugbar / 128GB,55196236316937,,Hvid,Brugbar,128GB,deny,2519.00
Brugt Samsung Galaxy S22 Plus 5G,15097413435657,Hvid / Brugbar / 256GB,55196236349705,,Hvid,Brugbar,256GB,deny,2769.00
Brugt Samsung Galaxy S22 Plus 5G,15097413435657,Hvid / Brugt / 128GB,55196236251401,,Hvid,Brugt,128GB,deny,2729.00
Brugt Samsung Galaxy S22 Plus 5G,15097413435657,Hvid / Brugt / 256GB,55196236284169,,Hvid,Brugt,256GB,deny,3039.00
Brugt Samsung Galaxy S22 Plus 5G,15097413435657,Hvid / Rigtig god / 128GB,55196236185865,,Hvid,Rigtig god,128GB,deny,2949.00
Brugt Samsung Galaxy S22 Plus 5G,15097413435657,Hvid / Rigtig god / 256GB,55196236218633,,Hvid,Rigtig god,256GB,deny,3319.00
Brugt Samsung Galaxy S22 Plus 5G,15097413435657,Hvid / Som ny / 128GB,55196236120329,,Hvid,Som ny,128GB,deny,3499.00
Brugt Samsung Galaxy S22 Plus 5G,15097413435657,Hvid / Som ny / 256GB,55196236153097,,Hvid,Som ny,256GB,deny,3929.00
Brugt Samsung Galaxy S22 Plus 5G,15097413435657,Grøn / Brugbar / 128GB,55196236611849,,Grøn,Brugbar,128GB,deny,2519.00
Brugt Samsung Galaxy S22 Plus 5G,15097413435657,Grøn / Brugbar / 256GB,55196236742921,,Grøn,Brugbar,256GB,deny,2769.00
Brugt Samsung Galaxy S22 Plus 5G,15097413435657,Grøn / Brugt / 128GB,55196236546313,,Grøn,Brugt,128GB,deny,2729.00
Brugt Samsung Galaxy S22 Plus 5G,15097413435657,Grøn / Brugt / 256GB,55196236579081,,Grøn,Brugt,256GB,deny,3039.00
Brugt Samsung Galaxy S22 Plus 5G,15097413435657,Grøn / Rigtig god / 128GB,55196236448009,,Grøn,Rigtig god,128GB,deny,2949.00
Brugt Samsung Galaxy S22 Plus 5G,15097413435657,Grøn / Rigtig god / 256GB,55196236480777,,Grøn,Rigtig god,256GB,deny,3319.00
Brugt Samsung Galaxy S22 Plus 5G,15097413435657,Grøn / Som ny / 128GB,55196236382473,,Grøn,Som ny,128GB,deny,3499.00
Brugt Samsung Galaxy S22 Plus 5G,15097413435657,Grøn / Som ny / 256GB,55196236415241,,Grøn,Som ny,256GB,deny,3929.00
Brugt Samsung Galaxy S22 Plus 5G,15097413435657,Lilla / Brugbar / 128GB,55196236972297,,Lilla,Brugbar,128GB,deny,2519.00
Brugt Samsung Galaxy S22 Plus 5G,15097413435657,Lilla / Brugbar / 256GB,55196237005065,,Lilla,Brugbar,256GB,deny,2769.00
Brugt Samsung Galaxy S22 Plus 5G,15097413435657,Lilla / Brugt / 128GB,55196236906761,,Lilla,Brugt,128GB,deny,2729.00
Brugt Samsung Galaxy S22 Plus 5G,15097413435657,Lilla / Brugt / 256GB,55196236939529,,Lilla,Brugt,256GB,deny,3039.00
Brugt Samsung Galaxy S22 Plus 5G,15097413435657,Lilla / Rigtig god / 128GB,55196236841225,,Lilla,Rigtig god,128GB,deny,2949.00
Brugt Samsung Galaxy S22 Plus 5G,15097413435657,Lilla / Rigtig god / 256GB,55196236873993,,Lilla,Rigtig god,256GB,deny,3319.00
Brugt Samsung Galaxy S22 Plus 5G,15097413435657,Lilla / Som ny / 128GB,55196236775689,,Lilla,Som ny,128GB,deny,3499.00
Brugt Samsung Galaxy S22 Plus 5G,15097413435657,Lilla / Som ny / 256GB,55196236808457,,Lilla,Som ny,256GB,deny,3929.00
Brugt Samsung Galaxy S22 Ultra 5G,15097419170057,Hvid / Brugbar / 128GB,55196262695177,,Hvid,Brugbar,128GB,deny,3199.00
Brugt Samsung Galaxy S22 Ultra 5G,15097419170057,Hvid / Brugbar / 256GB,55196262727945,,Hvid,Brugbar,256GB,deny,3699.00
Brugt Samsung Galaxy S22 Ultra 5G,15097419170057,Hvid / Brugbar / 512GB,55196262760713,,Hvid,Brugbar,512GB,deny,4099.00
Brugt Samsung Galaxy S22 Ultra 5G,15097419170057,Hvid / Brugbar / 1TB,55196262793481,,Hvid,Brugbar,1TB,deny,4799.00
Brugt Samsung Galaxy S22 Ultra 5G,15097419170057,Hvid / Brugt / 128GB,55196262564105,,Hvid,Brugt,128GB,deny,3469.00
Brugt Samsung Galaxy S22 Ultra 5G,15097419170057,Hvid / Brugt / 256GB,55196262596873,,Hvid,Brugt,256GB,deny,3969.00
Brugt Samsung Galaxy S22 Ultra 5G,15097419170057,Hvid / Brugt / 512GB,55196262629641,,Hvid,Brugt,512GB,deny,4349.00
Brugt Samsung Galaxy S22 Ultra 5G,15097419170057,Hvid / Brugt / 1TB,55196262662409,,Hvid,Brugt,1TB,deny,5159.00
Brugt Samsung Galaxy S22 Ultra 5G,15097419170057,Hvid / Rigtig god / 128GB,55196262433033,,Hvid,Rigtig god,128GB,deny,3749.00
Brugt Samsung Galaxy S22 Ultra 5G,15097419170057,Hvid / Rigtig god / 256GB,55196262465801,,Hvid,Rigtig god,256GB,deny,4239.00
Brugt Samsung Galaxy S22 Ultra 5G,15097419170057,Hvid / Rigtig god / 512GB,55196262498569,,Hvid,Rigtig god,512GB,deny,4599.00
Brugt Samsung Galaxy S22 Ultra 5G,15097419170057,Hvid / Rigtig god / 1TB,55196262531337,,Hvid,Rigtig god,1TB,deny,5519.00
Brugt Samsung Galaxy S22 Ultra 5G,15097419170057,Hvid / Som ny / 128GB,55196262301961,,Hvid,Som ny,128GB,deny,4299.00
Brugt Samsung Galaxy S22 Ultra 5G,15097419170057,Hvid / Som ny / 256GB,55196262334729,,Hvid,Som ny,256GB,deny,4909.00
Brugt Samsung Galaxy S22 Ultra 5G,15097419170057,Hvid / Som ny / 512GB,55196262367497,,Hvid,Som ny,512GB,deny,5219.00
Brugt Samsung Galaxy S22 Ultra 5G,15097419170057,Hvid / Som ny / 1TB,55196262400265,,Hvid,Som ny,1TB,deny,6129.00
Brugt Samsung Galaxy S22 Ultra 5G,15097419170057,Lilla / Brugbar / 128GB,55196263219465,,Lilla,Brugbar,128GB,deny,3199.00
Brugt Samsung Galaxy S22 Ultra 5G,15097419170057,Lilla / Brugbar / 256GB,55196263252233,,Lilla,Brugbar,256GB,deny,3699.00
Brugt Samsung Galaxy S22 Ultra 5G,15097419170057,Lilla / Brugbar / 512GB,55196263285001,,Lilla,Brugbar,512GB,deny,4099.00
Brugt Samsung Galaxy S22 Ultra 5G,15097419170057,Lilla / Brugbar / 1TB,55196263317769,,Lilla,Brugbar,1TB,deny,4799.00
Brugt Samsung Galaxy S22 Ultra 5G,15097419170057,Lilla / Brugt / 128GB,55196263088393,,Lilla,Brugt,128GB,deny,3469.00
Brugt Samsung Galaxy S22 Ultra 5G,15097419170057,Lilla / Brugt / 256GB,55196263121161,,Lilla,Brugt,256GB,deny,3969.00
Brugt Samsung Galaxy S22 Ultra 5G,15097419170057,Lilla / Brugt / 512GB,55196263153929,,Lilla,Brugt,512GB,deny,4349.00
Brugt Samsung Galaxy S22 Ultra 5G,15097419170057,Lilla / Brugt / 1TB,55196263186697,,Lilla,Brugt,1TB,deny,5159.00
Brugt Samsung Galaxy S22 Ultra 5G,15097419170057,Lilla / Rigtig god / 128GB,55196262957321,,Lilla,Rigtig god,128GB,deny,3749.00
Brugt Samsung Galaxy S22 Ultra 5G,15097419170057,Lilla / Rigtig god / 256GB,55196262990089,,Lilla,Rigtig god,256GB,deny,4239.00
Brugt Samsung Galaxy S22 Ultra 5G,15097419170057,Lilla / Rigtig god / 512GB,55196263022857,,Lilla,Rigtig god,512GB,deny,4599.00
Brugt Samsung Galaxy S22 Ultra 5G,15097419170057,Lilla / Rigtig god / 1TB,55196263055625,,Lilla,Rigtig god,1TB,deny,5519.00
Brugt Samsung Galaxy S22 Ultra 5G,15097419170057,Lilla / Som ny / 128GB,55196262826249,,Lilla,Som ny,128GB,deny,4299.00
Brugt Samsung Galaxy S22 Ultra 5G,15097419170057,Lilla / Som ny / 256GB,55196262859017,,Lilla,Som ny,256GB,deny,4909.00
Brugt Samsung Galaxy S22 Ultra 5G,15097419170057,Lilla / Som ny / 512GB,55196262891785,,Lilla,Som ny,512GB,deny,5219.00
Brugt Samsung Galaxy S22 Ultra 5G,15097419170057,Lilla / Som ny / 1TB,55196262924553,,Lilla,Som ny,1TB,deny,6129.00
Brugt Samsung Galaxy S22 Ultra 5G,15097419170057,Sort / Brugbar / 128GB,55196263743753,,Sort,Brugbar,128GB,deny,3199.00
Brugt Samsung Galaxy S22 Ultra 5G,15097419170057,Sort / Brugbar / 256GB,55196263776521,,Sort,Brugbar,256GB,deny,3699.00
Brugt Samsung Galaxy S22 Ultra 5G,15097419170057,Sort / Brugbar / 512GB,55196263809289,,Sort,Brugbar,512GB,deny,4099.00
Brugt Samsung Galaxy S22 Ultra 5G,15097419170057,Sort / Brugbar / 1TB,55196263842057,,Sort,Brugbar,1TB,deny,4799.00
Brugt Samsung Galaxy S22 Ultra 5G,15097419170057,Sort / Brugt / 128GB,55196263612681,,Sort,Brugt,128GB,deny,3469.00
Brugt Samsung Galaxy S22 Ultra 5G,15097419170057,Sort / Brugt / 256GB,55196263645449,,Sort,Brugt,256GB,deny,3969.00
Brugt Samsung Galaxy S22 Ultra 5G,15097419170057,Sort / Brugt / 512GB,55196263678217,,Sort,Brugt,512GB,deny,4349.00
Brugt Samsung Galaxy S22 Ultra 5G,15097419170057,Sort / Brugt / 1TB,55196263710985,,Sort,Brugt,1TB,deny,5159.00
Brugt Samsung Galaxy S22 Ultra 5G,15097419170057,Sort / Rigtig god / 128GB,55196263481609,,Sort,Rigtig god,128GB,deny,3749.00
Brugt Samsung Galaxy S22 Ultra 5G,15097419170057,Sort / Rigtig god / 256GB,55196263514377,,Sort,Rigtig god,256GB,deny,4239.00
Brugt Samsung Galaxy S22 Ultra 5G,15097419170057,Sort / Rigtig god / 512GB,55196263547145,,Sort,Rigtig god,512GB,deny,4599.00
Brugt Samsung Galaxy S22 Ultra 5G,15097419170057,Sort / Rigtig god / 1TB,55196263579913,,Sort,Rigtig god,1TB,deny,5519.00
Brugt Samsung Galaxy S22 Ultra 5G,15097419170057,Sort / Som ny / 128GB,55196263350537,,Sort,Som ny,128GB,deny,4299.00
Brugt Samsung Galaxy S22 Ultra 5G,15097419170057,Sort / Som ny / 256GB,55196263383305,,Sort,Som ny,256GB,deny,4909.00
Brugt Samsung Galaxy S22 Ultra 5G,15097419170057,Sort / Som ny / 512GB,55196263416073,,Sort,Som ny,512GB,deny,5219.00
Brugt Samsung Galaxy S22 Ultra 5G,15097419170057,Sort / Som ny / 1TB,55196263448841,,Sort,Som ny,1TB,deny,6129.00
Brugt Samsung Galaxy S22 Ultra 5G,15097419170057,Grøn / Brugbar / 128GB,55196264268041,,Grøn,Brugbar,128GB,deny,3199.00
Brugt Samsung Galaxy S22 Ultra 5G,15097419170057,Grøn / Brugbar / 256GB,55196264300809,,Grøn,Brugbar,256GB,deny,3699.00
Brugt Samsung Galaxy S22 Ultra 5G,15097419170057,Grøn / Brugbar / 512GB,55196264333577,,Grøn,Brugbar,512GB,deny,4099.00
Brugt Samsung Galaxy S22 Ultra 5G,15097419170057,Grøn / Brugbar / 1TB,55196264366345,,Grøn,Brugbar,1TB,deny,4799.00
Brugt Samsung Galaxy S22 Ultra 5G,15097419170057,Grøn / Brugt / 128GB,55196264136969,,Grøn,Brugt,128GB,deny,3469.00
Brugt Samsung Galaxy S22 Ultra 5G,15097419170057,Grøn / Brugt / 256GB,55196264169737,,Grøn,Brugt,256GB,deny,3969.00
Brugt Samsung Galaxy S22 Ultra 5G,15097419170057,Grøn / Brugt / 512GB,55196264202505,,Grøn,Brugt,512GB,deny,4349.00
Brugt Samsung Galaxy S22 Ultra 5G,15097419170057,Grøn / Brugt / 1TB,55196264235273,,Grøn,Brugt,1TB,deny,5159.00
Brugt Samsung Galaxy S22 Ultra 5G,15097419170057,Grøn / Rigtig god / 128GB,55196264005897,,Grøn,Rigtig god,128GB,deny,3749.00
Brugt Samsung Galaxy S22 Ultra 5G,15097419170057,Grøn / Rigtig god / 256GB,55196264038665,,Grøn,Rigtig god,256GB,deny,4239.00
Brugt Samsung Galaxy S22 Ultra 5G,15097419170057,Grøn / Rigtig god / 512GB,55196264071433,,Grøn,Rigtig god,512GB,deny,4599.00
Brugt Samsung Galaxy S22 Ultra 5G,15097419170057,Grøn / Rigtig god / 1TB,55196264104201,,Grøn,Rigtig god,1TB,deny,5519.00
Brugt Samsung Galaxy S22 Ultra 5G,15097419170057,Grøn / Som ny / 128GB,55196263874825,,Grøn,Som ny,128GB,deny,4299.00
Brugt Samsung Galaxy S22 Ultra 5G,15097419170057,Grøn / Som ny / 256GB,55196263907593,,Grøn,Som ny,256GB,deny,4909.00
Brugt Samsung Galaxy S22 Ultra 5G,15097419170057,Grøn / Som ny / 512GB,55196263940361,,Grøn,Som ny,512GB,deny,5219.00
Brugt Samsung Galaxy S22 Ultra 5G,15097419170057,Grøn / Som ny / 1TB,55196263973129,,Grøn,Som ny,1TB,deny,6129.00
Brugt Samsung Galaxy S23 5G,15097419563273,Beige / Brugbar / 128GB,55196265021705,,Beige,Brugbar,128GB,deny,3699.00
Brugt Samsung Galaxy S23 5G,15097419563273,Beige / Brugbar / 256GB,55196265054473,,Beige,Brugbar,256GB,deny,4199.00
Brugt Samsung Galaxy S23 5G,15097419563273,Beige / Brugt / 128GB,55196264956169,,Beige,Brugt,128GB,deny,3909.00
Brugt Samsung Galaxy S23 5G,15097419563273,Beige / Brugt / 256GB,55196264988937,,Beige,Brugt,256GB,deny,4239.00
Brugt Samsung Galaxy S23 5G,15097419563273,Beige / Rigtig god / 128GB,55196264890633,,Beige,Rigtig god,128GB,deny,4119.00
Brugt Samsung Galaxy S23 5G,15097419563273,Beige / Rigtig god / 256GB,55196264923401,,Beige,Rigtig god,256GB,deny,4279.00
Brugt Samsung Galaxy S23 5G,15097419563273,Beige / Som ny / 128GB,55196264825097,,Beige,Som ny,128GB,deny,4419.00
Brugt Samsung Galaxy S23 5G,15097419563273,Beige / Som ny / 256GB,55196264857865,,Beige,Som ny,256GB,deny,4669.00
Brugt Samsung Galaxy S23 5G,15097419563273,Lilla / Brugbar / 128GB,55196265283849,,Lilla,Brugbar,128GB,deny,3699.00
Brugt Samsung Galaxy S23 5G,15097419563273,Lilla / Brugbar / 256GB,55196265316617,,Lilla,Brugbar,256GB,deny,4199.00
Brugt Samsung Galaxy S23 5G,15097419563273,Lilla / Brugt / 128GB,55196265218313,,Lilla,Brugt,128GB,deny,3909.00
Brugt Samsung Galaxy S23 5G,15097419563273,Lilla / Brugt / 256GB,55196265251081,,Lilla,Brugt,256GB,deny,4239.00
Brugt Samsung Galaxy S23 5G,15097419563273,Lilla / Rigtig god / 128GB,55196265152777,,Lilla,Rigtig god,128GB,deny,4119.00
Brugt Samsung Galaxy S23 5G,15097419563273,Lilla / Rigtig god / 256GB,55196265185545,,Lilla,Rigtig god,256GB,deny,4279.00
Brugt Samsung Galaxy S23 5G,15097419563273,Lilla / Som ny / 128GB,55196265087241,,Lilla,Som ny,128GB,deny,4419.00
Brugt Samsung Galaxy S23 5G,15097419563273,Lilla / Som ny / 256GB,55196265120009,,Lilla,Som ny,256GB,deny,4669.00
Brugt Samsung Galaxy S23 5G,15097419563273,Sort / Brugbar / 128GB,55196265545993,,Sort,Brugbar,128GB,deny,3699.00
Brugt Samsung Galaxy S23 5G,15097419563273,Sort / Brugbar / 256GB,55196265578761,,Sort,Brugbar,256GB,deny,4199.00
Brugt Samsung Galaxy S23 5G,15097419563273,Sort / Brugt / 128GB,55196265480457,,Sort,Brugt,128GB,deny,3909.00
Brugt Samsung Galaxy S23 5G,15097419563273,Sort / Brugt / 256GB,55196265513225,,Sort,Brugt,256GB,deny,4239.00
Brugt Samsung Galaxy S23 5G,15097419563273,Sort / Rigtig god / 128GB,55196265414921,,Sort,Rigtig god,128GB,deny,4119.00
Brugt Samsung Galaxy S23 5G,15097419563273,Sort / Rigtig god / 256GB,55196265447689,,Sort,Rigtig god,256GB,deny,4279.00
Brugt Samsung Galaxy S23 5G,15097419563273,Sort / Som ny / 128GB,55196265349385,,Sort,Som ny,128GB,deny,4419.00
Brugt Samsung Galaxy S23 5G,15097419563273,Sort / Som ny / 256GB,55196265382153,,Sort,Som ny,256GB,deny,4669.00
Brugt Samsung Galaxy S23 5G,15097419563273,Grøn / Brugbar / 128GB,55196265808137,,Grøn,Brugbar,128GB,deny,3699.00
Brugt Samsung Galaxy S23 5G,15097419563273,Grøn / Brugbar / 256GB,55196265840905,,Grøn,Brugbar,256GB,deny,4199.00
Brugt Samsung Galaxy S23 5G,15097419563273,Grøn / Brugt / 128GB,55196265742601,,Grøn,Brugt,128GB,deny,3909.00
Brugt Samsung Galaxy S23 5G,15097419563273,Grøn / Brugt / 256GB,55196265775369,,Grøn,Brugt,256GB,deny,4239.00
Brugt Samsung Galaxy S23 5G,15097419563273,Grøn / Rigtig god / 128GB,55196265677065,,Grøn,Rigtig god,128GB,deny,4119.00
Brugt Samsung Galaxy S23 5G,15097419563273,Grøn / Rigtig god / 256GB,55196265709833,,Grøn,Rigtig god,256GB,deny,4279.00
Brugt Samsung Galaxy S23 5G,15097419563273,Grøn / Som ny / 128GB,55196265611529,,Grøn,Som ny,128GB,deny,4419.00
Brugt Samsung Galaxy S23 5G,15097419563273,Grøn / Som ny / 256GB,55196265644297,,Grøn,Som ny,256GB,deny,4669.00
Brugt Samsung Galaxy S23 Plus 5G,15097405047049,Lilla / Brugbar / 128GB,55196214558985,,Lilla,Brugbar,128GB,deny,4299.00
Brugt Samsung Galaxy S23 Plus 5G,15097405047049,Lilla / Brugbar / 256GB,55196214591753,,Lilla,Brugbar,256GB,deny,4399.00
Brugt Samsung Galaxy S23 Plus 5G,15097405047049,Lilla / Brugt / 128GB,55196214493449,,Lilla,Brugt,128GB,deny,4449.00
Brugt Samsung Galaxy S23 Plus 5G,15097405047049,Lilla / Brugt / 256GB,55196214526217,,Lilla,Brugt,256GB,deny,4589.00
Brugt Samsung Galaxy S23 Plus 5G,15097405047049,Lilla / Rigtig god / 128GB,55196214427913,,Lilla,Rigtig god,128GB,deny,4599.00
Brugt Samsung Galaxy S23 Plus 5G,15097405047049,Lilla / Rigtig god / 256GB,55196214460681,,Lilla,Rigtig god,256GB,deny,4789.00
Brugt Samsung Galaxy S23 Plus 5G,15097405047049,Lilla / Som ny / 128GB,55196214362377,,Lilla,Som ny,128GB,deny,5219.00
Brugt Samsung Galaxy S23 Plus 5G,15097405047049,Lilla / Som ny / 256GB,55196214395145,,Lilla,Som ny,256GB,deny,5399.00
Brugt Samsung Galaxy S23 Plus 5G,15097405047049,Sort / Brugbar / 128GB,55196214821129,,Sort,Brugbar,128GB,deny,4299.00
Brugt Samsung Galaxy S23 Plus 5G,15097405047049,Sort / Brugbar / 256GB,55196214853897,,Sort,Brugbar,256GB,deny,4399.00
Brugt Samsung Galaxy S23 Plus 5G,15097405047049,Sort / Brugt / 128GB,55196214755593,,Sort,Brugt,128GB,deny,4449.00
Brugt Samsung Galaxy S23 Plus 5G,15097405047049,Sort / Brugt / 256GB,55196214788361,,Sort,Brugt,256GB,deny,4589.00
Brugt Samsung Galaxy S23 Plus 5G,15097405047049,Sort / Rigtig god / 128GB,55196214690057,,Sort,Rigtig god,128GB,deny,4599.00
Brugt Samsung Galaxy S23 Plus 5G,15097405047049,Sort / Rigtig god / 256GB,55196214722825,,Sort,Rigtig god,256GB,deny,4789.00
Brugt Samsung Galaxy S23 Plus 5G,15097405047049,Sort / Som ny / 128GB,55196214624521,,Sort,Som ny,128GB,deny,5219.00
Brugt Samsung Galaxy S23 Plus 5G,15097405047049,Sort / Som ny / 256GB,55196214657289,,Sort,Som ny,256GB,deny,5399.00
Brugt Samsung Galaxy S23 Ultra 5G,15097414844681,Sort / Brugbar / 256GB,55196243427593,,Sort,Brugbar,256GB,deny,5199.00
Brugt Samsung Galaxy S23 Ultra 5G,15097414844681,Sort / Brugbar / 512GB,55196243460361,,Sort,Brugbar,512GB,deny,5299.00
Brugt Samsung Galaxy S23 Ultra 5G,15097414844681,Sort / Brugbar / 1TB,55196243493129,,Sort,Brugbar,1TB,deny,6099.00
Brugt Samsung Galaxy S23 Ultra 5G,15097414844681,Sort / Brugt / 256GB,55196243329289,,Sort,Brugt,256GB,deny,5359.00
Brugt Samsung Galaxy S23 Ultra 5G,15097414844681,Sort / Brugt / 512GB,55196243362057,,Sort,Brugt,512GB,deny,5499.00
Brugt Samsung Galaxy S23 Ultra 5G,15097414844681,Sort / Brugt / 1TB,55196243394825,,Sort,Brugt,1TB,deny,6509.00
Brugt Samsung Galaxy S23 Ultra 5G,15097414844681,Sort / Rigtig god / 256GB,55196243230985,,Sort,Rigtig god,256GB,deny,5519.00
Brugt Samsung Galaxy S23 Ultra 5G,15097414844681,Sort / Rigtig god / 512GB,55196243263753,,Sort,Rigtig god,512GB,deny,5699.00
Brugt Samsung Galaxy S23 Ultra 5G,15097414844681,Sort / Rigtig god / 1TB,55196243296521,,Sort,Rigtig god,1TB,deny,6929.00
Brugt Samsung Galaxy S23 Ultra 5G,15097414844681,Sort / Som ny / 256GB,55196243132681,,Sort,Som ny,256GB,deny,6019.00
Brugt Samsung Galaxy S23 Ultra 5G,15097414844681,Sort / Som ny / 512GB,55196243165449,,Sort,Som ny,512GB,deny,6259.00
Brugt Samsung Galaxy S23 Ultra 5G,15097414844681,Sort / Som ny / 1TB,55196243198217,,Sort,Som ny,1TB,deny,7479.00
Brugt Samsung Galaxy S23 Ultra 5G,15097414844681,Lilla / Brugbar / 256GB,55196243984649,,Lilla,Brugbar,256GB,deny,5199.00
Brugt Samsung Galaxy S23 Ultra 5G,15097414844681,Lilla / Brugbar / 512GB,55196244050185,,Lilla,Brugbar,512GB,deny,5299.00
Brugt Samsung Galaxy S23 Ultra 5G,15097414844681,Lilla / Brugbar / 1TB,55196244148489,,Lilla,Brugbar,1TB,deny,6099.00
Brugt Samsung Galaxy S23 Ultra 5G,15097414844681,Lilla / Brugt / 256GB,55196243755273,,Lilla,Brugt,256GB,deny,5359.00
Brugt Samsung Galaxy S23 Ultra 5G,15097414844681,Lilla / Brugt / 512GB,55196243820809,,Lilla,Brugt,512GB,deny,5499.00
Brugt Samsung Galaxy S23 Ultra 5G,15097414844681,Lilla / Brugt / 1TB,55196243919113,,Lilla,Brugt,1TB,deny,6509.00
Brugt Samsung Galaxy S23 Ultra 5G,15097414844681,Lilla / Rigtig god / 256GB,55196243624201,,Lilla,Rigtig god,256GB,deny,5519.00
Brugt Samsung Galaxy S23 Ultra 5G,15097414844681,Lilla / Rigtig god / 512GB,55196243656969,,Lilla,Rigtig god,512GB,deny,5699.00
Brugt Samsung Galaxy S23 Ultra 5G,15097414844681,Lilla / Rigtig god / 1TB,55196243689737,,Lilla,Rigtig god,1TB,deny,6929.00
Brugt Samsung Galaxy S23 Ultra 5G,15097414844681,Lilla / Som ny / 256GB,55196243525897,,Lilla,Som ny,256GB,deny,6019.00
Brugt Samsung Galaxy S23 Ultra 5G,15097414844681,Lilla / Som ny / 512GB,55196243558665,,Lilla,Som ny,512GB,deny,6259.00
Brugt Samsung Galaxy S23 Ultra 5G,15097414844681,Lilla / Som ny / 1TB,55196243591433,,Lilla,Som ny,1TB,deny,7479.00
Brugt Samsung Galaxy S23 Ultra 5G,15097414844681,Grøn / Brugbar / 256GB,55196245033225,,Grøn,Brugbar,256GB,deny,5199.00
Brugt Samsung Galaxy S23 Ultra 5G,15097414844681,Grøn / Brugbar / 512GB,55196245131529,,Grøn,Brugbar,512GB,deny,5299.00
Brugt Samsung Galaxy S23 Ultra 5G,15097414844681,Grøn / Brugbar / 1TB,55196245229833,,Grøn,Brugbar,1TB,deny,6099.00
Brugt Samsung Galaxy S23 Ultra 5G,15097414844681,Grøn / Brugt / 256GB,55196244771081,,Grøn,Brugt,256GB,deny,5359.00
Brugt Samsung Galaxy S23 Ultra 5G,15097414844681,Grøn / Brugt / 512GB,55196244836617,,Grøn,Brugt,512GB,deny,5499.00
Brugt Samsung Galaxy S23 Ultra 5G,15097414844681,Grøn / Brugt / 1TB,55196244934921,,Grøn,Brugt,1TB,deny,6509.00
Brugt Samsung Galaxy S23 Ultra 5G,15097414844681,Grøn / Rigtig god / 256GB,55196244508937,,Grøn,Rigtig god,256GB,deny,5519.00
Brugt Samsung Galaxy S23 Ultra 5G,15097414844681,Grøn / Rigtig god / 512GB,55196244574473,,Grøn,Rigtig god,512GB,deny,5699.00
Brugt Samsung Galaxy S23 Ultra 5G,15097414844681,Grøn / Rigtig god / 1TB,55196244672777,,Grøn,Rigtig god,1TB,deny,6929.00
Brugt Samsung Galaxy S23 Ultra 5G,15097414844681,Grøn / Som ny / 256GB,55196244246793,,Grøn,Som ny,256GB,deny,6019.00
Brugt Samsung Galaxy S23 Ultra 5G,15097414844681,Grøn / Som ny / 512GB,55196244345097,,Grøn,Som ny,512GB,deny,6259.00
Brugt Samsung Galaxy S23 Ultra 5G,15097414844681,Grøn / Som ny / 1TB,55196244443401,,Grøn,Som ny,1TB,deny,7479.00
Brugt Samsung Galaxy S23 Ultra 5G,15097414844681,Beige / Brugbar / 256GB,55196246180105,,Beige,Brugbar,256GB,deny,5199.00
Brugt Samsung Galaxy S23 Ultra 5G,15097414844681,Beige / Brugbar / 512GB,55196246278409,,Beige,Brugbar,512GB,deny,5299.00
Brugt Samsung Galaxy S23 Ultra 5G,15097414844681,Beige / Brugbar / 1TB,55196246376713,,Beige,Brugbar,1TB,deny,6099.00
Brugt Samsung Galaxy S23 Ultra 5G,15097414844681,Beige / Brugt / 256GB,55196245885193,,Beige,Brugt,256GB,deny,5359.00
Brugt Samsung Galaxy S23 Ultra 5G,15097414844681,Beige / Brugt / 512GB,55196245983497,,Beige,Brugt,512GB,deny,5499.00
Brugt Samsung Galaxy S23 Ultra 5G,15097414844681,Beige / Brugt / 1TB,55196246081801,,Beige,Brugt,1TB,deny,6509.00
Brugt Samsung Galaxy S23 Ultra 5G,15097414844681,Beige / Rigtig god / 256GB,55196245590281,,Beige,Rigtig god,256GB,deny,5519.00
Brugt Samsung Galaxy S23 Ultra 5G,15097414844681,Beige / Rigtig god / 512GB,55196245688585,,Beige,Rigtig god,512GB,deny,5699.00
Brugt Samsung Galaxy S23 Ultra 5G,15097414844681,Beige / Rigtig god / 1TB,55196245786889,,Beige,Rigtig god,1TB,deny,6929.00
Brugt Samsung Galaxy S23 Ultra 5G,15097414844681,Beige / Som ny / 256GB,55196245328137,,Beige,Som ny,256GB,deny,6019.00
Brugt Samsung Galaxy S23 Ultra 5G,15097414844681,Beige / Som ny / 512GB,55196245426441,,Beige,Som ny,512GB,deny,6259.00
Brugt Samsung Galaxy S23 Ultra 5G,15097414844681,Beige / Som ny / 1TB,55196245524745,,Beige,Som ny,1TB,deny,7479.00
Brugt Samsung Galaxy S24 Ultra 5G,15097415827721,Lilla / Brugbar / 256GB,55196249456905,,Lilla,Brugbar,256GB,deny,6299.00
Brugt Samsung Galaxy S24 Ultra 5G,15097415827721,Lilla / Brugbar / 512GB,55196249489673,,Lilla,Brugbar,512GB,deny,7799.00
Brugt Samsung Galaxy S24 Ultra 5G,15097415827721,Lilla / Brugbar / 1TB,55196249522441,,Lilla,Brugbar,1TB,deny,8899.00
Brugt Samsung Galaxy S24 Ultra 5G,15097415827721,Lilla / Brugt / 256GB,55196249358601,,Lilla,Brugt,256GB,deny,6949.00
Brugt Samsung Galaxy S24 Ultra 5G,15097415827721,Lilla / Brugt / 512GB,55196249391369,,Lilla,Brugt,512GB,deny,7949.00
Brugt Samsung Galaxy S24 Ultra 5G,15097415827721,Lilla / Brugt / 1TB,55196249424137,,Lilla,Brugt,1TB,deny,9049.00
Brugt Samsung Galaxy S24 Ultra 5G,15097415827721,Lilla / Rigtig god / 256GB,55196249260297,,Lilla,Rigtig god,256GB,deny,7609.00
Brugt Samsung Galaxy S24 Ultra 5G,15097415827721,Lilla / Rigtig god / 512GB,55196249293065,,Lilla,Rigtig god,512GB,deny,8099.00
Brugt Samsung Galaxy S24 Ultra 5G,15097415827721,Lilla / Rigtig god / 1TB,55196249325833,,Lilla,Rigtig god,1TB,deny,9199.00
Brugt Samsung Galaxy S24 Ultra 5G,15097415827721,Lilla / Som ny / 256GB,55196249161993,,Lilla,Som ny,256GB,deny,7979.00
Brugt Samsung Galaxy S24 Ultra 5G,15097415827721,Lilla / Som ny / 512GB,55196249194761,,Lilla,Som ny,512GB,deny,8469.00
Brugt Samsung Galaxy S24 Ultra 5G,15097415827721,Lilla / Som ny / 1TB,55196249227529,,Lilla,Som ny,1TB,deny,9569.00
Brugt Samsung Galaxy S24 Ultra 5G,15097415827721,Sort / Brugbar / 256GB,55196249850121,,Sort,Brugbar,256GB,deny,6299.00
Brugt Samsung Galaxy S24 Ultra 5G,15097415827721,Sort / Brugbar / 512GB,55196249882889,,Sort,Brugbar,512GB,deny,7799.00
Brugt Samsung Galaxy S24 Ultra 5G,15097415827721,Sort / Brugbar / 1TB,55196249915657,,Sort,Brugbar,1TB,deny,8899.00
Brugt Samsung Galaxy S24 Ultra 5G,15097415827721,Sort / Brugt / 256GB,55196249751817,,Sort,Brugt,256GB,deny,6949.00
Brugt Samsung Galaxy S24 Ultra 5G,15097415827721,Sort / Brugt / 512GB,55196249784585,,Sort,Brugt,512GB,deny,7949.00
Brugt Samsung Galaxy S24 Ultra 5G,15097415827721,Sort / Brugt / 1TB,55196249817353,,Sort,Brugt,1TB,deny,9049.00
Brugt Samsung Galaxy S24 Ultra 5G,15097415827721,Sort / Rigtig god / 256GB,55196249653513,,Sort,Rigtig god,256GB,deny,7609.00
Brugt Samsung Galaxy S24 Ultra 5G,15097415827721,Sort / Rigtig god / 512GB,55196249686281,,Sort,Rigtig god,512GB,deny,8099.00
Brugt Samsung Galaxy S24 Ultra 5G,15097415827721,Sort / Rigtig god / 1TB,55196249719049,,Sort,Rigtig god,1TB,deny,9199.00
Brugt Samsung Galaxy S24 Ultra 5G,15097415827721,Sort / Som ny / 256GB,55196249555209,,Sort,Som ny,256GB,deny,7979.00
Brugt Samsung Galaxy S24 Ultra 5G,15097415827721,Sort / Som ny / 512GB,55196249587977,,Sort,Som ny,512GB,deny,8469.00
Brugt Samsung Galaxy S24 Ultra 5G,15097415827721,Sort / Som ny / 1TB,55196249620745,,Sort,Som ny,1TB,deny,9569.00
Brugt Samsung Galaxy S24 Ultra 5G,15097415827721,Grøn / Brugbar / 256GB,55196250243337,,Grøn,Brugbar,256GB,deny,6299.00
Brugt Samsung Galaxy S24 Ultra 5G,15097415827721,Grøn / Brugbar / 512GB,55196250276105,,Grøn,Brugbar,512GB,deny,7799.00
Brugt Samsung Galaxy S24 Ultra 5G,15097415827721,Grøn / Brugbar / 1TB,55196250308873,,Grøn,Brugbar,1TB,deny,8899.00
Brugt Samsung Galaxy S24 Ultra 5G,15097415827721,Grøn / Brugt / 256GB,55196250145033,,Grøn,Brugt,256GB,deny,6949.00
Brugt Samsung Galaxy S24 Ultra 5G,15097415827721,Grøn / Brugt / 512GB,55196250177801,,Grøn,Brugt,512GB,deny,7949.00
Brugt Samsung Galaxy S24 Ultra 5G,15097415827721,Grøn / Brugt / 1TB,55196250210569,,Grøn,Brugt,1TB,deny,9049.00
Brugt Samsung Galaxy S24 Ultra 5G,15097415827721,Grøn / Rigtig god / 256GB,55196250046729,,Grøn,Rigtig god,256GB,deny,7609.00
Brugt Samsung Galaxy S24 Ultra 5G,15097415827721,Grøn / Rigtig god / 512GB,55196250079497,,Grøn,Rigtig god,512GB,deny,8099.00
Brugt Samsung Galaxy S24 Ultra 5G,15097415827721,Grøn / Rigtig god / 1TB,55196250112265,,Grøn,Rigtig god,1TB,deny,9199.00
Brugt Samsung Galaxy S24 Ultra 5G,15097415827721,Grøn / Som ny / 256GB,55196249948425,,Grøn,Som ny,256GB,deny,7979.00
Brugt Samsung Galaxy S24 Ultra 5G,15097415827721,Grøn / Som ny / 512GB,55196249981193,,Grøn,Som ny,512GB,deny,8469.00
Brugt Samsung Galaxy S24 Ultra 5G,15097415827721,Grøn / Som ny / 1TB,55196250013961,,Grøn,Som ny,1TB,deny,9569.00
Brugt Samsung Galaxy S24 Ultra 5G,15097415827721,Grå / Brugbar / 256GB,55196250636553,,Grå,Brugbar,256GB,deny,6299.00
Brugt Samsung Galaxy S24 Ultra 5G,15097415827721,Grå / Brugbar / 512GB,55196250669321,,Grå,Brugbar,512GB,deny,7799.00
Brugt Samsung Galaxy S24 Ultra 5G,15097415827721,Grå / Brugbar / 1TB,55196250702089,,Grå,Brugbar,1TB,deny,8899.00
Brugt Samsung Galaxy S24 Ultra 5G,15097415827721,Grå / Brugt / 256GB,55196250538249,,Grå,Brugt,256GB,deny,6949.00
Brugt Samsung Galaxy S24 Ultra 5G,15097415827721,Grå / Brugt / 512GB,55196250571017,,Grå,Brugt,512GB,deny,7949.00
Brugt Samsung Galaxy S24 Ultra 5G,15097415827721,Grå / Brugt / 1TB,55196250603785,,Grå,Brugt,1TB,deny,9049.00
Brugt Samsung Galaxy S24 Ultra 5G,15097415827721,Grå / Rigtig god / 256GB,55196250439945,,Grå,Rigtig god,256GB,deny,7909.00
Brugt Samsung Galaxy S24 Ultra 5G,15097415827721,Grå / Rigtig god / 512GB,55196250472713,,Grå,Rigtig god,512GB,deny,8099.00
Brugt Samsung Galaxy S24 Ultra 5G,15097415827721,Grå / Rigtig god / 1TB,55196250505481,,Grå,Rigtig god,1TB,deny,9199.00
Brugt Samsung Galaxy S24 Ultra 5G,15097415827721,Grå / Som ny / 256GB,55196250341641,,Grå,Som ny,256GB,deny,7979.00
Brugt Samsung Galaxy S24 Ultra 5G,15097415827721,Grå / Som ny / 512GB,55196250374409,,Grå,Som ny,512GB,deny,8469.00
Brugt Samsung Galaxy S24 Ultra 5G,15097415827721,Grå / Som ny / 1TB,55196250407177,,Grå,Som ny,1TB,deny,9569.00
Brugt Samsung Galaxy S24 Ultra 5G,15097415827721,Gul / Brugbar / 256GB,55196251029769,,Gul,Brugbar,256GB,deny,6299.00
Brugt Samsung Galaxy S24 Ultra 5G,15097415827721,Gul / Brugbar / 512GB,55196251062537,,Gul,Brugbar,512GB,deny,7799.00
Brugt Samsung Galaxy S24 Ultra 5G,15097415827721,Gul / Brugbar / 1TB,55196251095305,,Gul,Brugbar,1TB,deny,8899.00
Brugt Samsung Galaxy S24 Ultra 5G,15097415827721,Gul / Brugt / 256GB,55196250931465,,Gul,Brugt,256GB,deny,6949.00
Brugt Samsung Galaxy S24 Ultra 5G,15097415827721,Gul / Brugt / 512GB,55196250964233,,Gul,Brugt,512GB,deny,7949.00
Brugt Samsung Galaxy S24 Ultra 5G,15097415827721,Gul / Brugt / 1TB,55196250997001,,Gul,Brugt,1TB,deny,9049.00
Brugt Samsung Galaxy S24 Ultra 5G,15097415827721,Gul / Rigtig god / 256GB,55196250833161,,Gul,Rigtig god,256GB,deny,7609.00
Brugt Samsung Galaxy S24 Ultra 5G,15097415827721,Gul / Rigtig god / 512GB,55196250865929,,Gul,Rigtig god,512GB,deny,8099.00
Brugt Samsung Galaxy S24 Ultra 5G,15097415827721,Gul / Rigtig god / 1TB,55196250898697,,Gul,Rigtig god,1TB,deny,9199.00
Brugt Samsung Galaxy S24 Ultra 5G,15097415827721,Gul / Som ny / 256GB,55196250734857,,Gul,Som ny,256GB,deny,7979.00
Brugt Samsung Galaxy S24 Ultra 5G,15097415827721,Gul / Som ny / 512GB,55196250767625,,Gul,Som ny,512GB,deny,8469.00
Brugt Samsung Galaxy S24 Ultra 5G,15097415827721,Gul / Som ny / 1TB,55196250800393,,Gul,Som ny,1TB,deny,9569.00
Brugt Samsung Galaxy Z Flip 6,15202300166409,Blå / 256 / Som ny,55698683461897,SAM-ZFLIP6-256GB-BLUE,Blå,256,Som ny,deny,4999.00
Brugt Samsung Galaxy Z Fold 6,15202300100873,Sølv / 256 / Som ny,55698681266441,SAM-ZFOLD6-256GB-SILVER,Sølv,256,Som ny,deny,6499.00
Brugt Samsung Galaxy Z Fold 6,15202300100873,Sølv / 256 / Rigtig god,55743530762505,,Sølv,256,Rigtig god,deny,5999.00
Brugt Samsung Watch 7,15202300002569,Grøn / 40 mm / Som ny,55698710692105,SAM-WATCH7-44MM-SIL,Grøn,40 mm,Som ny,deny,1299.00
Brugt Samsung Watch Ultra,15202299937033,Sølv / 47 mm / Rigtig god,55698695749897,SAM-WULTRA-49MM-SN-SILVER,Sølv,47 mm,Rigtig god,deny,2599.00
Brugte AirPods 3,15199785025801,Rigtig god,55691435475209,PT-AP3-W-RG,Rigtig god,,,continue,799.00
Brugte AirPods 3,15199785025801,Som ny,55691435507977,PT-AP3-W-SN,Som ny,,,continue,999.00
EarPods,9268032176393,Default Title,48366420885769,Earpods-Kabel,Default Title,,,deny,149.00
"HOCO EQ21 - Trådløse høretelefoner med ANC, ENC og intelligent touchscreen",15197220405513,Default Title,55678848696585,HOCO-EQ21-WHT-001,Default Title,,,deny,299.00
HOCO EQ22 - Trådløse høretelefoner med ANC og ENC noise reduction,15197232234761,Default Title,55678906466569,HOCO-EQ22-WHT-001,Default Title,,,deny,199.00
HOCO N51 - Intelligent 65W vægoplader med 3 porte og sikker opladning,15197244391689,Default Title,55678971904265,HOCO-N51-65W-001,Default Title,,,deny,199.00
HOCO N65 - Kompakt 20W PD hurtigoplader med USB-C og USB-A porte,15197251764489,Default Title,55679027052809,HOCO-N65-20W-001,Default Title,,,deny,99.00
HOCO Q44 - Magnetisk powerbank 10.000 mAh med trådløs opladning og 20W hurtigopladning,15197265068297,Default Title,55679094948105,HOCO-Q44-10K-MAG-001,Default Title,,,deny,299.00
HOCO Q44A - Kraftfuld magnetisk powerbank 20.000 mAh med trådløs opladning og 45W hurtigopladning,15197275455753,Default Title,55679171068169,HOCO-Q44A-20K-MAG-001,Default Title,,,deny,599.00
HOCO U114 - Komplet rejseladersæt med multifunktionelle kabler og omformere,15197281059081,Default Title,55679211176201,HOCO-U114-TRAVEL-SET-001,Default Title,,,deny,99.00
"HOCO U133 - Premium USB-C til USB-C kabel 1,2m med 60W hurtigopladning",15197286891785,Default Title,55679253938441,HOCO-U133-USBC-60W-001,Default Title,,,deny,99.00
HOCO W35 Max - Premium hovedtelefoner med 90 timers batteri og avanceret noise cancelling,15197298721033,Default Title,55679339626761,HOCO-W35-MAX-NC-001,Default Title,,,deny,399.00
iPad 2 Reparation,9267890028809,Udskiftning af glas,48365778501897,ipad-2-generation-reparation-10005,Udskiftning af glas,,,continue,499.00
iPad 2 Reparation,9267890028809,Udskiftning af batteri,48365778534665,ipad-2-generation-reparation-10006,Udskiftning af batteri,,,continue,499.00
iPad 2 Reparation,9267890028809,Alm. beskyttelsesglas,48365778567433,ipad-2-generation-reparation-10007,Alm. beskyttelsesglas,,,continue,199.00
iPad 2 Reparation,9267890028809,Fullframe beskyttelsesglas,48365778600201,ipad-2-generation-reparation-10008,Fullframe beskyttelsesglas,,,continue,249.00
iPad 2 Reparation,9267890028809,Håndteringsgebyr (inkl. gratis fejlfinding),48365778632969,ipad-2-generation-reparation-10009,Håndteringsgebyr (inkl. gratis fejlfinding),,,continue,99.00
iPad 4 Reparation,9267890290953,Udskiftning af glas/touch,48365780893961,ipad-4-generation-reparation-10010,Udskiftning af glas/touch,,,continue,699.00
iPad 4 Reparation,9267890290953,Udskiftning af batteri,48365780926729,ipad-4-generation-reparation-10011,Udskiftning af batteri,,,continue,699.00
iPad 4 Reparation,9267890290953,Alm. beskyttelsesglas,48365780959497,ipad-4-generation-reparation-10012,Alm. beskyttelsesglas,,,continue,199.00
iPad 4 Reparation,9267890290953,Fullframe beskyttelsesglas,48365780992265,ipad-4-generation-reparation-10013,Fullframe beskyttelsesglas,,,continue,249.00
iPad 4 Reparation,9267890290953,Håndteringsgebyr (inkl. gratis fejlfinding),48365781025033,ipad-4-generation-reparation-10014,Håndteringsgebyr (inkl. gratis fejlfinding),,,continue,0.00
iPad 5. – 8. generation reparation,9267890487561,Udskiftning af batteri,48365781319945,ipad-5-8-generation-reparation-10015,Udskiftning af batteri,,,continue,1699.00
iPad 5. – 8. generation reparation,9267890487561,Alm. beskyttelsesglas,48365781352713,ipad-5-8-generation-reparation-10016,Alm. beskyttelsesglas,,,continue,199.00
iPad 5. – 8. generation reparation,9267890487561,Fullframe beskyttelsesglas,48365781385481,ipad-5-8-generation-reparation-10017,Fullframe beskyttelsesglas,,,continue,249.00
iPad 5. – 8. generation reparation,9267890487561,Håndteringsgebyr (inkl. gratis fejlfinding),48365781418249,ipad-5-8-generation-reparation-10018,Håndteringsgebyr (inkl. gratis fejlfinding),,,continue,99.00
iPad 9 Reparation,9267889864969,Udskiftning af skærm,48365778174217,ipad-9-generation-reparation-10000,Udskiftning af skærm,,,continue,21195.00
iPad 9 Reparation,9267889864969,Udskiftning af batteri,48365778206985,ipad-9-generation-reparation-10001,Udskiftning af batteri,,,continue,888.00
iPad 9 Reparation,9267889864969,Alm. beskyttelsesglas,48365778239753,ipad-9-generation-reparation-10002,Alm. beskyttelsesglas,,,continue,199.00
iPad 9 Reparation,9267889864969,Fullframe beskyttelsesglas,48365778272521,ipad-9-generation-reparation-10003,Fullframe beskyttelsesglas,,,continue,249.00
iPad 9 Reparation,9267889864969,Håndteringsgebyr (inkl. gratis fejlfinding),48365778305289,ipad-9-generation-reparation-10004,Håndteringsgebyr (inkl. gratis fejlfinding),,,continue,99.00
iPad Air 1 reparation,9267894878473,Alm. beskyttelsesglas,48365804323081,ipad-air-1-reparation-10111,Alm. beskyttelsesglas,,,continue,199.00
iPad Air 1 reparation,9267894878473,Fullframe beskyttelsesglas,48365804355849,ipad-air-1-reparation-10112,Fullframe beskyttelsesglas,,,continue,249.00
iPad Air 1 reparation,9267894878473,Håndteringsgebyr (inkl. gratis fejlfinding),48365804388617,ipad-air-1-reparation-10113,Håndteringsgebyr (inkl. gratis fejlfinding),,,continue,99.00
iPad Air 2 reparation,9267895042313,Udskiftning af skærm,48365804552457,ipad-air-2-reparation-10114,Udskiftning af skærm,,,continue,999.00
iPad Air 2 reparation,9267895042313,Udskiftning af batteri,48365804585225,ipad-air-2-reparation-10115,Udskiftning af batteri,,,continue,777.00
iPad Air 2 reparation,9267895042313,Udskiftning af dock connector,48365804617993,ipad-air-2-reparation-10116,Udskiftning af dock connector,,,continue,777.00
iPad Air 2 reparation,9267895042313,Alm. beskyttelsesglas,48365804650761,ipad-air-2-reparation-10117,Alm. beskyttelsesglas,,,continue,199.00
iPad Air 2 reparation,9267895042313,Fullframe beskyttelsesglas,48365804683529,ipad-air-2-reparation-10118,Fullframe beskyttelsesglas,,,continue,249.00
iPad Air 2 reparation,9267895042313,Håndteringsgebyr (inkl. gratis fejlfinding),48365804716297,ipad-air-2-reparation-10119,Håndteringsgebyr (inkl. gratis fejlfinding),,,continue,0.00
iPad Air 3 reparation,9267894386953,Udskiftning af skærm,48365802160393,ipad-air-3-reparation-10105,Udskiftning af skærm,,,continue,1888.00
iPad Air 3 reparation,9267894386953,Udskiftning af batteri,48365802193161,ipad-air-3-reparation-10106,Udskiftning af batteri,,,continue,999.00
iPad Air 3 reparation,9267894386953,Udskiftning af ladestik,48365802225929,ipad-air-3-reparation-10107,Udskiftning af ladestik,,,continue,1111.00
iPad Air 3 reparation,9267894386953,Alm. beskyttelsesglas,48365802258697,ipad-air-3-reparation-10108,Alm. beskyttelsesglas,,,continue,199.00
iPad Air 3 reparation,9267894386953,Fullframe beskyttelsesglas,48365802291465,ipad-air-3-reparation-10109,Fullframe beskyttelsesglas,,,continue,249.00
iPad Air 3 reparation,9267894386953,Håndteringsgebyr (inkl. gratis fejlfinding),48365802324233,ipad-air-3-reparation-10110,Håndteringsgebyr (inkl. gratis fejlfinding),,,continue,0.00
iPad Air 4 reparation,9267894157577,Udskiftning af skærm,48365800751369,ipad-air-4-reparation-10099,Udskiftning af skærm,,,continue,2666.00
iPad Air 4 reparation,9267894157577,Udskiftning af batteri,48365800816905,ipad-air-4-reparation-10100,Udskiftning af batteri,,,continue,999.00
iPad Air 4 reparation,9267894157577,Udskiftning af dock connector,48365800849673,ipad-air-4-reparation-10101,Udskiftning af dock connector,,,continue,999.00
iPad Air 4 reparation,9267894157577,Alm. beskyttelsesglas,48365800882441,ipad-air-4-reparation-10102,Alm. beskyttelsesglas,,,continue,199.00
iPad Air 4 reparation,9267894157577,Fullframe beskyttelsesglas,48365800947977,ipad-air-4-reparation-10103,Fullframe beskyttelsesglas,,,continue,249.00
iPad Air 4 reparation,9267894157577,Håndteringsgebyr (inkl. gratis fejlfinding),48365800980745,ipad-air-4-reparation-10104,Håndteringsgebyr (inkl. gratis fejlfinding),,,continue,0.00
iPad Air 5 reparation,9267895337225,Udskiftning af skærm,48365806059785,ipad-air-5-reparation-10120,Udskiftning af skærm,,,continue,2666.00
iPad Air 5 reparation,9267895337225,Udskiftning af batteri,48365806092553,ipad-air-5-reparation-10121,Udskiftning af batteri,,,continue,999.00
iPad Air 5 reparation,9267895337225,Udskiftning af dock connector,48365806125321,ipad-air-5-reparation-10122,Udskiftning af dock connector,,,continue,999.00
iPad Air 5 reparation,9267895337225,Alm. beskyttelsesglas,48365806158089,ipad-air-5-reparation-10123,Alm. beskyttelsesglas,,,continue,199.00
iPad Air 5 reparation,9267895337225,Fullframe beskyttelsesglas,48365806190857,ipad-air-5-reparation-10124,Fullframe beskyttelsesglas,,,continue,249.00
iPad Air 5 reparation,9267895337225,Håndteringsgebyr (inkl. gratis fejlfinding),48365806223625,ipad-air-5-reparation-10125,Håndteringsgebyr (inkl. gratis fejlfinding),,,continue,0.00
"iPad Mini 2, 3, 4 reparation",9267893797129,Udskiftning af glas/touch,48365798654217,ipad-mini-2-3-4-reparation-10092,Udskiftning af glas/touch,,,continue,444.00
"iPad Mini 2, 3, 4 reparation",9267893797129,Udskiftning af LCD skærm,48365798686985,ipad-mini-2-3-4-reparation-10093,Udskiftning af LCD skærm,,,continue,555.00
"iPad Mini 2, 3, 4 reparation",9267893797129,Udskiftning af dock connector,48365798719753,ipad-mini-2-3-4-reparation-10094,Udskiftning af dock connector,,,continue,555.00
"iPad Mini 2, 3, 4 reparation",9267893797129,Udskiftning af batteri,48365798752521,ipad-mini-2-3-4-reparation-10095,Udskiftning af batteri,,,continue,667.00
"iPad Mini 2, 3, 4 reparation",9267893797129,Alm. beskyttelsesglas,48365798785289,ipad-mini-2-3-4-reparation-10096,Alm. beskyttelsesglas,,,continue,199.00
"iPad Mini 2, 3, 4 reparation",9267893797129,Fullframe beskyttelsesglas,48365798818057,ipad-mini-2-3-4-reparation-10097,Fullframe beskyttelsesglas,,,continue,249.00
"iPad Mini 2, 3, 4 reparation",9267893797129,Håndteringsgebyr (inkl. gratis fejlfinding),48365798850825,ipad-mini-2-3-4-reparation-10098,Håndteringsgebyr (inkl. gratis fejlfinding),,,continue,99.00
iPad Mini 5 reparation,9267893469449,Udskiftning af skærm,48365797376265,ipad-mini-5-reparation-10086,Udskiftning af skærm,,,continue,1444.00
iPad Mini 5 reparation,9267893469449,Udskiftning af batteri,48365797409033,ipad-mini-5-reparation-10087,Udskiftning af batteri,,,continue,888.00
iPad Mini 5 reparation,9267893469449,Udskiftning af ladestik,48365797441801,ipad-mini-5-reparation-10088,Udskiftning af ladestik,,,continue,888.00
iPad Mini 5 reparation,9267893469449,Alm. beskyttelsesglas,48365797474569,ipad-mini-5-reparation-10089,Alm. beskyttelsesglas,,,continue,199.00
iPad Mini 5 reparation,9267893469449,Fullframe beskyttelsesglas,48365797507337,ipad-mini-5-reparation-10090,Fullframe beskyttelsesglas,,,continue,249.00
iPad Mini 5 reparation,9267893469449,Håndteringsgebyr (inkl. gratis fejlfinding),48365797540105,ipad-mini-5-reparation-10091,Håndteringsgebyr (inkl. gratis fejlfinding),,,continue,0.00
iPad Mini 6 reparation,9267893207305,Udskiftning af skærm,48365795213577,ipad-mini-6-reparation-10080,Udskiftning af skærm,,,continue,1444.00
iPad Mini 6 reparation,9267893207305,Udskiftning af batteri,48365795246345,ipad-mini-6-reparation-10081,Udskiftning af batteri,,,continue,888.00
iPad Mini 6 reparation,9267893207305,Udskiftning af ladestik,48365795279113,ipad-mini-6-reparation-10082,Udskiftning af ladestik,,,continue,888.00
iPad Mini 6 reparation,9267893207305,Alm. beskyttelsesglas,48365795311881,ipad-mini-6-reparation-10083,Alm. beskyttelsesglas,,,continue,199.00
iPad Mini 6 reparation,9267893207305,Fullframe beskyttelsesglas,48365795344649,ipad-mini-6-reparation-10084,Fullframe beskyttelsesglas,,,continue,249.00
iPad Mini 6 reparation,9267893207305,Håndteringsgebyr (inkl. gratis fejlfinding),48365795377417,ipad-mini-6-reparation-10085,Håndteringsgebyr (inkl. gratis fejlfinding),,,continue,0.00
iPad Pro 10.5″ reparation,9267890913545,Udskiftning af skærm,48365784957193,ipad-pro-10-5-reparation-10031,Udskiftning af skærm,,,continue,1888.00
iPad Pro 10.5″ reparation,9267890913545,Udskiftning af power-knap,48365784989961,ipad-pro-10-5-reparation-10032,Udskiftning af power-knap,,,continue,999.00
iPad Pro 10.5″ reparation,9267890913545,Udskiftning af ladestik,48365785022729,ipad-pro-10-5-reparation-10033,Udskiftning af ladestik,,,continue,999.00
iPad Pro 10.5″ reparation,9267890913545,Udskiftning af batteri,48365785055497,ipad-pro-10-5-reparation-10034,Udskiftning af batteri,,,continue,1111.00
iPad Pro 10.5″ reparation,9267890913545,Alm. beskyttelsesglas,48365785088265,ipad-pro-10-5-reparation-10035,Alm. beskyttelsesglas,,,continue,199.00
iPad Pro 10.5″ reparation,9267890913545,Fullframe beskyttelsesglas,48365785121033,ipad-pro-10-5-reparation-10036,Fullframe beskyttelsesglas,,,continue,249.00
iPad Pro 10.5″ reparation,9267890913545,Håndteringsgebyr (inkl. gratis fejlfinding),48365785153801,ipad-pro-10-5-reparation-10037,Håndteringsgebyr (inkl. gratis fejlfinding),,,continue,99.00
"iPad Pro 11"" 2.G. reparation",9267891208457,Udskiftning af batteri,48365786464521,ipad-pro-11-2-gen-reparation-10038,Udskiftning af batteri,,,continue,2777.00
"iPad Pro 11"" 2.G. reparation",9267891208457,Udskiftning af ladestik,48365786497289,ipad-pro-11-2-gen-reparation-10039,Udskiftning af ladestik,,,continue,1555.00
"iPad Pro 11"" 2.G. reparation",9267891208457,Alm. beskyttelsesglas,48365786530057,ipad-pro-11-2-gen-reparation-10040,Alm. beskyttelsesglas,,,continue,199.00
"iPad Pro 11"" 2.G. reparation",9267891208457,Fullframe beskyttelsesglas,48365786562825,ipad-pro-11-2-gen-reparation-10041,Fullframe beskyttelsesglas,,,continue,249.00
"iPad Pro 11"" 2.G. reparation",9267891208457,Håndteringsgebyr (inkl. gratis fejlfinding),48365786595593,ipad-pro-11-2-gen-reparation-10042,Håndteringsgebyr (inkl. gratis fejlfinding),,,continue,0.00
iPad Pro 11″ - 1. generation reparation,9267891470601,Udskiftning af batteri,48365787349257,ipad-pro-11-reparation-10043,Udskiftning af batteri,,,continue,2777.00
iPad Pro 11″ - 1. generation reparation,9267891470601,Udskiftning af ladestik,48365787382025,ipad-pro-11-reparation-10044,Udskiftning af ladestik,,,continue,1444.00
iPad Pro 11″ - 1. generation reparation,9267891470601,Alm. beskyttelsesglas,48365787414793,ipad-pro-11-reparation-10045,Alm. beskyttelsesglas,,,continue,199.00
iPad Pro 11″ - 1. generation reparation,9267891470601,Fullframe beskyttelsesglas,48365787447561,ipad-pro-11-reparation-10046,Fullframe beskyttelsesglas,,,continue,249.00
iPad Pro 11″ - 1. generation reparation,9267891470601,Håndteringsgebyr (inkl. gratis fejlfinding),48365787480329,ipad-pro-11-reparation-10047,Håndteringsgebyr (inkl. gratis fejlfinding),,,continue,0.00
iPad Pro 11″ 2022 reparation,9267892322569,Udskiftning af skærm,48365791543561,ipad-pro-11-2022-generation-reparation-10065,Udskiftning af skærm,,,continue,3000.00
iPad Pro 11″ 2022 reparation,9267892322569,Udskiftning af batteri,48365791576329,ipad-pro-11-2022-generation-reparation-10066,Udskiftning af batteri,,,continue,1999.00
iPad Pro 11″ 2022 reparation,9267892322569,Udskiftning af ladestik,48365791609097,ipad-pro-11-2022-generation-reparation-10067,Udskiftning af ladestik,,,continue,1666.00
iPad Pro 11″ 2022 reparation,9267892322569,Alm. beskyttelsesglas,48365791641865,ipad-pro-11-2022-generation-reparation-10068,Alm. beskyttelsesglas,,,continue,199.00
iPad Pro 11″ 2022 reparation,9267892322569,Fullframe beskyttelsesglas,48365791674633,ipad-pro-11-2022-generation-reparation-10069,Fullframe beskyttelsesglas,,,continue,249.00
iPad Pro 11″ 2022 reparation,9267892322569,Håndteringsgebyr (inkl. gratis fejlfinding),48365791707401,ipad-pro-11-2022-generation-reparation-10070,Håndteringsgebyr (inkl. gratis fejlfinding),,,continue,0.00
iPad Pro 12.9 6. generation reparation,9267892912393,Udskiftning af skærm,48365794328841,ipad-pro-12-9-6-generation-reparation-10075,Udskiftning af skærm,,,continue,5000.00
iPad Pro 12.9 6. generation reparation,9267892912393,Udskiftning af batteri,48365794361609,ipad-pro-12-9-6-generation-reparation-10076,Udskiftning af batteri,,,continue,1699.00
iPad Pro 12.9 6. generation reparation,9267892912393,Alm. beskyttelsesglas,48365794394377,ipad-pro-12-9-6-generation-reparation-10077,Alm. beskyttelsesglas,,,continue,199.00
iPad Pro 12.9 6. generation reparation,9267892912393,Fullframe beskyttelsesglas,48365794427145,ipad-pro-12-9-6-generation-reparation-10078,Fullframe beskyttelsesglas,,,continue,249.00
iPad Pro 12.9 6. generation reparation,9267892912393,Håndteringsgebyr (inkl. gratis fejlfinding),48365794459913,ipad-pro-12-9-6-generation-reparation-10079,Håndteringsgebyr (inkl. gratis fejlfinding),,,continue,0.00
iPad Pro 12.9″ – 1. generation reparation,9267891732745,Skærm reparation,48365788889353,ipad-pro-12-9-1-generation-reparation-10048,Skærm reparation,,,continue,2777.00
iPad Pro 12.9″ – 1. generation reparation,9267891732745,Udskiftning af batteri,48365788922121,ipad-pro-12-9-1-generation-reparation-10049,Udskiftning af batteri,,,continue,1444.00
iPad Pro 12.9″ – 1. generation reparation,9267891732745,Udskifting af ladestik,48365788954889,ipad-pro-12-9-1-generation-reparation-10050,Udskifting af ladestik,,,continue,1777.00
iPad Pro 12.9″ – 1. generation reparation,9267891732745,Alm. beskyttelsesglas,48365788987657,ipad-pro-12-9-1-generation-reparation-10051,Alm. beskyttelsesglas,,,continue,199.00
iPad Pro 12.9″ – 1. generation reparation,9267891732745,Fullframe beskyttelsesglas,48365789020425,ipad-pro-12-9-1-generation-reparation-10052,Fullframe beskyttelsesglas,,,continue,249.00
iPad Pro 12.9″ – 1. generation reparation,9267891732745,Håndteringsgebyr (inkl. gratis fejlfinding),48365789053193,ipad-pro-12-9-1-generation-reparation-10053,Håndteringsgebyr (inkl. gratis fejlfinding),,,continue,99.00
iPad Pro 12.9″ – 2. generation reparation,9267892060425,Ny skærm,48365790560521,ipad-pro-12-9-2-generation-reparation-1-10054,Ny skærm,,,continue,2999.00
iPad Pro 12.9″ – 2. generation reparation,9267892060425,Udskiftning af batteri,48365790593289,ipad-pro-12-9-2-generation-reparation-1-10055,Udskiftning af batteri,,,continue,1444.00
iPad Pro 12.9″ – 2. generation reparation,9267892060425,Alm. beskyttelsesglas,48365790626057,ipad-pro-12-9-2-generation-reparation-1-10056,Alm. beskyttelsesglas,,,continue,199.00
iPad Pro 12.9″ – 2. generation reparation,9267892060425,Fullframe beskyttelsesglas,48365790658825,ipad-pro-12-9-2-generation-reparation-1-10057,Fullframe beskyttelsesglas,,,continue,249.00
iPad Pro 12.9″ – 2. generation reparation,9267892060425,Håndteringsgebyr (inkl. gratis fejlfinding),48365790691593,ipad-pro-12-9-2-generation-reparation-1-10058,Håndteringsgebyr (inkl. gratis fejlfinding),,,continue,0.00
iPad Pro 12.9″ – 3. – 5. generation reparation,9267892683017,Udskiftning af skærm,48365793509641,ipad-pro-12-9-3-5-generation-reparation-10071,Udskiftning af skærm,,,continue,4111.00
iPad Pro 12.9″ – 3. – 5. generation reparation,9267892683017,Udskiftning af batteri,48365793542409,ipad-pro-12-9-3-5-generation-reparation-10072,Udskiftning af batteri,,,continue,1999.00
iPad Pro 12.9″ – 3. – 5. generation reparation,9267892683017,Alm. beskyttelsesglas,48365793575177,ipad-pro-12-9-3-5-generation-reparation-10073,Alm. beskyttelsesglas,,,continue,199.00
iPad Pro 12.9″ – 3. – 5. generation reparation,9267892683017,Fullframe beskyttelsesglas,48365793607945,ipad-pro-12-9-3-5-generation-reparation-10074,Fullframe beskyttelsesglas,,,continue,249.00
iPad Pro 9.7″ reparation,9267890684169,Udskiftning af batteri,48365783286025,ipad-pro-9-7-reparation-10025,Udskiftning af batteri,,,continue,1111.00
iPad Pro 9.7″ reparation,9267890684169,Udskiftning af glas/touch + LCD,48365783318793,ipad-pro-9-7-reparation-10026,Udskiftning af glas/touch + LCD,,,continue,1444.00
iPad Pro 9.7″ reparation,9267890684169,Udskiftning af dock connector,48365783351561,ipad-pro-9-7-reparation-10027,Udskiftning af dock connector,,,continue,888.00
iPad Pro 9.7″ reparation,9267890684169,Alm. beskyttelsesglas,48365783384329,ipad-pro-9-7-reparation-10028,Alm. beskyttelsesglas,,,continue,199.00
iPad Pro 9.7″ reparation,9267890684169,Fullframe beskyttelsesglas,48365783417097,ipad-pro-9-7-reparation-10029,Fullframe beskyttelsesglas,,,continue,249.00
iPad Pro 9.7″ reparation,9267890684169,Håndteringsgebyr (inkl. gratis fejlfinding),48365783449865,ipad-pro-9-7-reparation-10030,Håndteringsgebyr (inkl. gratis fejlfinding),,,continue,99.00
iPhone 11 Pro Max reparation,9267924107529,Udskiftning af display (Premium),48365989298441,iphone-11-pro-max-reparation-10705,Udskiftning af display (Premium),,,continue,999.00
iPhone 11 Pro Max reparation,9267924107529,Udskiftning af batteri (Premium),48365989331209,iphone-11-pro-max-reparation-10706,Udskiftning af batteri (Premium),,,continue,799.00
iPhone 11 Pro Max reparation,9267924107529,Udskiftning af bagcover (Premium),48365989363977,iphone-11-pro-max-reparation-10707,Udskiftning af bagcover (Premium),,,continue,1199.00
iPhone 11 Pro Max reparation,9267924107529,Udskiftning af bagkamera (ikke glas),48365989396745,iphone-11-pro-max-reparation-10708,Udskiftning af bagkamera (ikke glas),,,continue,1499.00
iPhone 11 Pro Max reparation,9267924107529,Alm. beskyttelsesglas,48365989429513,iphone-11-pro-max-reparation-10709,Alm. beskyttelsesglas,,,continue,199.00
iPhone 11 Pro Max reparation,9267924107529,Fullframe beskyttelsesglas,48365989462281,iphone-11-pro-max-reparation-10710,Fullframe beskyttelsesglas,,,continue,249.00
iPhone 11 Pro Max reparation,9267924107529,Diagnose,48365989495049,iphone-11-pro-max-reparation-10711,Diagnose,,,continue,99.00
iPhone 11 Pro reparation,9267924467977,Udskiftning af display (Premium),48365991952649,iphone-11-pro-reparation-10712,Udskiftning af display (Premium),,,continue,899.00
iPhone 11 Pro reparation,9267924467977,Udskiftning af batteri (Premium),48365991985417,iphone-11-pro-reparation-10713,Udskiftning af batteri (Premium),,,continue,649.00
iPhone 11 Pro reparation,9267924467977,Udskiftning af bagcover (Premium),48365992018185,iphone-11-pro-reparation-10714,Udskiftning af bagcover (Premium),,,continue,999.00
iPhone 11 Pro reparation,9267924467977,Udskiftning af bagkamera (ikke glas),48365992050953,iphone-11-pro-reparation-10715,Udskiftning af bagkamera (ikke glas),,,continue,1197.00
iPhone 11 Pro reparation,9267924467977,Alm. beskyttelsesglas,48365992083721,iphone-11-pro-reparation-10716,Alm. beskyttelsesglas,,,continue,199.00
iPhone 11 Pro reparation,9267924467977,Fullframe beskyttelsesglas,48365992116489,iphone-11-pro-reparation-10717,Fullframe beskyttelsesglas,,,continue,249.00
iPhone 11 Pro reparation,9267924467977,Diagnose,48365992149257,iphone-11-pro-reparation-10718,Diagnose,,,continue,99.00
iPhone 11 reparation,9267937771785,Udskiftning af display (Premium),48366085112073,iphone-11-reparation-10843,Udskiftning af display (Premium),,,continue,899.00
iPhone 11 reparation,9267937771785,Udskiftning af batteri (Premium),48366085144841,iphone-11-reparation-10844,Udskiftning af batteri (Premium),,,continue,649.00
iPhone 11 reparation,9267937771785,Udskiftning af bagcover (Premium),48366085177609,iphone-11-reparation-10845,Udskiftning af bagcover (Premium),,,continue,999.00
iPhone 11 reparation,9267937771785,Udskiftning af bagkamera (ikke glas),48366085210377,iphone-11-reparation-10846,Udskiftning af bagkamera (ikke glas),,,continue,1197.00
iPhone 11 reparation,9267937771785,Alm. beskyttelsesglas,48366085243145,iphone-11-reparation-10847,Alm. beskyttelsesglas,,,continue,199.00
iPhone 11 reparation,9267937771785,Fullframe beskyttelsesglas,48366085275913,iphone-11-reparation-10848,Fullframe beskyttelsesglas,,,continue,249.00
iPhone 11 reparation,9267937771785,Diagnose,48366085308681,iphone-11-reparation-10849,Diagnose,,,continue,99.00
iPhone 12 Mini reparation,9267923747081,Udskiftning af display (Premium),48365985956105,iphone-12-mini-reparation-10650,Udskiftning af display (Premium),,,continue,1049.00
iPhone 12 Mini reparation,9267923747081,Udskiftning af batteri (Premium),48365985988873,iphone-12-mini-reparation-10651,Udskiftning af batteri (Premium),,,continue,749.00
iPhone 12 Mini reparation,9267923747081,Udskiftning af bagcover (Premium),48365986021641,iphone-12-mini-reparation-10652,Udskiftning af bagcover (Premium),,,continue,1098.00
iPhone 12 Mini reparation,9267923747081,Udskiftning af bagkamera (ikke glas),48365986054409,iphone-12-mini-reparation-10653,Udskiftning af bagkamera (ikke glas),,,continue,1888.00
iPhone 12 Mini reparation,9267923747081,Alm. beskyttelsesglas,48365986087177,iphone-12-mini-reparation-10654,Alm. beskyttelsesglas,,,continue,199.00
iPhone 12 Mini reparation,9267923747081,Fullframe beskyttelsesglas,48365986119945,iphone-12-mini-reparation-10655,Fullframe beskyttelsesglas,,,continue,249.00
iPhone 12 Mini reparation,9267923747081,Diagnose,48365986152713,iphone-12-mini-reparation-10656,Diagnose,,,continue,99.00
iPhone 12 Pro Max reparation,9267922534665,Udskiftning af display (Premium),48365974454537,iphone-12-pro-max-reparation-10629,Udskiftning af display (Premium),,,continue,1499.00
iPhone 12 Pro Max reparation,9267922534665,Udskiftning af batteri (Premium),48365974487305,iphone-12-pro-max-reparation-10630,Udskiftning af batteri (Premium),,,continue,699.00
iPhone 12 Pro Max reparation,9267922534665,Udskiftning af bagcover (Premium),48365974520073,iphone-12-pro-max-reparation-10631,Udskiftning af bagcover (Premium),,,continue,1299.00
iPhone 12 Pro Max reparation,9267922534665,Udskiftning af bagkamera (ikke glas),48365974552841,iphone-12-pro-max-reparation-10632,Udskiftning af bagkamera (ikke glas),,,continue,1399.00
iPhone 12 Pro Max reparation,9267922534665,Alm. beskyttelsesglas,48365974585609,iphone-12-pro-max-reparation-10633,Alm. beskyttelsesglas,,,continue,199.00
iPhone 12 Pro Max reparation,9267922534665,Fullframe beskyttelsesglas,48365974618377,iphone-12-pro-max-reparation-10634,Fullframe beskyttelsesglas,,,continue,249.00
iPhone 12 Pro Max reparation,9267922534665,Diagnose,48365974651145,iphone-12-pro-max-reparation-10635,Diagnose,,,continue,99.00
iPhone 12 Pro reparation,9267923026185,Udskiftning af display (Premium),48365977534729,iphone-12-pro-reparation-10636,Udskiftning af display (Premium),,,continue,1499.00
iPhone 12 Pro reparation,9267923026185,Udskiftning af batteri (Premium),48365977567497,iphone-12-pro-reparation-10637,Udskiftning af batteri (Premium),,,continue,699.00
iPhone 12 Pro reparation,9267923026185,Udskiftning af bagcover (Premium),48365977600265,iphone-12-pro-reparation-10638,Udskiftning af bagcover (Premium),,,continue,1299.00
iPhone 12 Pro reparation,9267923026185,Udskiftning af bagkamera (ikke glas),48365977633033,iphone-12-pro-reparation-10639,Udskiftning af bagkamera (ikke glas),,,continue,1999.00
iPhone 12 Pro reparation,9267923026185,Alm. beskyttelsesglas,48365977665801,iphone-12-pro-reparation-10640,Alm. beskyttelsesglas,,,continue,199.00
iPhone 12 Pro reparation,9267923026185,Fullframe beskyttelsesglas,48365977698569,iphone-12-pro-reparation-10641,Fullframe beskyttelsesglas,,,continue,249.00
iPhone 12 Pro reparation,9267923026185,Diagnose,48365977731337,iphone-12-pro-reparation-10642,Diagnose,,,continue,99.00
iPhone 12 reparation,9267923353865,Udskiftning af display (Premium),48365983039753,iphone-12-reparation-1-10643,Udskiftning af display (Premium),,,continue,1099.00
iPhone 12 reparation,9267923353865,Udskiftning af batteri (Premium),48365983072521,iphone-12-reparation-1-10644,Udskiftning af batteri (Premium),,,continue,549.00
iPhone 12 reparation,9267923353865,Udskiftning af bagcover (Premium),48365983105289,iphone-12-reparation-1-10645,Udskiftning af bagcover (Premium),,,continue,1199.00
iPhone 12 reparation,9267923353865,Udskiftning af bagkamera (ikke glas),48365983138057,iphone-12-reparation-1-10646,Udskiftning af bagkamera (ikke glas),,,continue,1099.00
iPhone 12 reparation,9267923353865,Alm. beskyttelsesglas,48365983170825,iphone-12-reparation-1-10647,Alm. beskyttelsesglas,,,continue,199.00
iPhone 12 reparation,9267923353865,Fullframe beskyttelsesglas,48365983203593,iphone-12-reparation-1-10648,Fullframe beskyttelsesglas,,,continue,249.00
iPhone 12 reparation,9267923353865,Diagnose,48365983236361,iphone-12-reparation-1-10649,Diagnose,,,continue,99.00
iPhone 13 Mini reparation,9267920961801,Udskiftning af display (Premium),48365962559753,iphone-13-mini-reparation-10601,Udskiftning af display (Premium),,,continue,1999.00
iPhone 13 Mini reparation,9267920961801,Udskiftning af batteri (Premium),48365962592521,iphone-13-mini-reparation-10602,Udskiftning af batteri (Premium),,,continue,999.00
iPhone 13 Mini reparation,9267920961801,Udskiftning af bagcover (Premium),48365962625289,iphone-13-mini-reparation-10603,Udskiftning af bagcover (Premium),,,continue,1299.00
iPhone 13 Mini reparation,9267920961801,Udskiftning af bagkamera (ikke glas),48365962658057,iphone-13-mini-reparation-10604,Udskiftning af bagkamera (ikke glas),,,continue,1199.00
iPhone 13 Mini reparation,9267920961801,Alm. beskyttelsesglas,48365962690825,iphone-13-mini-reparation-10605,Alm. beskyttelsesglas,,,continue,199.00
iPhone 13 Mini reparation,9267920961801,Fullframe beskyttelsesglas,48365962723593,iphone-13-mini-reparation-10606,Fullframe beskyttelsesglas,,,continue,249.00
iPhone 13 Mini reparation,9267920961801,Diagnose,48365962756361,iphone-13-mini-reparation-10607,Diagnose,,,continue,99.00
iPhone 13 Pro Max reparation,9267922108681,Udskiftning af display (Premium),48365971308809,iphone-13-pro-max-reparation-10622,Udskiftning af display (Premium),,,continue,1999.00
iPhone 13 Pro Max reparation,9267922108681,Udskiftning af batteri (Premium),48365971341577,iphone-13-pro-max-reparation-10623,Udskiftning af batteri (Premium),,,continue,849.00
iPhone 13 Pro Max reparation,9267922108681,Udskiftning af bagcover (Premium),48365971374345,iphone-13-pro-max-reparation-10624,Udskiftning af bagcover (Premium),,,continue,5099.00
iPhone 13 Pro Max reparation,9267922108681,Udskiftning af bagkamera (ikke glas),48365971407113,iphone-13-pro-max-reparation-10625,Udskiftning af bagkamera (ikke glas),,,continue,1499.00
iPhone 13 Pro Max reparation,9267922108681,Alm. beskyttelsesglas,48365971439881,iphone-13-pro-max-reparation-10626,Alm. beskyttelsesglas,,,continue,199.00
iPhone 13 Pro Max reparation,9267922108681,Fullframe beskyttelsesglas,48365971472649,iphone-13-pro-max-reparation-10627,Fullframe beskyttelsesglas,,,continue,249.00
iPhone 13 Pro Max reparation,9267922108681,Diagnose,48365971505417,iphone-13-pro-max-reparation-10628,Diagnose,,,continue,99.00
iPhone 13 Pro reparation,9267921649929,Udskiftning af display (Premium),48365967737097,iphone-13-pro-reparation-10615,Udskiftning af display (Premium),,,continue,2599.00
iPhone 13 Pro reparation,9267921649929,Udskiftning af batteri (Premium),48365967769865,iphone-13-pro-reparation-10616,Udskiftning af batteri (Premium),,,continue,949.00
iPhone 13 Pro reparation,9267921649929,Udskiftning af bagcover (Premium),48365967802633,iphone-13-pro-reparation-10617,Udskiftning af bagcover (Premium),,,continue,1499.00
iPhone 13 Pro reparation,9267921649929,Udskiftning af bagkamera (ikke glas),48365967835401,iphone-13-pro-reparation-10618,Udskiftning af bagkamera (ikke glas),,,continue,1599.00
iPhone 13 Pro reparation,9267921649929,Alm. beskyttelsesglas,48365967868169,iphone-13-pro-reparation-10619,Alm. beskyttelsesglas,,,continue,199.00
iPhone 13 Pro reparation,9267921649929,Fullframe beskyttelsesglas,48365967900937,iphone-13-pro-reparation-10620,Fullframe beskyttelsesglas,,,continue,249.00
iPhone 13 Pro reparation,9267921649929,Diagnose,48365967933705,iphone-13-pro-reparation-10621,Diagnose,,,continue,99.00
iPhone 13 reparation,9267921223945,Udskiftning af display (Premium),48365964493065,iphone-13-reparation-10608,Udskiftning af display (Premium),,,continue,1999.00
iPhone 13 reparation,9267921223945,Udskiftning af batteri (Premium),48365964525833,iphone-13-reparation-10609,Udskiftning af batteri (Premium),,,continue,899.00
iPhone 13 reparation,9267921223945,Udskiftning af bagcover (Premium),48365964558601,iphone-13-reparation-10610,Udskiftning af bagcover (Premium),,,continue,1199.00
iPhone 13 reparation,9267921223945,Udskiftning af bagkamera (ikke glas),48365964591369,iphone-13-reparation-10611,Udskiftning af bagkamera (ikke glas),,,continue,1199.00
iPhone 13 reparation,9267921223945,Alm. beskyttelsesglas,48365964624137,iphone-13-reparation-10612,Alm. beskyttelsesglas,,,continue,199.00
iPhone 13 reparation,9267921223945,Fullframe beskyttelsesglas,48365964656905,iphone-13-reparation-10613,Fullframe beskyttelsesglas,,,continue,249.00
iPhone 13 reparation,9267921223945,Diagnose,48365964689673,iphone-13-reparation-10614,Diagnose,,,continue,99.00
iPhone 14 Plus reparation,9267920273673,Udskiftning af display (Premium),48365958693129,iphone-14-plus-reparation-10587,Udskiftning af display (Premium),,,continue,2299.00
iPhone 14 Plus reparation,9267920273673,Udskiftning af batteri (Premium),48365958725897,iphone-14-plus-reparation-10588,Udskiftning af batteri (Premium),,,continue,999.00
iPhone 14 Plus reparation,9267920273673,Udskiftning af bagcover (Ikke glas),48365958758665,iphone-14-plus-reparation-10589,Udskiftning af bagcover (Ikke glas),,,continue,1499.00
iPhone 14 Plus reparation,9267920273673,Udskiftning af bagkamera (ikke glas),48365958791433,iphone-14-plus-reparation-10590,Udskiftning af bagkamera (ikke glas),,,continue,1499.00
iPhone 14 Plus reparation,9267920273673,Alm. beskyttelsesglas,48365958824201,iphone-14-plus-reparation-10591,Alm. beskyttelsesglas,,,continue,199.00
iPhone 14 Plus reparation,9267920273673,Fullframe beskyttelsesglas,48365958856969,iphone-14-plus-reparation-10592,Fullframe beskyttelsesglas,,,continue,249.00
iPhone 14 Plus reparation,9267920273673,Diagnose,48365958889737,iphone-14-plus-reparation-10593,Diagnose,,,continue,99.00
iPhone 14 Pro Max reparation,9267920699657,Udskiftning af display (Premium),48365961183497,iphone-14-pro-max-reparation-10594,Udskiftning af display (Premium),,,continue,3399.00
iPhone 14 Pro Max reparation,9267920699657,Udskiftning af batteri (Premium),48365961216265,iphone-14-pro-max-reparation-10595,Udskiftning af batteri (Premium),,,continue,949.00
iPhone 14 Pro Max reparation,9267920699657,Udskiftning af bagcover (Kun Glas - Premium),48365961249033,iphone-14-pro-max-reparation-10596,Udskiftning af bagcover (Kun Glas - Premium),,,continue,1599.00
iPhone 14 Pro Max reparation,9267920699657,Udskiftning af bagkamera (ikke glas),48365961281801,iphone-14-pro-max-reparation-10597,Udskiftning af bagkamera (ikke glas),,,continue,1699.00
iPhone 14 Pro Max reparation,9267920699657,Alm. beskyttelsesglas,48365961314569,iphone-14-pro-max-reparation-10598,Alm. beskyttelsesglas,,,continue,199.00
iPhone 14 Pro Max reparation,9267920699657,Fullframe beskyttelsesglas,48365961347337,iphone-14-pro-max-reparation-10599,Fullframe beskyttelsesglas,,,continue,249.00
iPhone 14 Pro Max reparation,9267920699657,Diagnose,48365961380105,iphone-14-pro-max-reparation-10600,Diagnose,,,continue,99.00
iPhone 14 Pro reparation,9268026671369,Udskiftning af display (Premium),48366410727689,iphone-14-pro-reparation-12365,Udskiftning af display (Premium),,,continue,2499.00
iPhone 14 Pro reparation,9268026671369,Batteri,48366410760457,iphone-14-pro-reparation-12366,Batteri,,,continue,999.00
iPhone 14 Pro reparation,9268026671369,Udskiftning af bagkamera (ikke glas),48366410793225,iphone-14-pro-reparation-12367,Udskiftning af bagkamera (ikke glas),,,continue,2699.00
iPhone 14 Pro reparation,9268026671369,Udskiftning af bagcover (Premium),48366410825993,iphone-14-pro-reparation-12368,Udskiftning af bagcover (Premium),,,continue,1599.00
iPhone 14 Pro reparation,9268026671369,Diagnose,48366410858761,iphone-14-pro-reparation-12369,Diagnose,,,continue,99.00
iPhone 14 Pro reparation,9268026671369,Beskyttelsesglas,48366410891529,iphone-14-pro-reparation-12370,Beskyttelsesglas,,,continue,149.00
iPhone 14 reparation,9267919880457,Udskiftning af display (Premium),48365954466057,iphone-14-reparation-10580,Udskiftning af display (Premium),,,continue,1999.00
iPhone 14 reparation,9267919880457,Udskiftning af batteri (Premium),48365954498825,iphone-14-reparation-10581,Udskiftning af batteri (Premium),,,continue,849.00
iPhone 14 reparation,9267919880457,Udskiftning af bagkamera (Ikke glas),48365954531593,iphone-14-reparation-10582,Udskiftning af bagkamera (Ikke glas),,,continue,1499.00
iPhone 14 reparation,9267919880457,Udskiftning af bagcover (Premium),48365954564361,iphone-14-reparation-10583,Udskiftning af bagcover (Premium),,,continue,1499.00
iPhone 14 reparation,9267919880457,Alm. beskyttelsesglas,48365954597129,iphone-14-reparation-10584,Alm. beskyttelsesglas,,,continue,199.00
iPhone 14 reparation,9267919880457,Fullframe beskyttelsesglas,48365954629897,iphone-14-reparation-10585,Fullframe beskyttelsesglas,,,continue,249.00
iPhone 14 reparation,9267919880457,Diagnose,48365954662665,iphone-14-reparation-10586,Diagnose,,,continue,99.00
iPhone 15 Plus reparation,9267918733577,Udskiftning af skærm (Premium),48365947191561,iphone-15-plus-reparation-10559,Udskiftning af skærm (Premium),,,continue,2799.00
iPhone 15 Plus reparation,9267918733577,Udskiftning af batteri (Premium),48365947224329,iphone-15-plus-reparation-10560,Udskiftning af batteri (Premium),,,continue,1199.00
iPhone 15 Plus reparation,9267918733577,Udskiftning af bagcover,48365947257097,iphone-15-plus-reparation-10561,Udskiftning af bagcover,,,continue,1699.00
iPhone 15 Plus reparation,9267918733577,Udskiftning af bagkamera (ikke glas),48365947289865,iphone-15-plus-reparation-10562,Udskiftning af bagkamera (ikke glas),,,continue,1599.00
iPhone 15 Plus reparation,9267918733577,Alm. beskyttelsesglas,48365947322633,iphone-15-plus-reparation-10563,Alm. beskyttelsesglas,,,continue,199.00
iPhone 15 Plus reparation,9267918733577,Fullframe beskyttelsesglas,48365947355401,iphone-15-plus-reparation-10564,Fullframe beskyttelsesglas,,,continue,249.00
iPhone 15 Plus reparation,9267918733577,Diagnose,48365947388169,iphone-15-plus-reparation-10565,Diagnose,,,continue,99.00
iPhone 15 Pro Max reparation,9267919552777,Udskiftning af skærm (Premium),48365952041225,iphone-15-pro-max-reparation-10573,Udskiftning af skærm (Premium),,,continue,3199.00
iPhone 15 Pro Max reparation,9267919552777,Udskiftning af batteri (Premium),48365952073993,iphone-15-pro-max-reparation-10574,Udskiftning af batteri (Premium),,,continue,999.00
iPhone 15 Pro Max reparation,9267919552777,Udskiftning af bagcover,48365952106761,iphone-15-pro-max-reparation-10575,Udskiftning af bagcover,,,continue,1799.00
iPhone 15 Pro Max reparation,9267919552777,Udskiftning af bagkamera (ikke glas),48365952139529,iphone-15-pro-max-reparation-10576,Udskiftning af bagkamera (ikke glas),,,continue,1799.00
iPhone 15 Pro Max reparation,9267919552777,Alm. beskyttelsesglas,48365952172297,iphone-15-pro-max-reparation-10577,Alm. beskyttelsesglas,,,continue,199.00
iPhone 15 Pro Max reparation,9267919552777,Fullframe beskyttelsesglas,48365952205065,iphone-15-pro-max-reparation-10578,Fullframe beskyttelsesglas,,,continue,249.00
iPhone 15 Pro Max reparation,9267919552777,Diagnose,48365952237833,iphone-15-pro-max-reparation-10579,Diagnose,,,continue,99.00
iPhone 15 Pro reparation,9267919225097,Udskiftning af skærm (Premium),48365950632201,iphone-15-pro-reparation-10566,Udskiftning af skærm (Premium),,,continue,3199.00
iPhone 15 Pro reparation,9267919225097,Udskiftning af batteri (Premium),48365950664969,iphone-15-pro-reparation-10567,Udskiftning af batteri (Premium),,,continue,1199.00
iPhone 15 Pro reparation,9267919225097,Udskiftning af bagcover,48365950697737,iphone-15-pro-reparation-10568,Udskiftning af bagcover,,,continue,1699.00
iPhone 15 Pro reparation,9267919225097,Udskiftning af bagkamera (ikke glas),48365950730505,iphone-15-pro-reparation-10569,Udskiftning af bagkamera (ikke glas),,,continue,1799.00
iPhone 15 Pro reparation,9267919225097,Alm. beskyttelsesglas,48365950763273,iphone-15-pro-reparation-10570,Alm. beskyttelsesglas,,,continue,199.00
iPhone 15 Pro reparation,9267919225097,Fullframe beskyttelsesglas,48365950796041,iphone-15-pro-reparation-10571,Fullframe beskyttelsesglas,,,continue,249.00
iPhone 15 Pro reparation,9267919225097,Diagnose,48365950828809,iphone-15-pro-reparation-10572,Diagnose,,,continue,99.00
iPhone 15 reparation,9267918307593,Udskiftning af display (Premium),48365945159945,iphone-15-reparation-10552,Udskiftning af display (Premium),,,continue,2799.00
iPhone 15 reparation,9267918307593,Udskiftning af batteri (Premium),48365945192713,iphone-15-reparation-10553,Udskiftning af batteri (Premium),,,continue,1199.00
iPhone 15 reparation,9267918307593,Udskiftning af bagkamera (ikke glas),48365945258249,iphone-15-reparation-10554,Udskiftning af bagkamera (ikke glas),,,continue,1599.00
iPhone 15 reparation,9267918307593,Udskiftning af bagcover,48365945291017,iphone-15-reparation-10555,Udskiftning af bagcover,,,continue,1699.00
iPhone 15 reparation,9267918307593,Alm. beskyttelsesglas,48365945323785,iphone-15-reparation-10556,Alm. beskyttelsesglas,,,continue,199.00
iPhone 15 reparation,9267918307593,Fullframe beskyttelsesglas,48365945356553,iphone-15-reparation-10557,Fullframe beskyttelsesglas,,,continue,249.00
iPhone 15 reparation,9267918307593,Diagnose,48365945389321,iphone-15-reparation-10558,Diagnose,,,continue,99.00
iPhone 16 Plus reparation,9278342299913,Diagnose,48406364291337,iphone-15-plus-reparation-10565,Diagnose,,,continue,99.00
iPhone 16 Pro Max reparation,9278274470153,Diagnose,48406137864457,iphone-15-pro-max-reparation-10579,Diagnose,,,continue,99.00
iPhone 16 Pro reparation,9278341447945,Diagnose,48406361473289,iphone-15-pro-reparation-10572,Diagnose,,,continue,99.00
iPhone 16 reparation,9278341841161,Diagnose,48406362882313,iphone-15-reparation-10558,Diagnose,,,continue,99.00
iPhone 6 Plus reparation,9268025983241,Udskiftning af display (Premium),48366409023753,iphone-6-plus-reparation-12348,Udskiftning af display (Premium),,,continue,449.00
iPhone 6 Plus reparation,9268025983241,Udskiftning af batteri (Premium),48366409056521,iphone-6-plus-reparation-12349,Udskiftning af batteri (Premium),,,continue,449.00
iPhone 6 Plus reparation,9268025983241,Alm. beskyttelsesglas,48366409089289,iphone-6-plus-reparation-12350,Alm. beskyttelsesglas,,,continue,199.00
iPhone 6 Plus reparation,9268025983241,Fullframe beskyttelsesglas,48366409122057,iphone-6-plus-reparation-12351,Fullframe beskyttelsesglas,,,continue,249.00
iPhone 6 Plus reparation,9268025983241,Håndteringsgebyr (inkl. gratis fejlfinding),48366409154825,iphone-6-plus-reparation-12352,Håndteringsgebyr (inkl. gratis fejlfinding),,,continue,99.00
iPhone 6 reparation,9268026179849,Udskiftning af display (Premium),48366409449737,iphone-6-reparation-12353,Udskiftning af display (Premium),,,continue,399.00
iPhone 6 reparation,9268026179849,Udskiftning af batteri (Premium),48366409482505,iphone-6-reparation-12354,Udskiftning af batteri (Premium),,,continue,449.00
iPhone 6 reparation,9268026179849,Alm. beskyttelsesglas,48366409515273,iphone-6-reparation-12355,Alm. beskyttelsesglas,,,continue,199.00
iPhone 6 reparation,9268026179849,Fullframe beskyttelsesglas,48366409548041,iphone-6-reparation-12356,Fullframe beskyttelsesglas,,,continue,249.00
iPhone 6 reparation,9268026179849,Håndteringsgebyr (inkl. gratis fejlfinding),48366409580809,iphone-6-reparation-12357,Håndteringsgebyr (inkl. gratis fejlfinding),,,continue,99.00
iPhone 6S Plus reparation,9268025458953,Udskiftning af display (Premium),48366407942409,iphone-6s-plus-reparation-12336,Udskiftning af display (Premium),,,continue,549.00
iPhone 6S Plus reparation,9268025458953,Udskiftning af batteri (Premium),48366407975177,iphone-6s-plus-reparation-12337,Udskiftning af batteri (Premium),,,continue,449.00
iPhone 6S Plus reparation,9268025458953,Udskiftning af bagkamera (ikke glas),48366408007945,iphone-6s-plus-reparation-12338,Udskiftning af bagkamera (ikke glas),,,continue,449.00
iPhone 6S Plus reparation,9268025458953,Alm. beskyttelsesglas,48366408040713,iphone-6s-plus-reparation-12339,Alm. beskyttelsesglas,,,continue,199.00
iPhone 6S Plus reparation,9268025458953,Fullframe beskyttelsesglas,48366408073481,iphone-6s-plus-reparation-12340,Fullframe beskyttelsesglas,,,continue,249.00
iPhone 6S Plus reparation,9268025458953,Diagnose,48366408106249,iphone-6s-plus-reparation-12341,Diagnose,,,continue,99.00
iPhone 6S reparation,9268025819401,Udskiftning af display (Premium),48366408630537,iphone-6s-reparation-12342,Udskiftning af display (Premium),,,continue,499.00
iPhone 6S reparation,9268025819401,Udskiftning af batteri (Premium),48366408663305,iphone-6s-reparation-12343,Udskiftning af batteri (Premium),,,continue,499.00
iPhone 6S reparation,9268025819401,Udskiftning af bagcover,48366408696073,iphone-6s-reparation-12344,Udskiftning af bagcover,,,continue,899.00
iPhone 6S reparation,9268025819401,Alm. beskyttelsesglas,48366408728841,iphone-6s-reparation-12345,Alm. beskyttelsesglas,,,continue,199.00
iPhone 6S reparation,9268025819401,Fullframe beskyttelsesglas,48366408761609,iphone-6s-reparation-12346,Fullframe beskyttelsesglas,,,continue,249.00
iPhone 6S reparation,9268025819401,Diagnose,48366408794377,iphone-6s-reparation-12347,Diagnose,,,continue,99.00
iPhone 7 Plus reparation,9268026376457,Udskiftning af display (Premium),48366410006793,iphone-7-plus-reparation-12358,Udskiftning af display (Premium),,,continue,649.00
iPhone 7 Plus reparation,9268026376457,Udskiftning af batteri (Premium),48366410039561,iphone-7-plus-reparation-12359,Udskiftning af batteri (Premium),,,continue,549.00
iPhone 7 Plus reparation,9268026376457,Udskiftning af bagcover (Premium),48366410072329,iphone-7-plus-reparation-12360,Udskiftning af bagcover (Premium),,,continue,1199.00
iPhone 7 Plus reparation,9268026376457,Udskiftning af bagkamera (Premium),48366410105097,iphone-7-plus-reparation-12361,Udskiftning af bagkamera (Premium),,,continue,849.00
iPhone 7 Plus reparation,9268026376457,Alm. beskyttelsesglas,48366410137865,iphone-7-plus-reparation-12362,Alm. beskyttelsesglas,,,continue,199.00
iPhone 7 Plus reparation,9268026376457,Fullframe beskyttelsesglas,48366410170633,iphone-7-plus-reparation-12363,Fullframe beskyttelsesglas,,,continue,249.00
iPhone 7 Plus reparation,9268026376457,Diagnose,48366410203401,iphone-7-plus-reparation-12364,Diagnose,,,continue,99.00
iPhone 7 reparation,9268025065737,Udskiftning af display (Premium),48366407221513,iphone-7-reparation-12329,Udskiftning af display (Premium),,,continue,649.00
iPhone 7 reparation,9268025065737,Udskiftning af batteri (Premium),48366407254281,iphone-7-reparation-12330,Udskiftning af batteri (Premium),,,continue,499.00
iPhone 7 reparation,9268025065737,Udskiftning af bagcover (Premium),48366407287049,iphone-7-reparation-12331,Udskiftning af bagcover (Premium),,,continue,999.00
iPhone 7 reparation,9268025065737,Udskiftning af bagkamera (ikke glas),48366407319817,iphone-7-reparation-12332,Udskiftning af bagkamera (ikke glas),,,continue,699.00
iPhone 7 reparation,9268025065737,Alm. beskyttelsesglas,48366407352585,iphone-7-reparation-12333,Alm. beskyttelsesglas,,,continue,199.00
iPhone 7 reparation,9268025065737,Fullframe beskyttelsesglas,48366407385353,iphone-7-reparation-12334,Fullframe beskyttelsesglas,,,continue,249.00
iPhone 7 reparation,9268025065737,Diagnose,48366407418121,iphone-7-reparation-12335,Diagnose,,,continue,99.00
iPhone 8 Plus reparation,9268024410377,Udskiftning af display (Premium),48366406041865,iphone-8-plus-reparation-12315,Udskiftning af display (Premium),,,continue,699.00
iPhone 8 Plus reparation,9268024410377,Udskiftning af batteri (Premium),48366406074633,iphone-8-plus-reparation-12316,Udskiftning af batteri (Premium),,,continue,599.00
iPhone 8 Plus reparation,9268024410377,Udskiftning af bagcover (Premium),48366406107401,iphone-8-plus-reparation-12317,Udskiftning af bagcover (Premium),,,continue,599.00
iPhone 8 Plus reparation,9268024410377,Udskiftning af bagkamera (ikke glas),48366406140169,iphone-8-plus-reparation-12318,Udskiftning af bagkamera (ikke glas),,,continue,899.00
iPhone 8 Plus reparation,9268024410377,Alm. beskyttelsesglas,48366406172937,iphone-8-plus-reparation-12319,Alm. beskyttelsesglas,,,continue,199.00
iPhone 8 Plus reparation,9268024410377,Fullframe beskyttelsesglas,48366406205705,iphone-8-plus-reparation-12320,Fullframe beskyttelsesglas,,,continue,249.00
iPhone 8 Plus reparation,9268024410377,Diagnose,48366406238473,iphone-8-plus-reparation-12321,Diagnose,,,continue,99.00
iPhone 8 reparation,9268024770825,Udskiftning af display (Premium),48366406631689,iphone-8-reparation-12322,Udskiftning af display (Premium),,,continue,599.00
iPhone 8 reparation,9268024770825,Udskiftning af batteri (Premium),48366406664457,iphone-8-reparation-12323,Udskiftning af batteri (Premium),,,continue,499.00
iPhone 8 reparation,9268024770825,Udskiftning af bagcover (Premium),48366406697225,iphone-8-reparation-12324,Udskiftning af bagcover (Premium),,,continue,899.00
iPhone 8 reparation,9268024770825,Udskiftning af bagkamera (ikke glas),48366406729993,iphone-8-reparation-12325,Udskiftning af bagkamera (ikke glas),,,continue,899.00
iPhone 8 reparation,9268024770825,Alm. beskyttelsesglas,48366406762761,iphone-8-reparation-12326,Alm. beskyttelsesglas,,,continue,199.00
iPhone 8 reparation,9268024770825,Fullframe beskyttelsesglas,48366406795529,iphone-8-reparation-12327,Fullframe beskyttelsesglas,,,continue,249.00
iPhone 8 reparation,9268024770825,Diagnose,48366406828297,iphone-8-reparation-12328,Diagnose,,,continue,99.00
iPhone SE 1 generation reparation,9267943538953,Udskiftning af batteri,48366119223561,iphone-se-1-generation-reparation-10916,Udskiftning af batteri,,,continue,499.00
iPhone SE 1 generation reparation,9267943538953,Alm. beskyttelsesglas,48366119256329,iphone-se-1-generation-reparation-10917,Alm. beskyttelsesglas,,,continue,199.00
iPhone SE 1 generation reparation,9267943538953,Fullframe beskyttelsesglas,48366119289097,iphone-se-1-generation-reparation-10918,Fullframe beskyttelsesglas,,,continue,249.00
iPhone SE 1 generation reparation,9267943538953,Diagnose,48366119321865,iphone-se-1-generation-reparation-10919,Diagnose,,,continue,99.00
iPhone SE 2020 reparation,9267943833865,Udskiftning af display (Premium),48366120009993,iphone-se-2-generation-reparation-10920,Udskiftning af display (Premium),,,continue,349.00
iPhone SE 2020 reparation,9267943833865,Udskiftning af batteri (Premium),48366120042761,iphone-se-2-generation-reparation-10921,Udskiftning af batteri (Premium),,,continue,499.00
iPhone SE 2020 reparation,9267943833865,Udskiftning af bagcover (Premium),48366120075529,iphone-se-2-generation-reparation-10922,Udskiftning af bagcover (Premium),,,continue,599.00
iPhone SE 2020 reparation,9267943833865,Udskiftning af bagkamera (ikke glas),48366120108297,iphone-se-2-generation-reparation-10923,Udskiftning af bagkamera (ikke glas),,,continue,999.00
iPhone SE 2020 reparation,9267943833865,Alm. beskyttelsesglas,48366120173833,iphone-se-2-generation-reparation-10924,Alm. beskyttelsesglas,,,continue,199.00
iPhone SE 2020 reparation,9267943833865,Fullframe beskyttelsesglas,48366120206601,iphone-se-2-generation-reparation-10925,Fullframe beskyttelsesglas,,,continue,249.00
iPhone SE 2020 reparation,9267943833865,Diagnose,48366120239369,iphone-se-2-generation-reparation-10926,Diagnose,,,continue,99.00
iPhone SE 2022 reparation,9267943080201,Udskiftning af display (Premium),48366116045065,iphone-se-2022-reparation-10910,Udskiftning af display (Premium),,,continue,649.00
iPhone SE 2022 reparation,9267943080201,Udskiftning af batteri (Premium),48366116077833,iphone-se-2022-reparation-10911,Udskiftning af batteri (Premium),,,continue,599.00
iPhone SE 2022 reparation,9267943080201,Udskiftning af bagcover (Premium),48366116110601,iphone-se-2022-reparation-10912,Udskiftning af bagcover (Premium),,,continue,899.00
iPhone SE 2022 reparation,9267943080201,Udskiftning af bagkamera (ikke glas),48366116143369,iphone-se-2022-reparation-10913,Udskiftning af bagkamera (ikke glas),,,continue,899.00
iPhone SE 2022 reparation,9267943080201,Alm. beskyttelsesglas,48366116176137,iphone-se-2022-reparation-10914,Alm. beskyttelsesglas,,,continue,199.00
iPhone SE 2022 reparation,9267943080201,Fullframe beskyttelsesglas,48366116208905,iphone-se-2022-reparation-10915,Fullframe beskyttelsesglas,,,continue,249.00
iPhone X reparation,9267944849673,Udskiftning af display (Premium),48366124073225,iphone-x-reparation-10941,Udskiftning af display (Premium),,,continue,899.00
iPhone X reparation,9267944849673,Udskiftning af batteri (Premium),48366124105993,iphone-x-reparation-10942,Udskiftning af batteri (Premium),,,continue,649.00
iPhone X reparation,9267944849673,Udskiftning af bagcover (Premium),48366124138761,iphone-x-reparation-10943,Udskiftning af bagcover (Premium),,,continue,899.00
iPhone X reparation,9267944849673,Udskiftning af bagkamera (ikke glas),48366124171529,iphone-x-reparation-10944,Udskiftning af bagkamera (ikke glas),,,continue,1199.00
iPhone X reparation,9267944849673,Alm. beskyttelsesglas,48366124204297,iphone-x-reparation-10945,Alm. beskyttelsesglas,,,continue,199.00
iPhone X reparation,9267944849673,Fullframe beskyttelsesglas,48366124237065,iphone-x-reparation-10946,Fullframe beskyttelsesglas,,,continue,249.00
iPhone X reparation,9267944849673,Diagnose,48366124269833,iphone-x-reparation-10947,Diagnose,,,continue,99.00
iPhone XR reparation,9267945177353,Udskiftning af display (Premium),48366127218953,iphone-xr-reparation-10948,Udskiftning af display (Premium),,,continue,799.00
iPhone XR reparation,9267945177353,Udskiftning af batteri (Premium),48366127251721,iphone-xr-reparation-10949,Udskiftning af batteri (Premium),,,continue,599.00
iPhone XR reparation,9267945177353,Udskiftning af bagcover (Premium),48366127284489,iphone-xr-reparation-10950,Udskiftning af bagcover (Premium),,,continue,899.00
iPhone XR reparation,9267945177353,Udskiftning af bagkamera (ikke glas),48366127317257,iphone-xr-reparation-10951,Udskiftning af bagkamera (ikke glas),,,continue,999.00
iPhone XR reparation,9267945177353,Alm. beskyttelsesglas,48366127350025,iphone-xr-reparation-10952,Alm. beskyttelsesglas,,,continue,199.00
iPhone XR reparation,9267945177353,Fullframe beskyttelsesglas,48366127382793,iphone-xr-reparation-10953,Fullframe beskyttelsesglas,,,continue,249.00
iPhone XR reparation,9267945177353,Diagnose,48366127415561,iphone-xr-reparation-10954,Diagnose,,,continue,99.00
iPhone XS Max reparation,9267944489225,Udskiftning af display (Premium),48366122729737,iphone-xs-max-reparation-10934,Udskiftning af display (Premium),,,continue,999.00
iPhone XS Max reparation,9267944489225,Udskiftning af batteri (Premium),48366122762505,iphone-xs-max-reparation-10935,Udskiftning af batteri (Premium),,,continue,649.00
iPhone XS Max reparation,9267944489225,Udskiftning af bagcover (Premium),48366122795273,iphone-xs-max-reparation-10936,Udskiftning af bagcover (Premium),,,continue,899.00
iPhone XS Max reparation,9267944489225,Udskiftning af bagkamera (ikke glas),48366122828041,iphone-xs-max-reparation-10937,Udskiftning af bagkamera (ikke glas),,,continue,997.00
iPhone XS Max reparation,9267944489225,Alm. beskyttelsesglas,48366122860809,iphone-xs-max-reparation-10938,Alm. beskyttelsesglas,,,continue,199.00
iPhone XS Max reparation,9267944489225,Fullframe beskyttelsesglas,48366122893577,iphone-xs-max-reparation-10939,Fullframe beskyttelsesglas,,,continue,249.00
iPhone XS Max reparation,9267944489225,Diagnose,48366122926345,iphone-xs-max-reparation-10940,Diagnose,,,continue,99.00
iPhone XS reparation,9267944161545,Udskiftning af display (Premium),48366120927497,iphone-xs-reparation-10927,Udskiftning af display (Premium),,,continue,899.00
iPhone XS reparation,9267944161545,Udskiftning af batteri (Premium),48366120993033,iphone-xs-reparation-10928,Udskiftning af batteri (Premium),,,continue,699.00
iPhone XS reparation,9267944161545,Udskiftning af bagcover (Premium),48366121025801,iphone-xs-reparation-10929,Udskiftning af bagcover (Premium),,,continue,899.00
iPhone XS reparation,9267944161545,Udskiftning af bagkamera (ikke glas),48366121058569,iphone-xs-reparation-10930,Udskiftning af bagkamera (ikke glas),,,continue,999.00
iPhone XS reparation,9267944161545,Alm. beskyttelsesglas,48366121091337,iphone-xs-reparation-10931,Alm. beskyttelsesglas,,,continue,199.00
iPhone XS reparation,9267944161545,Fullframe beskyttelsesglas,48366121156873,iphone-xs-reparation-10932,Fullframe beskyttelsesglas,,,continue,249.00
iPhone XS reparation,9267944161545,Diagnose,48366121189641,iphone-xs-reparation-10933,Diagnose,,,continue,99.00
MacBook 12″ (2015) reparation,9267901432073,Udskiftning af display (Premium),48365831323913,macbook-12-2015-reparation-10238,Udskiftning af display (Premium),,,continue,4222.00
MacBook 12″ (2015) reparation,9267901432073,Udskiftning af tastatur (Premium),48365831356681,macbook-12-2015-reparation-10239,Udskiftning af tastatur (Premium),,,continue,1599.00
MacBook 12″ (2015) reparation,9267901432073,Udskiftning af batteri (Premium),48365831389449,macbook-12-2015-reparation-10240,Udskiftning af batteri (Premium),,,continue,1444.00
MacBook 12″ (2015) reparation,9267901432073,Udskiftning af bottom case (Premium),48365831422217,macbook-12-2015-reparation-10241,Udskiftning af bottom case (Premium),,,continue,999.00
MacBook 12″ (2015) reparation,9267901432073,Håndteringsgebyr (inkl. gratis fejlfinding),48365831454985,macbook-12-2015-reparation-10242,Håndteringsgebyr (inkl. gratis fejlfinding),,,continue,249.00
MacBook 12″ (2016) reparation,9267900973321,Udskiftning af display (Premium),48365829554441,macbook-12-2016-reparation-10228,Udskiftning af display (Premium),,,continue,4222.00
MacBook 12″ (2016) reparation,9267900973321,Udskiftning af tastatur (Premium),48365829587209,macbook-12-2016-reparation-10229,Udskiftning af tastatur (Premium),,,continue,1599.00
MacBook 12″ (2016) reparation,9267900973321,Udskiftning af batteri (Premium),48365829619977,macbook-12-2016-reparation-10230,Udskiftning af batteri (Premium),,,continue,1444.00
MacBook 12″ (2016) reparation,9267900973321,Udskiftning af bottom case (Premium),48365829652745,macbook-12-2016-reparation-10231,Udskiftning af bottom case (Premium),,,continue,999.00
MacBook 12″ (2016) reparation,9267900973321,Håndteringsgebyr (inkl. gratis fejlfinding),48365829685513,macbook-12-2016-reparation-10232,Håndteringsgebyr (inkl. gratis fejlfinding),,,continue,349.00
MacBook 12″ (2017) reparation,9267901137161,Udskiftning af display (Premium),48365829882121,macbook-12-2017-reparation-10233,Udskiftning af display (Premium),,,continue,4222.00
MacBook 12″ (2017) reparation,9267901137161,Udskiftning af tastatur (Premium),48365829914889,macbook-12-2017-reparation-10234,Udskiftning af tastatur (Premium),,,continue,1599.00
MacBook 12″ (2017) reparation,9267901137161,Udskiftning af batteri (Premium),48365829947657,macbook-12-2017-reparation-10235,Udskiftning af batteri (Premium),,,continue,1444.00
MacBook 12″ (2017) reparation,9267901137161,Udskiftning af bottom case (Premium),48365829980425,macbook-12-2017-reparation-10236,Udskiftning af bottom case (Premium),,,continue,999.00
MacBook 12″ (2017) reparation,9267901137161,Håndteringsgebyr (inkl. gratis fejlfinding),48365830013193,macbook-12-2017-reparation-10237,Håndteringsgebyr (inkl. gratis fejlfinding),,,continue,349.00
MacBook Air 11″ (2013-2015) reparation,9267899531529,Udskiftning af display (Premium),48365824213257,macbook-air-11-2013-2015-reparation-10195,Udskiftning af display (Premium),,,continue,2499.00
MacBook Air 11″ (2013-2015) reparation,9267899531529,Udskiftning af tastatur (Premium),48365824246025,macbook-air-11-2013-2015-reparation-10196,Udskiftning af tastatur (Premium),,,continue,1499.00
MacBook Air 11″ (2013-2015) reparation,9267899531529,Udskiftning af batteri (Premium),48365824278793,macbook-air-11-2013-2015-reparation-10197,Udskiftning af batteri (Premium),,,continue,1299.00
"MacBook Air 13,6″ M2 reparation",9267900317961,Udskiftning af display (Premium),48365826834697,macbook-air-13-6-m2-reparation-1-10211,Udskiftning af display (Premium),,,continue,5299.00
"MacBook Air 13,6″ M2 reparation",9267900317961,Udskiftning af tastatur (Premium),48365826867465,macbook-air-13-6-m2-reparation-1-10212,Udskiftning af tastatur (Premium),,,continue,2899.00
"MacBook Air 13,6″ M2 reparation",9267900317961,Udskiftning af batteri (Premium),48365826900233,macbook-air-13-6-m2-reparation-1-10213,Udskiftning af batteri (Premium),,,continue,1899.00
"MacBook Air 13,6″ M3 reparation",9267900514569,Udskiftning af display,48365827129609,macbook-air-13-6-m2-reparation-10214,Udskiftning af display,,,continue,5299.00
"MacBook Air 13,6″ M3 reparation",9267900514569,Udskiftning af top case,48365827162377,macbook-air-13-6-m2-reparation-10215,Udskiftning af top case,,,continue,4999.00
"MacBook Air 13,6″ M3 reparation",9267900514569,Udskiftning af bundkort,48365827195145,macbook-air-13-6-m2-reparation-10216,Udskiftning af bundkort,,,continue,5299.00
"MacBook Air 13,6″ M3 reparation",9267900514569,Udskiftning af batteri,48365827227913,macbook-air-13-6-m2-reparation-10217,Udskiftning af batteri,,,continue,2199.00
"MacBook Air 13,6″ M3 reparation",9267900514569,Håndteringsgebyr (inkl. gratis fejlfinding),48365827260681,macbook-air-13-6-m2-reparation-10218,Håndteringsgebyr (inkl. gratis fejlfinding),,,continue,349.00
MacBook Air 13″ (2013-2017) reparation,9267899760905,Udskiftning af display (Premium),48365824475401,macbook-air-13-2013-2017-reparation-10198,Udskiftning af display (Premium),,,continue,2499.00
MacBook Air 13″ (2013-2017) reparation,9267899760905,Udskiftning af tastatur (Premium),48365824508169,macbook-air-13-2013-2017-reparation-10199,Udskiftning af tastatur (Premium),,,continue,1499.00
MacBook Air 13″ (2013-2017) reparation,9267899760905,Udskiftning af batteri (Premium),48365824540937,macbook-air-13-2013-2017-reparation-10200,Udskiftning af batteri (Premium),,,continue,1299.00
MacBook Air 13″ (2018-2020) reparation,9267899990281,Udskiftning af display (Premium),48365826244873,macbook-air-13-2018-2020-reparation-10201,Udskiftning af display (Premium),,,continue,3999.00
MacBook Air 13″ (2018-2020) reparation,9267899990281,Udskiftning af tastatur (Premium),48365826277641,macbook-air-13-2018-2020-reparation-10202,Udskiftning af tastatur (Premium),,,continue,0.00
MacBook Air 13″ (2018-2020) reparation,9267899990281,Udskiftning af bundplade (Inkl. montering),48365826310409,macbook-air-13-2018-2020-reparation-10203,Udskiftning af bundplade (Inkl. montering),,,continue,999.00
MacBook Air 13″ (2018-2020) reparation,9267899990281,Udskiftning af batteri (Premium),48365826343177,macbook-air-13-2018-2020-reparation-10204,Udskiftning af batteri (Premium),,,continue,1499.00
MacBook Air 13″ M1 reparation,9267900186889,Udskiftning af display (Premium),48365826572553,macbook-air-13-m1-reparation-1-10205,Udskiftning af display (Premium),,,continue,4499.00
MacBook Air 13″ M1 reparation,9267900186889,Udskiftning af tastatur (Premium),48365826605321,macbook-air-13-m1-reparation-1-10206,Udskiftning af tastatur (Premium),,,continue,2499.00
MacBook Air 13″ M1 reparation,9267900186889,Udskiftning af batteri (Premium),48365826638089,macbook-air-13-m1-reparation-1-10207,Udskiftning af batteri (Premium),,,continue,1599.00
MacBook Air 15″ M2 reparation,9267900776713,Skærmskifte,48365829226761,macbook-air-15-m2-reparation-10219,Skærmskifte,,,continue,5499.00
MacBook Air 15″ M2 reparation,9267900776713,Udskiftning af top case,48365829259529,macbook-air-15-m2-reparation-10220,Udskiftning af top case,,,continue,5299.00
MacBook Air 15″ M2 reparation,9267900776713,Udskiftning af bundkort,48365829292297,macbook-air-15-m2-reparation-10221,Udskiftning af bundkort,,,continue,4999.00
MacBook Air 15″ M2 reparation,9267900776713,Udskiftning af batteri,48365829325065,macbook-air-15-m2-reparation-10222,Udskiftning af batteri,,,continue,2199.00
MacBook Pro 13″ (2012-2015) reparation,9267898548489,Udskiftning af display,48365819855113,macbook-pro-13-2012-2015-reparation-10178,Udskiftning af display,,,continue,5111.00
MacBook Pro 13″ (2012-2015) reparation,9267898548489,Udskiftning af tastatur,48365819887881,macbook-pro-13-2012-2015-reparation-10179,Udskiftning af tastatur,,,continue,1499.00
MacBook Pro 13″ (2012-2015) reparation,9267898548489,Udskiftning af bundplade (Inkl. montering),48365819920649,macbook-pro-13-2012-2015-reparation-10180,Udskiftning af bundplade (Inkl. montering),,,continue,799.00
MacBook Pro 13″ (2012-2015) reparation,9267898548489,Udskiftning af batteri,48365819953417,macbook-pro-13-2012-2015-reparation-10181,Udskiftning af batteri,,,continue,1499.00
MacBook Pro 13″ (2016-2017) 2 thunderbolt reparation,9267898843401,Udskiftning af display,48365821722889,macbook-pro-13-2016-2017-2-thunderbolt-reparation-10182,Udskiftning af display,,,continue,4444.00
MacBook Pro 13″ (2016-2017) 2 thunderbolt reparation,9267898843401,Udskiftning af tastatur,48365821755657,macbook-pro-13-2016-2017-2-thunderbolt-reparation-10183,Udskiftning af tastatur,,,continue,1999.00
MacBook Pro 13″ (2016-2017) 2 thunderbolt reparation,9267898843401,Udskiftning af bundplade (Inkl. montering),48365821788425,macbook-pro-13-2016-2017-2-thunderbolt-reparation-10184,Udskiftning af bundplade (Inkl. montering),,,continue,999.00
MacBook Pro 13″ (2016-2017) 2 thunderbolt reparation,9267898843401,Udskiftning af batteri,48365821821193,macbook-pro-13-2016-2017-2-thunderbolt-reparation-10185,Udskiftning af batteri,,,continue,1499.00
MacBook Pro 13″ (2016-2017) 4 Thunderbolt reparation,9267899072777,Udskiftning af display,48365822050569,macbook-pro-13-2016-2017-4-thunderbolt-reparation-10186,Udskiftning af display,,,continue,4444.00
MacBook Pro 13″ (2016-2017) 4 Thunderbolt reparation,9267899072777,Udskiftning af tastatur,48365822083337,macbook-pro-13-2016-2017-4-thunderbolt-reparation-10187,Udskiftning af tastatur,,,continue,1999.00
MacBook Pro 13″ (2016-2017) 4 Thunderbolt reparation,9267899072777,Udskiftning af bundplade (Inkl. montering),48365822116105,macbook-pro-13-2016-2017-4-thunderbolt-reparation-10188,Udskiftning af bundplade (Inkl. montering),,,continue,999.00
MacBook Pro 13″ (2016-2017) 4 Thunderbolt reparation,9267899072777,Udskiftning af batteri,48365822148873,macbook-pro-13-2016-2017-4-thunderbolt-reparation-10189,Udskiftning af batteri,,,continue,1499.00
MacBook Pro 13″ 2018-2020 reparation,9267898319113,Udskiftning af display,48365818904841,macbook-pro-13-2018-2020-reparation-10175,Udskiftning af display,,,continue,4444.00
MacBook Pro 13″ 2018-2020 reparation,9267898319113,Udskiftning af tastatur,48365818937609,macbook-pro-13-2018-2020-reparation-10176,Udskiftning af tastatur,,,continue,5999.00
MacBook Pro 13″ 2018-2020 reparation,9267898319113,Udskiftning af batteri,48365818970377,macbook-pro-13-2018-2020-reparation-10177,Udskiftning af batteri,,,continue,1555.00
MacBook Pro 13″ M1 reparation,9267898122505,Udskiftning af display,48365818052873,macbook-pro-13-m1-reparation-10171,Udskiftning af display,,,continue,5699.00
MacBook Pro 13″ M1 reparation,9267898122505,Udskiftning af top case,48365818085641,macbook-pro-13-m1-reparation-10172,Udskiftning af top case,,,continue,5499.00
MacBook Pro 13″ M1 reparation,9267898122505,Udskiftning af bundkort,48365818118409,macbook-pro-13-m1-reparation-10173,Udskiftning af bundkort,,,continue,5599.00
MacBook Pro 13″ M1 reparation,9267898122505,Udskiftning af batteri,48365818151177,macbook-pro-13-m1-reparation-10174,Udskiftning af batteri,,,continue,3499.00
MacBook Pro 13″ M2 reparation,9267899302153,Udskiftning af display,48365823852809,macbook-pro-13-m2-reparation-10190,Udskiftning af display,,,continue,5699.00
MacBook Pro 13″ M2 reparation,9267899302153,Udskiftning af top case,48365823885577,macbook-pro-13-m2-reparation-10191,Udskiftning af top case,,,continue,5499.00
MacBook Pro 13″ M2 reparation,9267899302153,Udskiftning af bundkort,48365823918345,macbook-pro-13-m2-reparation-10192,Udskiftning af bundkort,,,continue,5599.00
MacBook Pro 13″ M2 reparation,9267899302153,Udskiftning af batteri,48365823951113,macbook-pro-13-m2-reparation-10193,Udskiftning af batteri,,,continue,3499.00
MacBook Pro 13″ M2 reparation,9267899302153,Håndteringsgebyr (inkl. gratis fejlfinding),48365823983881,macbook-pro-13-m2-reparation-10194,Håndteringsgebyr (inkl. gratis fejlfinding),,,continue,349.00
MacBook Pro 14″ M1 (2021) reparation,9267897499913,Udskiftning af display,48365815136521,macbook-pro-14-m1-2021-reparation-10158,Udskiftning af display,,,continue,6799.00
MacBook Pro 14″ M1 (2021) reparation,9267897499913,Udskiftning af top case,48365815169289,macbook-pro-14-m1-2021-reparation-10159,Udskiftning af top case,,,continue,5999.00
MacBook Pro 14″ M1 (2021) reparation,9267897499913,Udskiftning af bundkort,48365815202057,macbook-pro-14-m1-2021-reparation-10160,Udskiftning af bundkort,,,continue,5599.00
MacBook Pro 14″ M1 (2021) reparation,9267897499913,Udskiftning af batteri,48365815234825,macbook-pro-14-m1-2021-reparation-10161,Udskiftning af batteri,,,continue,3499.00
MacBook Pro 14″ M2 (2023) reparation,9267897663753,Udskiftning af display,48365815955721,macbook-pro-14-m2-2023-reparation-10162,Udskiftning af display,,,continue,6799.00
MacBook Pro 14″ M2 (2023) reparation,9267897663753,Udskiftning af top case,48365815988489,macbook-pro-14-m2-2023-reparation-10163,Udskiftning af top case,,,continue,5999.00
MacBook Pro 14″ M2 (2023) reparation,9267897663753,Udskiftning af bundkort,48365816021257,macbook-pro-14-m2-2023-reparation-10164,Udskiftning af bundkort,,,continue,5599.00
MacBook Pro 14″ M2 (2023) reparation,9267897663753,Udskiftning af batteri,48365816054025,macbook-pro-14-m2-2023-reparation-10165,Udskiftning af batteri,,,continue,3499.00
MacBook Pro 14″ M2 (2023) reparation,9267897663753,Håndteringsgebyr (inkl. gratis fejlfinding),48365816086793,macbook-pro-14-m2-2023-reparation-10166,Håndteringsgebyr (inkl. gratis fejlfinding),,,continue,349.00
MacBook Pro 14″ M3 (2024) reparation,9267897925897,Udskiftning af skærm,48365817463049,macbook-pro-14-m3-2024-reparation-10167,Udskiftning af skærm,,,continue,6799.00
MacBook Pro 14″ M3 (2024) reparation,9267897925897,Udskiftning af top case,48365817495817,macbook-pro-14-m3-2024-reparation-10168,Udskiftning af top case,,,continue,5999.00
MacBook Pro 14″ M3 (2024) reparation,9267897925897,Udskiftning af bundkort,48365817528585,macbook-pro-14-m3-2024-reparation-10169,Udskiftning af bundkort,,,continue,5599.00
MacBook Pro 14″ M3 (2024) reparation,9267897925897,Udskiftning af batteri,48365817561353,macbook-pro-14-m3-2024-reparation-10170,Udskiftning af batteri,,,continue,3499.00
MacBook Pro 15″ (2012-2015) reparation,9267896189193,Udskiftning af display (Premium),48365810057481,macbook-pro-15-2012-2015-reparation-10135,Udskiftning af display (Premium),,,continue,5599.00
MacBook Pro 15″ (2012-2015) reparation,9267896189193,Udskiftning af tastatur (Premium),48365810090249,macbook-pro-15-2012-2015-reparation-10136,Udskiftning af tastatur (Premium),,,continue,1499.00
MacBook Pro 15″ (2012-2015) reparation,9267896189193,Udskiftning af bundplade (Inkl. montering),48365810123017,macbook-pro-15-2012-2015-reparation-10137,Udskiftning af bundplade (Inkl. montering),,,continue,799.00
MacBook Pro 15″ (2012-2015) reparation,9267896189193,Udskiftning af batteri,48365810155785,macbook-pro-15-2012-2015-reparation-10138,Udskiftning af batteri,,,continue,1399.00
MacBook Pro 15″ (2016-2019) reparation,9267895697673,Udskiftning af display (Premium),48365806616841,macbook-pro-15-2016-2019-reparation-10126,Udskiftning af display (Premium),,,continue,5555.00
MacBook Pro 15″ (2016-2019) reparation,9267895697673,Udskiftning af tastatur (Premium),48365806649609,macbook-pro-15-2016-2019-reparation-10127,Udskiftning af tastatur (Premium),,,continue,5222.00
MacBook Pro 15″ (2016-2019) reparation,9267895697673,Udskiftning af bundplade (Inkl. montering),48365806682377,macbook-pro-15-2016-2019-reparation-10128,Udskiftning af bundplade (Inkl. montering),,,continue,999.00
MacBook Pro 15″ (2016-2019) reparation,9267895697673,Udskiftning af batteri,48365806715145,macbook-pro-15-2016-2019-reparation-10129,Udskiftning af batteri,,,continue,1499.00
MacBook Pro 15″ (Mid 2012) reparation,9267895894281,Udskiftning af display (Premium),48365806911753,macbook-pro-15-mid-2012-reparation-10130,Udskiftning af display (Premium),,,continue,3299.00
MacBook Pro 15″ (Mid 2012) reparation,9267895894281,Udskiftning af tastatur (Premium),48365806944521,macbook-pro-15-mid-2012-reparation-10131,Udskiftning af tastatur (Premium),,,continue,1299.00
MacBook Pro 15″ (Mid 2012) reparation,9267895894281,Udskiftning af bundplade (Inkl. montering),48365806977289,macbook-pro-15-mid-2012-reparation-10132,Udskiftning af bundplade (Inkl. montering),,,continue,799.00
MacBook Pro 15″ (Mid 2012) reparation,9267895894281,Udskiftning af batteri,48365807010057,macbook-pro-15-mid-2012-reparation-10133,Udskiftning af batteri,,,continue,1299.00
MacBook Pro 15″ (Mid 2012) reparation,9267895894281,Håndteringsgebyr (inkl. gratis fejlfinding),48365807042825,macbook-pro-15-mid-2012-reparation-10134,Håndteringsgebyr (inkl. gratis fejlfinding),,,continue,349.00
MacBook Pro 16″ (2019) reparation,9267896418569,Udskiftning af display (Premium),48365810417929,macbook-pro-16-2019-reparation-10139,Udskiftning af display (Premium),,,continue,6299.00
MacBook Pro 16″ (2019) reparation,9267896418569,Udskiftning af topcase+tastatur (Premium),48365810450697,macbook-pro-16-2019-reparation-10140,Udskiftning af topcase+tastatur (Premium),,,continue,4999.00
MacBook Pro 16″ (2019) reparation,9267896418569,Udskiftning af bundkort,48365810483465,macbook-pro-16-2019-reparation-10141,Udskiftning af bundkort,,,continue,6399.00
MacBook Pro 16″ (2019) reparation,9267896418569,Udskiftning af batteri,48365810516233,macbook-pro-16-2019-reparation-10142,Udskiftning af batteri,,,continue,3499.00
MacBook Pro 16″ M1 (2021) reparation,9267896647945,Udskiftning af display,48365812121865,macbook-pro-16-m1-2021-reparation-10143,Udskiftning af display,,,continue,7599.00
MacBook Pro 16″ M1 (2021) reparation,9267896647945,Udskiftning af top case,48365812154633,macbook-pro-16-m1-2021-reparation-10144,Udskiftning af top case,,,continue,6399.00
MacBook Pro 16″ M1 (2021) reparation,9267896647945,Udskiftning af bundkort,48365812187401,macbook-pro-16-m1-2021-reparation-10145,Udskiftning af bundkort,,,continue,6399.00
MacBook Pro 16″ M1 (2021) reparation,9267896647945,Udskiftning af batteri,48365812220169,macbook-pro-16-m1-2021-reparation-10146,Udskiftning af batteri,,,continue,3499.00
MacBook Pro 16″ M1 (2021) reparation,9267896647945,Håndteringsgebyr (inkl. gratis fejlfinding),48365812252937,macbook-pro-16-m1-2021-reparation-10147,Håndteringsgebyr (inkl. gratis fejlfinding),,,continue,349.00
MacBook Pro 16″ M2 (2023) reparation,9267896910089,Skærmskift,48365813661961,macbook-pro-16-m2-2023-reparation-10148,Skærmskift,,,continue,7599.00
MacBook Pro 16″ M2 (2023) reparation,9267896910089,Udskiftning af top case,48365813694729,macbook-pro-16-m2-2023-reparation-10149,Udskiftning af top case,,,continue,6399.00
MacBook Pro 16″ M2 (2023) reparation,9267896910089,Udskiftning af bundkort,48365813727497,macbook-pro-16-m2-2023-reparation-10150,Udskiftning af bundkort,,,continue,6399.00
MacBook Pro 16″ M2 (2023) reparation,9267896910089,Udskiftning af batteri,48365813760265,macbook-pro-16-m2-2023-reparation-10151,Udskiftning af batteri,,,continue,3499.00
MacBook Pro 16″ M2 (2023) reparation,9267896910089,Håndteringsgebyr (inkl. gratis fejlfinding),48365813793033,macbook-pro-16-m2-2023-reparation-10152,Håndteringsgebyr (inkl. gratis fejlfinding),,,continue,349.00
MacBook Pro 16″ M3 (2024) reparation,9267897139465,Udskiftning af skærm,48365814284553,macbook-pro-16-m3-2024-reparation-10153,Udskiftning af skærm,,,continue,7599.00
MacBook Pro 16″ M3 (2024) reparation,9267897139465,Udskiftning af top case,48365814317321,macbook-pro-16-m3-2024-reparation-10154,Udskiftning af top case,,,continue,6399.00
MacBook Pro 16″ M3 (2024) reparation,9267897139465,Udskiftning af bundkort,48365814350089,macbook-pro-16-m3-2024-reparation-10155,Udskiftning af bundkort,,,continue,6399.00
MacBook Pro 16″ M3 (2024) reparation,9267897139465,Udskiftning af batteri,48365814382857,macbook-pro-16-m3-2024-reparation-10156,Udskiftning af batteri,,,continue,3499.00
MacBook Pro 16″ M3 (2024) reparation,9267897139465,Håndteringsgebyr (inkl. gratis fejlfinding),48365814415625,macbook-pro-16-m3-2024-reparation-10157,Håndteringsgebyr (inkl. gratis fejlfinding),,,continue,349.00
Samsung Galaxy A03 reparation,9267913818377,Udskiftning af display,48365912129801,samsung-galaxy-a03-reparation-10470,Udskiftning af display,,,continue,969.00
Samsung Galaxy A03 reparation,9267913818377,Udskiftning af batteri,48365912162569,samsung-galaxy-a03-reparation-10471,Udskiftning af batteri,,,continue,539.00
Samsung Galaxy A03 reparation,9267913818377,Udskiftning af bagcover,48365912195337,samsung-galaxy-a03-reparation-10472,Udskiftning af bagcover,,,continue,519.00
Samsung Galaxy A03 reparation,9267913818377,Udskiftning af ladestik,48365912228105,samsung-galaxy-a03-reparation-10473,Udskiftning af ladestik,,,continue,519.00
Samsung Galaxy A03 reparation,9267913818377,Reparation af væskeskade,48365912260873,samsung-galaxy-a03-reparation-10474,Reparation af væskeskade,,,continue,999.00
Samsung Galaxy A03 reparation,9267913818377,Alm. beskyttelsesglas,48365912293641,samsung-galaxy-a03-reparation-10475,Alm. beskyttelsesglas,,,continue,199.00
Samsung Galaxy A03 reparation,9267913818377,Fullframe beskyttelsesglas,48365912326409,samsung-galaxy-a03-reparation-10476,Fullframe beskyttelsesglas,,,continue,249.00
Samsung Galaxy A03 reparation,9267913818377,Diagnose,48365912359177,samsung-galaxy-a03-reparation-10477,Diagnose,,,continue,299.00
Samsung Galaxy A04s reparation,9267914440969,Udskiftning af display,48365915734281,samsung-galaxy-a04s-reparation-10478,Udskiftning af display,,,continue,979.00
Samsung Galaxy A04s reparation,9267914440969,Udskiftning af batteri,48365915767049,samsung-galaxy-a04s-reparation-10479,Udskiftning af batteri,,,continue,519.00
Samsung Galaxy A04s reparation,9267914440969,Udskiftning af bagcover,48365915832585,samsung-galaxy-a04s-reparation-10480,Udskiftning af bagcover,,,continue,529.00
Samsung Galaxy A04s reparation,9267914440969,Udskiftning af ladestik,48365915865353,samsung-galaxy-a04s-reparation-10481,Udskiftning af ladestik,,,continue,509.00
Samsung Galaxy A04s reparation,9267914440969,Reparation af væskeskade,48365915898121,samsung-galaxy-a04s-reparation-10482,Reparation af væskeskade,,,continue,999.00
Samsung Galaxy A04s reparation,9267914440969,Alm. beskyttelsesglas,48365915930889,samsung-galaxy-a04s-reparation-10483,Alm. beskyttelsesglas,,,continue,199.00
Samsung Galaxy A04s reparation,9267914440969,Fullframe beskyttelsesglas,48365915963657,samsung-galaxy-a04s-reparation-10484,Fullframe beskyttelsesglas,,,continue,249.00
Samsung Galaxy A04s reparation,9267914440969,Diagnose,48365916029193,samsung-galaxy-a04s-reparation-10485,Diagnose,,,continue,299.00
Samsung Galaxy A13 5G reparation,9267915161865,Udskiftning af display,48365920649481,samsung-galaxy-a13-5g-reparation-10494,Udskiftning af display,,,continue,1222.00
Samsung Galaxy A13 5G reparation,9267915161865,Udskiftning af batteri,48365920682249,samsung-galaxy-a13-5g-reparation-10495,Udskiftning af batteri,,,continue,666.00
Samsung Galaxy A13 5G reparation,9267915161865,Udskiftning af bagcover,48365920715017,samsung-galaxy-a13-5g-reparation-10496,Udskiftning af bagcover,,,continue,666.00
Samsung Galaxy A13 5G reparation,9267915161865,Udskiftning af ladestik,48365920747785,samsung-galaxy-a13-5g-reparation-10497,Udskiftning af ladestik,,,continue,666.00
Samsung Galaxy A13 5G reparation,9267915161865,Reparation af væskeskade,48365920780553,samsung-galaxy-a13-5g-reparation-10498,Reparation af væskeskade,,,continue,1499.00
Samsung Galaxy A13 5G reparation,9267915161865,Diagnose,48365920813321,samsung-galaxy-a13-5g-reparation-10499,Diagnose,,,continue,299.00
Samsung Galaxy A13 reparation,9267914801417,Udskiftning af display,48365918159113,samsung-galaxy-a13-reparation-10486,Udskiftning af display,,,continue,989.00
Samsung Galaxy A13 reparation,9267914801417,Udskiftning af batteri,48365918191881,samsung-galaxy-a13-reparation-10487,Udskiftning af batteri,,,continue,549.00
Samsung Galaxy A13 reparation,9267914801417,Udskiftning af bagcover,48365918224649,samsung-galaxy-a13-reparation-10488,Udskiftning af bagcover,,,continue,549.00
Samsung Galaxy A13 reparation,9267914801417,Udskiftning af ladestik,48365918257417,samsung-galaxy-a13-reparation-10489,Udskiftning af ladestik,,,continue,519.00
Samsung Galaxy A13 reparation,9267914801417,Reparation af væskeskade,48365918290185,samsung-galaxy-a13-reparation-10490,Reparation af væskeskade,,,continue,999.00
Samsung Galaxy A13 reparation,9267914801417,Alm. beskyttelsesglas,48365918322953,samsung-galaxy-a13-reparation-10491,Alm. beskyttelsesglas,,,continue,199.00
Samsung Galaxy A13 reparation,9267914801417,Fullframe beskyttelsesglas,48365918355721,samsung-galaxy-a13-reparation-10492,Fullframe beskyttelsesglas,,,continue,249.00
Samsung Galaxy A13 reparation,9267914801417,Diagnose,48365918388489,samsung-galaxy-a13-reparation-10493,Diagnose,,,continue,299.00
Samsung Galaxy A22 5G reparation,9267917455625,Udskiftning af display,48365940703497,samsung-galaxy-a22-5g-reparation-10538,Udskiftning af display,,,continue,1222.00
Samsung Galaxy A22 5G reparation,9267917455625,Udskiftning af batteri,48365940736265,samsung-galaxy-a22-5g-reparation-10539,Udskiftning af batteri,,,continue,666.00
Samsung Galaxy A22 5G reparation,9267917455625,Udskiftning af bagcover,48365940769033,samsung-galaxy-a22-5g-reparation-10540,Udskiftning af bagcover,,,continue,666.00
Samsung Galaxy A22 5G reparation,9267917455625,Udskiftning af ladestik,48365940801801,samsung-galaxy-a22-5g-reparation-10541,Udskiftning af ladestik,,,continue,666.00
Samsung Galaxy A22 5G reparation,9267917455625,Reparation af væskeskade,48365940834569,samsung-galaxy-a22-5g-reparation-10542,Reparation af væskeskade,,,continue,1499.00
Samsung Galaxy A22 5G reparation,9267917455625,Diagnose,48365940867337,samsung-galaxy-a22-5g-reparation-10543,Diagnose,,,continue,299.00
Samsung Galaxy A22 reparation,9267917848841,Udskiftning af display,48365943390473,samsung-galaxy-a22-reparation-10544,Udskiftning af display,,,continue,989.00
Samsung Galaxy A22 reparation,9267917848841,Udskiftning af batteri,48365943456009,samsung-galaxy-a22-reparation-10545,Udskiftning af batteri,,,continue,539.00
Samsung Galaxy A22 reparation,9267917848841,Udskiftning af bagcover,48365943488777,samsung-galaxy-a22-reparation-10546,Udskiftning af bagcover,,,continue,539.00
Samsung Galaxy A22 reparation,9267917848841,Udskiftning af ladestik,48365943521545,samsung-galaxy-a22-reparation-10547,Udskiftning af ladestik,,,continue,519.00
Samsung Galaxy A22 reparation,9267917848841,Reparation af væskeskade,48365943554313,samsung-galaxy-a22-reparation-10548,Reparation af væskeskade,,,continue,999.00
Samsung Galaxy A22 reparation,9267917848841,Alm. beskyttelsesglas,48365943587081,samsung-galaxy-a22-reparation-10549,Alm. beskyttelsesglas,,,continue,199.00
Samsung Galaxy A22 reparation,9267917848841,Fullframe beskyttelsesglas,48365943619849,samsung-galaxy-a22-reparation-10550,Fullframe beskyttelsesglas,,,continue,249.00
Samsung Galaxy A22 reparation,9267917848841,Diagnose,48365943652617,samsung-galaxy-a22-reparation-10551,Diagnose,,,continue,299.00
Samsung Galaxy A32 5G reparation,9267916669193,Udskiftning af display,48365933756681,samsung-galaxy-a32-5g-reparation-10524,Udskiftning af display,,,continue,1222.00
Samsung Galaxy A32 5G reparation,9267916669193,Udskiftning af batteri,48365933789449,samsung-galaxy-a32-5g-reparation-10525,Udskiftning af batteri,,,continue,666.00
Samsung Galaxy A32 5G reparation,9267916669193,Udskiftning af bagcover,48365933822217,samsung-galaxy-a32-5g-reparation-10526,Udskiftning af bagcover,,,continue,666.00
Samsung Galaxy A32 5G reparation,9267916669193,Udskiftning af ladestik,48365933854985,samsung-galaxy-a32-5g-reparation-10527,Udskiftning af ladestik,,,continue,666.00
Samsung Galaxy A32 5G reparation,9267916669193,Reparation af væskeskade,48365933887753,samsung-galaxy-a32-5g-reparation-10528,Reparation af væskeskade,,,continue,1499.00
Samsung Galaxy A32 5G reparation,9267916669193,Diagnose,48365933920521,samsung-galaxy-a32-5g-reparation-10529,Diagnose,,,continue,299.00
Samsung Galaxy A32 reparation,9267917062409,Udskiftning af display,48365937557769,samsung-galaxy-a32-reparation-10530,Udskiftning af display,,,continue,1059.00
Samsung Galaxy A32 reparation,9267917062409,Udskiftning af batteri,48365937590537,samsung-galaxy-a32-reparation-10531,Udskiftning af batteri,,,continue,549.00
Samsung Galaxy A32 reparation,9267917062409,Udskiftning af bagcover,48365937623305,samsung-galaxy-a32-reparation-10532,Udskiftning af bagcover,,,continue,539.00
Samsung Galaxy A32 reparation,9267917062409,Udskiftning af ladestik,48365937656073,samsung-galaxy-a32-reparation-10533,Udskiftning af ladestik,,,continue,519.00
Samsung Galaxy A32 reparation,9267917062409,Reparation af væskeskade,48365937688841,samsung-galaxy-a32-reparation-10534,Reparation af væskeskade,,,continue,999.00
Samsung Galaxy A32 reparation,9267917062409,Alm. beskyttelsesglas,48365937721609,samsung-galaxy-a32-reparation-10535,Alm. beskyttelsesglas,,,continue,199.00
Samsung Galaxy A32 reparation,9267917062409,Fullframe beskyttelsesglas,48365937754377,samsung-galaxy-a32-reparation-10536,Fullframe beskyttelsesglas,,,continue,249.00
Samsung Galaxy A32 reparation,9267917062409,Diagnose,48365937787145,samsung-galaxy-a32-reparation-10537,Diagnose,,,continue,299.00
Samsung Galaxy A33 reparation,9267916275977,Udskiftning af display,48365931462921,samsung-galaxy-a33-reparation-10516,Udskiftning af display,,,continue,1269.00
Samsung Galaxy A33 reparation,9267916275977,Udskiftning af batteri,48365931495689,samsung-galaxy-a33-reparation-10517,Udskiftning af batteri,,,continue,529.00
Samsung Galaxy A33 reparation,9267916275977,Udskiftning af bagcover,48365931528457,samsung-galaxy-a33-reparation-10518,Udskiftning af bagcover,,,continue,579.00
Samsung Galaxy A33 reparation,9267916275977,Udskiftning af ladestik,48365931561225,samsung-galaxy-a33-reparation-10519,Udskiftning af ladestik,,,continue,549.00
Samsung Galaxy A33 reparation,9267916275977,Reparation af væskeskade,48365931626761,samsung-galaxy-a33-reparation-10520,Reparation af væskeskade,,,continue,999.00
Samsung Galaxy A33 reparation,9267916275977,Alm. beskyttelsesglas,48365931659529,samsung-galaxy-a33-reparation-10521,Alm. beskyttelsesglas,,,continue,199.00
Samsung Galaxy A33 reparation,9267916275977,Fullframe beskyttelsesglas,48365931692297,samsung-galaxy-a33-reparation-10522,Fullframe beskyttelsesglas,,,continue,249.00
Samsung Galaxy A33 reparation,9267916275977,Diagnose,48365931725065,samsung-galaxy-a33-reparation-10523,Diagnose,,,continue,299.00
Samsung Galaxy A52s reparation,9267915522313,Udskiftning af display,48365922812169,samsung-galaxy-a52s-reparation-10500,Udskiftning af display,,,continue,1249.00
Samsung Galaxy A52s reparation,9267915522313,Udskiftning af batteri,48365922844937,samsung-galaxy-a52s-reparation-10501,Udskiftning af batteri,,,continue,529.00
Samsung Galaxy A52s reparation,9267915522313,Udskiftning af bagcover,48365922877705,samsung-galaxy-a52s-reparation-10502,Udskiftning af bagcover,,,continue,569.00
Samsung Galaxy A52s reparation,9267915522313,Udskiftning af ladestik,48365922910473,samsung-galaxy-a52s-reparation-10503,Udskiftning af ladestik,,,continue,569.00
Samsung Galaxy A52s reparation,9267915522313,Reparation af væskeskade,48365922943241,samsung-galaxy-a52s-reparation-10504,Reparation af væskeskade,,,continue,999.00
Samsung Galaxy A52s reparation,9267915522313,Alm. beskyttelsesglas,48365922976009,samsung-galaxy-a52s-reparation-10505,Alm. beskyttelsesglas,,,continue,199.00
Samsung Galaxy A52s reparation,9267915522313,Fullframe beskyttelsesglas,48365923008777,samsung-galaxy-a52s-reparation-10506,Fullframe beskyttelsesglas,,,continue,249.00
Samsung Galaxy A52s reparation,9267915522313,Diagnose,48365923041545,samsung-galaxy-a52s-reparation-10507,Diagnose,,,continue,299.00
Samsung Galaxy A53 reparation,9267915849993,Udskiftning af display,48365925400841,samsung-galaxy-a53-reparation-10508,Udskiftning af display,,,continue,1389.00
Samsung Galaxy A53 reparation,9267915849993,Udskiftning af batteri,48365925433609,samsung-galaxy-a53-reparation-10509,Udskiftning af batteri,,,continue,529.00
Samsung Galaxy A53 reparation,9267915849993,Udskiftning af bagcover,48365925466377,samsung-galaxy-a53-reparation-10510,Udskiftning af bagcover,,,continue,579.00
Samsung Galaxy A53 reparation,9267915849993,Udskiftning af ladestik,48365925499145,samsung-galaxy-a53-reparation-10511,Udskiftning af ladestik,,,continue,579.00
Samsung Galaxy A53 reparation,9267915849993,Reparation af væskeskade,48365925531913,samsung-galaxy-a53-reparation-10512,Reparation af væskeskade,,,continue,999.00
Samsung Galaxy A53 reparation,9267915849993,Alm. beskyttelsesglas,48365925564681,samsung-galaxy-a53-reparation-10513,Alm. beskyttelsesglas,,,continue,199.00
Samsung Galaxy A53 reparation,9267915849993,Fullframe beskyttelsesglas,48365925597449,samsung-galaxy-a53-reparation-10514,Fullframe beskyttelsesglas,,,continue,249.00
Samsung Galaxy A53 reparation,9267915849993,Diagnose,48365925630217,samsung-galaxy-a53-reparation-10515,Diagnose,,,continue,299.00
Samsung Galaxy S20 FE reparation,9267913425161,Udskiftning af display,48365909082377,samsung-galaxy-s20-fe-reparation-10462,Udskiftning af display,,,continue,1499.00
Samsung Galaxy S20 FE reparation,9267913425161,Udskiftning af batteri,48365909115145,samsung-galaxy-s20-fe-reparation-10463,Udskiftning af batteri,,,continue,769.00
Samsung Galaxy S20 FE reparation,9267913425161,Udskiftning af bagcover,48365909147913,samsung-galaxy-s20-fe-reparation-10464,Udskiftning af bagcover,,,continue,569.00
Samsung Galaxy S20 FE reparation,9267913425161,Udskiftning af ladestik,48365909180681,samsung-galaxy-s20-fe-reparation-10465,Udskiftning af ladestik,,,continue,629.00
Samsung Galaxy S20 FE reparation,9267913425161,Reparation af væskeskade,48365909213449,samsung-galaxy-s20-fe-reparation-10466,Reparation af væskeskade,,,continue,999.00
Samsung Galaxy S20 FE reparation,9267913425161,Alm. beskyttelsesglas,48365909246217,samsung-galaxy-s20-fe-reparation-10467,Alm. beskyttelsesglas,,,continue,199.00
Samsung Galaxy S20 FE reparation,9267913425161,Fullframe beskyttelsesglas,48365909278985,samsung-galaxy-s20-fe-reparation-10468,Fullframe beskyttelsesglas,,,continue,249.00
Samsung Galaxy S20 FE reparation,9267913425161,Diagnose,48365909311753,samsung-galaxy-s20-fe-reparation-10469,Diagnose,,,continue,299.00
Samsung Galaxy S20 Plus reparation,9267912474889,Udskiftning af display,48365902004489,samsung-galaxy-s20-plus-reparation-10446,Udskiftning af display,,,continue,2999.00
Samsung Galaxy S20 Plus reparation,9267912474889,Udskiftning af batteri,48365902037257,samsung-galaxy-s20-plus-reparation-10447,Udskiftning af batteri,,,continue,739.00
Samsung Galaxy S20 Plus reparation,9267912474889,Udskiftning af bagcover,48365902070025,samsung-galaxy-s20-plus-reparation-10448,Udskiftning af bagcover,,,continue,779.00
Samsung Galaxy S20 Plus reparation,9267912474889,Udskiftning af ladestik,48365902102793,samsung-galaxy-s20-plus-reparation-10449,Udskiftning af ladestik,,,continue,659.00
Samsung Galaxy S20 Plus reparation,9267912474889,Reparation af væskeskade,48365902135561,samsung-galaxy-s20-plus-reparation-10450,Reparation af væskeskade,,,continue,999.00
Samsung Galaxy S20 Plus reparation,9267912474889,Alm. beskyttelsesglas,48365902168329,samsung-galaxy-s20-plus-reparation-10451,Alm. beskyttelsesglas,,,continue,199.00
Samsung Galaxy S20 Plus reparation,9267912474889,Fullframe beskyttelsesglas,48365902201097,samsung-galaxy-s20-plus-reparation-10452,Fullframe beskyttelsesglas,,,continue,249.00
Samsung Galaxy S20 Plus reparation,9267912474889,Diagnose,48365902233865,samsung-galaxy-s20-plus-reparation-10453,Diagnose,,,continue,299.00
Samsung Galaxy S20 reparation,9267912900873,Udskiftning af display,48365905084681,samsung-galaxy-s20-reparation-10454,Udskiftning af display,,,continue,2599.00
Samsung Galaxy S20 reparation,9267912900873,Udskiftning af batteri,48365905117449,samsung-galaxy-s20-reparation-10455,Udskiftning af batteri,,,continue,729.00
Samsung Galaxy S20 reparation,9267912900873,Udskiftning af bagcover,48365905150217,samsung-galaxy-s20-reparation-10456,Udskiftning af bagcover,,,continue,739.00
Samsung Galaxy S20 reparation,9267912900873,Udskiftning af ladestik,48365905182985,samsung-galaxy-s20-reparation-10457,Udskiftning af ladestik,,,continue,639.00
Samsung Galaxy S20 reparation,9267912900873,Reparation af væskeskade,48365905215753,samsung-galaxy-s20-reparation-10458,Reparation af væskeskade,,,continue,999.00
Samsung Galaxy S20 reparation,9267912900873,Alm. beskyttelsesglas,48365905248521,samsung-galaxy-s20-reparation-10459,Alm. beskyttelsesglas,,,continue,199.00
Samsung Galaxy S20 reparation,9267912900873,Fullframe beskyttelsesglas,48365905281289,samsung-galaxy-s20-reparation-10460,Fullframe beskyttelsesglas,,,continue,249.00
Samsung Galaxy S20 reparation,9267912900873,Diagnose,48365905314057,samsung-galaxy-s20-reparation-10461,Diagnose,,,continue,299.00
Samsung Galaxy S20 Ultra reparation,9267912048905,Udskiftning af display,48365899579657,samsung-galaxy-s20-ultra-reparation-10438,Udskiftning af display,,,continue,3199.00
Samsung Galaxy S20 Ultra reparation,9267912048905,Udskiftning af batteri,48365899612425,samsung-galaxy-s20-ultra-reparation-10439,Udskiftning af batteri,,,continue,709.00
Samsung Galaxy S20 Ultra reparation,9267912048905,Udskiftning af bagcover,48365899645193,samsung-galaxy-s20-ultra-reparation-10440,Udskiftning af bagcover,,,continue,759.00
Samsung Galaxy S20 Ultra reparation,9267912048905,Udskiftning af ladestik,48365899677961,samsung-galaxy-s20-ultra-reparation-10441,Udskiftning af ladestik,,,continue,649.00
Samsung Galaxy S20 Ultra reparation,9267912048905,Reparation af væskeskade,48365899710729,samsung-galaxy-s20-ultra-reparation-10442,Reparation af væskeskade,,,continue,999.00
Samsung Galaxy S20 Ultra reparation,9267912048905,Alm. beskyttelsesglas,48365899743497,samsung-galaxy-s20-ultra-reparation-10443,Alm. beskyttelsesglas,,,continue,199.00
Samsung Galaxy S20 Ultra reparation,9267912048905,Fullframe beskyttelsesglas,48365899776265,samsung-galaxy-s20-ultra-reparation-10444,Fullframe beskyttelsesglas,,,continue,249.00
Samsung Galaxy S20 Ultra reparation,9267912048905,Diagnose,48365899809033,samsung-galaxy-s20-ultra-reparation-10445,Diagnose,,,continue,299.00
Samsung Galaxy S21 FE reparation,9267911655689,Udskiftning af display,48365896171785,samsung-galaxy-s21-fe-reparation-10430,Udskiftning af display,,,continue,1799.00
Samsung Galaxy S21 FE reparation,9267911655689,Udskiftning af batteri,48365896204553,samsung-galaxy-s21-fe-reparation-10431,Udskiftning af batteri,,,continue,759.00
Samsung Galaxy S21 FE reparation,9267911655689,Udskiftning af bagcover,48365896237321,samsung-galaxy-s21-fe-reparation-10432,Udskiftning af bagcover,,,continue,619.00
Samsung Galaxy S21 FE reparation,9267911655689,Udskiftning af ladestik,48365896270089,samsung-galaxy-s21-fe-reparation-10433,Udskiftning af ladestik,,,continue,649.00
Samsung Galaxy S21 FE reparation,9267911655689,Reparation af væskeskade,48365896302857,samsung-galaxy-s21-fe-reparation-10434,Reparation af væskeskade,,,continue,999.00
Samsung Galaxy S21 FE reparation,9267911655689,Alm. beskyttelsesglas,48365896335625,samsung-galaxy-s21-fe-reparation-10435,Alm. beskyttelsesglas,,,continue,199.00
Samsung Galaxy S21 FE reparation,9267911655689,Fullframe beskyttelsesglas,48365896368393,samsung-galaxy-s21-fe-reparation-10436,Fullframe beskyttelsesglas,,,continue,249.00
Samsung Galaxy S21 FE reparation,9267911655689,Diagnose,48365896401161,samsung-galaxy-s21-fe-reparation-10437,Diagnose,,,continue,299.00
Samsung Galaxy S21 Plus reparation,9267910738185,Udskiftning af display,48365888733449,samsung-galaxy-s21-plus-reparation-10414,Udskiftning af display,,,continue,2099.00
Samsung Galaxy S21 Plus reparation,9267910738185,Udskiftning af batteri,48365888766217,samsung-galaxy-s21-plus-reparation-10415,Udskiftning af batteri,,,continue,759.00
Samsung Galaxy S21 Plus reparation,9267910738185,Udskiftning af bagcover,48365888798985,samsung-galaxy-s21-plus-reparation-10416,Udskiftning af bagcover,,,continue,789.00
Samsung Galaxy S21 Plus reparation,9267910738185,Udskiftning af ladestik,48365888831753,samsung-galaxy-s21-plus-reparation-10417,Udskiftning af ladestik,,,continue,659.00
Samsung Galaxy S21 Plus reparation,9267910738185,Reparation af væskeskade,48365888864521,samsung-galaxy-s21-plus-reparation-10418,Reparation af væskeskade,,,continue,999.00
Samsung Galaxy S21 Plus reparation,9267910738185,Alm. beskyttelsesglas,48365888897289,samsung-galaxy-s21-plus-reparation-10419,Alm. beskyttelsesglas,,,continue,199.00
Samsung Galaxy S21 Plus reparation,9267910738185,Fullframe beskyttelsesglas,48365888930057,samsung-galaxy-s21-plus-reparation-10420,Fullframe beskyttelsesglas,,,continue,249.00
Samsung Galaxy S21 Plus reparation,9267910738185,Diagnose,48365888962825,samsung-galaxy-s21-plus-reparation-10421,Diagnose,,,continue,299.00
Samsung Galaxy S21 reparation,9267911262473,Udskiftning af display,48365892043017,samsung-galaxy-s21-reparation-10422,Udskiftning af display,,,continue,2099.00
Samsung Galaxy S21 reparation,9267911262473,Udskiftning af batteri,48365892075785,samsung-galaxy-s21-reparation-10423,Udskiftning af batteri,,,continue,749.00
Samsung Galaxy S21 reparation,9267911262473,Udskiftning af bagcover,48365892108553,samsung-galaxy-s21-reparation-10424,Udskiftning af bagcover,,,continue,669.00
Samsung Galaxy S21 reparation,9267911262473,Udskiftning af ladestik,48365892141321,samsung-galaxy-s21-reparation-10425,Udskiftning af ladestik,,,continue,659.00
Samsung Galaxy S21 reparation,9267911262473,Reparation af væskeskade,48365892174089,samsung-galaxy-s21-reparation-10426,Reparation af væskeskade,,,continue,999.00
Samsung Galaxy S21 reparation,9267911262473,Alm. beskyttelsesglas,48365892206857,samsung-galaxy-s21-reparation-10427,Alm. beskyttelsesglas,,,continue,199.00
Samsung Galaxy S21 reparation,9267911262473,Fullframe beskyttelsesglas,48365892239625,samsung-galaxy-s21-reparation-10428,Fullframe beskyttelsesglas,,,continue,249.00
Samsung Galaxy S21 reparation,9267911262473,Diagnose,48365892272393,samsung-galaxy-s21-reparation-10429,Diagnose,,,continue,299.00
Samsung Galaxy S21 Ultra reparation,9267910344969,Udskiftning af display,48365886570761,samsung-galaxy-s21-ultra-reparation-10406,Udskiftning af display,,,continue,2899.00
Samsung Galaxy S21 Ultra reparation,9267910344969,Udskiftning af batteri,48365886603529,samsung-galaxy-s21-ultra-reparation-10407,Udskiftning af batteri,,,continue,729.00
Samsung Galaxy S21 Ultra reparation,9267910344969,Udskiftning af bagcover,48365886636297,samsung-galaxy-s21-ultra-reparation-10408,Udskiftning af bagcover,,,continue,839.00
Samsung Galaxy S21 Ultra reparation,9267910344969,Udskiftning af ladestik,48365886669065,samsung-galaxy-s21-ultra-reparation-10409,Udskiftning af ladestik,,,continue,659.00
Samsung Galaxy S21 Ultra reparation,9267910344969,Reparation af væskeskade,48365886701833,samsung-galaxy-s21-ultra-reparation-10410,Reparation af væskeskade,,,continue,999.00
Samsung Galaxy S21 Ultra reparation,9267910344969,Alm. beskyttelsesglas,48365886734601,samsung-galaxy-s21-ultra-reparation-10411,Alm. beskyttelsesglas,,,continue,199.00
Samsung Galaxy S21 Ultra reparation,9267910344969,Fullframe beskyttelsesglas,48365886767369,samsung-galaxy-s21-ultra-reparation-10412,Fullframe beskyttelsesglas,,,continue,249.00
Samsung Galaxy S21 Ultra reparation,9267910344969,Diagnose,48365886800137,samsung-galaxy-s21-ultra-reparation-10413,Diagnose,,,continue,299.00
Samsung Galaxy S22 Plus reparation,9267909361929,Udskiftning af display,48365878706441,samsung-galaxy-s22-plus-reparation-10390,Udskiftning af display,,,continue,2199.00
Samsung Galaxy S22 Plus reparation,9267909361929,Udskiftning af batteri,48365878739209,samsung-galaxy-s22-plus-reparation-10391,Udskiftning af batteri,,,continue,739.00
Samsung Galaxy S22 Plus reparation,9267909361929,Udskiftning af bagcover,48365878771977,samsung-galaxy-s22-plus-reparation-10392,Udskiftning af bagcover,,,continue,719.00
Samsung Galaxy S22 Plus reparation,9267909361929,Udskiftning af ladestik,48365878804745,samsung-galaxy-s22-plus-reparation-10393,Udskiftning af ladestik,,,continue,679.00
Samsung Galaxy S22 Plus reparation,9267909361929,Reparation af væskeskade,48365878837513,samsung-galaxy-s22-plus-reparation-10394,Reparation af væskeskade,,,continue,999.00
Samsung Galaxy S22 Plus reparation,9267909361929,Alm. beskyttelsesglas,48365878870281,samsung-galaxy-s22-plus-reparation-10395,Alm. beskyttelsesglas,,,continue,199.00
Samsung Galaxy S22 Plus reparation,9267909361929,Fullframe beskyttelsesglas,48365878903049,samsung-galaxy-s22-plus-reparation-10396,Fullframe beskyttelsesglas,,,continue,249.00
Samsung Galaxy S22 Plus reparation,9267909361929,Diagnose,48365878935817,samsung-galaxy-s22-plus-reparation-10397,Diagnose,,,continue,299.00
Samsung Galaxy S22 reparation,9267909820681,Udskiftning af display,48365884014857,samsung-galaxy-s22-reparation-10398,Udskiftning af display,,,continue,2099.00
Samsung Galaxy S22 reparation,9267909820681,Udskiftning af batteri,48365884047625,samsung-galaxy-s22-reparation-10399,Udskiftning af batteri,,,continue,759.00
Samsung Galaxy S22 reparation,9267909820681,Udskiftning af bagcover,48365884080393,samsung-galaxy-s22-reparation-10400,Udskiftning af bagcover,,,continue,689.00
Samsung Galaxy S22 reparation,9267909820681,Udskiftning af ladestik,48365884113161,samsung-galaxy-s22-reparation-10401,Udskiftning af ladestik,,,continue,649.00
Samsung Galaxy S22 reparation,9267909820681,Reparation af væskeskade,48365884145929,samsung-galaxy-s22-reparation-10402,Reparation af væskeskade,,,continue,999.00
Samsung Galaxy S22 reparation,9267909820681,Alm. beskyttelsesglas,48365884178697,samsung-galaxy-s22-reparation-10403,Alm. beskyttelsesglas,,,continue,199.00
Samsung Galaxy S22 reparation,9267909820681,Fullframe beskyttelsesglas,48365884211465,samsung-galaxy-s22-reparation-10404,Fullframe beskyttelsesglas,,,continue,249.00
Samsung Galaxy S22 reparation,9267909820681,Diagnose,48365884244233,samsung-galaxy-s22-reparation-10405,Diagnose,,,continue,299.00
Samsung Galaxy S22 Ultra reparation,9267908935945,Udskiftning af display,48365874905353,samsung-galaxy-s22-ultra-reparation-10382,Udskiftning af display,,,continue,2899.00
Samsung Galaxy S22 Ultra reparation,9267908935945,Udskiftning af batteri,48365874938121,samsung-galaxy-s22-ultra-reparation-10383,Udskiftning af batteri,,,continue,749.00
Samsung Galaxy S22 Ultra reparation,9267908935945,Udskiftning af bagcover,48365874970889,samsung-galaxy-s22-ultra-reparation-10384,Udskiftning af bagcover,,,continue,829.00
Samsung Galaxy S22 Ultra reparation,9267908935945,Udskiftning af ladestik,48365875003657,samsung-galaxy-s22-ultra-reparation-10385,Udskiftning af ladestik,,,continue,649.00
Samsung Galaxy S22 Ultra reparation,9267908935945,Reparation af væskeskade,48365875036425,samsung-galaxy-s22-ultra-reparation-10386,Reparation af væskeskade,,,continue,999.00
Samsung Galaxy S22 Ultra reparation,9267908935945,Alm. beskyttelsesglas,48365875069193,samsung-galaxy-s22-ultra-reparation-10387,Alm. beskyttelsesglas,,,continue,199.00
Samsung Galaxy S22 Ultra reparation,9267908935945,Fullframe beskyttelsesglas,48365875101961,samsung-galaxy-s22-ultra-reparation-10388,Fullframe beskyttelsesglas,,,continue,249.00
Samsung Galaxy S22 Ultra reparation,9267908935945,Diagnose,48365875134729,samsung-galaxy-s22-ultra-reparation-10389,Diagnose,,,continue,299.00
Samsung Galaxy S23 Plus reparation,9267908018441,Udskiftning af display,48365869433097,samsung-galaxy-s23-plus-reparation-10366,Udskiftning af display,,,continue,2399.00
Samsung Galaxy S23 Plus reparation,9267908018441,Udskiftning af batteri,48365869465865,samsung-galaxy-s23-plus-reparation-10367,Udskiftning af batteri,,,continue,739.00
Samsung Galaxy S23 Plus reparation,9267908018441,Udskiftning af bagcover,48365869498633,samsung-galaxy-s23-plus-reparation-10368,Udskiftning af bagcover,,,continue,719.00
Samsung Galaxy S23 Plus reparation,9267908018441,Udskiftning af ladestik,48365869531401,samsung-galaxy-s23-plus-reparation-10369,Udskiftning af ladestik,,,continue,679.00
Samsung Galaxy S23 Plus reparation,9267908018441,Reparation af væskeskade,48365869564169,samsung-galaxy-s23-plus-reparation-10370,Reparation af væskeskade,,,continue,999.00
Samsung Galaxy S23 Plus reparation,9267908018441,Alm. beskyttelsesglas,48365869596937,samsung-galaxy-s23-plus-reparation-10371,Alm. beskyttelsesglas,,,continue,199.00
Samsung Galaxy S23 Plus reparation,9267908018441,Fullframe beskyttelsesglas,48365869629705,samsung-galaxy-s23-plus-reparation-10372,Fullframe beskyttelsesglas,,,continue,249.00
Samsung Galaxy S23 Plus reparation,9267908018441,Diagnose,48365869662473,samsung-galaxy-s23-plus-reparation-10373,Diagnose,,,continue,299.00
Samsung Galaxy S23 reparation,9267907526921,Udskiftning af display,48365863797001,samsung-galaxy-s23-reparation-10358,Udskiftning af display,,,continue,2199.00
Samsung Galaxy S23 reparation,9267907526921,Udskiftning af batteri,48365863829769,samsung-galaxy-s23-reparation-10359,Udskiftning af batteri,,,continue,759.00
Samsung Galaxy S23 reparation,9267907526921,Udskiftning af bagcover,48365863895305,samsung-galaxy-s23-reparation-10360,Udskiftning af bagcover,,,continue,689.00
Samsung Galaxy S23 reparation,9267907526921,Udskiftning af ladestik,48365863928073,samsung-galaxy-s23-reparation-10361,Udskiftning af ladestik,,,continue,649.00
Samsung Galaxy S23 reparation,9267907526921,Reparation af væskeskade,48365863960841,samsung-galaxy-s23-reparation-10362,Reparation af væskeskade,,,continue,999.00
Samsung Galaxy S23 reparation,9267907526921,Alm. beskyttelsesglas,48365863993609,samsung-galaxy-s23-reparation-10363,Alm. beskyttelsesglas,,,continue,199.00
Samsung Galaxy S23 reparation,9267907526921,Fullframe beskyttelsesglas,48365864026377,samsung-galaxy-s23-reparation-10364,Fullframe beskyttelsesglas,,,continue,249.00
Samsung Galaxy S23 reparation,9267907526921,Diagnose,48365864059145,samsung-galaxy-s23-reparation-10365,Diagnose,,,continue,299.00
Samsung Galaxy S23 Ultra reparation,9267908378889,Udskiftning af display,48365872152841,samsung-galaxy-s23-ultra-reparation-10374,Udskiftning af display,,,continue,2899.00
Samsung Galaxy S23 Ultra reparation,9267908378889,Udskiftning af batteri,48365872185609,samsung-galaxy-s23-ultra-reparation-10375,Udskiftning af batteri,,,continue,749.00
Samsung Galaxy S23 Ultra reparation,9267908378889,Udskiftning af bagcover,48365872218377,samsung-galaxy-s23-ultra-reparation-10376,Udskiftning af bagcover,,,continue,829.00
Samsung Galaxy S23 Ultra reparation,9267908378889,Udskiftning af ladestik,48365872251145,samsung-galaxy-s23-ultra-reparation-10377,Udskiftning af ladestik,,,continue,649.00
Samsung Galaxy S23 Ultra reparation,9267908378889,Reparation af væskeskade,48365872283913,samsung-galaxy-s23-ultra-reparation-10378,Reparation af væskeskade,,,continue,999.00
Samsung Galaxy S23 Ultra reparation,9267908378889,Alm. beskyttelsesglas,48365872316681,samsung-galaxy-s23-ultra-reparation-10379,Alm. beskyttelsesglas,,,continue,199.00
Samsung Galaxy S23 Ultra reparation,9267908378889,Fullframe beskyttelsesglas,48365872349449,samsung-galaxy-s23-ultra-reparation-10380,Fullframe beskyttelsesglas,,,continue,249.00
Samsung Galaxy S23 Ultra reparation,9267908378889,Diagnose,48365872382217,samsung-galaxy-s23-ultra-reparation-10381,Diagnose,,,continue,299.00
Samsung Galaxy S24 Plus reparation,9267906478345,Udskiftning af display,48365855244553,samsung-galaxy-s24-ultra-plus-reparation-10342,Udskiftning af display,,,continue,0.00
Samsung Galaxy S24 Plus reparation,9267906478345,Udskiftning af batteri,48365855277321,samsung-galaxy-s24-ultra-plus-reparation-10343,Udskiftning af batteri,,,continue,0.00
Samsung Galaxy S24 Plus reparation,9267906478345,Udskiftning af bagcover,48365855310089,samsung-galaxy-s24-ultra-plus-reparation-10344,Udskiftning af bagcover,,,continue,0.00
Samsung Galaxy S24 Plus reparation,9267906478345,Udskiftning af ladestik,48365855342857,samsung-galaxy-s24-ultra-plus-reparation-10345,Udskiftning af ladestik,,,continue,0.00
Samsung Galaxy S24 Plus reparation,9267906478345,Reparation af væskeskade,48365855375625,samsung-galaxy-s24-ultra-plus-reparation-10346,Reparation af væskeskade,,,continue,0.00
Samsung Galaxy S24 Plus reparation,9267906478345,Alm. beskyttelsesglas,48365855408393,samsung-galaxy-s24-ultra-plus-reparation-10347,Alm. beskyttelsesglas,,,continue,0.00
Samsung Galaxy S24 Plus reparation,9267906478345,Fullframe beskyttelsesglas,48365855441161,samsung-galaxy-s24-ultra-plus-reparation-10348,Fullframe beskyttelsesglas,,,continue,0.00
Samsung Galaxy S24 Plus reparation,9267906478345,Diagnose,48365855473929,samsung-galaxy-s24-ultra-plus-reparation-10349,Diagnose,,,continue,0.00
Samsung Galaxy S24 reparation,9267905986825,Udskiftning af display,48365853016329,samsung-galaxy-s24-reparation-10334,Udskiftning af display,,,continue,0.00
Samsung Galaxy S24 reparation,9267905986825,Udskiftning af batteri,48365853049097,samsung-galaxy-s24-reparation-10335,Udskiftning af batteri,,,continue,0.00
Samsung Galaxy S24 reparation,9267905986825,Udskiftning af bagcover,48365853081865,samsung-galaxy-s24-reparation-10336,Udskiftning af bagcover,,,continue,0.00
Samsung Galaxy S24 reparation,9267905986825,Udskiftning af ladestik,48365853114633,samsung-galaxy-s24-reparation-10337,Udskiftning af ladestik,,,continue,0.00
Samsung Galaxy S24 reparation,9267905986825,Reparation af væskeskade,48365853147401,samsung-galaxy-s24-reparation-10338,Reparation af væskeskade,,,continue,0.00
Samsung Galaxy S24 reparation,9267905986825,Alm. beskyttelsesglas,48365853180169,samsung-galaxy-s24-reparation-10339,Alm. beskyttelsesglas,,,continue,0.00
Samsung Galaxy S24 reparation,9267905986825,Fullframe beskyttelsesglas,48365853212937,samsung-galaxy-s24-reparation-10340,Fullframe beskyttelsesglas,,,continue,0.00
Samsung Galaxy S24 reparation,9267905986825,Diagnose,48365853245705,samsung-galaxy-s24-reparation-10341,Diagnose,,,continue,0.00
Samsung Galaxy S24 Ultra reparation,9267906937097,Udskiftning af display,48365860126985,samsung-galaxy-s24-ultra-reparation-10350,Udskiftning af display,,,continue,0.00
Samsung Galaxy S24 Ultra reparation,9267906937097,Udskiftning af batteri,48365860159753,samsung-galaxy-s24-ultra-reparation-10351,Udskiftning af batteri,,,continue,0.00
Samsung Galaxy S24 Ultra reparation,9267906937097,Udskiftning af bagcover,48365860192521,samsung-galaxy-s24-ultra-reparation-10352,Udskiftning af bagcover,,,continue,0.00
Samsung Galaxy S24 Ultra reparation,9267906937097,Udskiftning af ladestik,48365860225289,samsung-galaxy-s24-ultra-reparation-10353,Udskiftning af ladestik,,,continue,0.00
Samsung Galaxy S24 Ultra reparation,9267906937097,Reparation af væskeskade,48365860258057,samsung-galaxy-s24-ultra-reparation-10354,Reparation af væskeskade,,,continue,0.00
Samsung Galaxy S24 Ultra reparation,9267906937097,Alm. beskyttelsesglas,48365860290825,samsung-galaxy-s24-ultra-reparation-10355,Alm. beskyttelsesglas,,,continue,0.00
Samsung Galaxy S24 Ultra reparation,9267906937097,Fullframe beskyttelsesglas,48365860323593,samsung-galaxy-s24-ultra-reparation-10356,Fullframe beskyttelsesglas,,,continue,0.00
Samsung Galaxy S24 Ultra reparation,9267906937097,Diagnose,48365860356361,samsung-galaxy-s24-ultra-reparation-10357,Diagnose,,,continue,0.00
Samsung Galaxy Tab S7 FE reparation,9267902677257,Udskiftning af display,48365835878665,samsung-galaxy-tab-s7-fe-reparation-10261,Udskiftning af display,,,continue,2899.00
Samsung Galaxy Tab S7 FE reparation,9267902677257,Udskiftning af batteri,48365835911433,samsung-galaxy-tab-s7-fe-reparation-10262,Udskiftning af batteri,,,continue,749.00
Samsung Galaxy Tab S7 FE reparation,9267902677257,Udskiftning af bagcover,48365835944201,samsung-galaxy-tab-s7-fe-reparation-10263,Udskiftning af bagcover,,,continue,829.00
Samsung Galaxy Tab S7 FE reparation,9267902677257,Udskiftning af ladestik,48365835976969,samsung-galaxy-tab-s7-fe-reparation-10264,Udskiftning af ladestik,,,continue,649.00
Samsung Galaxy Tab S7 FE reparation,9267902677257,Reparation af væskeskade,48365836009737,samsung-galaxy-tab-s7-fe-reparation-10265,Reparation af væskeskade,,,continue,999.00
Samsung Galaxy Tab S7 FE reparation,9267902677257,Diagnose,48365836042505,samsung-galaxy-tab-s7-fe-reparation-10266,Diagnose,,,continue,299.00
Samsung Galaxy Tab S7 LTE reparation,9267903004937,Udskiftning af display,48365838631177,samsung-galaxy-tab-s7-lte-reparation-10267,Udskiftning af display,,,continue,2899.00
Samsung Galaxy Tab S7 LTE reparation,9267903004937,Udskiftning af batteri,48365838663945,samsung-galaxy-tab-s7-lte-reparation-10268,Udskiftning af batteri,,,continue,749.00
Samsung Galaxy Tab S7 LTE reparation,9267903004937,Udskiftning af bagcover,48365838696713,samsung-galaxy-tab-s7-lte-reparation-10269,Udskiftning af bagcover,,,continue,829.00
Samsung Galaxy Tab S7 LTE reparation,9267903004937,Udskiftning af ladestik,48365838729481,samsung-galaxy-tab-s7-lte-reparation-10270,Udskiftning af ladestik,,,continue,649.00
Samsung Galaxy Tab S7 LTE reparation,9267903004937,Reparation af væskeskade,48365838762249,samsung-galaxy-tab-s7-lte-reparation-10271,Reparation af væskeskade,,,continue,999.00
Samsung Galaxy Tab S7 LTE reparation,9267903004937,Diagnose,48365838795017,samsung-galaxy-tab-s7-lte-reparation-10272,Diagnose,,,continue,299.00
Samsung Galaxy Tab S7 Plus reparation,9267903299849,Udskiftning af display,48365839089929,samsung-galaxy-tab-s7-plus-reparation-10273,Udskiftning af display,,,continue,2899.00
Samsung Galaxy Tab S7 Plus reparation,9267903299849,Udskiftning af batteri,48365839122697,samsung-galaxy-tab-s7-plus-reparation-10274,Udskiftning af batteri,,,continue,749.00
Samsung Galaxy Tab S7 Plus reparation,9267903299849,Udskiftning af bagcover,48365839155465,samsung-galaxy-tab-s7-plus-reparation-10275,Udskiftning af bagcover,,,continue,829.00
Samsung Galaxy Tab S7 Plus reparation,9267903299849,Udskiftning af ladestik,48365839188233,samsung-galaxy-tab-s7-plus-reparation-10276,Udskiftning af ladestik,,,continue,649.00
Samsung Galaxy Tab S7 Plus reparation,9267903299849,Reparation af væskeskade,48365839221001,samsung-galaxy-tab-s7-plus-reparation-10277,Reparation af væskeskade,,,continue,999.00
Samsung Galaxy Tab S7 Plus reparation,9267903299849,Diagnose,48365839253769,samsung-galaxy-tab-s7-plus-reparation-10278,Diagnose,,,continue,299.00
Samsung Galaxy Tab S7 reparation,9267903627529,Udskiftning af display,48365839548681,samsung-galaxy-tab-s7-reparation-10279,Udskiftning af display,,,continue,2899.00
Samsung Galaxy Tab S7 reparation,9267903627529,Udskiftning af batteri,48365839581449,samsung-galaxy-tab-s7-reparation-10280,Udskiftning af batteri,,,continue,749.00
Samsung Galaxy Tab S7 reparation,9267903627529,Udskiftning af bagcover,48365839614217,samsung-galaxy-tab-s7-reparation-10281,Udskiftning af bagcover,,,continue,829.00
Samsung Galaxy Tab S7 reparation,9267903627529,Udskiftning af ladestik,48365839646985,samsung-galaxy-tab-s7-reparation-10282,Udskiftning af ladestik,,,continue,649.00
Samsung Galaxy Tab S7 reparation,9267903627529,Reparation af væskeskade,48365839679753,samsung-galaxy-tab-s7-reparation-10283,Reparation af væskeskade,,,continue,999.00
Samsung Galaxy Tab S7 reparation,9267903627529,Diagnose,48365839712521,samsung-galaxy-tab-s7-reparation-10284,Diagnose,,,continue,299.00
Samsung Galaxy Tab S8 Plus reparation,9267901956361,Udskiftning af display,48365832995081,samsung-galaxy-tab-s8-plus-reparation-10249,Udskiftning af display,,,continue,2899.00
Samsung Galaxy Tab S8 Plus reparation,9267901956361,Udskiftning af batteri,48365833027849,samsung-galaxy-tab-s8-plus-reparation-10250,Udskiftning af batteri,,,continue,749.00
Samsung Galaxy Tab S8 Plus reparation,9267901956361,Udskiftning af bagcover,48365833060617,samsung-galaxy-tab-s8-plus-reparation-10251,Udskiftning af bagcover,,,continue,829.00
Samsung Galaxy Tab S8 Plus reparation,9267901956361,Udskiftning af ladestik,48365833093385,samsung-galaxy-tab-s8-plus-reparation-10252,Udskiftning af ladestik,,,continue,649.00
Samsung Galaxy Tab S8 Plus reparation,9267901956361,Reparation af væskeskade,48365833126153,samsung-galaxy-tab-s8-plus-reparation-10253,Reparation af væskeskade,,,continue,999.00
Samsung Galaxy Tab S8 Plus reparation,9267901956361,Diagnose,48365833158921,samsung-galaxy-tab-s8-plus-reparation-10254,Diagnose,,,continue,299.00
Samsung Galaxy Tab S8 reparation,9267902185737,Udskiftning af display,48365834240265,samsung-galaxy-tab-s8-reparation-10255,Udskiftning af display,,,continue,2899.00
Samsung Galaxy Tab S8 reparation,9267902185737,Udskiftning af batteri,48365834273033,samsung-galaxy-tab-s8-reparation-10256,Udskiftning af batteri,,,continue,749.00
Samsung Galaxy Tab S8 reparation,9267902185737,Udskiftning af bagcover,48365834305801,samsung-galaxy-tab-s8-reparation-10257,Udskiftning af bagcover,,,continue,829.00
Samsung Galaxy Tab S8 reparation,9267902185737,Udskiftning af ladestik,48365834338569,samsung-galaxy-tab-s8-reparation-10258,Udskiftning af ladestik,,,continue,649.00
Samsung Galaxy Tab S8 reparation,9267902185737,Reparation af væskeskade,48365834371337,samsung-galaxy-tab-s8-reparation-10259,Reparation af væskeskade,,,continue,999.00
Samsung Galaxy Tab S8 reparation,9267902185737,Diagnose,48365834404105,samsung-galaxy-tab-s8-reparation-10260,Diagnose,,,continue,299.00
Samsung Galaxy Tab S8 Ultra reparation,9267901595913,Udskiftning af display,48365831684361,samsung-galaxy-tab-s8-ultra-reparation-10243,Udskiftning af display,,,continue,2899.00
Samsung Galaxy Tab S8 Ultra reparation,9267901595913,Udskiftning af batteri,48365831717129,samsung-galaxy-tab-s8-ultra-reparation-10244,Udskiftning af batteri,,,continue,749.00
Samsung Galaxy Tab S8 Ultra reparation,9267901595913,Udskiftning af bagcover,48365831749897,samsung-galaxy-tab-s8-ultra-reparation-10245,Udskiftning af bagcover,,,continue,829.00
Samsung Galaxy Tab S8 Ultra reparation,9267901595913,Udskiftning af ladestik,48365831782665,samsung-galaxy-tab-s8-ultra-reparation-10246,Udskiftning af ladestik,,,continue,649.00
Samsung Galaxy Tab S8 Ultra reparation,9267901595913,Reparation af væskeskade,48365831815433,samsung-galaxy-tab-s8-ultra-reparation-10247,Reparation af væskeskade,,,continue,999.00
Samsung Galaxy Tab S8 Ultra reparation,9267901595913,Diagnose,48365831848201,samsung-galaxy-tab-s8-ultra-reparation-10248,Diagnose,,,continue,299.00
Samsung Galaxy Z Flip 3 reparation,9267904774409,Udskiftning af display,48365846724873,samsung-galaxy-z-flip-3-reparation-10309,Udskiftning af display,,,continue,3899.00
Samsung Galaxy Z Flip 3 reparation,9267904774409,Udskiftning af batteri,48365846757641,samsung-galaxy-z-flip-3-reparation-10310,Udskiftning af batteri,,,continue,799.00
Samsung Galaxy Z Flip 3 reparation,9267904774409,Udskiftning af bagside m. display,48365846790409,samsung-galaxy-z-flip-3-reparation-10311,Udskiftning af bagside m. display,,,continue,1199.00
Samsung Galaxy Z Flip 3 reparation,9267904774409,Udskiftning af bagcover,48365846823177,samsung-galaxy-z-flip-3-reparation-10312,Udskiftning af bagcover,,,continue,1199.00
Samsung Galaxy Z Flip 3 reparation,9267904774409,Udskiftning af ladestik,48365846855945,samsung-galaxy-z-flip-3-reparation-10313,Udskiftning af ladestik,,,continue,699.00
Samsung Galaxy Z Flip 3 reparation,9267904774409,Reparation af væskeskade,48365846888713,samsung-galaxy-z-flip-3-reparation-10314,Reparation af væskeskade,,,continue,999.00
Samsung Galaxy Z Flip 3 reparation,9267904774409,Alm. beskyttelsesglas,48365846921481,samsung-galaxy-z-flip-3-reparation-10315,Alm. beskyttelsesglas,,,continue,199.00
Samsung Galaxy Z Flip 3 reparation,9267904774409,Fullframe beskyttelsesglas,48365846954249,samsung-galaxy-z-flip-3-reparation-10316,Fullframe beskyttelsesglas,,,continue,249.00
Samsung Galaxy Z Flip 3 reparation,9267904774409,Diagnose,48365846987017,samsung-galaxy-z-flip-3-reparation-10317,Diagnose,,,continue,299.00
Samsung Galaxy Z Flip 4 reparation,9267905167625,Udskiftning af display,48365847740681,samsung-galaxy-z-flip-4-reparation-10318,Udskiftning af display,,,continue,3899.00
Samsung Galaxy Z Flip 4 reparation,9267905167625,Udskiftning af batteri,48365847773449,samsung-galaxy-z-flip-4-reparation-10319,Udskiftning af batteri,,,continue,799.00
Samsung Galaxy Z Flip 4 reparation,9267905167625,Udskiftning af bagcover,48365847806217,samsung-galaxy-z-flip-4-reparation-10320,Udskiftning af bagcover,,,continue,1199.00
Samsung Galaxy Z Flip 4 reparation,9267905167625,Udskiftning af ladestik,48365847838985,samsung-galaxy-z-flip-4-reparation-10321,Udskiftning af ladestik,,,continue,699.00
Samsung Galaxy Z Flip 4 reparation,9267905167625,Reparation af væskeskade,48365847871753,samsung-galaxy-z-flip-4-reparation-10322,Reparation af væskeskade,,,continue,999.00
Samsung Galaxy Z Flip 4 reparation,9267905167625,Alm. beskyttelsesglas,48365847904521,samsung-galaxy-z-flip-4-reparation-10323,Alm. beskyttelsesglas,,,continue,199.00
Samsung Galaxy Z Flip 4 reparation,9267905167625,Fullframe beskyttelsesglas,48365847937289,samsung-galaxy-z-flip-4-reparation-10324,Fullframe beskyttelsesglas,,,continue,249.00
Samsung Galaxy Z Flip 4 reparation,9267905167625,Diagnose,48365847970057,samsung-galaxy-z-flip-4-reparation-10325,Diagnose,,,continue,299.00
Samsung Galaxy Z Flip 5 reparation,9267905560841,Udskiftning af display,48365850919177,samsung-galaxy-z-flip-5-reparation-10326,Udskiftning af display,,,continue,3899.00
Samsung Galaxy Z Flip 5 reparation,9267905560841,Udskiftning af batteri,48365850951945,samsung-galaxy-z-flip-5-reparation-10327,Udskiftning af batteri,,,continue,799.00
Samsung Galaxy Z Flip 5 reparation,9267905560841,Udskiftning af bagcover,48365850984713,samsung-galaxy-z-flip-5-reparation-10328,Udskiftning af bagcover,,,continue,1199.00
Samsung Galaxy Z Flip 5 reparation,9267905560841,Udskiftning af ladestik,48365851017481,samsung-galaxy-z-flip-5-reparation-10329,Udskiftning af ladestik,,,continue,699.00
Samsung Galaxy Z Flip 5 reparation,9267905560841,Reparation af væskeskade,48365851050249,samsung-galaxy-z-flip-5-reparation-10330,Reparation af væskeskade,,,continue,999.00
Samsung Galaxy Z Flip 5 reparation,9267905560841,Alm. beskyttelsesglas,48365851083017,samsung-galaxy-z-flip-5-reparation-10331,Alm. beskyttelsesglas,,,continue,199.00
Samsung Galaxy Z Flip 5 reparation,9267905560841,Fullframe beskyttelsesglas,48365851115785,samsung-galaxy-z-flip-5-reparation-10332,Fullframe beskyttelsesglas,,,continue,249.00
Samsung Galaxy Z Flip 5 reparation,9267905560841,Diagnose,48365851148553,samsung-galaxy-z-flip-5-reparation-10333,Diagnose,,,continue,299.00
Samsung Galaxy Z Fold 3 reparation,9267903889673,Udskiftning af display,48365841252617,samsung-galaxy-z-fold-3-reparation-10285,Udskiftning af display,,,continue,5999.00
Samsung Galaxy Z Fold 3 reparation,9267903889673,Udskiftning af batteri,48365841285385,samsung-galaxy-z-fold-3-reparation-10286,Udskiftning af batteri,,,continue,799.00
Samsung Galaxy Z Fold 3 reparation,9267903889673,Udskiftning af bagcover,48365841318153,samsung-galaxy-z-fold-3-reparation-10287,Udskiftning af bagcover,,,continue,999.00
Samsung Galaxy Z Fold 3 reparation,9267903889673,Udskiftning af ladestik,48365841350921,samsung-galaxy-z-fold-3-reparation-10288,Udskiftning af ladestik,,,continue,799.00
Samsung Galaxy Z Fold 3 reparation,9267903889673,Reparation af væskeskade,48365841383689,samsung-galaxy-z-fold-3-reparation-10289,Reparation af væskeskade,,,continue,999.00
Samsung Galaxy Z Fold 3 reparation,9267903889673,Alm. beskyttelsesglas,48365841416457,samsung-galaxy-z-fold-3-reparation-10290,Alm. beskyttelsesglas,,,continue,199.00
Samsung Galaxy Z Fold 3 reparation,9267903889673,Fullframe beskyttelsesglas,48365841449225,samsung-galaxy-z-fold-3-reparation-10291,Fullframe beskyttelsesglas,,,continue,249.00
Samsung Galaxy Z Fold 3 reparation,9267903889673,Diagnose,48365841481993,samsung-galaxy-z-fold-3-reparation-10292,Diagnose,,,continue,299.00
Samsung Galaxy Z Fold 4 reparation,9267904119049,Udskiftning af display,48365842399497,samsung-galaxy-z-fold-4-reparation-10293,Udskiftning af display,,,continue,6299.00
Samsung Galaxy Z Fold 4 reparation,9267904119049,Udskiftning af batteri,48365842432265,samsung-galaxy-z-fold-4-reparation-10294,Udskiftning af batteri,,,continue,799.00
Samsung Galaxy Z Fold 4 reparation,9267904119049,Udskiftning af bagcover,48365842465033,samsung-galaxy-z-fold-4-reparation-10295,Udskiftning af bagcover,,,continue,999.00
Samsung Galaxy Z Fold 4 reparation,9267904119049,Udskiftning af ladestik,48365842497801,samsung-galaxy-z-fold-4-reparation-10296,Udskiftning af ladestik,,,continue,799.00
Samsung Galaxy Z Fold 4 reparation,9267904119049,Reparation af væskeskade,48365842530569,samsung-galaxy-z-fold-4-reparation-10297,Reparation af væskeskade,,,continue,999.00
Samsung Galaxy Z Fold 4 reparation,9267904119049,Alm. beskyttelsesglas,48365842563337,samsung-galaxy-z-fold-4-reparation-10298,Alm. beskyttelsesglas,,,continue,199.00
Samsung Galaxy Z Fold 4 reparation,9267904119049,Fullframe beskyttelsesglas,48365842596105,samsung-galaxy-z-fold-4-reparation-10299,Fullframe beskyttelsesglas,,,continue,249.00
Samsung Galaxy Z Fold 4 reparation,9267904119049,Diagnose,48365842628873,samsung-galaxy-z-fold-4-reparation-10300,Diagnose,,,continue,299.00
Samsung Galaxy Z Fold 5 reparation,9267904446729,Udskiftning af display,48365845512457,samsung-galaxy-z-fold-5-reparation-10301,Udskiftning af display,,,continue,6299.00
Samsung Galaxy Z Fold 5 reparation,9267904446729,Udskiftning af batteri,48365845577993,samsung-galaxy-z-fold-5-reparation-10302,Udskiftning af batteri,,,continue,799.00
Samsung Galaxy Z Fold 5 reparation,9267904446729,Udskiftning af bagcover,48365845643529,samsung-galaxy-z-fold-5-reparation-10303,Udskiftning af bagcover,,,continue,999.00
Samsung Galaxy Z Fold 5 reparation,9267904446729,Udskiftning af ladestik,48365845676297,samsung-galaxy-z-fold-5-reparation-10304,Udskiftning af ladestik,,,continue,799.00
Samsung Galaxy Z Fold 5 reparation,9267904446729,Reparation af væskeskade,48365845709065,samsung-galaxy-z-fold-5-reparation-10305,Reparation af væskeskade,,,continue,999.00
Samsung Galaxy Z Fold 5 reparation,9267904446729,Alm. beskyttelsesglas,48365845741833,samsung-galaxy-z-fold-5-reparation-10306,Alm. beskyttelsesglas,,,continue,199.00
Samsung Galaxy Z Fold 5 reparation,9267904446729,Fullframe beskyttelsesglas,48365845774601,samsung-galaxy-z-fold-5-reparation-10307,Fullframe beskyttelsesglas,,,continue,249.00
Samsung Galaxy Z Fold 5 reparation,9267904446729,Diagnose,48365845807369,samsung-galaxy-z-fold-5-reparation-10308,Diagnose,,,continue,299.00
Sikkerhedspakke iPad,9363568525577,Default Title,48745558868233,Beskyttelseogcoveripad,Default Title,,,deny,0.00
Sikkerhedspakke iPhone,9363568492809,Default Title,48745558835465,Beskyttelseogcoveriphone,Default Title,,,deny,0.00
Transparent Cover iPad,9351492141321,Default Title,48687783477513,TRANSPARENT-COVER-iPAD,Default Title,,,deny,199.00
Transparent Cover iPhone,9351492174089,Default Title,48687783510281,TransparentCover,Default Title,,,deny,199.00
